Node ID;X Coord;Y Coord;Z Coord;Stress XX;Stress YY;Stress ZZ;Stress XY;Stress YZ;Stress ZX;Von Mises
1;0.000000;-50.000000;-30.000000;-44.845810;0.000000;0.000000;0.000000;0.000000;0.000000;44.845810
2;0.000000;-50.000000;-26.000000;-38.199702;0.000000;0.000000;0.000000;0.000000;0.000000;38.199702
3;0.000000;-50.000000;-22.000000;-31.553594;0.000000;0.000000;0.000000;0.000000;0.000000;31.553594
4;0.000000;-50.000000;-18.000000;-24.907486;0.000000;0.000000;0.000000;0.000000;0.000000;24.907486
5;0.000000;-50.000000;-14.000000;-18.261378;0.000000;0.000000;0.000000;0.000000;0.000000;18.261378
6;0.000000;-50.000000;-10.000000;-11.615270;0.000000;0.000000;0.000000;0.000000;0.000000;11.615270
7;0.000000;-50.000000;-6.000000;-4.969162;0.000000;0.000000;0.000000;0.000000;0.000000;4.969162
8;0.000000;-50.000000;-2.000000;1.676946;0.000000;0.000000;0.000000;0.000000;0.000000;1.676946
9;0.000000;-50.000000;2.000000;8.323054;0.000000;0.000000;0.000000;0.000000;0.000000;8.323054
10;0.000000;-50.000000;6.000000;14.969162;0.000000;0.000000;0.000000;0.000000;0.000000;14.969162
11;0.000000;-50.000000;10.000000;21.615270;0.000000;0.000000;0.000000;0.000000;0.000000;21.615270
12;0.000000;-50.000000;14.000000;28.261378;0.000000;0.000000;0.000000;0.000000;0.000000;28.261378
13;0.000000;-50.000000;18.000000;34.907486;0.000000;0.000000;0.000000;0.000000;0.000000;34.907486
14;0.000000;-50.000000;22.000000;41.553594;0.000000;0.000000;0.000000;0.000000;0.000000;41.553594
15;0.000000;-50.000000;26.000000;48.199702;0.000000;0.000000;0.000000;0.000000;0.000000;48.199702
16;0.000000;-50.000000;30.000000;54.845810;0.000000;0.000000;0.000000;0.000000;0.000000;54.845810
17;0.000000;-46.000000;-30.000000;-44.845810;0.000000;0.000000;0.000000;0.000000;0.000000;44.845810
18;0.000000;-46.000000;30.000000;54.845810;0.000000;0.000000;0.000000;0.000000;0.000000;54.845810
19;0.000000;-42.000000;-30.000000;-44.845810;0.000000;0.000000;0.000000;0.000000;0.000000;44.845810
20;0.000000;-42.000000;30.000000;54.845810;0.000000;0.000000;0.000000;0.000000;0.000000;54.845810
21;0.000000;-38.000000;-30.000000;-44.845810;0.000000;0.000000;0.000000;0.000000;0.000000;44.845810
22;0.000000;-38.000000;30.000000;54.845810;0.000000;0.000000;0.000000;0.000000;0.000000;54.845810
23;0.000000;-34.000000;-30.000000;-44.845810;0.000000;0.000000;0.000000;0.000000;0.000000;44.845810
24;0.000000;-34.000000;30.000000;54.845810;0.000000;0.000000;0.000000;0.000000;0.000000;54.845810
25;0.000000;-30.000000;-30.000000;-44.845810;0.000000;0.000000;0.000000;0.000000;0.000000;44.845810
26;0.000000;-30.000000;30.000000;54.845810;0.000000;0.000000;0.000000;0.000000;0.000000;54.845810
27;0.000000;-26.000000;-30.000000;-44.845810;0.000000;0.000000;0.000000;0.000000;0.000000;44.845810
28;0.000000;-26.000000;30.000000;54.845810;0.000000;0.000000;0.000000;0.000000;0.000000;54.845810
29;0.000000;-22.000000;-30.000000;-44.845810;0.000000;0.000000;0.000000;0.000000;0.000000;44.845810
30;0.000000;-22.000000;30.000000;54.845810;0.000000;0.000000;0.000000;0.000000;0.000000;54.845810
31;0.000000;-18.000000;-30.000000;-44.845810;0.000000;0.000000;0.000000;0.000000;0.000000;44.845810
32;0.000000;-18.000000;30.000000;54.845810;0.000000;0.000000;0.000000;0.000000;0.000000;54.845810
33;0.000000;-14.000000;-30.000000;-44.845810;0.000000;0.000000;0.000000;0.000000;0.000000;44.845810
34;0.000000;-14.000000;30.000000;54.845810;0.000000;0.000000;0.000000;0.000000;0.000000;54.845810
35;0.000000;-10.000000;-30.000000;-44.845810;0.000000;0.000000;0.000000;0.000000;0.000000;44.845810
36;0.000000;-10.000000;30.000000;54.845810;0.000000;0.000000;0.000000;0.000000;0.000000;54.845810
37;0.000000;-6.000000;-30.000000;-44.845810;0.000000;0.000000;0.000000;0.000000;0.000000;44.845810
38;0.000000;-6.000000;30.000000;54.845810;0.000000;0.000000;0.000000;0.000000;0.000000;54.845810
39;0.000000;-2.000000;-30.000000;-44.845810;0.000000;0.000000;0.000000;0.000000;0.000000;44.845810
40;0.000000;-2.000000;30.000000;54.845810;0.000000;0.000000;0.000000;0.000000;0.000000;54.845810
41;0.000000;2.000000;-30.000000;-44.845810;0.000000;0.000000;0.000000;0.000000;0.000000;44.845810
42;0.000000;2.000000;30.000000;54.845810;0.000000;0.000000;0.000000;0.000000;0.000000;54.845810
43;0.000000;6.000000;-30.000000;-44.845810;0.000000;0.000000;0.000000;0.000000;0.000000;44.845810
44;0.000000;6.000000;30.000000;54.845810;0.000000;0.000000;0.000000;0.000000;0.000000;54.845810
45;0.000000;10.000000;-30.000000;-44.845810;0.000000;0.000000;0.000000;0.000000;0.000000;44.845810
46;0.000000;10.000000;30.000000;54.845810;0.000000;0.000000;0.000000;0.000000;0.000000;54.845810
47;0.000000;14.000000;-30.000000;-44.845810;0.000000;0.000000;0.000000;0.000000;0.000000;44.845810
48;0.000000;14.000000;30.000000;54.845810;0.000000;0.000000;0.000000;0.000000;0.000000;54.845810
49;0.000000;18.000000;-30.000000;-44.845810;0.000000;0.000000;0.000000;0.000000;0.000000;44.845810
50;0.000000;18.000000;30.000000;54.845810;0.000000;0.000000;0.000000;0.000000;0.000000;54.845810
51;0.000000;22.000000;-30.000000;-44.845810;0.000000;0.000000;0.000000;0.000000;0.000000;44.845810
52;0.000000;22.000000;30.000000;54.845810;0.000000;0.000000;0.000000;0.000000;0.000000;54.845810
53;0.000000;26.000000;-30.000000;-44.845810;0.000000;0.000000;0.000000;0.000000;0.000000;44.845810
54;0.000000;26.000000;30.000000;54.845810;0.000000;0.000000;0.000000;0.000000;0.000000;54.845810
55;0.000000;30.000000;-30.000000;-44.845810;0.000000;0.000000;0.000000;0.000000;0.000000;44.845810
56;0.000000;30.000000;30.000000;54.845810;0.000000;0.000000;0.000000;0.000000;0.000000;54.845810
57;0.000000;34.000000;-30.000000;-44.845810;0.000000;0.000000;0.000000;0.000000;0.000000;44.845810
58;0.000000;34.000000;30.000000;54.845810;0.000000;0.000000;0.000000;0.000000;0.000000;54.845810
59;0.000000;38.000000;-30.000000;-44.845810;0.000000;0.000000;0.000000;0.000000;0.000000;44.845810
60;0.000000;38.000000;30.000000;54.845810;0.000000;0.000000;0.000000;0.000000;0.000000;54.845810
61;0.000000;42.000000;-30.000000;-44.845810;0.000000;0.000000;0.000000;0.000000;0.000000;44.845810
62;0.000000;42.000000;30.000000;54.845810;0.000000;0.000000;0.000000;0.000000;0.000000;54.845810
63;0.000000;46.000000;-30.000000;-44.845810;0.000000;0.000000;0.000000;0.000000;0.000000;44.845810
64;0.000000;46.000000;30.000000;54.845810;0.000000;0.000000;0.000000;0.000000;0.000000;54.845810
65;0.000000;50.000000;-30.000000;-44.845810;0.000000;0.000000;0.000000;0.000000;0.000000;44.845810
66;0.000000;50.000000;-26.000000;-38.199702;0.000000;0.000000;0.000000;0.000000;0.000000;38.199702
67;0.000000;50.000000;-22.000000;-31.553594;0.000000;0.000000;0.000000;0.000000;0.000000;31.553594
68;0.000000;50.000000;-18.000000;-24.907486;0.000000;0.000000;0.000000;0.000000;0.000000;24.907486
69;0.000000;50.000000;-14.000000;-18.261378;0.000000;0.000000;0.000000;0.000000;0.000000;18.261378
70;0.000000;50.000000;-10.000000;-11.615270;0.000000;0.000000;0.000000;0.000000;0.000000;11.615270
71;0.000000;50.000000;-6.000000;-4.969162;0.000000;0.000000;0.000000;0.000000;0.000000;4.969162
72;0.000000;50.000000;-2.000000;1.676946;0.000000;0.000000;0.000000;0.000000;0.000000;1.676946
73;0.000000;50.000000;2.000000;8.323054;0.000000;0.000000;0.000000;0.000000;0.000000;8.323054
74;0.000000;50.000000;6.000000;14.969162;0.000000;0.000000;0.000000;0.000000;0.000000;14.969162
75;0.000000;50.000000;10.000000;21.615270;0.000000;0.000000;0.000000;0.000000;0.000000;21.615270
76;0.000000;50.000000;14.000000;28.261378;0.000000;0.000000;0.000000;0.000000;0.000000;28.261378
77;0.000000;50.000000;18.000000;34.907486;0.000000;0.000000;0.000000;0.000000;0.000000;34.907486
78;0.000000;50.000000;22.000000;41.553594;0.000000;0.000000;0.000000;0.000000;0.000000;41.553594
79;0.000000;50.000000;26.000000;48.199702;0.000000;0.000000;0.000000;0.000000;0.000000;48.199702
80;0.000000;50.000000;30.000000;54.845810;0.000000;0.000000;0.000000;0.000000;0.000000;54.845810
81;4.000000;-50.000000;-30.000000;-44.347352;0.000000;0.000000;0.000000;0.000000;0.000000;44.347352
82;4.000000;-50.000000;-26.000000;-37.767705;0.000000;0.000000;0.000000;0.000000;0.000000;37.767705
83;4.000000;-50.000000;-22.000000;-31.188058;0.000000;0.000000;0.000000;0.000000;0.000000;31.188058
84;4.000000;-50.000000;-18.000000;-24.608411;0.000000;0.000000;0.000000;0.000000;0.000000;24.608411
85;4.000000;-50.000000;-14.000000;-18.028764;0.000000;0.000000;0.000000;0.000000;0.000000;18.028764
86;4.000000;-50.000000;-10.000000;-11.449117;0.000000;0.000000;0.000000;0.000000;0.000000;11.449117
87;4.000000;-50.000000;-6.000000;-4.869470;0.000000;0.000000;0.000000;0.000000;0.000000;4.869470
88;4.000000;-50.000000;-2.000000;1.710177;0.000000;0.000000;0.000000;0.000000;0.000000;1.710177
89;4.000000;-50.000000;2.000000;8.289823;0.000000;0.000000;0.000000;0.000000;0.000000;8.289823
90;4.000000;-50.000000;6.000000;14.869470;0.000000;0.000000;0.000000;0.000000;0.000000;14.869470
91;4.000000;-50.000000;10.000000;21.449117;0.000000;0.000000;0.000000;0.000000;0.000000;21.449117
92;4.000000;-50.000000;14.000000;28.028764;0.000000;0.000000;0.000000;0.000000;0.000000;28.028764
93;4.000000;-50.000000;18.000000;34.608411;0.000000;0.000000;0.000000;0.000000;0.000000;34.608411
94;4.000000;-50.000000;22.000000;41.188058;0.000000;0.000000;0.000000;0.000000;0.000000;41.188058
95;4.000000;-50.000000;26.000000;47.767705;0.000000;0.000000;0.000000;0.000000;0.000000;47.767705
96;4.000000;-50.000000;30.000000;54.347352;0.000000;0.000000;0.000000;0.000000;0.000000;54.347352
97;4.000000;-46.000000;-30.000000;-44.347352;0.000000;0.000000;0.000000;0.000000;0.000000;44.347352
98;4.000000;-46.000000;30.000000;54.347352;0.000000;0.000000;0.000000;0.000000;0.000000;54.347352
99;4.000000;-42.000000;-30.000000;-44.347352;0.000000;0.000000;0.000000;0.000000;0.000000;44.347352
100;4.000000;-42.000000;30.000000;54.347352;0.000000;0.000000;0.000000;0.000000;0.000000;54.347352
101;4.000000;-38.000000;-30.000000;-44.347352;0.000000;0.000000;0.000000;0.000000;0.000000;44.347352
102;4.000000;-38.000000;30.000000;54.347352;0.000000;0.000000;0.000000;0.000000;0.000000;54.347352
103;4.000000;-34.000000;-30.000000;-44.347352;0.000000;0.000000;0.000000;0.000000;0.000000;44.347352
104;4.000000;-34.000000;30.000000;54.347352;0.000000;0.000000;0.000000;0.000000;0.000000;54.347352
105;4.000000;-30.000000;-30.000000;-44.347352;0.000000;0.000000;0.000000;0.000000;0.000000;44.347352
106;4.000000;-30.000000;30.000000;54.347352;0.000000;0.000000;0.000000;0.000000;0.000000;54.347352
107;4.000000;-26.000000;-30.000000;-44.347352;0.000000;0.000000;0.000000;0.000000;0.000000;44.347352
108;4.000000;-26.000000;30.000000;54.347352;0.000000;0.000000;0.000000;0.000000;0.000000;54.347352
109;4.000000;-22.000000;-30.000000;-44.347352;0.000000;0.000000;0.000000;0.000000;0.000000;44.347352
110;4.000000;-22.000000;30.000000;54.347352;0.000000;0.000000;0.000000;0.000000;0.000000;54.347352
111;4.000000;-18.000000;-30.000000;-44.347352;0.000000;0.000000;0.000000;0.000000;0.000000;44.347352
112;4.000000;-18.000000;30.000000;54.347352;0.000000;0.000000;0.000000;0.000000;0.000000;54.347352
113;4.000000;-14.000000;-30.000000;-44.347352;0.000000;0.000000;0.000000;0.000000;0.000000;44.347352
114;4.000000;-14.000000;30.000000;54.347352;0.000000;0.000000;0.000000;0.000000;0.000000;54.347352
115;4.000000;-10.000000;-30.000000;-44.347352;0.000000;0.000000;0.000000;0.000000;0.000000;44.347352
116;4.000000;-10.000000;30.000000;54.347352;0.000000;0.000000;0.000000;0.000000;0.000000;54.347352
117;4.000000;-6.000000;-30.000000;-44.347352;0.000000;0.000000;0.000000;0.000000;0.000000;44.347352
118;4.000000;-6.000000;30.000000;54.347352;0.000000;0.000000;0.000000;0.000000;0.000000;54.347352
119;4.000000;-2.000000;-30.000000;-44.347352;0.000000;0.000000;0.000000;0.000000;0.000000;44.347352
120;4.000000;-2.000000;30.000000;54.347352;0.000000;0.000000;0.000000;0.000000;0.000000;54.347352
121;4.000000;2.000000;-30.000000;-44.347352;0.000000;0.000000;0.000000;0.000000;0.000000;44.347352
122;4.000000;2.000000;30.000000;54.347352;0.000000;0.000000;0.000000;0.000000;0.000000;54.347352
123;4.000000;6.000000;-30.000000;-44.347352;0.000000;0.000000;0.000000;0.000000;0.000000;44.347352
124;4.000000;6.000000;30.000000;54.347352;0.000000;0.000000;0.000000;0.000000;0.000000;54.347352
125;4.000000;10.000000;-30.000000;-44.347352;0.000000;0.000000;0.000000;0.000000;0.000000;44.347352
126;4.000000;10.000000;30.000000;54.347352;0.000000;0.000000;0.000000;0.000000;0.000000;54.347352
127;4.000000;14.000000;-30.000000;-44.347352;0.000000;0.000000;0.000000;0.000000;0.000000;44.347352
128;4.000000;14.000000;30.000000;54.347352;0.000000;0.000000;0.000000;0.000000;0.000000;54.347352
129;4.000000;18.000000;-30.000000;-44.347352;0.000000;0.000000;0.000000;0.000000;0.000000;44.347352
130;4.000000;18.000000;30.000000;54.347352;0.000000;0.000000;0.000000;0.000000;0.000000;54.347352
131;4.000000;22.000000;-30.000000;-44.347352;0.000000;0.000000;0.000000;0.000000;0.000000;44.347352
132;4.000000;22.000000;30.000000;54.347352;0.000000;0.000000;0.000000;0.000000;0.000000;54.347352
133;4.000000;26.000000;-30.000000;-44.347352;0.000000;0.000000;0.000000;0.000000;0.000000;44.347352
134;4.000000;26.000000;30.000000;54.347352;0.000000;0.000000;0.000000;0.000000;0.000000;54.347352
135;4.000000;30.000000;-30.000000;-44.347352;0.000000;0.000000;0.000000;0.000000;0.000000;44.347352
136;4.000000;30.000000;30.000000;54.347352;0.000000;0.000000;0.000000;0.000000;0.000000;54.347352
137;4.000000;34.000000;-30.000000;-44.347352;0.000000;0.000000;0.000000;0.000000;0.000000;44.347352
138;4.000000;34.000000;30.000000;54.347352;0.000000;0.000000;0.000000;0.000000;0.000000;54.347352
139;4.000000;38.000000;-30.000000;-44.347352;0.000000;0.000000;0.000000;0.000000;0.000000;44.347352
140;4.000000;38.000000;30.000000;54.347352;0.000000;0.000000;0.000000;0.000000;0.000000;54.347352
141;4.000000;42.000000;-30.000000;-44.347352;0.000000;0.000000;0.000000;0.000000;0.000000;44.347352
142;4.000000;42.000000;30.000000;54.347352;0.000000;0.000000;0.000000;0.000000;0.000000;54.347352
143;4.000000;46.000000;-30.000000;-44.347352;0.000000;0.000000;0.000000;0.000000;0.000000;44.347352
144;4.000000;46.000000;30.000000;54.347352;0.000000;0.000000;0.000000;0.000000;0.000000;54.347352
145;4.000000;50.000000;-30.000000;-44.347352;0.000000;0.000000;0.000000;0.000000;0.000000;44.347352
146;4.000000;50.000000;-26.000000;-37.767705;0.000000;0.000000;0.000000;0.000000;0.000000;37.767705
147;4.000000;50.000000;-22.000000;-31.188058;0.000000;0.000000;0.000000;0.000000;0.000000;31.188058
148;4.000000;50.000000;-18.000000;-24.608411;0.000000;0.000000;0.000000;0.000000;0.000000;24.608411
149;4.000000;50.000000;-14.000000;-18.028764;0.000000;0.000000;0.000000;0.000000;0.000000;18.028764
150;4.000000;50.000000;-10.000000;-11.449117;0.000000;0.000000;0.000000;0.000000;0.000000;11.449117
151;4.000000;50.000000;-6.000000;-4.869470;0.000000;0.000000;0.000000;0.000000;0.000000;4.869470
152;4.000000;50.000000;-2.000000;1.710177;0.000000;0.000000;0.000000;0.000000;0.000000;1.710177
153;4.000000;50.000000;2.000000;8.289823;0.000000;0.000000;0.000000;0.000000;0.000000;8.289823
154;4.000000;50.000000;6.000000;14.869470;0.000000;0.000000;0.000000;0.000000;0.000000;14.869470
155;4.000000;50.000000;10.000000;21.449117;0.000000;0.000000;0.000000;0.000000;0.000000;21.449117
156;4.000000;50.000000;14.000000;28.028764;0.000000;0.000000;0.000000;0.000000;0.000000;28.028764
157;4.000000;50.000000;18.000000;34.608411;0.000000;0.000000;0.000000;0.000000;0.000000;34.608411
158;4.000000;50.000000;22.000000;41.188058;0.000000;0.000000;0.000000;0.000000;0.000000;41.188058
159;4.000000;50.000000;26.000000;47.767705;0.000000;0.000000;0.000000;0.000000;0.000000;47.767705
160;4.000000;50.000000;30.000000;54.347352;0.000000;0.000000;0.000000;0.000000;0.000000;54.347352
161;8.000000;-50.000000;-30.000000;-43.848894;0.000000;0.000000;0.000000;0.000000;0.000000;43.848894
162;8.000000;-50.000000;-26.000000;-37.335708;0.000000;0.000000;0.000000;0.000000;0.000000;37.335708
163;8.000000;-50.000000;-22.000000;-30.822522;0.000000;0.000000;0.000000;0.000000;0.000000;30.822522
164;8.000000;-50.000000;-18.000000;-24.309336;0.000000;0.000000;0.000000;0.000000;0.000000;24.309336
165;8.000000;-50.000000;-14.000000;-17.796151;0.000000;0.000000;0.000000;0.000000;0.000000;17.796151
166;8.000000;-50.000000;-10.000000;-11.282965;0.000000;0.000000;0.000000;0.000000;0.000000;11.282965
167;8.000000;-50.000000;-6.000000;-4.769779;0.000000;0.000000;0.000000;0.000000;0.000000;4.769779
168;8.000000;-50.000000;-2.000000;1.743407;0.000000;0.000000;0.000000;0.000000;0.000000;1.743407
169;8.000000;-50.000000;2.000000;8.256593;0.000000;0.000000;0.000000;0.000000;0.000000;8.256593
170;8.000000;-50.000000;6.000000;14.769779;0.000000;0.000000;0.000000;0.000000;0.000000;14.769779
171;8.000000;-50.000000;10.000000;21.282965;0.000000;0.000000;0.000000;0.000000;0.000000;21.282965
172;8.000000;-50.000000;14.000000;27.796151;0.000000;0.000000;0.000000;0.000000;0.000000;27.796151
173;8.000000;-50.000000;18.000000;34.309336;0.000000;0.000000;0.000000;0.000000;0.000000;34.309336
174;8.000000;-50.000000;22.000000;40.822522;0.000000;0.000000;0.000000;0.000000;0.000000;40.822522
175;8.000000;-50.000000;26.000000;47.335708;0.000000;0.000000;0.000000;0.000000;0.000000;47.335708
176;8.000000;-50.000000;30.000000;53.848894;0.000000;0.000000;0.000000;0.000000;0.000000;53.848894
177;8.000000;-46.000000;-30.000000;-43.848894;0.000000;0.000000;0.000000;0.000000;0.000000;43.848894
178;8.000000;-46.000000;30.000000;53.848894;0.000000;0.000000;0.000000;0.000000;0.000000;53.848894
179;8.000000;-42.000000;-30.000000;-43.848894;0.000000;0.000000;0.000000;0.000000;0.000000;43.848894
180;8.000000;-42.000000;30.000000;53.848894;0.000000;0.000000;0.000000;0.000000;0.000000;53.848894
181;8.000000;-38.000000;-30.000000;-43.848894;0.000000;0.000000;0.000000;0.000000;0.000000;43.848894
182;8.000000;-38.000000;30.000000;53.848894;0.000000;0.000000;0.000000;0.000000;0.000000;53.848894
183;8.000000;-34.000000;-30.000000;-43.848894;0.000000;0.000000;0.000000;0.000000;0.000000;43.848894
184;8.000000;-34.000000;30.000000;53.848894;0.000000;0.000000;0.000000;0.000000;0.000000;53.848894
185;8.000000;-30.000000;-30.000000;-43.848894;0.000000;0.000000;0.000000;0.000000;0.000000;43.848894
186;8.000000;-30.000000;30.000000;53.848894;0.000000;0.000000;0.000000;0.000000;0.000000;53.848894
187;8.000000;-26.000000;-30.000000;-43.848894;0.000000;0.000000;0.000000;0.000000;0.000000;43.848894
188;8.000000;-26.000000;30.000000;53.848894;0.000000;0.000000;0.000000;0.000000;0.000000;53.848894
189;8.000000;-22.000000;-30.000000;-43.848894;0.000000;0.000000;0.000000;0.000000;0.000000;43.848894
190;8.000000;-22.000000;30.000000;53.848894;0.000000;0.000000;0.000000;0.000000;0.000000;53.848894
191;8.000000;-18.000000;-30.000000;-43.848894;0.000000;0.000000;0.000000;0.000000;0.000000;43.848894
192;8.000000;-18.000000;30.000000;53.848894;0.000000;0.000000;0.000000;0.000000;0.000000;53.848894
193;8.000000;-14.000000;-30.000000;-43.848894;0.000000;0.000000;0.000000;0.000000;0.000000;43.848894
194;8.000000;-14.000000;30.000000;53.848894;0.000000;0.000000;0.000000;0.000000;0.000000;53.848894
195;8.000000;-10.000000;-30.000000;-43.848894;0.000000;0.000000;0.000000;0.000000;0.000000;43.848894
196;8.000000;-10.000000;30.000000;53.848894;0.000000;0.000000;0.000000;0.000000;0.000000;53.848894
197;8.000000;-6.000000;-30.000000;-43.848894;0.000000;0.000000;0.000000;0.000000;0.000000;43.848894
198;8.000000;-6.000000;30.000000;53.848894;0.000000;0.000000;0.000000;0.000000;0.000000;53.848894
199;8.000000;-2.000000;-30.000000;-43.848894;0.000000;0.000000;0.000000;0.000000;0.000000;43.848894
200;8.000000;-2.000000;30.000000;53.848894;0.000000;0.000000;0.000000;0.000000;0.000000;53.848894
201;8.000000;2.000000;-30.000000;-43.848894;0.000000;0.000000;0.000000;0.000000;0.000000;43.848894
202;8.000000;2.000000;30.000000;53.848894;0.000000;0.000000;0.000000;0.000000;0.000000;53.848894
203;8.000000;6.000000;-30.000000;-43.848894;0.000000;0.000000;0.000000;0.000000;0.000000;43.848894
204;8.000000;6.000000;30.000000;53.848894;0.000000;0.000000;0.000000;0.000000;0.000000;53.848894
205;8.000000;10.000000;-30.000000;-43.848894;0.000000;0.000000;0.000000;0.000000;0.000000;43.848894
206;8.000000;10.000000;30.000000;53.848894;0.000000;0.000000;0.000000;0.000000;0.000000;53.848894
207;8.000000;14.000000;-30.000000;-43.848894;0.000000;0.000000;0.000000;0.000000;0.000000;43.848894
208;8.000000;14.000000;30.000000;53.848894;0.000000;0.000000;0.000000;0.000000;0.000000;53.848894
209;8.000000;18.000000;-30.000000;-43.848894;0.000000;0.000000;0.000000;0.000000;0.000000;43.848894
210;8.000000;18.000000;30.000000;53.848894;0.000000;0.000000;0.000000;0.000000;0.000000;53.848894
211;8.000000;22.000000;-30.000000;-43.848894;0.000000;0.000000;0.000000;0.000000;0.000000;43.848894
212;8.000000;22.000000;30.000000;53.848894;0.000000;0.000000;0.000000;0.000000;0.000000;53.848894
213;8.000000;26.000000;-30.000000;-43.848894;0.000000;0.000000;0.000000;0.000000;0.000000;43.848894
214;8.000000;26.000000;30.000000;53.848894;0.000000;0.000000;0.000000;0.000000;0.000000;53.848894
215;8.000000;30.000000;-30.000000;-43.848894;0.000000;0.000000;0.000000;0.000000;0.000000;43.848894
216;8.000000;30.000000;30.000000;53.848894;0.000000;0.000000;0.000000;0.000000;0.000000;53.848894
217;8.000000;34.000000;-30.000000;-43.848894;0.000000;0.000000;0.000000;0.000000;0.000000;43.848894
218;8.000000;34.000000;30.000000;53.848894;0.000000;0.000000;0.000000;0.000000;0.000000;53.848894
219;8.000000;38.000000;-30.000000;-43.848894;0.000000;0.000000;0.000000;0.000000;0.000000;43.848894
220;8.000000;38.000000;30.000000;53.848894;0.000000;0.000000;0.000000;0.000000;0.000000;53.848894
221;8.000000;42.000000;-30.000000;-43.848894;0.000000;0.000000;0.000000;0.000000;0.000000;43.848894
222;8.000000;42.000000;30.000000;53.848894;0.000000;0.000000;0.000000;0.000000;0.000000;53.848894
223;8.000000;46.000000;-30.000000;-43.848894;0.000000;0.000000;0.000000;0.000000;0.000000;43.848894
224;8.000000;46.000000;30.000000;53.848894;0.000000;0.000000;0.000000;0.000000;0.000000;53.848894
225;8.000000;50.000000;-30.000000;-43.848894;0.000000;0.000000;0.000000;0.000000;0.000000;43.848894
226;8.000000;50.000000;-26.000000;-37.335708;0.000000;0.000000;0.000000;0.000000;0.000000;37.335708
227;8.000000;50.000000;-22.000000;-30.822522;0.000000;0.000000;0.000000;0.000000;0.000000;30.822522
228;8.000000;50.000000;-18.000000;-24.309336;0.000000;0.000000;0.000000;0.000000;0.000000;24.309336
229;8.000000;50.000000;-14.000000;-17.796151;0.000000;0.000000;0.000000;0.000000;0.000000;17.796151
230;8.000000;50.000000;-10.000000;-11.282965;0.000000;0.000000;0.000000;0.000000;0.000000;11.282965
231;8.000000;50.000000;-6.000000;-4.769779;0.000000;0.000000;0.000000;0.000000;0.000000;4.769779
232;8.000000;50.000000;-2.000000;1.743407;0.000000;0.000000;0.000000;0.000000;0.000000;1.743407
233;8.000000;50.000000;2.000000;8.256593;0.000000;0.000000;0.000000;0.000000;0.000000;8.256593
234;8.000000;50.000000;6.000000;14.769779;0.000000;0.000000;0.000000;0.000000;0.000000;14.769779
235;8.000000;50.000000;10.000000;21.282965;0.000000;0.000000;0.000000;0.000000;0.000000;21.282965
236;8.000000;50.000000;14.000000;27.796151;0.000000;0.000000;0.000000;0.000000;0.000000;27.796151
237;8.000000;50.000000;18.000000;34.309336;0.000000;0.000000;0.000000;0.000000;0.000000;34.309336
238;8.000000;50.000000;22.000000;40.822522;0.000000;0.000000;0.000000;0.000000;0.000000;40.822522
239;8.000000;50.000000;26.000000;47.335708;0.000000;0.000000;0.000000;0.000000;0.000000;47.335708
240;8.000000;50.000000;30.000000;53.848894;0.000000;0.000000;0.000000;0.000000;0.000000;53.848894
241;12.000000;-50.000000;-30.000000;-43.350436;0.000000;0.000000;0.000000;0.000000;0.000000;43.350436
242;12.000000;-50.000000;-26.000000;-36.903711;0.000000;0.000000;0.000000;0.000000;0.000000;36.903711
243;12.000000;-50.000000;-22.000000;-30.456986;0.000000;0.000000;0.000000;0.000000;0.000000;30.456986
244;12.000000;-50.000000;-18.000000;-24.010262;0.000000;0.000000;0.000000;0.000000;0.000000;24.010262
245;12.000000;-50.000000;-14.000000;-17.563537;0.000000;0.000000;0.000000;0.000000;0.000000;17.563537
246;12.000000;-50.000000;-10.000000;-11.116812;0.000000;0.000000;0.000000;0.000000;0.000000;11.116812
247;12.000000;-50.000000;-6.000000;-4.670087;0.000000;0.000000;0.000000;0.000000;0.000000;4.670087
248;12.000000;-50.000000;-2.000000;1.776638;0.000000;0.000000;0.000000;0.000000;0.000000;1.776638
249;12.000000;-50.000000;2.000000;8.223362;0.000000;0.000000;0.000000;0.000000;0.000000;8.223362
250;12.000000;-50.000000;6.000000;14.670087;0.000000;0.000000;0.000000;0.000000;0.000000;14.670087
251;12.000000;-50.000000;10.000000;21.116812;0.000000;0.000000;0.000000;0.000000;0.000000;21.116812
252;12.000000;-50.000000;14.000000;27.563537;0.000000;0.000000;0.000000;0.000000;0.000000;27.563537
253;12.000000;-50.000000;18.000000;34.010262;0.000000;0.000000;0.000000;0.000000;0.000000;34.010262
254;12.000000;-50.000000;22.000000;40.456986;0.000000;0.000000;0.000000;0.000000;0.000000;40.456986
255;12.000000;-50.000000;26.000000;46.903711;0.000000;0.000000;0.000000;0.000000;0.000000;46.903711
256;12.000000;-50.000000;30.000000;53.350436;0.000000;0.000000;0.000000;0.000000;0.000000;53.350436
257;12.000000;-46.000000;-30.000000;-43.350436;0.000000;0.000000;0.000000;0.000000;0.000000;43.350436
258;12.000000;-46.000000;30.000000;53.350436;0.000000;0.000000;0.000000;0.000000;0.000000;53.350436
259;12.000000;-42.000000;-30.000000;-43.350436;0.000000;0.000000;0.000000;0.000000;0.000000;43.350436
260;12.000000;-42.000000;30.000000;53.350436;0.000000;0.000000;0.000000;0.000000;0.000000;53.350436
261;12.000000;-38.000000;-30.000000;-43.350436;0.000000;0.000000;0.000000;0.000000;0.000000;43.350436
262;12.000000;-38.000000;30.000000;53.350436;0.000000;0.000000;0.000000;0.000000;0.000000;53.350436
263;12.000000;-34.000000;-30.000000;-43.350436;0.000000;0.000000;0.000000;0.000000;0.000000;43.350436
264;12.000000;-34.000000;30.000000;53.350436;0.000000;0.000000;0.000000;0.000000;0.000000;53.350436
265;12.000000;-30.000000;-30.000000;-43.350436;0.000000;0.000000;0.000000;0.000000;0.000000;43.350436
266;12.000000;-30.000000;30.000000;53.350436;0.000000;0.000000;0.000000;0.000000;0.000000;53.350436
267;12.000000;-26.000000;-30.000000;-43.350436;0.000000;0.000000;0.000000;0.000000;0.000000;43.350436
268;12.000000;-26.000000;30.000000;53.350436;0.000000;0.000000;0.000000;0.000000;0.000000;53.350436
269;12.000000;-22.000000;-30.000000;-43.350436;0.000000;0.000000;0.000000;0.000000;0.000000;43.350436
270;12.000000;-22.000000;30.000000;53.350436;0.000000;0.000000;0.000000;0.000000;0.000000;53.350436
271;12.000000;-18.000000;-30.000000;-43.350436;0.000000;0.000000;0.000000;0.000000;0.000000;43.350436
272;12.000000;-18.000000;30.000000;53.350436;0.000000;0.000000;0.000000;0.000000;0.000000;53.350436
273;12.000000;-14.000000;-30.000000;-43.350436;0.000000;0.000000;0.000000;0.000000;0.000000;43.350436
274;12.000000;-14.000000;30.000000;53.350436;0.000000;0.000000;0.000000;0.000000;0.000000;53.350436
275;12.000000;-10.000000;-30.000000;-43.350436;0.000000;0.000000;0.000000;0.000000;0.000000;43.350436
276;12.000000;-10.000000;30.000000;53.350436;0.000000;0.000000;0.000000;0.000000;0.000000;53.350436
277;12.000000;-6.000000;-30.000000;-43.350436;0.000000;0.000000;0.000000;0.000000;0.000000;43.350436
278;12.000000;-6.000000;30.000000;53.350436;0.000000;0.000000;0.000000;0.000000;0.000000;53.350436
279;12.000000;-2.000000;-30.000000;-43.350436;0.000000;0.000000;0.000000;0.000000;0.000000;43.350436
280;12.000000;-2.000000;30.000000;53.350436;0.000000;0.000000;0.000000;0.000000;0.000000;53.350436
281;12.000000;2.000000;-30.000000;-43.350436;0.000000;0.000000;0.000000;0.000000;0.000000;43.350436
282;12.000000;2.000000;30.000000;53.350436;0.000000;0.000000;0.000000;0.000000;0.000000;53.350436
283;12.000000;6.000000;-30.000000;-43.350436;0.000000;0.000000;0.000000;0.000000;0.000000;43.350436
284;12.000000;6.000000;30.000000;53.350436;0.000000;0.000000;0.000000;0.000000;0.000000;53.350436
285;12.000000;10.000000;-30.000000;-43.350436;0.000000;0.000000;0.000000;0.000000;0.000000;43.350436
286;12.000000;10.000000;30.000000;53.350436;0.000000;0.000000;0.000000;0.000000;0.000000;53.350436
287;12.000000;14.000000;-30.000000;-43.350436;0.000000;0.000000;0.000000;0.000000;0.000000;43.350436
288;12.000000;14.000000;30.000000;53.350436;0.000000;0.000000;0.000000;0.000000;0.000000;53.350436
289;12.000000;18.000000;-30.000000;-43.350436;0.000000;0.000000;0.000000;0.000000;0.000000;43.350436
290;12.000000;18.000000;30.000000;53.350436;0.000000;0.000000;0.000000;0.000000;0.000000;53.350436
291;12.000000;22.000000;-30.000000;-43.350436;0.000000;0.000000;0.000000;0.000000;0.000000;43.350436
292;12.000000;22.000000;30.000000;53.350436;0.000000;0.000000;0.000000;0.000000;0.000000;53.350436
293;12.000000;26.000000;-30.000000;-43.350436;0.000000;0.000000;0.000000;0.000000;0.000000;43.350436
294;12.000000;26.000000;30.000000;53.350436;0.000000;0.000000;0.000000;0.000000;0.000000;53.350436
295;12.000000;30.000000;-30.000000;-43.350436;0.000000;0.000000;0.000000;0.000000;0.000000;43.350436
296;12.000000;30.000000;30.000000;53.350436;0.000000;0.000000;0.000000;0.000000;0.000000;53.350436
297;12.000000;34.000000;-30.000000;-43.350436;0.000000;0.000000;0.000000;0.000000;0.000000;43.350436
298;12.000000;34.000000;30.000000;53.350436;0.000000;0.000000;0.000000;0.000000;0.000000;53.350436
299;12.000000;38.000000;-30.000000;-43.350436;0.000000;0.000000;0.000000;0.000000;0.000000;43.350436
300;12.000000;38.000000;30.000000;53.350436;0.000000;0.000000;0.000000;0.000000;0.000000;53.350436
301;12.000000;42.000000;-30.000000;-43.350436;0.000000;0.000000;0.000000;0.000000;0.000000;43.350436
302;12.000000;42.000000;30.000000;53.350436;0.000000;0.000000;0.000000;0.000000;0.000000;53.350436
303;12.000000;46.000000;-30.000000;-43.350436;0.000000;0.000000;0.000000;0.000000;0.000000;43.350436
304;12.000000;46.000000;30.000000;53.350436;0.000000;0.000000;0.000000;0.000000;0.000000;53.350436
305;12.000000;50.000000;-30.000000;-43.350436;0.000000;0.000000;0.000000;0.000000;0.000000;43.350436
306;12.000000;50.000000;-26.000000;-36.903711;0.000000;0.000000;0.000000;0.000000;0.000000;36.903711
307;12.000000;50.000000;-22.000000;-30.456986;0.000000;0.000000;0.000000;0.000000;0.000000;30.456986
308;12.000000;50.000000;-18.000000;-24.010262;0.000000;0.000000;0.000000;0.000000;0.000000;24.010262
309;12.000000;50.000000;-14.000000;-17.563537;0.000000;0.000000;0.000000;0.000000;0.000000;17.563537
310;12.000000;50.000000;-10.000000;-11.116812;0.000000;0.000000;0.000000;0.000000;0.000000;11.116812
311;12.000000;50.000000;-6.000000;-4.670087;0.000000;0.000000;0.000000;0.000000;0.000000;4.670087
312;12.000000;50.000000;-2.000000;1.776638;0.000000;0.000000;0.000000;0.000000;0.000000;1.776638
313;12.000000;50.000000;2.000000;8.223362;0.000000;0.000000;0.000000;0.000000;0.000000;8.223362
314;12.000000;50.000000;6.000000;14.670087;0.000000;0.000000;0.000000;0.000000;0.000000;14.670087
315;12.000000;50.000000;10.000000;21.116812;0.000000;0.000000;0.000000;0.000000;0.000000;21.116812
316;12.000000;50.000000;14.000000;27.563537;0.000000;0.000000;0.000000;0.000000;0.000000;27.563537
317;12.000000;50.000000;18.000000;34.010262;0.000000;0.000000;0.000000;0.000000;0.000000;34.010262
318;12.000000;50.000000;22.000000;40.456986;0.000000;0.000000;0.000000;0.000000;0.000000;40.456986
319;12.000000;50.000000;26.000000;46.903711;0.000000;0.000000;0.000000;0.000000;0.000000;46.903711
320;12.000000;50.000000;30.000000;53.350436;0.000000;0.000000;0.000000;0.000000;0.000000;53.350436
321;16.000000;-50.000000;-30.000000;-42.851978;0.000000;0.000000;0.000000;0.000000;0.000000;42.851978
322;16.000000;-50.000000;-26.000000;-36.471714;0.000000;0.000000;0.000000;0.000000;0.000000;36.471714
323;16.000000;-50.000000;-22.000000;-30.091450;0.000000;0.000000;0.000000;0.000000;0.000000;30.091450
324;16.000000;-50.000000;-18.000000;-23.711187;0.000000;0.000000;0.000000;0.000000;0.000000;23.711187
325;16.000000;-50.000000;-14.000000;-17.330923;0.000000;0.000000;0.000000;0.000000;0.000000;17.330923
326;16.000000;-50.000000;-10.000000;-10.950659;0.000000;0.000000;0.000000;0.000000;0.000000;10.950659
327;16.000000;-50.000000;-6.000000;-4.570396;0.000000;0.000000;0.000000;0.000000;0.000000;4.570396
328;16.000000;-50.000000;-2.000000;1.809868;0.000000;0.000000;0.000000;0.000000;0.000000;1.809868
329;16.000000;-50.000000;2.000000;8.190132;0.000000;0.000000;0.000000;0.000000;0.000000;8.190132
330;16.000000;-50.000000;6.000000;14.570396;0.000000;0.000000;0.000000;0.000000;0.000000;14.570396
331;16.000000;-50.000000;10.000000;20.950659;0.000000;0.000000;0.000000;0.000000;0.000000;20.950659
332;16.000000;-50.000000;14.000000;27.330923;0.000000;0.000000;0.000000;0.000000;0.000000;27.330923
333;16.000000;-50.000000;18.000000;33.711187;0.000000;0.000000;0.000000;0.000000;0.000000;33.711187
334;16.000000;-50.000000;22.000000;40.091450;0.000000;0.000000;0.000000;0.000000;0.000000;40.091450
335;16.000000;-50.000000;26.000000;46.471714;0.000000;0.000000;0.000000;0.000000;0.000000;46.471714
336;16.000000;-50.000000;30.000000;52.851978;0.000000;0.000000;0.000000;0.000000;0.000000;52.851978
337;16.000000;-46.000000;-30.000000;-42.851978;0.000000;0.000000;0.000000;0.000000;0.000000;42.851978
338;16.000000;-46.000000;30.000000;52.851978;0.000000;0.000000;0.000000;0.000000;0.000000;52.851978
339;16.000000;-42.000000;-30.000000;-42.851978;0.000000;0.000000;0.000000;0.000000;0.000000;42.851978
340;16.000000;-42.000000;30.000000;52.851978;0.000000;0.000000;0.000000;0.000000;0.000000;52.851978
341;16.000000;-38.000000;-30.000000;-42.851978;0.000000;0.000000;0.000000;0.000000;0.000000;42.851978
342;16.000000;-38.000000;30.000000;52.851978;0.000000;0.000000;0.000000;0.000000;0.000000;52.851978
343;16.000000;-34.000000;-30.000000;-42.851978;0.000000;0.000000;0.000000;0.000000;0.000000;42.851978
344;16.000000;-34.000000;30.000000;52.851978;0.000000;0.000000;0.000000;0.000000;0.000000;52.851978
345;16.000000;-30.000000;-30.000000;-42.851978;0.000000;0.000000;0.000000;0.000000;0.000000;42.851978
346;16.000000;-30.000000;30.000000;52.851978;0.000000;0.000000;0.000000;0.000000;0.000000;52.851978
347;16.000000;-26.000000;-30.000000;-42.851978;0.000000;0.000000;0.000000;0.000000;0.000000;42.851978
348;16.000000;-26.000000;30.000000;52.851978;0.000000;0.000000;0.000000;0.000000;0.000000;52.851978
349;16.000000;-22.000000;-30.000000;-42.851978;0.000000;0.000000;0.000000;0.000000;0.000000;42.851978
350;16.000000;-22.000000;30.000000;52.851978;0.000000;0.000000;0.000000;0.000000;0.000000;52.851978
351;16.000000;-18.000000;-30.000000;-42.851978;0.000000;0.000000;0.000000;0.000000;0.000000;42.851978
352;16.000000;-18.000000;30.000000;52.851978;0.000000;0.000000;0.000000;0.000000;0.000000;52.851978
353;16.000000;-14.000000;-30.000000;-42.851978;0.000000;0.000000;0.000000;0.000000;0.000000;42.851978
354;16.000000;-14.000000;30.000000;52.851978;0.000000;0.000000;0.000000;0.000000;0.000000;52.851978
355;16.000000;-10.000000;-30.000000;-42.851978;0.000000;0.000000;0.000000;0.000000;0.000000;42.851978
356;16.000000;-10.000000;30.000000;52.851978;0.000000;0.000000;0.000000;0.000000;0.000000;52.851978
357;16.000000;-6.000000;-30.000000;-42.851978;0.000000;0.000000;0.000000;0.000000;0.000000;42.851978
358;16.000000;-6.000000;30.000000;52.851978;0.000000;0.000000;0.000000;0.000000;0.000000;52.851978
359;16.000000;-2.000000;-30.000000;-42.851978;0.000000;0.000000;0.000000;0.000000;0.000000;42.851978
360;16.000000;-2.000000;30.000000;52.851978;0.000000;0.000000;0.000000;0.000000;0.000000;52.851978
361;16.000000;2.000000;-30.000000;-42.851978;0.000000;0.000000;0.000000;0.000000;0.000000;42.851978
362;16.000000;2.000000;30.000000;52.851978;0.000000;0.000000;0.000000;0.000000;0.000000;52.851978
363;16.000000;6.000000;-30.000000;-42.851978;0.000000;0.000000;0.000000;0.000000;0.000000;42.851978
364;16.000000;6.000000;30.000000;52.851978;0.000000;0.000000;0.000000;0.000000;0.000000;52.851978
365;16.000000;10.000000;-30.000000;-42.851978;0.000000;0.000000;0.000000;0.000000;0.000000;42.851978
366;16.000000;10.000000;30.000000;52.851978;0.000000;0.000000;0.000000;0.000000;0.000000;52.851978
367;16.000000;14.000000;-30.000000;-42.851978;0.000000;0.000000;0.000000;0.000000;0.000000;42.851978
368;16.000000;14.000000;30.000000;52.851978;0.000000;0.000000;0.000000;0.000000;0.000000;52.851978
369;16.000000;18.000000;-30.000000;-42.851978;0.000000;0.000000;0.000000;0.000000;0.000000;42.851978
370;16.000000;18.000000;30.000000;52.851978;0.000000;0.000000;0.000000;0.000000;0.000000;52.851978
371;16.000000;22.000000;-30.000000;-42.851978;0.000000;0.000000;0.000000;0.000000;0.000000;42.851978
372;16.000000;22.000000;30.000000;52.851978;0.000000;0.000000;0.000000;0.000000;0.000000;52.851978
373;16.000000;26.000000;-30.000000;-42.851978;0.000000;0.000000;0.000000;0.000000;0.000000;42.851978
374;16.000000;26.000000;30.000000;52.851978;0.000000;0.000000;0.000000;0.000000;0.000000;52.851978
375;16.000000;30.000000;-30.000000;-42.851978;0.000000;0.000000;0.000000;0.000000;0.000000;42.851978
376;16.000000;30.000000;30.000000;52.851978;0.000000;0.000000;0.000000;0.000000;0.000000;52.851978
377;16.000000;34.000000;-30.000000;-42.851978;0.000000;0.000000;0.000000;0.000000;0.000000;42.851978
378;16.000000;34.000000;30.000000;52.851978;0.000000;0.000000;0.000000;0.000000;0.000000;52.851978
379;16.000000;38.000000;-30.000000;-42.851978;0.000000;0.000000;0.000000;0.000000;0.000000;42.851978
380;16.000000;38.000000;30.000000;52.851978;0.000000;0.000000;0.000000;0.000000;0.000000;52.851978
381;16.000000;42.000000;-30.000000;-42.851978;0.000000;0.000000;0.000000;0.000000;0.000000;42.851978
382;16.000000;42.000000;30.000000;52.851978;0.000000;0.000000;0.000000;0.000000;0.000000;52.851978
383;16.000000;46.000000;-30.000000;-42.851978;0.000000;0.000000;0.000000;0.000000;0.000000;42.851978
384;16.000000;46.000000;30.000000;52.851978;0.000000;0.000000;0.000000;0.000000;0.000000;52.851978
385;16.000000;50.000000;-30.000000;-42.851978;0.000000;0.000000;0.000000;0.000000;0.000000;42.851978
386;16.000000;50.000000;-26.000000;-36.471714;0.000000;0.000000;0.000000;0.000000;0.000000;36.471714
387;16.000000;50.000000;-22.000000;-30.091450;0.000000;0.000000;0.000000;0.000000;0.000000;30.091450
388;16.000000;50.000000;-18.000000;-23.711187;0.000000;0.000000;0.000000;0.000000;0.000000;23.711187
389;16.000000;50.000000;-14.000000;-17.330923;0.000000;0.000000;0.000000;0.000000;0.000000;17.330923
390;16.000000;50.000000;-10.000000;-10.950659;0.000000;0.000000;0.000000;0.000000;0.000000;10.950659
391;16.000000;50.000000;-6.000000;-4.570396;0.000000;0.000000;0.000000;0.000000;0.000000;4.570396
392;16.000000;50.000000;-2.000000;1.809868;0.000000;0.000000;0.000000;0.000000;0.000000;1.809868
393;16.000000;50.000000;2.000000;8.190132;0.000000;0.000000;0.000000;0.000000;0.000000;8.190132
394;16.000000;50.000000;6.000000;14.570396;0.000000;0.000000;0.000000;0.000000;0.000000;14.570396
395;16.000000;50.000000;10.000000;20.950659;0.000000;0.000000;0.000000;0.000000;0.000000;20.950659
396;16.000000;50.000000;14.000000;27.330923;0.000000;0.000000;0.000000;0.000000;0.000000;27.330923
397;16.000000;50.000000;18.000000;33.711187;0.000000;0.000000;0.000000;0.000000;0.000000;33.711187
398;16.000000;50.000000;22.000000;40.091450;0.000000;0.000000;0.000000;0.000000;0.000000;40.091450
399;16.000000;50.000000;26.000000;46.471714;0.000000;0.000000;0.000000;0.000000;0.000000;46.471714
400;16.000000;50.000000;30.000000;52.851978;0.000000;0.000000;0.000000;0.000000;0.000000;52.851978
401;20.000000;-50.000000;-30.000000;-42.353520;0.000000;0.000000;0.000000;0.000000;0.000000;42.353520
402;20.000000;-50.000000;-26.000000;-36.039717;0.000000;0.000000;0.000000;0.000000;0.000000;36.039717
403;20.000000;-50.000000;-22.000000;-29.725915;0.000000;0.000000;0.000000;0.000000;0.000000;29.725915
404;20.000000;-50.000000;-18.000000;-23.412112;0.000000;0.000000;0.000000;0.000000;0.000000;23.412112
405;20.000000;-50.000000;-14.000000;-17.098309;0.000000;0.000000;0.000000;0.000000;0.000000;17.098309
406;20.000000;-50.000000;-10.000000;-10.784507;0.000000;0.000000;0.000000;0.000000;0.000000;10.784507
407;20.000000;-50.000000;-6.000000;-4.470704;0.000000;0.000000;0.000000;0.000000;0.000000;4.470704
408;20.000000;-50.000000;-2.000000;1.843099;0.000000;0.000000;0.000000;0.000000;0.000000;1.843099
409;20.000000;-50.000000;2.000000;8.156901;0.000000;0.000000;0.000000;0.000000;0.000000;8.156901
410;20.000000;-50.000000;6.000000;14.470704;0.000000;0.000000;0.000000;0.000000;0.000000;14.470704
411;20.000000;-50.000000;10.000000;20.784507;0.000000;0.000000;0.000000;0.000000;0.000000;20.784507
412;20.000000;-50.000000;14.000000;27.098309;0.000000;0.000000;0.000000;0.000000;0.000000;27.098309
413;20.000000;-50.000000;18.000000;33.412112;0.000000;0.000000;0.000000;0.000000;0.000000;33.412112
414;20.000000;-50.000000;22.000000;39.725915;0.000000;0.000000;0.000000;0.000000;0.000000;39.725915
415;20.000000;-50.000000;26.000000;46.039717;0.000000;0.000000;0.000000;0.000000;0.000000;46.039717
416;20.000000;-50.000000;30.000000;52.353520;0.000000;0.000000;0.000000;0.000000;0.000000;52.353520
417;20.000000;-46.000000;-30.000000;-42.353520;0.000000;0.000000;0.000000;0.000000;0.000000;42.353520
418;20.000000;-46.000000;30.000000;52.353520;0.000000;0.000000;0.000000;0.000000;0.000000;52.353520
419;20.000000;-42.000000;-30.000000;-42.353520;0.000000;0.000000;0.000000;0.000000;0.000000;42.353520
420;20.000000;-42.000000;30.000000;52.353520;0.000000;0.000000;0.000000;0.000000;0.000000;52.353520
421;20.000000;-38.000000;-30.000000;-42.353520;0.000000;0.000000;0.000000;0.000000;0.000000;42.353520
422;20.000000;-38.000000;30.000000;52.353520;0.000000;0.000000;0.000000;0.000000;0.000000;52.353520
423;20.000000;-34.000000;-30.000000;-42.353520;0.000000;0.000000;0.000000;0.000000;0.000000;42.353520
424;20.000000;-34.000000;30.000000;52.353520;0.000000;0.000000;0.000000;0.000000;0.000000;52.353520
425;20.000000;-30.000000;-30.000000;-42.353520;0.000000;0.000000;0.000000;0.000000;0.000000;42.353520
426;20.000000;-30.000000;30.000000;52.353520;0.000000;0.000000;0.000000;0.000000;0.000000;52.353520
427;20.000000;-26.000000;-30.000000;-42.353520;0.000000;0.000000;0.000000;0.000000;0.000000;42.353520
428;20.000000;-26.000000;30.000000;52.353520;0.000000;0.000000;0.000000;0.000000;0.000000;52.353520
429;20.000000;-22.000000;-30.000000;-42.353520;0.000000;0.000000;0.000000;0.000000;0.000000;42.353520
430;20.000000;-22.000000;30.000000;52.353520;0.000000;0.000000;0.000000;0.000000;0.000000;52.353520
431;20.000000;-18.000000;-30.000000;-42.353520;0.000000;0.000000;0.000000;0.000000;0.000000;42.353520
432;20.000000;-18.000000;30.000000;52.353520;0.000000;0.000000;0.000000;0.000000;0.000000;52.353520
433;20.000000;-14.000000;-30.000000;-42.353520;0.000000;0.000000;0.000000;0.000000;0.000000;42.353520
434;20.000000;-14.000000;30.000000;52.353520;0.000000;0.000000;0.000000;0.000000;0.000000;52.353520
435;20.000000;-10.000000;-30.000000;-42.353520;0.000000;0.000000;0.000000;0.000000;0.000000;42.353520
436;20.000000;-10.000000;30.000000;52.353520;0.000000;0.000000;0.000000;0.000000;0.000000;52.353520
437;20.000000;-6.000000;-30.000000;-42.353520;0.000000;0.000000;0.000000;0.000000;0.000000;42.353520
438;20.000000;-6.000000;30.000000;52.353520;0.000000;0.000000;0.000000;0.000000;0.000000;52.353520
439;20.000000;-2.000000;-30.000000;-42.353520;0.000000;0.000000;0.000000;0.000000;0.000000;42.353520
440;20.000000;-2.000000;30.000000;52.353520;0.000000;0.000000;0.000000;0.000000;0.000000;52.353520
441;20.000000;2.000000;-30.000000;-42.353520;0.000000;0.000000;0.000000;0.000000;0.000000;42.353520
442;20.000000;2.000000;30.000000;52.353520;0.000000;0.000000;0.000000;0.000000;0.000000;52.353520
443;20.000000;6.000000;-30.000000;-42.353520;0.000000;0.000000;0.000000;0.000000;0.000000;42.353520
444;20.000000;6.000000;30.000000;52.353520;0.000000;0.000000;0.000000;0.000000;0.000000;52.353520
445;20.000000;10.000000;-30.000000;-42.353520;0.000000;0.000000;0.000000;0.000000;0.000000;42.353520
446;20.000000;10.000000;30.000000;52.353520;0.000000;0.000000;0.000000;0.000000;0.000000;52.353520
447;20.000000;14.000000;-30.000000;-42.353520;0.000000;0.000000;0.000000;0.000000;0.000000;42.353520
448;20.000000;14.000000;30.000000;52.353520;0.000000;0.000000;0.000000;0.000000;0.000000;52.353520
449;20.000000;18.000000;-30.000000;-42.353520;0.000000;0.000000;0.000000;0.000000;0.000000;42.353520
450;20.000000;18.000000;30.000000;52.353520;0.000000;0.000000;0.000000;0.000000;0.000000;52.353520
451;20.000000;22.000000;-30.000000;-42.353520;0.000000;0.000000;0.000000;0.000000;0.000000;42.353520
452;20.000000;22.000000;30.000000;52.353520;0.000000;0.000000;0.000000;0.000000;0.000000;52.353520
453;20.000000;26.000000;-30.000000;-42.353520;0.000000;0.000000;0.000000;0.000000;0.000000;42.353520
454;20.000000;26.000000;30.000000;52.353520;0.000000;0.000000;0.000000;0.000000;0.000000;52.353520
455;20.000000;30.000000;-30.000000;-42.353520;0.000000;0.000000;0.000000;0.000000;0.000000;42.353520
456;20.000000;30.000000;30.000000;52.353520;0.000000;0.000000;0.000000;0.000000;0.000000;52.353520
457;20.000000;34.000000;-30.000000;-42.353520;0.000000;0.000000;0.000000;0.000000;0.000000;42.353520
458;20.000000;34.000000;30.000000;52.353520;0.000000;0.000000;0.000000;0.000000;0.000000;52.353520
459;20.000000;38.000000;-30.000000;-42.353520;0.000000;0.000000;0.000000;0.000000;0.000000;42.353520
460;20.000000;38.000000;30.000000;52.353520;0.000000;0.000000;0.000000;0.000000;0.000000;52.353520
461;20.000000;42.000000;-30.000000;-42.353520;0.000000;0.000000;0.000000;0.000000;0.000000;42.353520
462;20.000000;42.000000;30.000000;52.353520;0.000000;0.000000;0.000000;0.000000;0.000000;52.353520
463;20.000000;46.000000;-30.000000;-42.353520;0.000000;0.000000;0.000000;0.000000;0.000000;42.353520
464;20.000000;46.000000;30.000000;52.353520;0.000000;0.000000;0.000000;0.000000;0.000000;52.353520
465;20.000000;50.000000;-30.000000;-42.353520;0.000000;0.000000;0.000000;0.000000;0.000000;42.353520
466;20.000000;50.000000;-26.000000;-36.039717;0.000000;0.000000;0.000000;0.000000;0.000000;36.039717
467;20.000000;50.000000;-22.000000;-29.725915;0.000000;0.000000;0.000000;0.000000;0.000000;29.725915
468;20.000000;50.000000;-18.000000;-23.412112;0.000000;0.000000;0.000000;0.000000;0.000000;23.412112
469;20.000000;50.000000;-14.000000;-17.098309;0.000000;0.000000;0.000000;0.000000;0.000000;17.098309
470;20.000000;50.000000;-10.000000;-10.784507;0.000000;0.000000;0.000000;0.000000;0.000000;10.784507
471;20.000000;50.000000;-6.000000;-4.470704;0.000000;0.000000;0.000000;0.000000;0.000000;4.470704
472;20.000000;50.000000;-2.000000;1.843099;0.000000;0.000000;0.000000;0.000000;0.000000;1.843099
473;20.000000;50.000000;2.000000;8.156901;0.000000;0.000000;0.000000;0.000000;0.000000;8.156901
474;20.000000;50.000000;6.000000;14.470704;0.000000;0.000000;0.000000;0.000000;0.000000;14.470704
475;20.000000;50.000000;10.000000;20.784507;0.000000;0.000000;0.000000;0.000000;0.000000;20.784507
476;20.000000;50.000000;14.000000;27.098309;0.000000;0.000000;0.000000;0.000000;0.000000;27.098309
477;20.000000;50.000000;18.000000;33.412112;0.000000;0.000000;0.000000;0.000000;0.000000;33.412112
478;20.000000;50.000000;22.000000;39.725915;0.000000;0.000000;0.000000;0.000000;0.000000;39.725915
479;20.000000;50.000000;26.000000;46.039717;0.000000;0.000000;0.000000;0.000000;0.000000;46.039717
480;20.000000;50.000000;30.000000;52.353520;0.000000;0.000000;0.000000;0.000000;0.000000;52.353520
481;24.000000;-50.000000;-30.000000;-41.855062;0.000000;0.000000;0.000000;0.000000;0.000000;41.855062
482;24.000000;-50.000000;-26.000000;-35.607720;0.000000;0.000000;0.000000;0.000000;0.000000;35.607720
483;24.000000;-50.000000;-22.000000;-29.360379;0.000000;0.000000;0.000000;0.000000;0.000000;29.360379
484;24.000000;-50.000000;-18.000000;-23.113037;0.000000;0.000000;0.000000;0.000000;0.000000;23.113037
485;24.000000;-50.000000;-14.000000;-16.865695;0.000000;0.000000;0.000000;0.000000;0.000000;16.865695
486;24.000000;-50.000000;-10.000000;-10.618354;0.000000;0.000000;0.000000;0.000000;0.000000;10.618354
487;24.000000;-50.000000;-6.000000;-4.371012;0.000000;0.000000;0.000000;0.000000;0.000000;4.371012
488;24.000000;-50.000000;-2.000000;1.876329;0.000000;0.000000;0.000000;0.000000;0.000000;1.876329
489;24.000000;-50.000000;2.000000;8.123671;0.000000;0.000000;0.000000;0.000000;0.000000;8.123671
490;24.000000;-50.000000;6.000000;14.371012;0.000000;0.000000;0.000000;0.000000;0.000000;14.371012
491;24.000000;-50.000000;10.000000;20.618354;0.000000;0.000000;0.000000;0.000000;0.000000;20.618354
492;24.000000;-50.000000;14.000000;26.865695;0.000000;0.000000;0.000000;0.000000;0.000000;26.865695
493;24.000000;-50.000000;18.000000;33.113037;0.000000;0.000000;0.000000;0.000000;0.000000;33.113037
494;24.000000;-50.000000;22.000000;39.360379;0.000000;0.000000;0.000000;0.000000;0.000000;39.360379
495;24.000000;-50.000000;26.000000;45.607720;0.000000;0.000000;0.000000;0.000000;0.000000;45.607720
496;24.000000;-50.000000;30.000000;51.855062;0.000000;0.000000;0.000000;0.000000;0.000000;51.855062
497;24.000000;-46.000000;-30.000000;-41.855062;0.000000;0.000000;0.000000;0.000000;0.000000;41.855062
498;24.000000;-46.000000;30.000000;51.855062;0.000000;0.000000;0.000000;0.000000;0.000000;51.855062
499;24.000000;-42.000000;-30.000000;-41.855062;0.000000;0.000000;0.000000;0.000000;0.000000;41.855062
500;24.000000;-42.000000;30.000000;51.855062;0.000000;0.000000;0.000000;0.000000;0.000000;51.855062
501;24.000000;-38.000000;-30.000000;-41.855062;0.000000;0.000000;0.000000;0.000000;0.000000;41.855062
502;24.000000;-38.000000;30.000000;51.855062;0.000000;0.000000;0.000000;0.000000;0.000000;51.855062
503;24.000000;-34.000000;-30.000000;-41.855062;0.000000;0.000000;0.000000;0.000000;0.000000;41.855062
504;24.000000;-34.000000;30.000000;51.855062;0.000000;0.000000;0.000000;0.000000;0.000000;51.855062
505;24.000000;-30.000000;-30.000000;-41.855062;0.000000;0.000000;0.000000;0.000000;0.000000;41.855062
506;24.000000;-30.000000;30.000000;51.855062;0.000000;0.000000;0.000000;0.000000;0.000000;51.855062
507;24.000000;-26.000000;-30.000000;-41.855062;0.000000;0.000000;0.000000;0.000000;0.000000;41.855062
508;24.000000;-26.000000;30.000000;51.855062;0.000000;0.000000;0.000000;0.000000;0.000000;51.855062
509;24.000000;-22.000000;-30.000000;-41.855062;0.000000;0.000000;0.000000;0.000000;0.000000;41.855062
510;24.000000;-22.000000;30.000000;51.855062;0.000000;0.000000;0.000000;0.000000;0.000000;51.855062
511;24.000000;-18.000000;-30.000000;-41.855062;0.000000;0.000000;0.000000;0.000000;0.000000;41.855062
512;24.000000;-18.000000;30.000000;51.855062;0.000000;0.000000;0.000000;0.000000;0.000000;51.855062
513;24.000000;-14.000000;-30.000000;-41.855062;0.000000;0.000000;0.000000;0.000000;0.000000;41.855062
514;24.000000;-14.000000;30.000000;51.855062;0.000000;0.000000;0.000000;0.000000;0.000000;51.855062
515;24.000000;-10.000000;-30.000000;-41.855062;0.000000;0.000000;0.000000;0.000000;0.000000;41.855062
516;24.000000;-10.000000;30.000000;51.855062;0.000000;0.000000;0.000000;0.000000;0.000000;51.855062
517;24.000000;-6.000000;-30.000000;-41.855062;0.000000;0.000000;0.000000;0.000000;0.000000;41.855062
518;24.000000;-6.000000;30.000000;51.855062;0.000000;0.000000;0.000000;0.000000;0.000000;51.855062
519;24.000000;-2.000000;-30.000000;-41.855062;0.000000;0.000000;0.000000;0.000000;0.000000;41.855062
520;24.000000;-2.000000;30.000000;51.855062;0.000000;0.000000;0.000000;0.000000;0.000000;51.855062
521;24.000000;2.000000;-30.000000;-41.855062;0.000000;0.000000;0.000000;0.000000;0.000000;41.855062
522;24.000000;2.000000;30.000000;51.855062;0.000000;0.000000;0.000000;0.000000;0.000000;51.855062
523;24.000000;6.000000;-30.000000;-41.855062;0.000000;0.000000;0.000000;0.000000;0.000000;41.855062
524;24.000000;6.000000;30.000000;51.855062;0.000000;0.000000;0.000000;0.000000;0.000000;51.855062
525;24.000000;10.000000;-30.000000;-41.855062;0.000000;0.000000;0.000000;0.000000;0.000000;41.855062
526;24.000000;10.000000;30.000000;51.855062;0.000000;0.000000;0.000000;0.000000;0.000000;51.855062
527;24.000000;14.000000;-30.000000;-41.855062;0.000000;0.000000;0.000000;0.000000;0.000000;41.855062
528;24.000000;14.000000;30.000000;51.855062;0.000000;0.000000;0.000000;0.000000;0.000000;51.855062
529;24.000000;18.000000;-30.000000;-41.855062;0.000000;0.000000;0.000000;0.000000;0.000000;41.855062
530;24.000000;18.000000;30.000000;51.855062;0.000000;0.000000;0.000000;0.000000;0.000000;51.855062
531;24.000000;22.000000;-30.000000;-41.855062;0.000000;0.000000;0.000000;0.000000;0.000000;41.855062
532;24.000000;22.000000;30.000000;51.855062;0.000000;0.000000;0.000000;0.000000;0.000000;51.855062
533;24.000000;26.000000;-30.000000;-41.855062;0.000000;0.000000;0.000000;0.000000;0.000000;41.855062
534;24.000000;26.000000;30.000000;51.855062;0.000000;0.000000;0.000000;0.000000;0.000000;51.855062
535;24.000000;30.000000;-30.000000;-41.855062;0.000000;0.000000;0.000000;0.000000;0.000000;41.855062
536;24.000000;30.000000;30.000000;51.855062;0.000000;0.000000;0.000000;0.000000;0.000000;51.855062
537;24.000000;34.000000;-30.000000;-41.855062;0.000000;0.000000;0.000000;0.000000;0.000000;41.855062
538;24.000000;34.000000;30.000000;51.855062;0.000000;0.000000;0.000000;0.000000;0.000000;51.855062
539;24.000000;38.000000;-30.000000;-41.855062;0.000000;0.000000;0.000000;0.000000;0.000000;41.855062
540;24.000000;38.000000;30.000000;51.855062;0.000000;0.000000;0.000000;0.000000;0.000000;51.855062
541;24.000000;42.000000;-30.000000;-41.855062;0.000000;0.000000;0.000000;0.000000;0.000000;41.855062
542;24.000000;42.000000;30.000000;51.855062;0.000000;0.000000;0.000000;0.000000;0.000000;51.855062
543;24.000000;46.000000;-30.000000;-41.855062;0.000000;0.000000;0.000000;0.000000;0.000000;41.855062
544;24.000000;46.000000;30.000000;51.855062;0.000000;0.000000;0.000000;0.000000;0.000000;51.855062
545;24.000000;50.000000;-30.000000;-41.855062;0.000000;0.000000;0.000000;0.000000;0.000000;41.855062
546;24.000000;50.000000;-26.000000;-35.607720;0.000000;0.000000;0.000000;0.000000;0.000000;35.607720
547;24.000000;50.000000;-22.000000;-29.360379;0.000000;0.000000;0.000000;0.000000;0.000000;29.360379
548;24.000000;50.000000;-18.000000;-23.113037;0.000000;0.000000;0.000000;0.000000;0.000000;23.113037
549;24.000000;50.000000;-14.000000;-16.865695;0.000000;0.000000;0.000000;0.000000;0.000000;16.865695
550;24.000000;50.000000;-10.000000;-10.618354;0.000000;0.000000;0.000000;0.000000;0.000000;10.618354
551;24.000000;50.000000;-6.000000;-4.371012;0.000000;0.000000;0.000000;0.000000;0.000000;4.371012
552;24.000000;50.000000;-2.000000;1.876329;0.000000;0.000000;0.000000;0.000000;0.000000;1.876329
553;24.000000;50.000000;2.000000;8.123671;0.000000;0.000000;0.000000;0.000000;0.000000;8.123671
554;24.000000;50.000000;6.000000;14.371012;0.000000;0.000000;0.000000;0.000000;0.000000;14.371012
555;24.000000;50.000000;10.000000;20.618354;0.000000;0.000000;0.000000;0.000000;0.000000;20.618354
556;24.000000;50.000000;14.000000;26.865695;0.000000;0.000000;0.000000;0.000000;0.000000;26.865695
557;24.000000;50.000000;18.000000;33.113037;0.000000;0.000000;0.000000;0.000000;0.000000;33.113037
558;24.000000;50.000000;22.000000;39.360379;0.000000;0.000000;0.000000;0.000000;0.000000;39.360379
559;24.000000;50.000000;26.000000;45.607720;0.000000;0.000000;0.000000;0.000000;0.000000;45.607720
560;24.000000;50.000000;30.000000;51.855062;0.000000;0.000000;0.000000;0.000000;0.000000;51.855062
561;28.000000;-50.000000;-30.000000;-41.356604;0.000000;0.000000;0.000000;0.000000;0.000000;41.356604
562;28.000000;-50.000000;-26.000000;-35.175723;0.000000;0.000000;0.000000;0.000000;0.000000;35.175723
563;28.000000;-50.000000;-22.000000;-28.994843;0.000000;0.000000;0.000000;0.000000;0.000000;28.994843
564;28.000000;-50.000000;-18.000000;-22.813962;0.000000;0.000000;0.000000;0.000000;0.000000;22.813962
565;28.000000;-50.000000;-14.000000;-16.633082;0.000000;0.000000;0.000000;0.000000;0.000000;16.633082
566;28.000000;-50.000000;-10.000000;-10.452201;0.000000;0.000000;0.000000;0.000000;0.000000;10.452201
567;28.000000;-50.000000;-6.000000;-4.271321;0.000000;0.000000;0.000000;0.000000;0.000000;4.271321
568;28.000000;-50.000000;-2.000000;1.909560;0.000000;0.000000;0.000000;0.000000;0.000000;1.909560
569;28.000000;-50.000000;2.000000;8.090440;0.000000;0.000000;0.000000;0.000000;0.000000;8.090440
570;28.000000;-50.000000;6.000000;14.271321;0.000000;0.000000;0.000000;0.000000;0.000000;14.271321
571;28.000000;-50.000000;10.000000;20.452201;0.000000;0.000000;0.000000;0.000000;0.000000;20.452201
572;28.000000;-50.000000;14.000000;26.633082;0.000000;0.000000;0.000000;0.000000;0.000000;26.633082
573;28.000000;-50.000000;18.000000;32.813962;0.000000;0.000000;0.000000;0.000000;0.000000;32.813962
574;28.000000;-50.000000;22.000000;38.994843;0.000000;0.000000;0.000000;0.000000;0.000000;38.994843
575;28.000000;-50.000000;26.000000;45.175723;0.000000;0.000000;0.000000;0.000000;0.000000;45.175723
576;28.000000;-50.000000;30.000000;51.356604;0.000000;0.000000;0.000000;0.000000;0.000000;51.356604
577;28.000000;-46.000000;-30.000000;-41.356604;0.000000;0.000000;0.000000;0.000000;0.000000;41.356604
578;28.000000;-46.000000;30.000000;51.356604;0.000000;0.000000;0.000000;0.000000;0.000000;51.356604
579;28.000000;-42.000000;-30.000000;-41.356604;0.000000;0.000000;0.000000;0.000000;0.000000;41.356604
580;28.000000;-42.000000;30.000000;51.356604;0.000000;0.000000;0.000000;0.000000;0.000000;51.356604
581;28.000000;-38.000000;-30.000000;-41.356604;0.000000;0.000000;0.000000;0.000000;0.000000;41.356604
582;28.000000;-38.000000;30.000000;51.356604;0.000000;0.000000;0.000000;0.000000;0.000000;51.356604
583;28.000000;-34.000000;-30.000000;-41.356604;0.000000;0.000000;0.000000;0.000000;0.000000;41.356604
584;28.000000;-34.000000;30.000000;51.356604;0.000000;0.000000;0.000000;0.000000;0.000000;51.356604
585;28.000000;-30.000000;-30.000000;-41.356604;0.000000;0.000000;0.000000;0.000000;0.000000;41.356604
586;28.000000;-30.000000;30.000000;51.356604;0.000000;0.000000;0.000000;0.000000;0.000000;51.356604
587;28.000000;-26.000000;-30.000000;-41.356604;0.000000;0.000000;0.000000;0.000000;0.000000;41.356604
588;28.000000;-26.000000;30.000000;51.356604;0.000000;0.000000;0.000000;0.000000;0.000000;51.356604
589;28.000000;-22.000000;-30.000000;-41.356604;0.000000;0.000000;0.000000;0.000000;0.000000;41.356604
590;28.000000;-22.000000;30.000000;51.356604;0.000000;0.000000;0.000000;0.000000;0.000000;51.356604
591;28.000000;-18.000000;-30.000000;-41.356604;0.000000;0.000000;0.000000;0.000000;0.000000;41.356604
592;28.000000;-18.000000;30.000000;51.356604;0.000000;0.000000;0.000000;0.000000;0.000000;51.356604
593;28.000000;-14.000000;-30.000000;-41.356604;0.000000;0.000000;0.000000;0.000000;0.000000;41.356604
594;28.000000;-14.000000;30.000000;51.356604;0.000000;0.000000;0.000000;0.000000;0.000000;51.356604
595;28.000000;-10.000000;-30.000000;-41.356604;0.000000;0.000000;0.000000;0.000000;0.000000;41.356604
596;28.000000;-10.000000;30.000000;51.356604;0.000000;0.000000;0.000000;0.000000;0.000000;51.356604
597;28.000000;-6.000000;-30.000000;-41.356604;0.000000;0.000000;0.000000;0.000000;0.000000;41.356604
598;28.000000;-6.000000;30.000000;51.356604;0.000000;0.000000;0.000000;0.000000;0.000000;51.356604
599;28.000000;-2.000000;-30.000000;-41.356604;0.000000;0.000000;0.000000;0.000000;0.000000;41.356604
600;28.000000;-2.000000;30.000000;51.356604;0.000000;0.000000;0.000000;0.000000;0.000000;51.356604
601;28.000000;2.000000;-30.000000;-41.356604;0.000000;0.000000;0.000000;0.000000;0.000000;41.356604
602;28.000000;2.000000;30.000000;51.356604;0.000000;0.000000;0.000000;0.000000;0.000000;51.356604
603;28.000000;6.000000;-30.000000;-41.356604;0.000000;0.000000;0.000000;0.000000;0.000000;41.356604
604;28.000000;6.000000;30.000000;51.356604;0.000000;0.000000;0.000000;0.000000;0.000000;51.356604
605;28.000000;10.000000;-30.000000;-41.356604;0.000000;0.000000;0.000000;0.000000;0.000000;41.356604
606;28.000000;10.000000;30.000000;51.356604;0.000000;0.000000;0.000000;0.000000;0.000000;51.356604
607;28.000000;14.000000;-30.000000;-41.356604;0.000000;0.000000;0.000000;0.000000;0.000000;41.356604
608;28.000000;14.000000;30.000000;51.356604;0.000000;0.000000;0.000000;0.000000;0.000000;51.356604
609;28.000000;18.000000;-30.000000;-41.356604;0.000000;0.000000;0.000000;0.000000;0.000000;41.356604
610;28.000000;18.000000;30.000000;51.356604;0.000000;0.000000;0.000000;0.000000;0.000000;51.356604
611;28.000000;22.000000;-30.000000;-41.356604;0.000000;0.000000;0.000000;0.000000;0.000000;41.356604
612;28.000000;22.000000;30.000000;51.356604;0.000000;0.000000;0.000000;0.000000;0.000000;51.356604
613;28.000000;26.000000;-30.000000;-41.356604;0.000000;0.000000;0.000000;0.000000;0.000000;41.356604
614;28.000000;26.000000;30.000000;51.356604;0.000000;0.000000;0.000000;0.000000;0.000000;51.356604
615;28.000000;30.000000;-30.000000;-41.356604;0.000000;0.000000;0.000000;0.000000;0.000000;41.356604
616;28.000000;30.000000;30.000000;51.356604;0.000000;0.000000;0.000000;0.000000;0.000000;51.356604
617;28.000000;34.000000;-30.000000;-41.356604;0.000000;0.000000;0.000000;0.000000;0.000000;41.356604
618;28.000000;34.000000;30.000000;51.356604;0.000000;0.000000;0.000000;0.000000;0.000000;51.356604
619;28.000000;38.000000;-30.000000;-41.356604;0.000000;0.000000;0.000000;0.000000;0.000000;41.356604
620;28.000000;38.000000;30.000000;51.356604;0.000000;0.000000;0.000000;0.000000;0.000000;51.356604
621;28.000000;42.000000;-30.000000;-41.356604;0.000000;0.000000;0.000000;0.000000;0.000000;41.356604
622;28.000000;42.000000;30.000000;51.356604;0.000000;0.000000;0.000000;0.000000;0.000000;51.356604
623;28.000000;46.000000;-30.000000;-41.356604;0.000000;0.000000;0.000000;0.000000;0.000000;41.356604
624;28.000000;46.000000;30.000000;51.356604;0.000000;0.000000;0.000000;0.000000;0.000000;51.356604
625;28.000000;50.000000;-30.000000;-41.356604;0.000000;0.000000;0.000000;0.000000;0.000000;41.356604
626;28.000000;50.000000;-26.000000;-35.175723;0.000000;0.000000;0.000000;0.000000;0.000000;35.175723
627;28.000000;50.000000;-22.000000;-28.994843;0.000000;0.000000;0.000000;0.000000;0.000000;28.994843
628;28.000000;50.000000;-18.000000;-22.813962;0.000000;0.000000;0.000000;0.000000;0.000000;22.813962
629;28.000000;50.000000;-14.000000;-16.633082;0.000000;0.000000;0.000000;0.000000;0.000000;16.633082
630;28.000000;50.000000;-10.000000;-10.452201;0.000000;0.000000;0.000000;0.000000;0.000000;10.452201
631;28.000000;50.000000;-6.000000;-4.271321;0.000000;0.000000;0.000000;0.000000;0.000000;4.271321
632;28.000000;50.000000;-2.000000;1.909560;0.000000;0.000000;0.000000;0.000000;0.000000;1.909560
633;28.000000;50.000000;2.000000;8.090440;0.000000;0.000000;0.000000;0.000000;0.000000;8.090440
634;28.000000;50.000000;6.000000;14.271321;0.000000;0.000000;0.000000;0.000000;0.000000;14.271321
635;28.000000;50.000000;10.000000;20.452201;0.000000;0.000000;0.000000;0.000000;0.000000;20.452201
636;28.000000;50.000000;14.000000;26.633082;0.000000;0.000000;0.000000;0.000000;0.000000;26.633082
637;28.000000;50.000000;18.000000;32.813962;0.000000;0.000000;0.000000;0.000000;0.000000;32.813962
638;28.000000;50.000000;22.000000;38.994843;0.000000;0.000000;0.000000;0.000000;0.000000;38.994843
639;28.000000;50.000000;26.000000;45.175723;0.000000;0.000000;0.000000;0.000000;0.000000;45.175723
640;28.000000;50.000000;30.000000;51.356604;0.000000;0.000000;0.000000;0.000000;0.000000;51.356604
641;32.000000;-50.000000;-30.000000;-40.858145;0.000000;0.000000;0.000000;0.000000;0.000000;40.858145
642;32.000000;-50.000000;-26.000000;-34.743726;0.000000;0.000000;0.000000;0.000000;0.000000;34.743726
643;32.000000;-50.000000;-22.000000;-28.629307;0.000000;0.000000;0.000000;0.000000;0.000000;28.629307
644;32.000000;-50.000000;-18.000000;-22.514887;0.000000;0.000000;0.000000;0.000000;0.000000;22.514887
645;32.000000;-50.000000;-14.000000;-16.400468;0.000000;0.000000;0.000000;0.000000;0.000000;16.400468
646;32.000000;-50.000000;-10.000000;-10.286048;0.000000;0.000000;0.000000;0.000000;0.000000;10.286048
647;32.000000;-50.000000;-6.000000;-4.171629;0.000000;0.000000;0.000000;0.000000;0.000000;4.171629
648;32.000000;-50.000000;-2.000000;1.942790;0.000000;0.000000;0.000000;0.000000;0.000000;1.942790
649;32.000000;-50.000000;2.000000;8.057210;0.000000;0.000000;0.000000;0.000000;0.000000;8.057210
650;32.000000;-50.000000;6.000000;14.171629;0.000000;0.000000;0.000000;0.000000;0.000000;14.171629
651;32.000000;-50.000000;10.000000;20.286048;0.000000;0.000000;0.000000;0.000000;0.000000;20.286048
652;32.000000;-50.000000;14.000000;26.400468;0.000000;0.000000;0.000000;0.000000;0.000000;26.400468
653;32.000000;-50.000000;18.000000;32.514887;0.000000;0.000000;0.000000;0.000000;0.000000;32.514887
654;32.000000;-50.000000;22.000000;38.629307;0.000000;0.000000;0.000000;0.000000;0.000000;38.629307
655;32.000000;-50.000000;26.000000;44.743726;0.000000;0.000000;0.000000;0.000000;0.000000;44.743726
656;32.000000;-50.000000;30.000000;50.858145;0.000000;0.000000;0.000000;0.000000;0.000000;50.858145
657;32.000000;-46.000000;-30.000000;-40.858145;0.000000;0.000000;0.000000;0.000000;0.000000;40.858145
658;32.000000;-46.000000;30.000000;50.858145;0.000000;0.000000;0.000000;0.000000;0.000000;50.858145
659;32.000000;-42.000000;-30.000000;-40.858145;0.000000;0.000000;0.000000;0.000000;0.000000;40.858145
660;32.000000;-42.000000;30.000000;50.858145;0.000000;0.000000;0.000000;0.000000;0.000000;50.858145
661;32.000000;-38.000000;-30.000000;-40.858145;0.000000;0.000000;0.000000;0.000000;0.000000;40.858145
662;32.000000;-38.000000;30.000000;50.858145;0.000000;0.000000;0.000000;0.000000;0.000000;50.858145
663;32.000000;-34.000000;-30.000000;-40.858145;0.000000;0.000000;0.000000;0.000000;0.000000;40.858145
664;32.000000;-34.000000;30.000000;50.858145;0.000000;0.000000;0.000000;0.000000;0.000000;50.858145
665;32.000000;-30.000000;-30.000000;-40.858145;0.000000;0.000000;0.000000;0.000000;0.000000;40.858145
666;32.000000;-30.000000;30.000000;50.858145;0.000000;0.000000;0.000000;0.000000;0.000000;50.858145
667;32.000000;-26.000000;-30.000000;-40.858145;0.000000;0.000000;0.000000;0.000000;0.000000;40.858145
668;32.000000;-26.000000;30.000000;50.858145;0.000000;0.000000;0.000000;0.000000;0.000000;50.858145
669;32.000000;-22.000000;-30.000000;-40.858145;0.000000;0.000000;0.000000;0.000000;0.000000;40.858145
670;32.000000;-22.000000;30.000000;50.858145;0.000000;0.000000;0.000000;0.000000;0.000000;50.858145
671;32.000000;-18.000000;-30.000000;-40.858145;0.000000;0.000000;0.000000;0.000000;0.000000;40.858145
672;32.000000;-18.000000;30.000000;50.858145;0.000000;0.000000;0.000000;0.000000;0.000000;50.858145
673;32.000000;-14.000000;-30.000000;-40.858145;0.000000;0.000000;0.000000;0.000000;0.000000;40.858145
674;32.000000;-14.000000;30.000000;50.858145;0.000000;0.000000;0.000000;0.000000;0.000000;50.858145
675;32.000000;-10.000000;-30.000000;-40.858145;0.000000;0.000000;0.000000;0.000000;0.000000;40.858145
676;32.000000;-10.000000;30.000000;50.858145;0.000000;0.000000;0.000000;0.000000;0.000000;50.858145
677;32.000000;-6.000000;-30.000000;-40.858145;0.000000;0.000000;0.000000;0.000000;0.000000;40.858145
678;32.000000;-6.000000;30.000000;50.858145;0.000000;0.000000;0.000000;0.000000;0.000000;50.858145
679;32.000000;-2.000000;-30.000000;-40.858145;0.000000;0.000000;0.000000;0.000000;0.000000;40.858145
680;32.000000;-2.000000;30.000000;50.858145;0.000000;0.000000;0.000000;0.000000;0.000000;50.858145
681;32.000000;2.000000;-30.000000;-40.858145;0.000000;0.000000;0.000000;0.000000;0.000000;40.858145
682;32.000000;2.000000;30.000000;50.858145;0.000000;0.000000;0.000000;0.000000;0.000000;50.858145
683;32.000000;6.000000;-30.000000;-40.858145;0.000000;0.000000;0.000000;0.000000;0.000000;40.858145
684;32.000000;6.000000;30.000000;50.858145;0.000000;0.000000;0.000000;0.000000;0.000000;50.858145
685;32.000000;10.000000;-30.000000;-40.858145;0.000000;0.000000;0.000000;0.000000;0.000000;40.858145
686;32.000000;10.000000;30.000000;50.858145;0.000000;0.000000;0.000000;0.000000;0.000000;50.858145
687;32.000000;14.000000;-30.000000;-40.858145;0.000000;0.000000;0.000000;0.000000;0.000000;40.858145
688;32.000000;14.000000;30.000000;50.858145;0.000000;0.000000;0.000000;0.000000;0.000000;50.858145
689;32.000000;18.000000;-30.000000;-40.858145;0.000000;0.000000;0.000000;0.000000;0.000000;40.858145
690;32.000000;18.000000;30.000000;50.858145;0.000000;0.000000;0.000000;0.000000;0.000000;50.858145
691;32.000000;22.000000;-30.000000;-40.858145;0.000000;0.000000;0.000000;0.000000;0.000000;40.858145
692;32.000000;22.000000;30.000000;50.858145;0.000000;0.000000;0.000000;0.000000;0.000000;50.858145
693;32.000000;26.000000;-30.000000;-40.858145;0.000000;0.000000;0.000000;0.000000;0.000000;40.858145
694;32.000000;26.000000;30.000000;50.858145;0.000000;0.000000;0.000000;0.000000;0.000000;50.858145
695;32.000000;30.000000;-30.000000;-40.858145;0.000000;0.000000;0.000000;0.000000;0.000000;40.858145
696;32.000000;30.000000;30.000000;50.858145;0.000000;0.000000;0.000000;0.000000;0.000000;50.858145
697;32.000000;34.000000;-30.000000;-40.858145;0.000000;0.000000;0.000000;0.000000;0.000000;40.858145
698;32.000000;34.000000;30.000000;50.858145;0.000000;0.000000;0.000000;0.000000;0.000000;50.858145
699;32.000000;38.000000;-30.000000;-40.858145;0.000000;0.000000;0.000000;0.000000;0.000000;40.858145
700;32.000000;38.000000;30.000000;50.858145;0.000000;0.000000;0.000000;0.000000;0.000000;50.858145
701;32.000000;42.000000;-30.000000;-40.858145;0.000000;0.000000;0.000000;0.000000;0.000000;40.858145
702;32.000000;42.000000;30.000000;50.858145;0.000000;0.000000;0.000000;0.000000;0.000000;50.858145
703;32.000000;46.000000;-30.000000;-40.858145;0.000000;0.000000;0.000000;0.000000;0.000000;40.858145
704;32.000000;46.000000;30.000000;50.858145;0.000000;0.000000;0.000000;0.000000;0.000000;50.858145
705;32.000000;50.000000;-30.000000;-40.858145;0.000000;0.000000;0.000000;0.000000;0.000000;40.858145
706;32.000000;50.000000;-26.000000;-34.743726;0.000000;0.000000;0.000000;0.000000;0.000000;34.743726
707;32.000000;50.000000;-22.000000;-28.629307;0.000000;0.000000;0.000000;0.000000;0.000000;28.629307
708;32.000000;50.000000;-18.000000;-22.514887;0.000000;0.000000;0.000000;0.000000;0.000000;22.514887
709;32.000000;50.000000;-14.000000;-16.400468;0.000000;0.000000;0.000000;0.000000;0.000000;16.400468
710;32.000000;50.000000;-10.000000;-10.286048;0.000000;0.000000;0.000000;0.000000;0.000000;10.286048
711;32.000000;50.000000;-6.000000;-4.171629;0.000000;0.000000;0.000000;0.000000;0.000000;4.171629
712;32.000000;50.000000;-2.000000;1.942790;0.000000;0.000000;0.000000;0.000000;0.000000;1.942790
713;32.000000;50.000000;2.000000;8.057210;0.000000;0.000000;0.000000;0.000000;0.000000;8.057210
714;32.000000;50.000000;6.000000;14.171629;0.000000;0.000000;0.000000;0.000000;0.000000;14.171629
715;32.000000;50.000000;10.000000;20.286048;0.000000;0.000000;0.000000;0.000000;0.000000;20.286048
716;32.000000;50.000000;14.000000;26.400468;0.000000;0.000000;0.000000;0.000000;0.000000;26.400468
717;32.000000;50.000000;18.000000;32.514887;0.000000;0.000000;0.000000;0.000000;0.000000;32.514887
718;32.000000;50.000000;22.000000;38.629307;0.000000;0.000000;0.000000;0.000000;0.000000;38.629307
719;32.000000;50.000000;26.000000;44.743726;0.000000;0.000000;0.000000;0.000000;0.000000;44.743726
720;32.000000;50.000000;30.000000;50.858145;0.000000;0.000000;0.000000;0.000000;0.000000;50.858145
721;36.000000;-50.000000;-30.000000;-40.359687;0.000000;0.000000;0.000000;0.000000;0.000000;40.359687
722;36.000000;-50.000000;-26.000000;-34.311729;0.000000;0.000000;0.000000;0.000000;0.000000;34.311729
723;36.000000;-50.000000;-22.000000;-28.263771;0.000000;0.000000;0.000000;0.000000;0.000000;28.263771
724;36.000000;-50.000000;-18.000000;-22.215812;0.000000;0.000000;0.000000;0.000000;0.000000;22.215812
725;36.000000;-50.000000;-14.000000;-16.167854;0.000000;0.000000;0.000000;0.000000;0.000000;16.167854
726;36.000000;-50.000000;-10.000000;-10.119896;0.000000;0.000000;0.000000;0.000000;0.000000;10.119896
727;36.000000;-50.000000;-6.000000;-4.071937;0.000000;0.000000;0.000000;0.000000;0.000000;4.071937
728;36.000000;-50.000000;-2.000000;1.976021;0.000000;0.000000;0.000000;0.000000;0.000000;1.976021
729;36.000000;-50.000000;2.000000;8.023979;0.000000;0.000000;0.000000;0.000000;0.000000;8.023979
730;36.000000;-50.000000;6.000000;14.071937;0.000000;0.000000;0.000000;0.000000;0.000000;14.071937
731;36.000000;-50.000000;10.000000;20.119896;0.000000;0.000000;0.000000;0.000000;0.000000;20.119896
732;36.000000;-50.000000;14.000000;26.167854;0.000000;0.000000;0.000000;0.000000;0.000000;26.167854
733;36.000000;-50.000000;18.000000;32.215812;0.000000;0.000000;0.000000;0.000000;0.000000;32.215812
734;36.000000;-50.000000;22.000000;38.263771;0.000000;0.000000;0.000000;0.000000;0.000000;38.263771
735;36.000000;-50.000000;26.000000;44.311729;0.000000;0.000000;0.000000;0.000000;0.000000;44.311729
736;36.000000;-50.000000;30.000000;50.359687;0.000000;0.000000;0.000000;0.000000;0.000000;50.359687
737;36.000000;-46.000000;-30.000000;-40.359687;0.000000;0.000000;0.000000;0.000000;0.000000;40.359687
738;36.000000;-46.000000;30.000000;50.359687;0.000000;0.000000;0.000000;0.000000;0.000000;50.359687
739;36.000000;-42.000000;-30.000000;-40.359687;0.000000;0.000000;0.000000;0.000000;0.000000;40.359687
740;36.000000;-42.000000;30.000000;50.359687;0.000000;0.000000;0.000000;0.000000;0.000000;50.359687
741;36.000000;-38.000000;-30.000000;-40.359687;0.000000;0.000000;0.000000;0.000000;0.000000;40.359687
742;36.000000;-38.000000;30.000000;50.359687;0.000000;0.000000;0.000000;0.000000;0.000000;50.359687
743;36.000000;-34.000000;-30.000000;-40.359687;0.000000;0.000000;0.000000;0.000000;0.000000;40.359687
744;36.000000;-34.000000;30.000000;50.359687;0.000000;0.000000;0.000000;0.000000;0.000000;50.359687
745;36.000000;-30.000000;-30.000000;-40.359687;0.000000;0.000000;0.000000;0.000000;0.000000;40.359687
746;36.000000;-30.000000;30.000000;50.359687;0.000000;0.000000;0.000000;0.000000;0.000000;50.359687
747;36.000000;-26.000000;-30.000000;-40.359687;0.000000;0.000000;0.000000;0.000000;0.000000;40.359687
748;36.000000;-26.000000;30.000000;50.359687;0.000000;0.000000;0.000000;0.000000;0.000000;50.359687
749;36.000000;-22.000000;-30.000000;-40.359687;0.000000;0.000000;0.000000;0.000000;0.000000;40.359687
750;36.000000;-22.000000;30.000000;50.359687;0.000000;0.000000;0.000000;0.000000;0.000000;50.359687
751;36.000000;-18.000000;-30.000000;-40.359687;0.000000;0.000000;0.000000;0.000000;0.000000;40.359687
752;36.000000;-18.000000;30.000000;50.359687;0.000000;0.000000;0.000000;0.000000;0.000000;50.359687
753;36.000000;-14.000000;-30.000000;-40.359687;0.000000;0.000000;0.000000;0.000000;0.000000;40.359687
754;36.000000;-14.000000;30.000000;50.359687;0.000000;0.000000;0.000000;0.000000;0.000000;50.359687
755;36.000000;-10.000000;-30.000000;-40.359687;0.000000;0.000000;0.000000;0.000000;0.000000;40.359687
756;36.000000;-10.000000;30.000000;50.359687;0.000000;0.000000;0.000000;0.000000;0.000000;50.359687
757;36.000000;-6.000000;-30.000000;-40.359687;0.000000;0.000000;0.000000;0.000000;0.000000;40.359687
758;36.000000;-6.000000;30.000000;50.359687;0.000000;0.000000;0.000000;0.000000;0.000000;50.359687
759;36.000000;-2.000000;-30.000000;-40.359687;0.000000;0.000000;0.000000;0.000000;0.000000;40.359687
760;36.000000;-2.000000;30.000000;50.359687;0.000000;0.000000;0.000000;0.000000;0.000000;50.359687
761;36.000000;2.000000;-30.000000;-40.359687;0.000000;0.000000;0.000000;0.000000;0.000000;40.359687
762;36.000000;2.000000;30.000000;50.359687;0.000000;0.000000;0.000000;0.000000;0.000000;50.359687
763;36.000000;6.000000;-30.000000;-40.359687;0.000000;0.000000;0.000000;0.000000;0.000000;40.359687
764;36.000000;6.000000;30.000000;50.359687;0.000000;0.000000;0.000000;0.000000;0.000000;50.359687
765;36.000000;10.000000;-30.000000;-40.359687;0.000000;0.000000;0.000000;0.000000;0.000000;40.359687
766;36.000000;10.000000;30.000000;50.359687;0.000000;0.000000;0.000000;0.000000;0.000000;50.359687
767;36.000000;14.000000;-30.000000;-40.359687;0.000000;0.000000;0.000000;0.000000;0.000000;40.359687
768;36.000000;14.000000;30.000000;50.359687;0.000000;0.000000;0.000000;0.000000;0.000000;50.359687
769;36.000000;18.000000;-30.000000;-40.359687;0.000000;0.000000;0.000000;0.000000;0.000000;40.359687
770;36.000000;18.000000;30.000000;50.359687;0.000000;0.000000;0.000000;0.000000;0.000000;50.359687
771;36.000000;22.000000;-30.000000;-40.359687;0.000000;0.000000;0.000000;0.000000;0.000000;40.359687
772;36.000000;22.000000;30.000000;50.359687;0.000000;0.000000;0.000000;0.000000;0.000000;50.359687
773;36.000000;26.000000;-30.000000;-40.359687;0.000000;0.000000;0.000000;0.000000;0.000000;40.359687
774;36.000000;26.000000;30.000000;50.359687;0.000000;0.000000;0.000000;0.000000;0.000000;50.359687
775;36.000000;30.000000;-30.000000;-40.359687;0.000000;0.000000;0.000000;0.000000;0.000000;40.359687
776;36.000000;30.000000;30.000000;50.359687;0.000000;0.000000;0.000000;0.000000;0.000000;50.359687
777;36.000000;34.000000;-30.000000;-40.359687;0.000000;0.000000;0.000000;0.000000;0.000000;40.359687
778;36.000000;34.000000;30.000000;50.359687;0.000000;0.000000;0.000000;0.000000;0.000000;50.359687
779;36.000000;38.000000;-30.000000;-40.359687;0.000000;0.000000;0.000000;0.000000;0.000000;40.359687
780;36.000000;38.000000;30.000000;50.359687;0.000000;0.000000;0.000000;0.000000;0.000000;50.359687
781;36.000000;42.000000;-30.000000;-40.359687;0.000000;0.000000;0.000000;0.000000;0.000000;40.359687
782;36.000000;42.000000;30.000000;50.359687;0.000000;0.000000;0.000000;0.000000;0.000000;50.359687
783;36.000000;46.000000;-30.000000;-40.359687;0.000000;0.000000;0.000000;0.000000;0.000000;40.359687
784;36.000000;46.000000;30.000000;50.359687;0.000000;0.000000;0.000000;0.000000;0.000000;50.359687
785;36.000000;50.000000;-30.000000;-40.359687;0.000000;0.000000;0.000000;0.000000;0.000000;40.359687
786;36.000000;50.000000;-26.000000;-34.311729;0.000000;0.000000;0.000000;0.000000;0.000000;34.311729
787;36.000000;50.000000;-22.000000;-28.263771;0.000000;0.000000;0.000000;0.000000;0.000000;28.263771
788;36.000000;50.000000;-18.000000;-22.215812;0.000000;0.000000;0.000000;0.000000;0.000000;22.215812
789;36.000000;50.000000;-14.000000;-16.167854;0.000000;0.000000;0.000000;0.000000;0.000000;16.167854
790;36.000000;50.000000;-10.000000;-10.119896;0.000000;0.000000;0.000000;0.000000;0.000000;10.119896
791;36.000000;50.000000;-6.000000;-4.071937;0.000000;0.000000;0.000000;0.000000;0.000000;4.071937
792;36.000000;50.000000;-2.000000;1.976021;0.000000;0.000000;0.000000;0.000000;0.000000;1.976021
793;36.000000;50.000000;2.000000;8.023979;0.000000;0.000000;0.000000;0.000000;0.000000;8.023979
794;36.000000;50.000000;6.000000;14.071937;0.000000;0.000000;0.000000;0.000000;0.000000;14.071937
795;36.000000;50.000000;10.000000;20.119896;0.000000;0.000000;0.000000;0.000000;0.000000;20.119896
796;36.000000;50.000000;14.000000;26.167854;0.000000;0.000000;0.000000;0.000000;0.000000;26.167854
797;36.000000;50.000000;18.000000;32.215812;0.000000;0.000000;0.000000;0.000000;0.000000;32.215812
798;36.000000;50.000000;22.000000;38.263771;0.000000;0.000000;0.000000;0.000000;0.000000;38.263771
799;36.000000;50.000000;26.000000;44.311729;0.000000;0.000000;0.000000;0.000000;0.000000;44.311729
800;36.000000;50.000000;30.000000;50.359687;0.000000;0.000000;0.000000;0.000000;0.000000;50.359687
801;40.000000;-50.000000;-30.000000;-39.861229;0.000000;0.000000;0.000000;0.000000;0.000000;39.861229
802;40.000000;-50.000000;-26.000000;-33.879732;0.000000;0.000000;0.000000;0.000000;0.000000;33.879732
803;40.000000;-50.000000;-22.000000;-27.898235;0.000000;0.000000;0.000000;0.000000;0.000000;27.898235
804;40.000000;-50.000000;-18.000000;-21.916738;0.000000;0.000000;0.000000;0.000000;0.000000;21.916738
805;40.000000;-50.000000;-14.000000;-15.935240;0.000000;0.000000;0.000000;0.000000;0.000000;15.935240
806;40.000000;-50.000000;-10.000000;-9.953743;0.000000;0.000000;0.000000;0.000000;0.000000;9.953743
807;40.000000;-50.000000;-6.000000;-3.972246;0.000000;0.000000;0.000000;0.000000;0.000000;3.972246
808;40.000000;-50.000000;-2.000000;2.009251;0.000000;0.000000;0.000000;0.000000;0.000000;2.009251
809;40.000000;-50.000000;2.000000;7.990749;0.000000;0.000000;0.000000;0.000000;0.000000;7.990749
810;40.000000;-50.000000;6.000000;13.972246;0.000000;0.000000;0.000000;0.000000;0.000000;13.972246
811;40.000000;-50.000000;10.000000;19.953743;0.000000;0.000000;0.000000;0.000000;0.000000;19.953743
812;40.000000;-50.000000;14.000000;25.935240;0.000000;0.000000;0.000000;0.000000;0.000000;25.935240
813;40.000000;-50.000000;18.000000;31.916738;0.000000;0.000000;0.000000;0.000000;0.000000;31.916738
814;40.000000;-50.000000;22.000000;37.898235;0.000000;0.000000;0.000000;0.000000;0.000000;37.898235
815;40.000000;-50.000000;26.000000;43.879732;0.000000;0.000000;0.000000;0.000000;0.000000;43.879732
816;40.000000;-50.000000;30.000000;49.861229;0.000000;0.000000;0.000000;0.000000;0.000000;49.861229
817;40.000000;-46.000000;-30.000000;-39.861229;0.000000;0.000000;0.000000;0.000000;0.000000;39.861229
818;40.000000;-46.000000;30.000000;49.861229;0.000000;0.000000;0.000000;0.000000;0.000000;49.861229
819;40.000000;-42.000000;-30.000000;-39.861229;0.000000;0.000000;0.000000;0.000000;0.000000;39.861229
820;40.000000;-42.000000;30.000000;49.861229;0.000000;0.000000;0.000000;0.000000;0.000000;49.861229
821;40.000000;-38.000000;-30.000000;-39.861229;0.000000;0.000000;0.000000;0.000000;0.000000;39.861229
822;40.000000;-38.000000;30.000000;49.861229;0.000000;0.000000;0.000000;0.000000;0.000000;49.861229
823;40.000000;-34.000000;-30.000000;-39.861229;0.000000;0.000000;0.000000;0.000000;0.000000;39.861229
824;40.000000;-34.000000;30.000000;49.861229;0.000000;0.000000;0.000000;0.000000;0.000000;49.861229
825;40.000000;-30.000000;-30.000000;-39.861229;0.000000;0.000000;0.000000;0.000000;0.000000;39.861229
826;40.000000;-30.000000;30.000000;49.861229;0.000000;0.000000;0.000000;0.000000;0.000000;49.861229
827;40.000000;-26.000000;-30.000000;-39.861229;0.000000;0.000000;0.000000;0.000000;0.000000;39.861229
828;40.000000;-26.000000;30.000000;49.861229;0.000000;0.000000;0.000000;0.000000;0.000000;49.861229
829;40.000000;-22.000000;-30.000000;-39.861229;0.000000;0.000000;0.000000;0.000000;0.000000;39.861229
830;40.000000;-22.000000;30.000000;49.861229;0.000000;0.000000;0.000000;0.000000;0.000000;49.861229
831;40.000000;-18.000000;-30.000000;-39.861229;0.000000;0.000000;0.000000;0.000000;0.000000;39.861229
832;40.000000;-18.000000;30.000000;49.861229;0.000000;0.000000;0.000000;0.000000;0.000000;49.861229
833;40.000000;-14.000000;-30.000000;-39.861229;0.000000;0.000000;0.000000;0.000000;0.000000;39.861229
834;40.000000;-14.000000;30.000000;49.861229;0.000000;0.000000;0.000000;0.000000;0.000000;49.861229
835;40.000000;-10.000000;-30.000000;-39.861229;0.000000;0.000000;0.000000;0.000000;0.000000;39.861229
836;40.000000;-10.000000;30.000000;49.861229;0.000000;0.000000;0.000000;0.000000;0.000000;49.861229
837;40.000000;-6.000000;-30.000000;-39.861229;0.000000;0.000000;0.000000;0.000000;0.000000;39.861229
838;40.000000;-6.000000;30.000000;49.861229;0.000000;0.000000;0.000000;0.000000;0.000000;49.861229
839;40.000000;-2.000000;-30.000000;-39.861229;0.000000;0.000000;0.000000;0.000000;0.000000;39.861229
840;40.000000;-2.000000;30.000000;49.861229;0.000000;0.000000;0.000000;0.000000;0.000000;49.861229
841;40.000000;2.000000;-30.000000;-39.861229;0.000000;0.000000;0.000000;0.000000;0.000000;39.861229
842;40.000000;2.000000;30.000000;49.861229;0.000000;0.000000;0.000000;0.000000;0.000000;49.861229
843;40.000000;6.000000;-30.000000;-39.861229;0.000000;0.000000;0.000000;0.000000;0.000000;39.861229
844;40.000000;6.000000;30.000000;49.861229;0.000000;0.000000;0.000000;0.000000;0.000000;49.861229
845;40.000000;10.000000;-30.000000;-39.861229;0.000000;0.000000;0.000000;0.000000;0.000000;39.861229
846;40.000000;10.000000;30.000000;49.861229;0.000000;0.000000;0.000000;0.000000;0.000000;49.861229
847;40.000000;14.000000;-30.000000;-39.861229;0.000000;0.000000;0.000000;0.000000;0.000000;39.861229
848;40.000000;14.000000;30.000000;49.861229;0.000000;0.000000;0.000000;0.000000;0.000000;49.861229
849;40.000000;18.000000;-30.000000;-39.861229;0.000000;0.000000;0.000000;0.000000;0.000000;39.861229
850;40.000000;18.000000;30.000000;49.861229;0.000000;0.000000;0.000000;0.000000;0.000000;49.861229
851;40.000000;22.000000;-30.000000;-39.861229;0.000000;0.000000;0.000000;0.000000;0.000000;39.861229
852;40.000000;22.000000;30.000000;49.861229;0.000000;0.000000;0.000000;0.000000;0.000000;49.861229
853;40.000000;26.000000;-30.000000;-39.861229;0.000000;0.000000;0.000000;0.000000;0.000000;39.861229
854;40.000000;26.000000;30.000000;49.861229;0.000000;0.000000;0.000000;0.000000;0.000000;49.861229
855;40.000000;30.000000;-30.000000;-39.861229;0.000000;0.000000;0.000000;0.000000;0.000000;39.861229
856;40.000000;30.000000;30.000000;49.861229;0.000000;0.000000;0.000000;0.000000;0.000000;49.861229
857;40.000000;34.000000;-30.000000;-39.861229;0.000000;0.000000;0.000000;0.000000;0.000000;39.861229
858;40.000000;34.000000;30.000000;49.861229;0.000000;0.000000;0.000000;0.000000;0.000000;49.861229
859;40.000000;38.000000;-30.000000;-39.861229;0.000000;0.000000;0.000000;0.000000;0.000000;39.861229
860;40.000000;38.000000;30.000000;49.861229;0.000000;0.000000;0.000000;0.000000;0.000000;49.861229
861;40.000000;42.000000;-30.000000;-39.861229;0.000000;0.000000;0.000000;0.000000;0.000000;39.861229
862;40.000000;42.000000;30.000000;49.861229;0.000000;0.000000;0.000000;0.000000;0.000000;49.861229
863;40.000000;46.000000;-30.000000;-39.861229;0.000000;0.000000;0.000000;0.000000;0.000000;39.861229
864;40.000000;46.000000;30.000000;49.861229;0.000000;0.000000;0.000000;0.000000;0.000000;49.861229
865;40.000000;50.000000;-30.000000;-39.861229;0.000000;0.000000;0.000000;0.000000;0.000000;39.861229
866;40.000000;50.000000;-26.000000;-33.879732;0.000000;0.000000;0.000000;0.000000;0.000000;33.879732
867;40.000000;50.000000;-22.000000;-27.898235;0.000000;0.000000;0.000000;0.000000;0.000000;27.898235
868;40.000000;50.000000;-18.000000;-21.916738;0.000000;0.000000;0.000000;0.000000;0.000000;21.916738
869;40.000000;50.000000;-14.000000;-15.935240;0.000000;0.000000;0.000000;0.000000;0.000000;15.935240
870;40.000000;50.000000;-10.000000;-9.953743;0.000000;0.000000;0.000000;0.000000;0.000000;9.953743
871;40.000000;50.000000;-6.000000;-3.972246;0.000000;0.000000;0.000000;0.000000;0.000000;3.972246
872;40.000000;50.000000;-2.000000;2.009251;0.000000;0.000000;0.000000;0.000000;0.000000;2.009251
873;40.000000;50.000000;2.000000;7.990749;0.000000;0.000000;0.000000;0.000000;0.000000;7.990749
874;40.000000;50.000000;6.000000;13.972246;0.000000;0.000000;0.000000;0.000000;0.000000;13.972246
875;40.000000;50.000000;10.000000;19.953743;0.000000;0.000000;0.000000;0.000000;0.000000;19.953743
876;40.000000;50.000000;14.000000;25.935240;0.000000;0.000000;0.000000;0.000000;0.000000;25.935240
877;40.000000;50.000000;18.000000;31.916738;0.000000;0.000000;0.000000;0.000000;0.000000;31.916738
878;40.000000;50.000000;22.000000;37.898235;0.000000;0.000000;0.000000;0.000000;0.000000;37.898235
879;40.000000;50.000000;26.000000;43.879732;0.000000;0.000000;0.000000;0.000000;0.000000;43.879732
880;40.000000;50.000000;30.000000;49.861229;0.000000;0.000000;0.000000;0.000000;0.000000;49.861229
881;44.000000;-50.000000;-30.000000;-39.362771;0.000000;0.000000;0.000000;0.000000;0.000000;39.362771
882;44.000000;-50.000000;-26.000000;-33.447735;0.000000;0.000000;0.000000;0.000000;0.000000;33.447735
883;44.000000;-50.000000;-22.000000;-27.532699;0.000000;0.000000;0.000000;0.000000;0.000000;27.532699
884;44.000000;-50.000000;-18.000000;-21.617663;0.000000;0.000000;0.000000;0.000000;0.000000;21.617663
885;44.000000;-50.000000;-14.000000;-15.702627;0.000000;0.000000;0.000000;0.000000;0.000000;15.702627
886;44.000000;-50.000000;-10.000000;-9.787590;0.000000;0.000000;0.000000;0.000000;0.000000;9.787590
887;44.000000;-50.000000;-6.000000;-3.872554;0.000000;0.000000;0.000000;0.000000;0.000000;3.872554
888;44.000000;-50.000000;-2.000000;2.042482;0.000000;0.000000;0.000000;0.000000;0.000000;2.042482
889;44.000000;-50.000000;2.000000;7.957518;0.000000;0.000000;0.000000;0.000000;0.000000;7.957518
890;44.000000;-50.000000;6.000000;13.872554;0.000000;0.000000;0.000000;0.000000;0.000000;13.872554
891;44.000000;-50.000000;10.000000;19.787590;0.000000;0.000000;0.000000;0.000000;0.000000;19.787590
892;44.000000;-50.000000;14.000000;25.702627;0.000000;0.000000;0.000000;0.000000;0.000000;25.702627
893;44.000000;-50.000000;18.000000;31.617663;0.000000;0.000000;0.000000;0.000000;0.000000;31.617663
894;44.000000;-50.000000;22.000000;37.532699;0.000000;0.000000;0.000000;0.000000;0.000000;37.532699
895;44.000000;-50.000000;26.000000;43.447735;0.000000;0.000000;0.000000;0.000000;0.000000;43.447735
896;44.000000;-50.000000;30.000000;49.362771;0.000000;0.000000;0.000000;0.000000;0.000000;49.362771
897;44.000000;-46.000000;-30.000000;-39.362771;0.000000;0.000000;0.000000;0.000000;0.000000;39.362771
898;44.000000;-46.000000;30.000000;49.362771;0.000000;0.000000;0.000000;0.000000;0.000000;49.362771
899;44.000000;-42.000000;-30.000000;-39.362771;0.000000;0.000000;0.000000;0.000000;0.000000;39.362771
900;44.000000;-42.000000;30.000000;49.362771;0.000000;0.000000;0.000000;0.000000;0.000000;49.362771
901;44.000000;-38.000000;-30.000000;-39.362771;0.000000;0.000000;0.000000;0.000000;0.000000;39.362771
902;44.000000;-38.000000;30.000000;49.362771;0.000000;0.000000;0.000000;0.000000;0.000000;49.362771
903;44.000000;-34.000000;-30.000000;-39.362771;0.000000;0.000000;0.000000;0.000000;0.000000;39.362771
904;44.000000;-34.000000;30.000000;49.362771;0.000000;0.000000;0.000000;0.000000;0.000000;49.362771
905;44.000000;-30.000000;-30.000000;-39.362771;0.000000;0.000000;0.000000;0.000000;0.000000;39.362771
906;44.000000;-30.000000;30.000000;49.362771;0.000000;0.000000;0.000000;0.000000;0.000000;49.362771
907;44.000000;-26.000000;-30.000000;-39.362771;0.000000;0.000000;0.000000;0.000000;0.000000;39.362771
908;44.000000;-26.000000;30.000000;49.362771;0.000000;0.000000;0.000000;0.000000;0.000000;49.362771
909;44.000000;-22.000000;-30.000000;-39.362771;0.000000;0.000000;0.000000;0.000000;0.000000;39.362771
910;44.000000;-22.000000;30.000000;49.362771;0.000000;0.000000;0.000000;0.000000;0.000000;49.362771
911;44.000000;-18.000000;-30.000000;-39.362771;0.000000;0.000000;0.000000;0.000000;0.000000;39.362771
912;44.000000;-18.000000;30.000000;49.362771;0.000000;0.000000;0.000000;0.000000;0.000000;49.362771
913;44.000000;-14.000000;-30.000000;-39.362771;0.000000;0.000000;0.000000;0.000000;0.000000;39.362771
914;44.000000;-14.000000;30.000000;49.362771;0.000000;0.000000;0.000000;0.000000;0.000000;49.362771
915;44.000000;-10.000000;-30.000000;-39.362771;0.000000;0.000000;0.000000;0.000000;0.000000;39.362771
916;44.000000;-10.000000;30.000000;49.362771;0.000000;0.000000;0.000000;0.000000;0.000000;49.362771
917;44.000000;-6.000000;-30.000000;-39.362771;0.000000;0.000000;0.000000;0.000000;0.000000;39.362771
918;44.000000;-6.000000;30.000000;49.362771;0.000000;0.000000;0.000000;0.000000;0.000000;49.362771
919;44.000000;-2.000000;-30.000000;-39.362771;0.000000;0.000000;0.000000;0.000000;0.000000;39.362771
920;44.000000;-2.000000;30.000000;49.362771;0.000000;0.000000;0.000000;0.000000;0.000000;49.362771
921;44.000000;2.000000;-30.000000;-39.362771;0.000000;0.000000;0.000000;0.000000;0.000000;39.362771
922;44.000000;2.000000;30.000000;49.362771;0.000000;0.000000;0.000000;0.000000;0.000000;49.362771
923;44.000000;6.000000;-30.000000;-39.362771;0.000000;0.000000;0.000000;0.000000;0.000000;39.362771
924;44.000000;6.000000;30.000000;49.362771;0.000000;0.000000;0.000000;0.000000;0.000000;49.362771
925;44.000000;10.000000;-30.000000;-39.362771;0.000000;0.000000;0.000000;0.000000;0.000000;39.362771
926;44.000000;10.000000;30.000000;49.362771;0.000000;0.000000;0.000000;0.000000;0.000000;49.362771
927;44.000000;14.000000;-30.000000;-39.362771;0.000000;0.000000;0.000000;0.000000;0.000000;39.362771
928;44.000000;14.000000;30.000000;49.362771;0.000000;0.000000;0.000000;0.000000;0.000000;49.362771
929;44.000000;18.000000;-30.000000;-39.362771;0.000000;0.000000;0.000000;0.000000;0.000000;39.362771
930;44.000000;18.000000;30.000000;49.362771;0.000000;0.000000;0.000000;0.000000;0.000000;49.362771
931;44.000000;22.000000;-30.000000;-39.362771;0.000000;0.000000;0.000000;0.000000;0.000000;39.362771
932;44.000000;22.000000;30.000000;49.362771;0.000000;0.000000;0.000000;0.000000;0.000000;49.362771
933;44.000000;26.000000;-30.000000;-39.362771;0.000000;0.000000;0.000000;0.000000;0.000000;39.362771
934;44.000000;26.000000;30.000000;49.362771;0.000000;0.000000;0.000000;0.000000;0.000000;49.362771
935;44.000000;30.000000;-30.000000;-39.362771;0.000000;0.000000;0.000000;0.000000;0.000000;39.362771
936;44.000000;30.000000;30.000000;49.362771;0.000000;0.000000;0.000000;0.000000;0.000000;49.362771
937;44.000000;34.000000;-30.000000;-39.362771;0.000000;0.000000;0.000000;0.000000;0.000000;39.362771
938;44.000000;34.000000;30.000000;49.362771;0.000000;0.000000;0.000000;0.000000;0.000000;49.362771
939;44.000000;38.000000;-30.000000;-39.362771;0.000000;0.000000;0.000000;0.000000;0.000000;39.362771
940;44.000000;38.000000;30.000000;49.362771;0.000000;0.000000;0.000000;0.000000;0.000000;49.362771
941;44.000000;42.000000;-30.000000;-39.362771;0.000000;0.000000;0.000000;0.000000;0.000000;39.362771
942;44.000000;42.000000;30.000000;49.362771;0.000000;0.000000;0.000000;0.000000;0.000000;49.362771
943;44.000000;46.000000;-30.000000;-39.362771;0.000000;0.000000;0.000000;0.000000;0.000000;39.362771
944;44.000000;46.000000;30.000000;49.362771;0.000000;0.000000;0.000000;0.000000;0.000000;49.362771
945;44.000000;50.000000;-30.000000;-39.362771;0.000000;0.000000;0.000000;0.000000;0.000000;39.362771
946;44.000000;50.000000;-26.000000;-33.447735;0.000000;0.000000;0.000000;0.000000;0.000000;33.447735
947;44.000000;50.000000;-22.000000;-27.532699;0.000000;0.000000;0.000000;0.000000;0.000000;27.532699
948;44.000000;50.000000;-18.000000;-21.617663;0.000000;0.000000;0.000000;0.000000;0.000000;21.617663
949;44.000000;50.000000;-14.000000;-15.702627;0.000000;0.000000;0.000000;0.000000;0.000000;15.702627
950;44.000000;50.000000;-10.000000;-9.787590;0.000000;0.000000;0.000000;0.000000;0.000000;9.787590
951;44.000000;50.000000;-6.000000;-3.872554;0.000000;0.000000;0.000000;0.000000;0.000000;3.872554
952;44.000000;50.000000;-2.000000;2.042482;0.000000;0.000000;0.000000;0.000000;0.000000;2.042482
953;44.000000;50.000000;2.000000;7.957518;0.000000;0.000000;0.000000;0.000000;0.000000;7.957518
954;44.000000;50.000000;6.000000;13.872554;0.000000;0.000000;0.000000;0.000000;0.000000;13.872554
955;44.000000;50.000000;10.000000;19.787590;0.000000;0.000000;0.000000;0.000000;0.000000;19.787590
956;44.000000;50.000000;14.000000;25.702627;0.000000;0.000000;0.000000;0.000000;0.000000;25.702627
957;44.000000;50.000000;18.000000;31.617663;0.000000;0.000000;0.000000;0.000000;0.000000;31.617663
958;44.000000;50.000000;22.000000;37.532699;0.000000;0.000000;0.000000;0.000000;0.000000;37.532699
959;44.000000;50.000000;26.000000;43.447735;0.000000;0.000000;0.000000;0.000000;0.000000;43.447735
960;44.000000;50.000000;30.000000;49.362771;0.000000;0.000000;0.000000;0.000000;0.000000;49.362771
961;48.000000;-50.000000;-30.000000;-38.864313;0.000000;0.000000;0.000000;0.000000;0.000000;38.864313
962;48.000000;-50.000000;-26.000000;-33.015738;0.000000;0.000000;0.000000;0.000000;0.000000;33.015738
963;48.000000;-50.000000;-22.000000;-27.167163;0.000000;0.000000;0.000000;0.000000;0.000000;27.167163
964;48.000000;-50.000000;-18.000000;-21.318588;0.000000;0.000000;0.000000;0.000000;0.000000;21.318588
965;48.000000;-50.000000;-14.000000;-15.470013;0.000000;0.000000;0.000000;0.000000;0.000000;15.470013
966;48.000000;-50.000000;-10.000000;-9.621438;0.000000;0.000000;0.000000;0.000000;0.000000;9.621438
967;48.000000;-50.000000;-6.000000;-3.772863;0.000000;0.000000;0.000000;0.000000;0.000000;3.772863
968;48.000000;-50.000000;-2.000000;2.075712;0.000000;0.000000;0.000000;0.000000;0.000000;2.075712
969;48.000000;-50.000000;2.000000;7.924288;0.000000;0.000000;0.000000;0.000000;0.000000;7.924288
970;48.000000;-50.000000;6.000000;13.772863;0.000000;0.000000;0.000000;0.000000;0.000000;13.772863
971;48.000000;-50.000000;10.000000;19.621438;0.000000;0.000000;0.000000;0.000000;0.000000;19.621438
972;48.000000;-50.000000;14.000000;25.470013;0.000000;0.000000;0.000000;0.000000;0.000000;25.470013
973;48.000000;-50.000000;18.000000;31.318588;0.000000;0.000000;0.000000;0.000000;0.000000;31.318588
974;48.000000;-50.000000;22.000000;37.167163;0.000000;0.000000;0.000000;0.000000;0.000000;37.167163
975;48.000000;-50.000000;26.000000;43.015738;0.000000;0.000000;0.000000;0.000000;0.000000;43.015738
976;48.000000;-50.000000;30.000000;48.864313;0.000000;0.000000;0.000000;0.000000;0.000000;48.864313
977;48.000000;-46.000000;-30.000000;-38.864313;0.000000;0.000000;0.000000;0.000000;0.000000;38.864313
978;48.000000;-46.000000;30.000000;48.864313;0.000000;0.000000;0.000000;0.000000;0.000000;48.864313
979;48.000000;-42.000000;-30.000000;-38.864313;0.000000;0.000000;0.000000;0.000000;0.000000;38.864313
980;48.000000;-42.000000;30.000000;48.864313;0.000000;0.000000;0.000000;0.000000;0.000000;48.864313
981;48.000000;-38.000000;-30.000000;-38.864313;0.000000;0.000000;0.000000;0.000000;0.000000;38.864313
982;48.000000;-38.000000;30.000000;48.864313;0.000000;0.000000;0.000000;0.000000;0.000000;48.864313
983;48.000000;-34.000000;-30.000000;-38.864313;0.000000;0.000000;0.000000;0.000000;0.000000;38.864313
984;48.000000;-34.000000;30.000000;48.864313;0.000000;0.000000;0.000000;0.000000;0.000000;48.864313
985;48.000000;-30.000000;-30.000000;-38.864313;0.000000;0.000000;0.000000;0.000000;0.000000;38.864313
986;48.000000;-30.000000;30.000000;48.864313;0.000000;0.000000;0.000000;0.000000;0.000000;48.864313
987;48.000000;-26.000000;-30.000000;-38.864313;0.000000;0.000000;0.000000;0.000000;0.000000;38.864313
988;48.000000;-26.000000;30.000000;48.864313;0.000000;0.000000;0.000000;0.000000;0.000000;48.864313
989;48.000000;-22.000000;-30.000000;-38.864313;0.000000;0.000000;0.000000;0.000000;0.000000;38.864313
990;48.000000;-22.000000;30.000000;48.864313;0.000000;0.000000;0.000000;0.000000;0.000000;48.864313
991;48.000000;-18.000000;-30.000000;-38.864313;0.000000;0.000000;0.000000;0.000000;0.000000;38.864313
992;48.000000;-18.000000;30.000000;48.864313;0.000000;0.000000;0.000000;0.000000;0.000000;48.864313
993;48.000000;-14.000000;-30.000000;-38.864313;0.000000;0.000000;0.000000;0.000000;0.000000;38.864313
994;48.000000;-14.000000;30.000000;48.864313;0.000000;0.000000;0.000000;0.000000;0.000000;48.864313
995;48.000000;-10.000000;-30.000000;-38.864313;0.000000;0.000000;0.000000;0.000000;0.000000;38.864313
996;48.000000;-10.000000;30.000000;48.864313;0.000000;0.000000;0.000000;0.000000;0.000000;48.864313
997;48.000000;-6.000000;-30.000000;-38.864313;0.000000;0.000000;0.000000;0.000000;0.000000;38.864313
998;48.000000;-6.000000;30.000000;48.864313;0.000000;0.000000;0.000000;0.000000;0.000000;48.864313
999;48.000000;-2.000000;-30.000000;-38.864313;0.000000;0.000000;0.000000;0.000000;0.000000;38.864313
1000;48.000000;-2.000000;30.000000;48.864313;0.000000;0.000000;0.000000;0.000000;0.000000;48.864313
1001;48.000000;2.000000;-30.000000;-38.864313;0.000000;0.000000;0.000000;0.000000;0.000000;38.864313
1002;48.000000;2.000000;30.000000;48.864313;0.000000;0.000000;0.000000;0.000000;0.000000;48.864313
1003;48.000000;6.000000;-30.000000;-38.864313;0.000000;0.000000;0.000000;0.000000;0.000000;38.864313
1004;48.000000;6.000000;30.000000;48.864313;0.000000;0.000000;0.000000;0.000000;0.000000;48.864313
1005;48.000000;10.000000;-30.000000;-38.864313;0.000000;0.000000;0.000000;0.000000;0.000000;38.864313
1006;48.000000;10.000000;30.000000;48.864313;0.000000;0.000000;0.000000;0.000000;0.000000;48.864313
1007;48.000000;14.000000;-30.000000;-38.864313;0.000000;0.000000;0.000000;0.000000;0.000000;38.864313
1008;48.000000;14.000000;30.000000;48.864313;0.000000;0.000000;0.000000;0.000000;0.000000;48.864313
1009;48.000000;18.000000;-30.000000;-38.864313;0.000000;0.000000;0.000000;0.000000;0.000000;38.864313
1010;48.000000;18.000000;30.000000;48.864313;0.000000;0.000000;0.000000;0.000000;0.000000;48.864313
1011;48.000000;22.000000;-30.000000;-38.864313;0.000000;0.000000;0.000000;0.000000;0.000000;38.864313
1012;48.000000;22.000000;30.000000;48.864313;0.000000;0.000000;0.000000;0.000000;0.000000;48.864313
1013;48.000000;26.000000;-30.000000;-38.864313;0.000000;0.000000;0.000000;0.000000;0.000000;38.864313
1014;48.000000;26.000000;30.000000;48.864313;0.000000;0.000000;0.000000;0.000000;0.000000;48.864313
1015;48.000000;30.000000;-30.000000;-38.864313;0.000000;0.000000;0.000000;0.000000;0.000000;38.864313
1016;48.000000;30.000000;30.000000;48.864313;0.000000;0.000000;0.000000;0.000000;0.000000;48.864313
1017;48.000000;34.000000;-30.000000;-38.864313;0.000000;0.000000;0.000000;0.000000;0.000000;38.864313
1018;48.000000;34.000000;30.000000;48.864313;0.000000;0.000000;0.000000;0.000000;0.000000;48.864313
1019;48.000000;38.000000;-30.000000;-38.864313;0.000000;0.000000;0.000000;0.000000;0.000000;38.864313
1020;48.000000;38.000000;30.000000;48.864313;0.000000;0.000000;0.000000;0.000000;0.000000;48.864313
1021;48.000000;42.000000;-30.000000;-38.864313;0.000000;0.000000;0.000000;0.000000;0.000000;38.864313
1022;48.000000;42.000000;30.000000;48.864313;0.000000;0.000000;0.000000;0.000000;0.000000;48.864313
1023;48.000000;46.000000;-30.000000;-38.864313;0.000000;0.000000;0.000000;0.000000;0.000000;38.864313
1024;48.000000;46.000000;30.000000;48.864313;0.000000;0.000000;0.000000;0.000000;0.000000;48.864313
1025;48.000000;50.000000;-30.000000;-38.864313;0.000000;0.000000;0.000000;0.000000;0.000000;38.864313
1026;48.000000;50.000000;-26.000000;-33.015738;0.000000;0.000000;0.000000;0.000000;0.000000;33.015738
1027;48.000000;50.000000;-22.000000;-27.167163;0.000000;0.000000;0.000000;0.000000;0.000000;27.167163
1028;48.000000;50.000000;-18.000000;-21.318588;0.000000;0.000000;0.000000;0.000000;0.000000;21.318588
1029;48.000000;50.000000;-14.000000;-15.470013;0.000000;0.000000;0.000000;0.000000;0.000000;15.470013
1030;48.000000;50.000000;-10.000000;-9.621438;0.000000;0.000000;0.000000;0.000000;0.000000;9.621438
1031;48.000000;50.000000;-6.000000;-3.772863;0.000000;0.000000;0.000000;0.000000;0.000000;3.772863
1032;48.000000;50.000000;-2.000000;2.075712;0.000000;0.000000;0.000000;0.000000;0.000000;2.075712
1033;48.000000;50.000000;2.000000;7.924288;0.000000;0.000000;0.000000;0.000000;0.000000;7.924288
1034;48.000000;50.000000;6.000000;13.772863;0.000000;0.000000;0.000000;0.000000;0.000000;13.772863
1035;48.000000;50.000000;10.000000;19.621438;0.000000;0.000000;0.000000;0.000000;0.000000;19.621438
1036;48.000000;50.000000;14.000000;25.470013;0.000000;0.000000;0.000000;0.000000;0.000000;25.470013
1037;48.000000;50.000000;18.000000;31.318588;0.000000;0.000000;0.000000;0.000000;0.000000;31.318588
1038;48.000000;50.000000;22.000000;37.167163;0.000000;0.000000;0.000000;0.000000;0.000000;37.167163
1039;48.000000;50.000000;26.000000;43.015738;0.000000;0.000000;0.000000;0.000000;0.000000;43.015738
1040;48.000000;50.000000;30.000000;48.864313;0.000000;0.000000;0.000000;0.000000;0.000000;48.864313
1041;52.000000;-50.000000;-30.000000;-38.365855;0.000000;0.000000;0.000000;0.000000;0.000000;38.365855
1042;52.000000;-50.000000;-26.000000;-32.583741;0.000000;0.000000;0.000000;0.000000;0.000000;32.583741
1043;52.000000;-50.000000;-22.000000;-26.801627;0.000000;0.000000;0.000000;0.000000;0.000000;26.801627
1044;52.000000;-50.000000;-18.000000;-21.019513;0.000000;0.000000;0.000000;0.000000;0.000000;21.019513
1045;52.000000;-50.000000;-14.000000;-15.237399;0.000000;0.000000;0.000000;0.000000;0.000000;15.237399
1046;52.000000;-50.000000;-10.000000;-9.455285;0.000000;0.000000;0.000000;0.000000;0.000000;9.455285
1047;52.000000;-50.000000;-6.000000;-3.673171;0.000000;0.000000;0.000000;0.000000;0.000000;3.673171
1048;52.000000;-50.000000;-2.000000;2.108943;0.000000;0.000000;0.000000;0.000000;0.000000;2.108943
1049;52.000000;-50.000000;2.000000;7.891057;0.000000;0.000000;0.000000;0.000000;0.000000;7.891057
1050;52.000000;-50.000000;6.000000;13.673171;0.000000;0.000000;0.000000;0.000000;0.000000;13.673171
1051;52.000000;-50.000000;10.000000;19.455285;0.000000;0.000000;0.000000;0.000000;0.000000;19.455285
1052;52.000000;-50.000000;14.000000;25.237399;0.000000;0.000000;0.000000;0.000000;0.000000;25.237399
1053;52.000000;-50.000000;18.000000;31.019513;0.000000;0.000000;0.000000;0.000000;0.000000;31.019513
1054;52.000000;-50.000000;22.000000;36.801627;0.000000;0.000000;0.000000;0.000000;0.000000;36.801627
1055;52.000000;-50.000000;26.000000;42.583741;0.000000;0.000000;0.000000;0.000000;0.000000;42.583741
1056;52.000000;-50.000000;30.000000;48.365855;0.000000;0.000000;0.000000;0.000000;0.000000;48.365855
1057;52.000000;-46.000000;-30.000000;-38.365855;0.000000;0.000000;0.000000;0.000000;0.000000;38.365855
1058;52.000000;-46.000000;30.000000;48.365855;0.000000;0.000000;0.000000;0.000000;0.000000;48.365855
1059;52.000000;-42.000000;-30.000000;-38.365855;0.000000;0.000000;0.000000;0.000000;0.000000;38.365855
1060;52.000000;-42.000000;30.000000;48.365855;0.000000;0.000000;0.000000;0.000000;0.000000;48.365855
1061;52.000000;-38.000000;-30.000000;-38.365855;0.000000;0.000000;0.000000;0.000000;0.000000;38.365855
1062;52.000000;-38.000000;30.000000;48.365855;0.000000;0.000000;0.000000;0.000000;0.000000;48.365855
1063;52.000000;-34.000000;-30.000000;-38.365855;0.000000;0.000000;0.000000;0.000000;0.000000;38.365855
1064;52.000000;-34.000000;30.000000;48.365855;0.000000;0.000000;0.000000;0.000000;0.000000;48.365855
1065;52.000000;-30.000000;-30.000000;-38.365855;0.000000;0.000000;0.000000;0.000000;0.000000;38.365855
1066;52.000000;-30.000000;30.000000;48.365855;0.000000;0.000000;0.000000;0.000000;0.000000;48.365855
1067;52.000000;-26.000000;-30.000000;-38.365855;0.000000;0.000000;0.000000;0.000000;0.000000;38.365855
1068;52.000000;-26.000000;30.000000;48.365855;0.000000;0.000000;0.000000;0.000000;0.000000;48.365855
1069;52.000000;-22.000000;-30.000000;-38.365855;0.000000;0.000000;0.000000;0.000000;0.000000;38.365855
1070;52.000000;-22.000000;30.000000;48.365855;0.000000;0.000000;0.000000;0.000000;0.000000;48.365855
1071;52.000000;-18.000000;-30.000000;-38.365855;0.000000;0.000000;0.000000;0.000000;0.000000;38.365855
1072;52.000000;-18.000000;30.000000;48.365855;0.000000;0.000000;0.000000;0.000000;0.000000;48.365855
1073;52.000000;-14.000000;-30.000000;-38.365855;0.000000;0.000000;0.000000;0.000000;0.000000;38.365855
1074;52.000000;-14.000000;30.000000;48.365855;0.000000;0.000000;0.000000;0.000000;0.000000;48.365855
1075;52.000000;-10.000000;-30.000000;-38.365855;0.000000;0.000000;0.000000;0.000000;0.000000;38.365855
1076;52.000000;-10.000000;30.000000;48.365855;0.000000;0.000000;0.000000;0.000000;0.000000;48.365855
1077;52.000000;-6.000000;-30.000000;-38.365855;0.000000;0.000000;0.000000;0.000000;0.000000;38.365855
1078;52.000000;-6.000000;30.000000;48.365855;0.000000;0.000000;0.000000;0.000000;0.000000;48.365855
1079;52.000000;-2.000000;-30.000000;-38.365855;0.000000;0.000000;0.000000;0.000000;0.000000;38.365855
1080;52.000000;-2.000000;30.000000;48.365855;0.000000;0.000000;0.000000;0.000000;0.000000;48.365855
1081;52.000000;2.000000;-30.000000;-38.365855;0.000000;0.000000;0.000000;0.000000;0.000000;38.365855
1082;52.000000;2.000000;30.000000;48.365855;0.000000;0.000000;0.000000;0.000000;0.000000;48.365855
1083;52.000000;6.000000;-30.000000;-38.365855;0.000000;0.000000;0.000000;0.000000;0.000000;38.365855
1084;52.000000;6.000000;30.000000;48.365855;0.000000;0.000000;0.000000;0.000000;0.000000;48.365855
1085;52.000000;10.000000;-30.000000;-38.365855;0.000000;0.000000;0.000000;0.000000;0.000000;38.365855
1086;52.000000;10.000000;30.000000;48.365855;0.000000;0.000000;0.000000;0.000000;0.000000;48.365855
1087;52.000000;14.000000;-30.000000;-38.365855;0.000000;0.000000;0.000000;0.000000;0.000000;38.365855
1088;52.000000;14.000000;30.000000;48.365855;0.000000;0.000000;0.000000;0.000000;0.000000;48.365855
1089;52.000000;18.000000;-30.000000;-38.365855;0.000000;0.000000;0.000000;0.000000;0.000000;38.365855
1090;52.000000;18.000000;30.000000;48.365855;0.000000;0.000000;0.000000;0.000000;0.000000;48.365855
1091;52.000000;22.000000;-30.000000;-38.365855;0.000000;0.000000;0.000000;0.000000;0.000000;38.365855
1092;52.000000;22.000000;30.000000;48.365855;0.000000;0.000000;0.000000;0.000000;0.000000;48.365855
1093;52.000000;26.000000;-30.000000;-38.365855;0.000000;0.000000;0.000000;0.000000;0.000000;38.365855
1094;52.000000;26.000000;30.000000;48.365855;0.000000;0.000000;0.000000;0.000000;0.000000;48.365855
1095;52.000000;30.000000;-30.000000;-38.365855;0.000000;0.000000;0.000000;0.000000;0.000000;38.365855
1096;52.000000;30.000000;30.000000;48.365855;0.000000;0.000000;0.000000;0.000000;0.000000;48.365855
1097;52.000000;34.000000;-30.000000;-38.365855;0.000000;0.000000;0.000000;0.000000;0.000000;38.365855
1098;52.000000;34.000000;30.000000;48.365855;0.000000;0.000000;0.000000;0.000000;0.000000;48.365855
1099;52.000000;38.000000;-30.000000;-38.365855;0.000000;0.000000;0.000000;0.000000;0.000000;38.365855
1100;52.000000;38.000000;30.000000;48.365855;0.000000;0.000000;0.000000;0.000000;0.000000;48.365855
1101;52.000000;42.000000;-30.000000;-38.365855;0.000000;0.000000;0.000000;0.000000;0.000000;38.365855
1102;52.000000;42.000000;30.000000;48.365855;0.000000;0.000000;0.000000;0.000000;0.000000;48.365855
1103;52.000000;46.000000;-30.000000;-38.365855;0.000000;0.000000;0.000000;0.000000;0.000000;38.365855
1104;52.000000;46.000000;30.000000;48.365855;0.000000;0.000000;0.000000;0.000000;0.000000;48.365855
1105;52.000000;50.000000;-30.000000;-38.365855;0.000000;0.000000;0.000000;0.000000;0.000000;38.365855
1106;52.000000;50.000000;-26.000000;-32.583741;0.000000;0.000000;0.000000;0.000000;0.000000;32.583741
1107;52.000000;50.000000;-22.000000;-26.801627;0.000000;0.000000;0.000000;0.000000;0.000000;26.801627
1108;52.000000;50.000000;-18.000000;-21.019513;0.000000;0.000000;0.000000;0.000000;0.000000;21.019513
1109;52.000000;50.000000;-14.000000;-15.237399;0.000000;0.000000;0.000000;0.000000;0.000000;15.237399
1110;52.000000;50.000000;-10.000000;-9.455285;0.000000;0.000000;0.000000;0.000000;0.000000;9.455285
1111;52.000000;50.000000;-6.000000;-3.673171;0.000000;0.000000;0.000000;0.000000;0.000000;3.673171
1112;52.000000;50.000000;-2.000000;2.108943;0.000000;0.000000;0.000000;0.000000;0.000000;2.108943
1113;52.000000;50.000000;2.000000;7.891057;0.000000;0.000000;0.000000;0.000000;0.000000;7.891057
1114;52.000000;50.000000;6.000000;13.673171;0.000000;0.000000;0.000000;0.000000;0.000000;13.673171
1115;52.000000;50.000000;10.000000;19.455285;0.000000;0.000000;0.000000;0.000000;0.000000;19.455285
1116;52.000000;50.000000;14.000000;25.237399;0.000000;0.000000;0.000000;0.000000;0.000000;25.237399
1117;52.000000;50.000000;18.000000;31.019513;0.000000;0.000000;0.000000;0.000000;0.000000;31.019513
1118;52.000000;50.000000;22.000000;36.801627;0.000000;0.000000;0.000000;0.000000;0.000000;36.801627
1119;52.000000;50.000000;26.000000;42.583741;0.000000;0.000000;0.000000;0.000000;0.000000;42.583741
1120;52.000000;50.000000;30.000000;48.365855;0.000000;0.000000;0.000000;0.000000;0.000000;48.365855
1121;56.000000;-50.000000;-30.000000;-37.867397;0.000000;0.000000;0.000000;0.000000;0.000000;37.867397
1122;56.000000;-50.000000;-26.000000;-32.151744;0.000000;0.000000;0.000000;0.000000;0.000000;32.151744
1123;56.000000;-50.000000;-22.000000;-26.436091;0.000000;0.000000;0.000000;0.000000;0.000000;26.436091
1124;56.000000;-50.000000;-18.000000;-20.720438;0.000000;0.000000;0.000000;0.000000;0.000000;20.720438
1125;56.000000;-50.000000;-14.000000;-15.004785;0.000000;0.000000;0.000000;0.000000;0.000000;15.004785
1126;56.000000;-50.000000;-10.000000;-9.289132;0.000000;0.000000;0.000000;0.000000;0.000000;9.289132
1127;56.000000;-50.000000;-6.000000;-3.573479;0.000000;0.000000;0.000000;0.000000;0.000000;3.573479
1128;56.000000;-50.000000;-2.000000;2.142174;0.000000;0.000000;0.000000;0.000000;0.000000;2.142174
1129;56.000000;-50.000000;2.000000;7.857826;0.000000;0.000000;0.000000;0.000000;0.000000;7.857826
1130;56.000000;-50.000000;6.000000;13.573479;0.000000;0.000000;0.000000;0.000000;0.000000;13.573479
1131;56.000000;-50.000000;10.000000;19.289132;0.000000;0.000000;0.000000;0.000000;0.000000;19.289132
1132;56.000000;-50.000000;14.000000;25.004785;0.000000;0.000000;0.000000;0.000000;0.000000;25.004785
1133;56.000000;-50.000000;18.000000;30.720438;0.000000;0.000000;0.000000;0.000000;0.000000;30.720438
1134;56.000000;-50.000000;22.000000;36.436091;0.000000;0.000000;0.000000;0.000000;0.000000;36.436091
1135;56.000000;-50.000000;26.000000;42.151744;0.000000;0.000000;0.000000;0.000000;0.000000;42.151744
1136;56.000000;-50.000000;30.000000;47.867397;0.000000;0.000000;0.000000;0.000000;0.000000;47.867397
1137;56.000000;-46.000000;-30.000000;-37.867397;0.000000;0.000000;0.000000;0.000000;0.000000;37.867397
1138;56.000000;-46.000000;30.000000;47.867397;0.000000;0.000000;0.000000;0.000000;0.000000;47.867397
1139;56.000000;-42.000000;-30.000000;-37.867397;0.000000;0.000000;0.000000;0.000000;0.000000;37.867397
1140;56.000000;-42.000000;30.000000;47.867397;0.000000;0.000000;0.000000;0.000000;0.000000;47.867397
1141;56.000000;-38.000000;-30.000000;-37.867397;0.000000;0.000000;0.000000;0.000000;0.000000;37.867397
1142;56.000000;-38.000000;30.000000;47.867397;0.000000;0.000000;0.000000;0.000000;0.000000;47.867397
1143;56.000000;-34.000000;-30.000000;-37.867397;0.000000;0.000000;0.000000;0.000000;0.000000;37.867397
1144;56.000000;-34.000000;30.000000;47.867397;0.000000;0.000000;0.000000;0.000000;0.000000;47.867397
1145;56.000000;-30.000000;-30.000000;-37.867397;0.000000;0.000000;0.000000;0.000000;0.000000;37.867397
1146;56.000000;-30.000000;30.000000;47.867397;0.000000;0.000000;0.000000;0.000000;0.000000;47.867397
1147;56.000000;-26.000000;-30.000000;-37.867397;0.000000;0.000000;0.000000;0.000000;0.000000;37.867397
1148;56.000000;-26.000000;30.000000;47.867397;0.000000;0.000000;0.000000;0.000000;0.000000;47.867397
1149;56.000000;-22.000000;-30.000000;-37.867397;0.000000;0.000000;0.000000;0.000000;0.000000;37.867397
1150;56.000000;-22.000000;30.000000;47.867397;0.000000;0.000000;0.000000;0.000000;0.000000;47.867397
1151;56.000000;-18.000000;-30.000000;-37.867397;0.000000;0.000000;0.000000;0.000000;0.000000;37.867397
1152;56.000000;-18.000000;30.000000;47.867397;0.000000;0.000000;0.000000;0.000000;0.000000;47.867397
1153;56.000000;-14.000000;-30.000000;-37.867397;0.000000;0.000000;0.000000;0.000000;0.000000;37.867397
1154;56.000000;-14.000000;30.000000;47.867397;0.000000;0.000000;0.000000;0.000000;0.000000;47.867397
1155;56.000000;-10.000000;-30.000000;-37.867397;0.000000;0.000000;0.000000;0.000000;0.000000;37.867397
1156;56.000000;-10.000000;30.000000;47.867397;0.000000;0.000000;0.000000;0.000000;0.000000;47.867397
1157;56.000000;-6.000000;-30.000000;-37.867397;0.000000;0.000000;0.000000;0.000000;0.000000;37.867397
1158;56.000000;-6.000000;30.000000;47.867397;0.000000;0.000000;0.000000;0.000000;0.000000;47.867397
1159;56.000000;-2.000000;-30.000000;-37.867397;0.000000;0.000000;0.000000;0.000000;0.000000;37.867397
1160;56.000000;-2.000000;30.000000;47.867397;0.000000;0.000000;0.000000;0.000000;0.000000;47.867397
1161;56.000000;2.000000;-30.000000;-37.867397;0.000000;0.000000;0.000000;0.000000;0.000000;37.867397
1162;56.000000;2.000000;30.000000;47.867397;0.000000;0.000000;0.000000;0.000000;0.000000;47.867397
1163;56.000000;6.000000;-30.000000;-37.867397;0.000000;0.000000;0.000000;0.000000;0.000000;37.867397
1164;56.000000;6.000000;30.000000;47.867397;0.000000;0.000000;0.000000;0.000000;0.000000;47.867397
1165;56.000000;10.000000;-30.000000;-37.867397;0.000000;0.000000;0.000000;0.000000;0.000000;37.867397
1166;56.000000;10.000000;30.000000;47.867397;0.000000;0.000000;0.000000;0.000000;0.000000;47.867397
1167;56.000000;14.000000;-30.000000;-37.867397;0.000000;0.000000;0.000000;0.000000;0.000000;37.867397
1168;56.000000;14.000000;30.000000;47.867397;0.000000;0.000000;0.000000;0.000000;0.000000;47.867397
1169;56.000000;18.000000;-30.000000;-37.867397;0.000000;0.000000;0.000000;0.000000;0.000000;37.867397
1170;56.000000;18.000000;30.000000;47.867397;0.000000;0.000000;0.000000;0.000000;0.000000;47.867397
1171;56.000000;22.000000;-30.000000;-37.867397;0.000000;0.000000;0.000000;0.000000;0.000000;37.867397
1172;56.000000;22.000000;30.000000;47.867397;0.000000;0.000000;0.000000;0.000000;0.000000;47.867397
1173;56.000000;26.000000;-30.000000;-37.867397;0.000000;0.000000;0.000000;0.000000;0.000000;37.867397
1174;56.000000;26.000000;30.000000;47.867397;0.000000;0.000000;0.000000;0.000000;0.000000;47.867397
1175;56.000000;30.000000;-30.000000;-37.867397;0.000000;0.000000;0.000000;0.000000;0.000000;37.867397
1176;56.000000;30.000000;30.000000;47.867397;0.000000;0.000000;0.000000;0.000000;0.000000;47.867397
1177;56.000000;34.000000;-30.000000;-37.867397;0.000000;0.000000;0.000000;0.000000;0.000000;37.867397
1178;56.000000;34.000000;30.000000;47.867397;0.000000;0.000000;0.000000;0.000000;0.000000;47.867397
1179;56.000000;38.000000;-30.000000;-37.867397;0.000000;0.000000;0.000000;0.000000;0.000000;37.867397
1180;56.000000;38.000000;30.000000;47.867397;0.000000;0.000000;0.000000;0.000000;0.000000;47.867397
1181;56.000000;42.000000;-30.000000;-37.867397;0.000000;0.000000;0.000000;0.000000;0.000000;37.867397
1182;56.000000;42.000000;30.000000;47.867397;0.000000;0.000000;0.000000;0.000000;0.000000;47.867397
1183;56.000000;46.000000;-30.000000;-37.867397;0.000000;0.000000;0.000000;0.000000;0.000000;37.867397
1184;56.000000;46.000000;30.000000;47.867397;0.000000;0.000000;0.000000;0.000000;0.000000;47.867397
1185;56.000000;50.000000;-30.000000;-37.867397;0.000000;0.000000;0.000000;0.000000;0.000000;37.867397
1186;56.000000;50.000000;-26.000000;-32.151744;0.000000;0.000000;0.000000;0.000000;0.000000;32.151744
1187;56.000000;50.000000;-22.000000;-26.436091;0.000000;0.000000;0.000000;0.000000;0.000000;26.436091
1188;56.000000;50.000000;-18.000000;-20.720438;0.000000;0.000000;0.000000;0.000000;0.000000;20.720438
1189;56.000000;50.000000;-14.000000;-15.004785;0.000000;0.000000;0.000000;0.000000;0.000000;15.004785
1190;56.000000;50.000000;-10.000000;-9.289132;0.000000;0.000000;0.000000;0.000000;0.000000;9.289132
1191;56.000000;50.000000;-6.000000;-3.573479;0.000000;0.000000;0.000000;0.000000;0.000000;3.573479
1192;56.000000;50.000000;-2.000000;2.142174;0.000000;0.000000;0.000000;0.000000;0.000000;2.142174
1193;56.000000;50.000000;2.000000;7.857826;0.000000;0.000000;0.000000;0.000000;0.000000;7.857826
1194;56.000000;50.000000;6.000000;13.573479;0.000000;0.000000;0.000000;0.000000;0.000000;13.573479
1195;56.000000;50.000000;10.000000;19.289132;0.000000;0.000000;0.000000;0.000000;0.000000;19.289132
1196;56.000000;50.000000;14.000000;25.004785;0.000000;0.000000;0.000000;0.000000;0.000000;25.004785
1197;56.000000;50.000000;18.000000;30.720438;0.000000;0.000000;0.000000;0.000000;0.000000;30.720438
1198;56.000000;50.000000;22.000000;36.436091;0.000000;0.000000;0.000000;0.000000;0.000000;36.436091
1199;56.000000;50.000000;26.000000;42.151744;0.000000;0.000000;0.000000;0.000000;0.000000;42.151744
1200;56.000000;50.000000;30.000000;47.867397;0.000000;0.000000;0.000000;0.000000;0.000000;47.867397
1201;60.000000;-50.000000;-30.000000;-37.368939;0.000000;0.000000;0.000000;0.000000;0.000000;37.368939
1202;60.000000;-50.000000;-26.000000;-31.719747;0.000000;0.000000;0.000000;0.000000;0.000000;31.719747
1203;60.000000;-50.000000;-22.000000;-26.070555;0.000000;0.000000;0.000000;0.000000;0.000000;26.070555
1204;60.000000;-50.000000;-18.000000;-20.421363;0.000000;0.000000;0.000000;0.000000;0.000000;20.421363
1205;60.000000;-50.000000;-14.000000;-14.772171;0.000000;0.000000;0.000000;0.000000;0.000000;14.772171
1206;60.000000;-50.000000;-10.000000;-9.122980;0.000000;0.000000;0.000000;0.000000;0.000000;9.122980
1207;60.000000;-50.000000;-6.000000;-3.473788;0.000000;0.000000;0.000000;0.000000;0.000000;3.473788
1208;60.000000;-50.000000;-2.000000;2.175404;0.000000;0.000000;0.000000;0.000000;0.000000;2.175404
1209;60.000000;-50.000000;2.000000;7.824596;0.000000;0.000000;0.000000;0.000000;0.000000;7.824596
1210;60.000000;-50.000000;6.000000;13.473788;0.000000;0.000000;0.000000;0.000000;0.000000;13.473788
1211;60.000000;-50.000000;10.000000;19.122980;0.000000;0.000000;0.000000;0.000000;0.000000;19.122980
1212;60.000000;-50.000000;14.000000;24.772171;0.000000;0.000000;0.000000;0.000000;0.000000;24.772171
1213;60.000000;-50.000000;18.000000;30.421363;0.000000;0.000000;0.000000;0.000000;0.000000;30.421363
1214;60.000000;-50.000000;22.000000;36.070555;0.000000;0.000000;0.000000;0.000000;0.000000;36.070555
1215;60.000000;-50.000000;26.000000;41.719747;0.000000;0.000000;0.000000;0.000000;0.000000;41.719747
1216;60.000000;-50.000000;30.000000;47.368939;0.000000;0.000000;0.000000;0.000000;0.000000;47.368939
1217;60.000000;-46.000000;-30.000000;-37.368939;0.000000;0.000000;0.000000;0.000000;0.000000;37.368939
1218;60.000000;-46.000000;30.000000;47.368939;0.000000;0.000000;0.000000;0.000000;0.000000;47.368939
1219;60.000000;-42.000000;-30.000000;-37.368939;0.000000;0.000000;0.000000;0.000000;0.000000;37.368939
1220;60.000000;-42.000000;30.000000;47.368939;0.000000;0.000000;0.000000;0.000000;0.000000;47.368939
1221;60.000000;-38.000000;-30.000000;-37.368939;0.000000;0.000000;0.000000;0.000000;0.000000;37.368939
1222;60.000000;-38.000000;30.000000;47.368939;0.000000;0.000000;0.000000;0.000000;0.000000;47.368939
1223;60.000000;-34.000000;-30.000000;-37.368939;0.000000;0.000000;0.000000;0.000000;0.000000;37.368939
1224;60.000000;-34.000000;30.000000;47.368939;0.000000;0.000000;0.000000;0.000000;0.000000;47.368939
1225;60.000000;-30.000000;-30.000000;-37.368939;0.000000;0.000000;0.000000;0.000000;0.000000;37.368939
1226;60.000000;-30.000000;30.000000;47.368939;0.000000;0.000000;0.000000;0.000000;0.000000;47.368939
1227;60.000000;-26.000000;-30.000000;-37.368939;0.000000;0.000000;0.000000;0.000000;0.000000;37.368939
1228;60.000000;-26.000000;30.000000;47.368939;0.000000;0.000000;0.000000;0.000000;0.000000;47.368939
1229;60.000000;-22.000000;-30.000000;-37.368939;0.000000;0.000000;0.000000;0.000000;0.000000;37.368939
1230;60.000000;-22.000000;30.000000;47.368939;0.000000;0.000000;0.000000;0.000000;0.000000;47.368939
1231;60.000000;-18.000000;-30.000000;-37.368939;0.000000;0.000000;0.000000;0.000000;0.000000;37.368939
1232;60.000000;-18.000000;30.000000;47.368939;0.000000;0.000000;0.000000;0.000000;0.000000;47.368939
1233;60.000000;-14.000000;-30.000000;-37.368939;0.000000;0.000000;0.000000;0.000000;0.000000;37.368939
1234;60.000000;-14.000000;30.000000;47.368939;0.000000;0.000000;0.000000;0.000000;0.000000;47.368939
1235;60.000000;-10.000000;-30.000000;-37.368939;0.000000;0.000000;0.000000;0.000000;0.000000;37.368939
1236;60.000000;-10.000000;30.000000;47.368939;0.000000;0.000000;0.000000;0.000000;0.000000;47.368939
1237;60.000000;-6.000000;-30.000000;-37.368939;0.000000;0.000000;0.000000;0.000000;0.000000;37.368939
1238;60.000000;-6.000000;30.000000;47.368939;0.000000;0.000000;0.000000;0.000000;0.000000;47.368939
1239;60.000000;-2.000000;-30.000000;-37.368939;0.000000;0.000000;0.000000;0.000000;0.000000;37.368939
1240;60.000000;-2.000000;30.000000;47.368939;0.000000;0.000000;0.000000;0.000000;0.000000;47.368939
1241;60.000000;2.000000;-30.000000;-37.368939;0.000000;0.000000;0.000000;0.000000;0.000000;37.368939
1242;60.000000;2.000000;30.000000;47.368939;0.000000;0.000000;0.000000;0.000000;0.000000;47.368939
1243;60.000000;6.000000;-30.000000;-37.368939;0.000000;0.000000;0.000000;0.000000;0.000000;37.368939
1244;60.000000;6.000000;30.000000;47.368939;0.000000;0.000000;0.000000;0.000000;0.000000;47.368939
1245;60.000000;10.000000;-30.000000;-37.368939;0.000000;0.000000;0.000000;0.000000;0.000000;37.368939
1246;60.000000;10.000000;30.000000;47.368939;0.000000;0.000000;0.000000;0.000000;0.000000;47.368939
1247;60.000000;14.000000;-30.000000;-37.368939;0.000000;0.000000;0.000000;0.000000;0.000000;37.368939
1248;60.000000;14.000000;30.000000;47.368939;0.000000;0.000000;0.000000;0.000000;0.000000;47.368939
1249;60.000000;18.000000;-30.000000;-37.368939;0.000000;0.000000;0.000000;0.000000;0.000000;37.368939
1250;60.000000;18.000000;30.000000;47.368939;0.000000;0.000000;0.000000;0.000000;0.000000;47.368939
1251;60.000000;22.000000;-30.000000;-37.368939;0.000000;0.000000;0.000000;0.000000;0.000000;37.368939
1252;60.000000;22.000000;30.000000;47.368939;0.000000;0.000000;0.000000;0.000000;0.000000;47.368939
1253;60.000000;26.000000;-30.000000;-37.368939;0.000000;0.000000;0.000000;0.000000;0.000000;37.368939
1254;60.000000;26.000000;30.000000;47.368939;0.000000;0.000000;0.000000;0.000000;0.000000;47.368939
1255;60.000000;30.000000;-30.000000;-37.368939;0.000000;0.000000;0.000000;0.000000;0.000000;37.368939
1256;60.000000;30.000000;30.000000;47.368939;0.000000;0.000000;0.000000;0.000000;0.000000;47.368939
1257;60.000000;34.000000;-30.000000;-37.368939;0.000000;0.000000;0.000000;0.000000;0.000000;37.368939
1258;60.000000;34.000000;30.000000;47.368939;0.000000;0.000000;0.000000;0.000000;0.000000;47.368939
1259;60.000000;38.000000;-30.000000;-37.368939;0.000000;0.000000;0.000000;0.000000;0.000000;37.368939
1260;60.000000;38.000000;30.000000;47.368939;0.000000;0.000000;0.000000;0.000000;0.000000;47.368939
1261;60.000000;42.000000;-30.000000;-37.368939;0.000000;0.000000;0.000000;0.000000;0.000000;37.368939
1262;60.000000;42.000000;30.000000;47.368939;0.000000;0.000000;0.000000;0.000000;0.000000;47.368939
1263;60.000000;46.000000;-30.000000;-37.368939;0.000000;0.000000;0.000000;0.000000;0.000000;37.368939
1264;60.000000;46.000000;30.000000;47.368939;0.000000;0.000000;0.000000;0.000000;0.000000;47.368939
1265;60.000000;50.000000;-30.000000;-37.368939;0.000000;0.000000;0.000000;0.000000;0.000000;37.368939
1266;60.000000;50.000000;-26.000000;-31.719747;0.000000;0.000000;0.000000;0.000000;0.000000;31.719747
1267;60.000000;50.000000;-22.000000;-26.070555;0.000000;0.000000;0.000000;0.000000;0.000000;26.070555
1268;60.000000;50.000000;-18.000000;-20.421363;0.000000;0.000000;0.000000;0.000000;0.000000;20.421363
1269;60.000000;50.000000;-14.000000;-14.772171;0.000000;0.000000;0.000000;0.000000;0.000000;14.772171
1270;60.000000;50.000000;-10.000000;-9.122980;0.000000;0.000000;0.000000;0.000000;0.000000;9.122980
1271;60.000000;50.000000;-6.000000;-3.473788;0.000000;0.000000;0.000000;0.000000;0.000000;3.473788
1272;60.000000;50.000000;-2.000000;2.175404;0.000000;0.000000;0.000000;0.000000;0.000000;2.175404
1273;60.000000;50.000000;2.000000;7.824596;0.000000;0.000000;0.000000;0.000000;0.000000;7.824596
1274;60.000000;50.000000;6.000000;13.473788;0.000000;0.000000;0.000000;0.000000;0.000000;13.473788
1275;60.000000;50.000000;10.000000;19.122980;0.000000;0.000000;0.000000;0.000000;0.000000;19.122980
1276;60.000000;50.000000;14.000000;24.772171;0.000000;0.000000;0.000000;0.000000;0.000000;24.772171
1277;60.000000;50.000000;18.000000;30.421363;0.000000;0.000000;0.000000;0.000000;0.000000;30.421363
1278;60.000000;50.000000;22.000000;36.070555;0.000000;0.000000;0.000000;0.000000;0.000000;36.070555
1279;60.000000;50.000000;26.000000;41.719747;0.000000;0.000000;0.000000;0.000000;0.000000;41.719747
1280;60.000000;50.000000;30.000000;47.368939;0.000000;0.000000;0.000000;0.000000;0.000000;47.368939
1281;64.000000;-50.000000;-30.000000;-36.870481;0.000000;0.000000;0.000000;0.000000;0.000000;36.870481
1282;64.000000;-50.000000;-26.000000;-31.287750;0.000000;0.000000;0.000000;0.000000;0.000000;31.287750
1283;64.000000;-50.000000;-22.000000;-25.705019;0.000000;0.000000;0.000000;0.000000;0.000000;25.705019
1284;64.000000;-50.000000;-18.000000;-20.122288;0.000000;0.000000;0.000000;0.000000;0.000000;20.122288
1285;64.000000;-50.000000;-14.000000;-14.539558;0.000000;0.000000;0.000000;0.000000;0.000000;14.539558
1286;64.000000;-50.000000;-10.000000;-8.956827;0.000000;0.000000;0.000000;0.000000;0.000000;8.956827
1287;64.000000;-50.000000;-6.000000;-3.374096;0.000000;0.000000;0.000000;0.000000;0.000000;3.374096
1288;64.000000;-50.000000;-2.000000;2.208635;0.000000;0.000000;0.000000;0.000000;0.000000;2.208635
1289;64.000000;-50.000000;2.000000;7.791365;0.000000;0.000000;0.000000;0.000000;0.000000;7.791365
1290;64.000000;-50.000000;6.000000;13.374096;0.000000;0.000000;0.000000;0.000000;0.000000;13.374096
1291;64.000000;-50.000000;10.000000;18.956827;0.000000;0.000000;0.000000;0.000000;0.000000;18.956827
1292;64.000000;-50.000000;14.000000;24.539558;0.000000;0.000000;0.000000;0.000000;0.000000;24.539558
1293;64.000000;-50.000000;18.000000;30.122288;0.000000;0.000000;0.000000;0.000000;0.000000;30.122288
1294;64.000000;-50.000000;22.000000;35.705019;0.000000;0.000000;0.000000;0.000000;0.000000;35.705019
1295;64.000000;-50.000000;26.000000;41.287750;0.000000;0.000000;0.000000;0.000000;0.000000;41.287750
1296;64.000000;-50.000000;30.000000;46.870481;0.000000;0.000000;0.000000;0.000000;0.000000;46.870481
1297;64.000000;-46.000000;-30.000000;-36.870481;0.000000;0.000000;0.000000;0.000000;0.000000;36.870481
1298;64.000000;-46.000000;30.000000;46.870481;0.000000;0.000000;0.000000;0.000000;0.000000;46.870481
1299;64.000000;-42.000000;-30.000000;-36.870481;0.000000;0.000000;0.000000;0.000000;0.000000;36.870481
1300;64.000000;-42.000000;30.000000;46.870481;0.000000;0.000000;0.000000;0.000000;0.000000;46.870481
1301;64.000000;-38.000000;-30.000000;-36.870481;0.000000;0.000000;0.000000;0.000000;0.000000;36.870481
1302;64.000000;-38.000000;30.000000;46.870481;0.000000;0.000000;0.000000;0.000000;0.000000;46.870481
1303;64.000000;-34.000000;-30.000000;-36.870481;0.000000;0.000000;0.000000;0.000000;0.000000;36.870481
1304;64.000000;-34.000000;30.000000;46.870481;0.000000;0.000000;0.000000;0.000000;0.000000;46.870481
1305;64.000000;-30.000000;-30.000000;-36.870481;0.000000;0.000000;0.000000;0.000000;0.000000;36.870481
1306;64.000000;-30.000000;30.000000;46.870481;0.000000;0.000000;0.000000;0.000000;0.000000;46.870481
1307;64.000000;-26.000000;-30.000000;-36.870481;0.000000;0.000000;0.000000;0.000000;0.000000;36.870481
1308;64.000000;-26.000000;30.000000;46.870481;0.000000;0.000000;0.000000;0.000000;0.000000;46.870481
1309;64.000000;-22.000000;-30.000000;-36.870481;0.000000;0.000000;0.000000;0.000000;0.000000;36.870481
1310;64.000000;-22.000000;30.000000;46.870481;0.000000;0.000000;0.000000;0.000000;0.000000;46.870481
1311;64.000000;-18.000000;-30.000000;-36.870481;0.000000;0.000000;0.000000;0.000000;0.000000;36.870481
1312;64.000000;-18.000000;30.000000;46.870481;0.000000;0.000000;0.000000;0.000000;0.000000;46.870481
1313;64.000000;-14.000000;-30.000000;-36.870481;0.000000;0.000000;0.000000;0.000000;0.000000;36.870481
1314;64.000000;-14.000000;30.000000;46.870481;0.000000;0.000000;0.000000;0.000000;0.000000;46.870481
1315;64.000000;-10.000000;-30.000000;-36.870481;0.000000;0.000000;0.000000;0.000000;0.000000;36.870481
1316;64.000000;-10.000000;30.000000;46.870481;0.000000;0.000000;0.000000;0.000000;0.000000;46.870481
1317;64.000000;-6.000000;-30.000000;-36.870481;0.000000;0.000000;0.000000;0.000000;0.000000;36.870481
1318;64.000000;-6.000000;30.000000;46.870481;0.000000;0.000000;0.000000;0.000000;0.000000;46.870481
1319;64.000000;-2.000000;-30.000000;-36.870481;0.000000;0.000000;0.000000;0.000000;0.000000;36.870481
1320;64.000000;-2.000000;30.000000;46.870481;0.000000;0.000000;0.000000;0.000000;0.000000;46.870481
1321;64.000000;2.000000;-30.000000;-36.870481;0.000000;0.000000;0.000000;0.000000;0.000000;36.870481
1322;64.000000;2.000000;30.000000;46.870481;0.000000;0.000000;0.000000;0.000000;0.000000;46.870481
1323;64.000000;6.000000;-30.000000;-36.870481;0.000000;0.000000;0.000000;0.000000;0.000000;36.870481
1324;64.000000;6.000000;30.000000;46.870481;0.000000;0.000000;0.000000;0.000000;0.000000;46.870481
1325;64.000000;10.000000;-30.000000;-36.870481;0.000000;0.000000;0.000000;0.000000;0.000000;36.870481
1326;64.000000;10.000000;30.000000;46.870481;0.000000;0.000000;0.000000;0.000000;0.000000;46.870481
1327;64.000000;14.000000;-30.000000;-36.870481;0.000000;0.000000;0.000000;0.000000;0.000000;36.870481
1328;64.000000;14.000000;30.000000;46.870481;0.000000;0.000000;0.000000;0.000000;0.000000;46.870481
1329;64.000000;18.000000;-30.000000;-36.870481;0.000000;0.000000;0.000000;0.000000;0.000000;36.870481
1330;64.000000;18.000000;30.000000;46.870481;0.000000;0.000000;0.000000;0.000000;0.000000;46.870481
1331;64.000000;22.000000;-30.000000;-36.870481;0.000000;0.000000;0.000000;0.000000;0.000000;36.870481
1332;64.000000;22.000000;30.000000;46.870481;0.000000;0.000000;0.000000;0.000000;0.000000;46.870481
1333;64.000000;26.000000;-30.000000;-36.870481;0.000000;0.000000;0.000000;0.000000;0.000000;36.870481
1334;64.000000;26.000000;30.000000;46.870481;0.000000;0.000000;0.000000;0.000000;0.000000;46.870481
1335;64.000000;30.000000;-30.000000;-36.870481;0.000000;0.000000;0.000000;0.000000;0.000000;36.870481
1336;64.000000;30.000000;30.000000;46.870481;0.000000;0.000000;0.000000;0.000000;0.000000;46.870481
1337;64.000000;34.000000;-30.000000;-36.870481;0.000000;0.000000;0.000000;0.000000;0.000000;36.870481
1338;64.000000;34.000000;30.000000;46.870481;0.000000;0.000000;0.000000;0.000000;0.000000;46.870481
1339;64.000000;38.000000;-30.000000;-36.870481;0.000000;0.000000;0.000000;0.000000;0.000000;36.870481
1340;64.000000;38.000000;30.000000;46.870481;0.000000;0.000000;0.000000;0.000000;0.000000;46.870481
1341;64.000000;42.000000;-30.000000;-36.870481;0.000000;0.000000;0.000000;0.000000;0.000000;36.870481
1342;64.000000;42.000000;30.000000;46.870481;0.000000;0.000000;0.000000;0.000000;0.000000;46.870481
1343;64.000000;46.000000;-30.000000;-36.870481;0.000000;0.000000;0.000000;0.000000;0.000000;36.870481
1344;64.000000;46.000000;30.000000;46.870481;0.000000;0.000000;0.000000;0.000000;0.000000;46.870481
1345;64.000000;50.000000;-30.000000;-36.870481;0.000000;0.000000;0.000000;0.000000;0.000000;36.870481
1346;64.000000;50.000000;-26.000000;-31.287750;0.000000;0.000000;0.000000;0.000000;0.000000;31.287750
1347;64.000000;50.000000;-22.000000;-25.705019;0.000000;0.000000;0.000000;0.000000;0.000000;25.705019
1348;64.000000;50.000000;-18.000000;-20.122288;0.000000;0.000000;0.000000;0.000000;0.000000;20.122288
1349;64.000000;50.000000;-14.000000;-14.539558;0.000000;0.000000;0.000000;0.000000;0.000000;14.539558
1350;64.000000;50.000000;-10.000000;-8.956827;0.000000;0.000000;0.000000;0.000000;0.000000;8.956827
1351;64.000000;50.000000;-6.000000;-3.374096;0.000000;0.000000;0.000000;0.000000;0.000000;3.374096
1352;64.000000;50.000000;-2.000000;2.208635;0.000000;0.000000;0.000000;0.000000;0.000000;2.208635
1353;64.000000;50.000000;2.000000;7.791365;0.000000;0.000000;0.000000;0.000000;0.000000;7.791365
1354;64.000000;50.000000;6.000000;13.374096;0.000000;0.000000;0.000000;0.000000;0.000000;13.374096
1355;64.000000;50.000000;10.000000;18.956827;0.000000;0.000000;0.000000;0.000000;0.000000;18.956827
1356;64.000000;50.000000;14.000000;24.539558;0.000000;0.000000;0.000000;0.000000;0.000000;24.539558
1357;64.000000;50.000000;18.000000;30.122288;0.000000;0.000000;0.000000;0.000000;0.000000;30.122288
1358;64.000000;50.000000;22.000000;35.705019;0.000000;0.000000;0.000000;0.000000;0.000000;35.705019
1359;64.000000;50.000000;26.000000;41.287750;0.000000;0.000000;0.000000;0.000000;0.000000;41.287750
1360;64.000000;50.000000;30.000000;46.870481;0.000000;0.000000;0.000000;0.000000;0.000000;46.870481
1361;68.000000;-50.000000;-30.000000;-36.372023;0.000000;0.000000;0.000000;0.000000;0.000000;36.372023
1362;68.000000;-50.000000;-26.000000;-30.855753;0.000000;0.000000;0.000000;0.000000;0.000000;30.855753
1363;68.000000;-50.000000;-22.000000;-25.339483;0.000000;0.000000;0.000000;0.000000;0.000000;25.339483
1364;68.000000;-50.000000;-18.000000;-19.823214;0.000000;0.000000;0.000000;0.000000;0.000000;19.823214
1365;68.000000;-50.000000;-14.000000;-14.306944;0.000000;0.000000;0.000000;0.000000;0.000000;14.306944
1366;68.000000;-50.000000;-10.000000;-8.790674;0.000000;0.000000;0.000000;0.000000;0.000000;8.790674
1367;68.000000;-50.000000;-6.000000;-3.274405;0.000000;0.000000;0.000000;0.000000;0.000000;3.274405
1368;68.000000;-50.000000;-2.000000;2.241865;0.000000;0.000000;0.000000;0.000000;0.000000;2.241865
1369;68.000000;-50.000000;2.000000;7.758135;0.000000;0.000000;0.000000;0.000000;0.000000;7.758135
1370;68.000000;-50.000000;6.000000;13.274405;0.000000;0.000000;0.000000;0.000000;0.000000;13.274405
1371;68.000000;-50.000000;10.000000;18.790674;0.000000;0.000000;0.000000;0.000000;0.000000;18.790674
1372;68.000000;-50.000000;14.000000;24.306944;0.000000;0.000000;0.000000;0.000000;0.000000;24.306944
1373;68.000000;-50.000000;18.000000;29.823214;0.000000;0.000000;0.000000;0.000000;0.000000;29.823214
1374;68.000000;-50.000000;22.000000;35.339483;0.000000;0.000000;0.000000;0.000000;0.000000;35.339483
1375;68.000000;-50.000000;26.000000;40.855753;0.000000;0.000000;0.000000;0.000000;0.000000;40.855753
1376;68.000000;-50.000000;30.000000;46.372023;0.000000;0.000000;0.000000;0.000000;0.000000;46.372023
1377;68.000000;-46.000000;-30.000000;-36.372023;0.000000;0.000000;0.000000;0.000000;0.000000;36.372023
1378;68.000000;-46.000000;30.000000;46.372023;0.000000;0.000000;0.000000;0.000000;0.000000;46.372023
1379;68.000000;-42.000000;-30.000000;-36.372023;0.000000;0.000000;0.000000;0.000000;0.000000;36.372023
1380;68.000000;-42.000000;30.000000;46.372023;0.000000;0.000000;0.000000;0.000000;0.000000;46.372023
1381;68.000000;-38.000000;-30.000000;-36.372023;0.000000;0.000000;0.000000;0.000000;0.000000;36.372023
1382;68.000000;-38.000000;30.000000;46.372023;0.000000;0.000000;0.000000;0.000000;0.000000;46.372023
1383;68.000000;-34.000000;-30.000000;-36.372023;0.000000;0.000000;0.000000;0.000000;0.000000;36.372023
1384;68.000000;-34.000000;30.000000;46.372023;0.000000;0.000000;0.000000;0.000000;0.000000;46.372023
1385;68.000000;-30.000000;-30.000000;-36.372023;0.000000;0.000000;0.000000;0.000000;0.000000;36.372023
1386;68.000000;-30.000000;30.000000;46.372023;0.000000;0.000000;0.000000;0.000000;0.000000;46.372023
1387;68.000000;-26.000000;-30.000000;-36.372023;0.000000;0.000000;0.000000;0.000000;0.000000;36.372023
1388;68.000000;-26.000000;30.000000;46.372023;0.000000;0.000000;0.000000;0.000000;0.000000;46.372023
1389;68.000000;-22.000000;-30.000000;-36.372023;0.000000;0.000000;0.000000;0.000000;0.000000;36.372023
1390;68.000000;-22.000000;30.000000;46.372023;0.000000;0.000000;0.000000;0.000000;0.000000;46.372023
1391;68.000000;-18.000000;-30.000000;-36.372023;0.000000;0.000000;0.000000;0.000000;0.000000;36.372023
1392;68.000000;-18.000000;30.000000;46.372023;0.000000;0.000000;0.000000;0.000000;0.000000;46.372023
1393;68.000000;-14.000000;-30.000000;-36.372023;0.000000;0.000000;0.000000;0.000000;0.000000;36.372023
1394;68.000000;-14.000000;30.000000;46.372023;0.000000;0.000000;0.000000;0.000000;0.000000;46.372023
1395;68.000000;-10.000000;-30.000000;-36.372023;0.000000;0.000000;0.000000;0.000000;0.000000;36.372023
1396;68.000000;-10.000000;30.000000;46.372023;0.000000;0.000000;0.000000;0.000000;0.000000;46.372023
1397;68.000000;-6.000000;-30.000000;-36.372023;0.000000;0.000000;0.000000;0.000000;0.000000;36.372023
1398;68.000000;-6.000000;30.000000;46.372023;0.000000;0.000000;0.000000;0.000000;0.000000;46.372023
1399;68.000000;-2.000000;-30.000000;-36.372023;0.000000;0.000000;0.000000;0.000000;0.000000;36.372023
1400;68.000000;-2.000000;30.000000;46.372023;0.000000;0.000000;0.000000;0.000000;0.000000;46.372023
1401;68.000000;2.000000;-30.000000;-36.372023;0.000000;0.000000;0.000000;0.000000;0.000000;36.372023
1402;68.000000;2.000000;30.000000;46.372023;0.000000;0.000000;0.000000;0.000000;0.000000;46.372023
1403;68.000000;6.000000;-30.000000;-36.372023;0.000000;0.000000;0.000000;0.000000;0.000000;36.372023
1404;68.000000;6.000000;30.000000;46.372023;0.000000;0.000000;0.000000;0.000000;0.000000;46.372023
1405;68.000000;10.000000;-30.000000;-36.372023;0.000000;0.000000;0.000000;0.000000;0.000000;36.372023
1406;68.000000;10.000000;30.000000;46.372023;0.000000;0.000000;0.000000;0.000000;0.000000;46.372023
1407;68.000000;14.000000;-30.000000;-36.372023;0.000000;0.000000;0.000000;0.000000;0.000000;36.372023
1408;68.000000;14.000000;30.000000;46.372023;0.000000;0.000000;0.000000;0.000000;0.000000;46.372023
1409;68.000000;18.000000;-30.000000;-36.372023;0.000000;0.000000;0.000000;0.000000;0.000000;36.372023
1410;68.000000;18.000000;30.000000;46.372023;0.000000;0.000000;0.000000;0.000000;0.000000;46.372023
1411;68.000000;22.000000;-30.000000;-36.372023;0.000000;0.000000;0.000000;0.000000;0.000000;36.372023
1412;68.000000;22.000000;30.000000;46.372023;0.000000;0.000000;0.000000;0.000000;0.000000;46.372023
1413;68.000000;26.000000;-30.000000;-36.372023;0.000000;0.000000;0.000000;0.000000;0.000000;36.372023
1414;68.000000;26.000000;30.000000;46.372023;0.000000;0.000000;0.000000;0.000000;0.000000;46.372023
1415;68.000000;30.000000;-30.000000;-36.372023;0.000000;0.000000;0.000000;0.000000;0.000000;36.372023
1416;68.000000;30.000000;30.000000;46.372023;0.000000;0.000000;0.000000;0.000000;0.000000;46.372023
1417;68.000000;34.000000;-30.000000;-36.372023;0.000000;0.000000;0.000000;0.000000;0.000000;36.372023
1418;68.000000;34.000000;30.000000;46.372023;0.000000;0.000000;0.000000;0.000000;0.000000;46.372023
1419;68.000000;38.000000;-30.000000;-36.372023;0.000000;0.000000;0.000000;0.000000;0.000000;36.372023
1420;68.000000;38.000000;30.000000;46.372023;0.000000;0.000000;0.000000;0.000000;0.000000;46.372023
1421;68.000000;42.000000;-30.000000;-36.372023;0.000000;0.000000;0.000000;0.000000;0.000000;36.372023
1422;68.000000;42.000000;30.000000;46.372023;0.000000;0.000000;0.000000;0.000000;0.000000;46.372023
1423;68.000000;46.000000;-30.000000;-36.372023;0.000000;0.000000;0.000000;0.000000;0.000000;36.372023
1424;68.000000;46.000000;30.000000;46.372023;0.000000;0.000000;0.000000;0.000000;0.000000;46.372023
1425;68.000000;50.000000;-30.000000;-36.372023;0.000000;0.000000;0.000000;0.000000;0.000000;36.372023
1426;68.000000;50.000000;-26.000000;-30.855753;0.000000;0.000000;0.000000;0.000000;0.000000;30.855753
1427;68.000000;50.000000;-22.000000;-25.339483;0.000000;0.000000;0.000000;0.000000;0.000000;25.339483
1428;68.000000;50.000000;-18.000000;-19.823214;0.000000;0.000000;0.000000;0.000000;0.000000;19.823214
1429;68.000000;50.000000;-14.000000;-14.306944;0.000000;0.000000;0.000000;0.000000;0.000000;14.306944
1430;68.000000;50.000000;-10.000000;-8.790674;0.000000;0.000000;0.000000;0.000000;0.000000;8.790674
1431;68.000000;50.000000;-6.000000;-3.274405;0.000000;0.000000;0.000000;0.000000;0.000000;3.274405
1432;68.000000;50.000000;-2.000000;2.241865;0.000000;0.000000;0.000000;0.000000;0.000000;2.241865
1433;68.000000;50.000000;2.000000;7.758135;0.000000;0.000000;0.000000;0.000000;0.000000;7.758135
1434;68.000000;50.000000;6.000000;13.274405;0.000000;0.000000;0.000000;0.000000;0.000000;13.274405
1435;68.000000;50.000000;10.000000;18.790674;0.000000;0.000000;0.000000;0.000000;0.000000;18.790674
1436;68.000000;50.000000;14.000000;24.306944;0.000000;0.000000;0.000000;0.000000;0.000000;24.306944
1437;68.000000;50.000000;18.000000;29.823214;0.000000;0.000000;0.000000;0.000000;0.000000;29.823214
1438;68.000000;50.000000;22.000000;35.339483;0.000000;0.000000;0.000000;0.000000;0.000000;35.339483
1439;68.000000;50.000000;26.000000;40.855753;0.000000;0.000000;0.000000;0.000000;0.000000;40.855753
1440;68.000000;50.000000;30.000000;46.372023;0.000000;0.000000;0.000000;0.000000;0.000000;46.372023
1441;72.000000;-50.000000;-30.000000;-35.873564;0.000000;0.000000;0.000000;0.000000;0.000000;35.873564
1442;72.000000;-50.000000;-26.000000;-30.423756;0.000000;0.000000;0.000000;0.000000;0.000000;30.423756
1443;72.000000;-50.000000;-22.000000;-24.973947;0.000000;0.000000;0.000000;0.000000;0.000000;24.973947
1444;72.000000;-50.000000;-18.000000;-19.524139;0.000000;0.000000;0.000000;0.000000;0.000000;19.524139
1445;72.000000;-50.000000;-14.000000;-14.074330;0.000000;0.000000;0.000000;0.000000;0.000000;14.074330
1446;72.000000;-50.000000;-10.000000;-8.624521;0.000000;0.000000;0.000000;0.000000;0.000000;8.624521
1447;72.000000;-50.000000;-6.000000;-3.174713;0.000000;0.000000;0.000000;0.000000;0.000000;3.174713
1448;72.000000;-50.000000;-2.000000;2.275096;0.000000;0.000000;0.000000;0.000000;0.000000;2.275096
1449;72.000000;-50.000000;2.000000;7.724904;0.000000;0.000000;0.000000;0.000000;0.000000;7.724904
1450;72.000000;-50.000000;6.000000;13.174713;0.000000;0.000000;0.000000;0.000000;0.000000;13.174713
1451;72.000000;-50.000000;10.000000;18.624521;0.000000;0.000000;0.000000;0.000000;0.000000;18.624521
1452;72.000000;-50.000000;14.000000;24.074330;0.000000;0.000000;0.000000;0.000000;0.000000;24.074330
1453;72.000000;-50.000000;18.000000;29.524139;0.000000;0.000000;0.000000;0.000000;0.000000;29.524139
1454;72.000000;-50.000000;22.000000;34.973947;0.000000;0.000000;0.000000;0.000000;0.000000;34.973947
1455;72.000000;-50.000000;26.000000;40.423756;0.000000;0.000000;0.000000;0.000000;0.000000;40.423756
1456;72.000000;-50.000000;30.000000;45.873564;0.000000;0.000000;0.000000;0.000000;0.000000;45.873564
1457;72.000000;-46.000000;-30.000000;-35.873564;0.000000;0.000000;0.000000;0.000000;0.000000;35.873564
1458;72.000000;-46.000000;30.000000;45.873564;0.000000;0.000000;0.000000;0.000000;0.000000;45.873564
1459;72.000000;-42.000000;-30.000000;-35.873564;0.000000;0.000000;0.000000;0.000000;0.000000;35.873564
1460;72.000000;-42.000000;30.000000;45.873564;0.000000;0.000000;0.000000;0.000000;0.000000;45.873564
1461;72.000000;-38.000000;-30.000000;-35.873564;0.000000;0.000000;0.000000;0.000000;0.000000;35.873564
1462;72.000000;-38.000000;30.000000;45.873564;0.000000;0.000000;0.000000;0.000000;0.000000;45.873564
1463;72.000000;-34.000000;-30.000000;-35.873564;0.000000;0.000000;0.000000;0.000000;0.000000;35.873564
1464;72.000000;-34.000000;30.000000;45.873564;0.000000;0.000000;0.000000;0.000000;0.000000;45.873564
1465;72.000000;-30.000000;-30.000000;-35.873564;0.000000;0.000000;0.000000;0.000000;0.000000;35.873564
1466;72.000000;-30.000000;30.000000;45.873564;0.000000;0.000000;0.000000;0.000000;0.000000;45.873564
1467;72.000000;-26.000000;-30.000000;-35.873564;0.000000;0.000000;0.000000;0.000000;0.000000;35.873564
1468;72.000000;-26.000000;30.000000;45.873564;0.000000;0.000000;0.000000;0.000000;0.000000;45.873564
1469;72.000000;-22.000000;-30.000000;-35.873564;0.000000;0.000000;0.000000;0.000000;0.000000;35.873564
1470;72.000000;-22.000000;30.000000;45.873564;0.000000;0.000000;0.000000;0.000000;0.000000;45.873564
1471;72.000000;-18.000000;-30.000000;-35.873564;0.000000;0.000000;0.000000;0.000000;0.000000;35.873564
1472;72.000000;-18.000000;30.000000;45.873564;0.000000;0.000000;0.000000;0.000000;0.000000;45.873564
1473;72.000000;-14.000000;-30.000000;-35.873564;0.000000;0.000000;0.000000;0.000000;0.000000;35.873564
1474;72.000000;-14.000000;30.000000;45.873564;0.000000;0.000000;0.000000;0.000000;0.000000;45.873564
1475;72.000000;-10.000000;-30.000000;-35.873564;0.000000;0.000000;0.000000;0.000000;0.000000;35.873564
1476;72.000000;-10.000000;30.000000;45.873564;0.000000;0.000000;0.000000;0.000000;0.000000;45.873564
1477;72.000000;-6.000000;-30.000000;-35.873564;0.000000;0.000000;0.000000;0.000000;0.000000;35.873564
1478;72.000000;-6.000000;30.000000;45.873564;0.000000;0.000000;0.000000;0.000000;0.000000;45.873564
1479;72.000000;-2.000000;-30.000000;-35.873564;0.000000;0.000000;0.000000;0.000000;0.000000;35.873564
1480;72.000000;-2.000000;30.000000;45.873564;0.000000;0.000000;0.000000;0.000000;0.000000;45.873564
1481;72.000000;2.000000;-30.000000;-35.873564;0.000000;0.000000;0.000000;0.000000;0.000000;35.873564
1482;72.000000;2.000000;30.000000;45.873564;0.000000;0.000000;0.000000;0.000000;0.000000;45.873564
1483;72.000000;6.000000;-30.000000;-35.873564;0.000000;0.000000;0.000000;0.000000;0.000000;35.873564
1484;72.000000;6.000000;30.000000;45.873564;0.000000;0.000000;0.000000;0.000000;0.000000;45.873564
1485;72.000000;10.000000;-30.000000;-35.873564;0.000000;0.000000;0.000000;0.000000;0.000000;35.873564
1486;72.000000;10.000000;30.000000;45.873564;0.000000;0.000000;0.000000;0.000000;0.000000;45.873564
1487;72.000000;14.000000;-30.000000;-35.873564;0.000000;0.000000;0.000000;0.000000;0.000000;35.873564
1488;72.000000;14.000000;30.000000;45.873564;0.000000;0.000000;0.000000;0.000000;0.000000;45.873564
1489;72.000000;18.000000;-30.000000;-35.873564;0.000000;0.000000;0.000000;0.000000;0.000000;35.873564
1490;72.000000;18.000000;30.000000;45.873564;0.000000;0.000000;0.000000;0.000000;0.000000;45.873564
1491;72.000000;22.000000;-30.000000;-35.873564;0.000000;0.000000;0.000000;0.000000;0.000000;35.873564
1492;72.000000;22.000000;30.000000;45.873564;0.000000;0.000000;0.000000;0.000000;0.000000;45.873564
1493;72.000000;26.000000;-30.000000;-35.873564;0.000000;0.000000;0.000000;0.000000;0.000000;35.873564
1494;72.000000;26.000000;30.000000;45.873564;0.000000;0.000000;0.000000;0.000000;0.000000;45.873564
1495;72.000000;30.000000;-30.000000;-35.873564;0.000000;0.000000;0.000000;0.000000;0.000000;35.873564
1496;72.000000;30.000000;30.000000;45.873564;0.000000;0.000000;0.000000;0.000000;0.000000;45.873564
1497;72.000000;34.000000;-30.000000;-35.873564;0.000000;0.000000;0.000000;0.000000;0.000000;35.873564
1498;72.000000;34.000000;30.000000;45.873564;0.000000;0.000000;0.000000;0.000000;0.000000;45.873564
1499;72.000000;38.000000;-30.000000;-35.873564;0.000000;0.000000;0.000000;0.000000;0.000000;35.873564
1500;72.000000;38.000000;30.000000;45.873564;0.000000;0.000000;0.000000;0.000000;0.000000;45.873564
1501;72.000000;42.000000;-30.000000;-35.873564;0.000000;0.000000;0.000000;0.000000;0.000000;35.873564
1502;72.000000;42.000000;30.000000;45.873564;0.000000;0.000000;0.000000;0.000000;0.000000;45.873564
1503;72.000000;46.000000;-30.000000;-35.873564;0.000000;0.000000;0.000000;0.000000;0.000000;35.873564
1504;72.000000;46.000000;30.000000;45.873564;0.000000;0.000000;0.000000;0.000000;0.000000;45.873564
1505;72.000000;50.000000;-30.000000;-35.873564;0.000000;0.000000;0.000000;0.000000;0.000000;35.873564
1506;72.000000;50.000000;-26.000000;-30.423756;0.000000;0.000000;0.000000;0.000000;0.000000;30.423756
1507;72.000000;50.000000;-22.000000;-24.973947;0.000000;0.000000;0.000000;0.000000;0.000000;24.973947
1508;72.000000;50.000000;-18.000000;-19.524139;0.000000;0.000000;0.000000;0.000000;0.000000;19.524139
1509;72.000000;50.000000;-14.000000;-14.074330;0.000000;0.000000;0.000000;0.000000;0.000000;14.074330
1510;72.000000;50.000000;-10.000000;-8.624521;0.000000;0.000000;0.000000;0.000000;0.000000;8.624521
1511;72.000000;50.000000;-6.000000;-3.174713;0.000000;0.000000;0.000000;0.000000;0.000000;3.174713
1512;72.000000;50.000000;-2.000000;2.275096;0.000000;0.000000;0.000000;0.000000;0.000000;2.275096
1513;72.000000;50.000000;2.000000;7.724904;0.000000;0.000000;0.000000;0.000000;0.000000;7.724904
1514;72.000000;50.000000;6.000000;13.174713;0.000000;0.000000;0.000000;0.000000;0.000000;13.174713
1515;72.000000;50.000000;10.000000;18.624521;0.000000;0.000000;0.000000;0.000000;0.000000;18.624521
1516;72.000000;50.000000;14.000000;24.074330;0.000000;0.000000;0.000000;0.000000;0.000000;24.074330
1517;72.000000;50.000000;18.000000;29.524139;0.000000;0.000000;0.000000;0.000000;0.000000;29.524139
1518;72.000000;50.000000;22.000000;34.973947;0.000000;0.000000;0.000000;0.000000;0.000000;34.973947
1519;72.000000;50.000000;26.000000;40.423756;0.000000;0.000000;0.000000;0.000000;0.000000;40.423756
1520;72.000000;50.000000;30.000000;45.873564;0.000000;0.000000;0.000000;0.000000;0.000000;45.873564
1521;76.000000;-50.000000;-30.000000;-35.375106;0.000000;0.000000;0.000000;0.000000;0.000000;35.375106
1522;76.000000;-50.000000;-26.000000;-29.991759;0.000000;0.000000;0.000000;0.000000;0.000000;29.991759
1523;76.000000;-50.000000;-22.000000;-24.608411;0.000000;0.000000;0.000000;0.000000;0.000000;24.608411
1524;76.000000;-50.000000;-18.000000;-19.225064;0.000000;0.000000;0.000000;0.000000;0.000000;19.225064
1525;76.000000;-50.000000;-14.000000;-13.841716;0.000000;0.000000;0.000000;0.000000;0.000000;13.841716
1526;76.000000;-50.000000;-10.000000;-8.458369;0.000000;0.000000;0.000000;0.000000;0.000000;8.458369
1527;76.000000;-50.000000;-6.000000;-3.075021;0.000000;0.000000;0.000000;0.000000;0.000000;3.075021
1528;76.000000;-50.000000;-2.000000;2.308326;0.000000;0.000000;0.000000;0.000000;0.000000;2.308326
1529;76.000000;-50.000000;2.000000;7.691674;0.000000;0.000000;0.000000;0.000000;0.000000;7.691674
1530;76.000000;-50.000000;6.000000;13.075021;0.000000;0.000000;0.000000;0.000000;0.000000;13.075021
1531;76.000000;-50.000000;10.000000;18.458369;0.000000;0.000000;0.000000;0.000000;0.000000;18.458369
1532;76.000000;-50.000000;14.000000;23.841716;0.000000;0.000000;0.000000;0.000000;0.000000;23.841716
1533;76.000000;-50.000000;18.000000;29.225064;0.000000;0.000000;0.000000;0.000000;0.000000;29.225064
1534;76.000000;-50.000000;22.000000;34.608411;0.000000;0.000000;0.000000;0.000000;0.000000;34.608411
1535;76.000000;-50.000000;26.000000;39.991759;0.000000;0.000000;0.000000;0.000000;0.000000;39.991759
1536;76.000000;-50.000000;30.000000;45.375106;0.000000;0.000000;0.000000;0.000000;0.000000;45.375106
1537;76.000000;-46.000000;-30.000000;-35.375106;0.000000;0.000000;0.000000;0.000000;0.000000;35.375106
1538;76.000000;-46.000000;30.000000;45.375106;0.000000;0.000000;0.000000;0.000000;0.000000;45.375106
1539;76.000000;-42.000000;-30.000000;-35.375106;0.000000;0.000000;0.000000;0.000000;0.000000;35.375106
1540;76.000000;-42.000000;30.000000;45.375106;0.000000;0.000000;0.000000;0.000000;0.000000;45.375106
1541;76.000000;-38.000000;-30.000000;-35.375106;0.000000;0.000000;0.000000;0.000000;0.000000;35.375106
1542;76.000000;-38.000000;30.000000;45.375106;0.000000;0.000000;0.000000;0.000000;0.000000;45.375106
1543;76.000000;-34.000000;-30.000000;-35.375106;0.000000;0.000000;0.000000;0.000000;0.000000;35.375106
1544;76.000000;-34.000000;30.000000;45.375106;0.000000;0.000000;0.000000;0.000000;0.000000;45.375106
1545;76.000000;-30.000000;-30.000000;-35.375106;0.000000;0.000000;0.000000;0.000000;0.000000;35.375106
1546;76.000000;-30.000000;30.000000;45.375106;0.000000;0.000000;0.000000;0.000000;0.000000;45.375106
1547;76.000000;-26.000000;-30.000000;-35.375106;0.000000;0.000000;0.000000;0.000000;0.000000;35.375106
1548;76.000000;-26.000000;30.000000;45.375106;0.000000;0.000000;0.000000;0.000000;0.000000;45.375106
1549;76.000000;-22.000000;-30.000000;-35.375106;0.000000;0.000000;0.000000;0.000000;0.000000;35.375106
1550;76.000000;-22.000000;30.000000;45.375106;0.000000;0.000000;0.000000;0.000000;0.000000;45.375106
1551;76.000000;-18.000000;-30.000000;-35.375106;0.000000;0.000000;0.000000;0.000000;0.000000;35.375106
1552;76.000000;-18.000000;30.000000;45.375106;0.000000;0.000000;0.000000;0.000000;0.000000;45.375106
1553;76.000000;-14.000000;-30.000000;-35.375106;0.000000;0.000000;0.000000;0.000000;0.000000;35.375106
1554;76.000000;-14.000000;30.000000;45.375106;0.000000;0.000000;0.000000;0.000000;0.000000;45.375106
1555;76.000000;-10.000000;-30.000000;-35.375106;0.000000;0.000000;0.000000;0.000000;0.000000;35.375106
1556;76.000000;-10.000000;30.000000;45.375106;0.000000;0.000000;0.000000;0.000000;0.000000;45.375106
1557;76.000000;-6.000000;-30.000000;-35.375106;0.000000;0.000000;0.000000;0.000000;0.000000;35.375106
1558;76.000000;-6.000000;30.000000;45.375106;0.000000;0.000000;0.000000;0.000000;0.000000;45.375106
1559;76.000000;-2.000000;-30.000000;-35.375106;0.000000;0.000000;0.000000;0.000000;0.000000;35.375106
1560;76.000000;-2.000000;30.000000;45.375106;0.000000;0.000000;0.000000;0.000000;0.000000;45.375106
1561;76.000000;2.000000;-30.000000;-35.375106;0.000000;0.000000;0.000000;0.000000;0.000000;35.375106
1562;76.000000;2.000000;30.000000;45.375106;0.000000;0.000000;0.000000;0.000000;0.000000;45.375106
1563;76.000000;6.000000;-30.000000;-35.375106;0.000000;0.000000;0.000000;0.000000;0.000000;35.375106
1564;76.000000;6.000000;30.000000;45.375106;0.000000;0.000000;0.000000;0.000000;0.000000;45.375106
1565;76.000000;10.000000;-30.000000;-35.375106;0.000000;0.000000;0.000000;0.000000;0.000000;35.375106
1566;76.000000;10.000000;30.000000;45.375106;0.000000;0.000000;0.000000;0.000000;0.000000;45.375106
1567;76.000000;14.000000;-30.000000;-35.375106;0.000000;0.000000;0.000000;0.000000;0.000000;35.375106
1568;76.000000;14.000000;30.000000;45.375106;0.000000;0.000000;0.000000;0.000000;0.000000;45.375106
1569;76.000000;18.000000;-30.000000;-35.375106;0.000000;0.000000;0.000000;0.000000;0.000000;35.375106
1570;76.000000;18.000000;30.000000;45.375106;0.000000;0.000000;0.000000;0.000000;0.000000;45.375106
1571;76.000000;22.000000;-30.000000;-35.375106;0.000000;0.000000;0.000000;0.000000;0.000000;35.375106
1572;76.000000;22.000000;30.000000;45.375106;0.000000;0.000000;0.000000;0.000000;0.000000;45.375106
1573;76.000000;26.000000;-30.000000;-35.375106;0.000000;0.000000;0.000000;0.000000;0.000000;35.375106
1574;76.000000;26.000000;30.000000;45.375106;0.000000;0.000000;0.000000;0.000000;0.000000;45.375106
1575;76.000000;30.000000;-30.000000;-35.375106;0.000000;0.000000;0.000000;0.000000;0.000000;35.375106
1576;76.000000;30.000000;30.000000;45.375106;0.000000;0.000000;0.000000;0.000000;0.000000;45.375106
1577;76.000000;34.000000;-30.000000;-35.375106;0.000000;0.000000;0.000000;0.000000;0.000000;35.375106
1578;76.000000;34.000000;30.000000;45.375106;0.000000;0.000000;0.000000;0.000000;0.000000;45.375106
1579;76.000000;38.000000;-30.000000;-35.375106;0.000000;0.000000;0.000000;0.000000;0.000000;35.375106
1580;76.000000;38.000000;30.000000;45.375106;0.000000;0.000000;0.000000;0.000000;0.000000;45.375106
1581;76.000000;42.000000;-30.000000;-35.375106;0.000000;0.000000;0.000000;0.000000;0.000000;35.375106
1582;76.000000;42.000000;30.000000;45.375106;0.000000;0.000000;0.000000;0.000000;0.000000;45.375106
1583;76.000000;46.000000;-30.000000;-35.375106;0.000000;0.000000;0.000000;0.000000;0.000000;35.375106
1584;76.000000;46.000000;30.000000;45.375106;0.000000;0.000000;0.000000;0.000000;0.000000;45.375106
1585;76.000000;50.000000;-30.000000;-35.375106;0.000000;0.000000;0.000000;0.000000;0.000000;35.375106
1586;76.000000;50.000000;-26.000000;-29.991759;0.000000;0.000000;0.000000;0.000000;0.000000;29.991759
1587;76.000000;50.000000;-22.000000;-24.608411;0.000000;0.000000;0.000000;0.000000;0.000000;24.608411
1588;76.000000;50.000000;-18.000000;-19.225064;0.000000;0.000000;0.000000;0.000000;0.000000;19.225064
1589;76.000000;50.000000;-14.000000;-13.841716;0.000000;0.000000;0.000000;0.000000;0.000000;13.841716
1590;76.000000;50.000000;-10.000000;-8.458369;0.000000;0.000000;0.000000;0.000000;0.000000;8.458369
1591;76.000000;50.000000;-6.000000;-3.075021;0.000000;0.000000;0.000000;0.000000;0.000000;3.075021
1592;76.000000;50.000000;-2.000000;2.308326;0.000000;0.000000;0.000000;0.000000;0.000000;2.308326
1593;76.000000;50.000000;2.000000;7.691674;0.000000;0.000000;0.000000;0.000000;0.000000;7.691674
1594;76.000000;50.000000;6.000000;13.075021;0.000000;0.000000;0.000000;0.000000;0.000000;13.075021
1595;76.000000;50.000000;10.000000;18.458369;0.000000;0.000000;0.000000;0.000000;0.000000;18.458369
1596;76.000000;50.000000;14.000000;23.841716;0.000000;0.000000;0.000000;0.000000;0.000000;23.841716
1597;76.000000;50.000000;18.000000;29.225064;0.000000;0.000000;0.000000;0.000000;0.000000;29.225064
1598;76.000000;50.000000;22.000000;34.608411;0.000000;0.000000;0.000000;0.000000;0.000000;34.608411
1599;76.000000;50.000000;26.000000;39.991759;0.000000;0.000000;0.000000;0.000000;0.000000;39.991759
1600;76.000000;50.000000;30.000000;45.375106;0.000000;0.000000;0.000000;0.000000;0.000000;45.375106
1601;80.000000;-50.000000;-30.000000;-34.876648;0.000000;0.000000;0.000000;0.000000;0.000000;34.876648
1602;80.000000;-50.000000;-26.000000;-29.559762;0.000000;0.000000;0.000000;0.000000;0.000000;29.559762
1603;80.000000;-50.000000;-22.000000;-24.242875;0.000000;0.000000;0.000000;0.000000;0.000000;24.242875
1604;80.000000;-50.000000;-18.000000;-18.925989;0.000000;0.000000;0.000000;0.000000;0.000000;18.925989
1605;80.000000;-50.000000;-14.000000;-13.609103;0.000000;0.000000;0.000000;0.000000;0.000000;13.609103
1606;80.000000;-50.000000;-10.000000;-8.292216;0.000000;0.000000;0.000000;0.000000;0.000000;8.292216
1607;80.000000;-50.000000;-6.000000;-2.975330;0.000000;0.000000;0.000000;0.000000;0.000000;2.975330
1608;80.000000;-50.000000;-2.000000;2.341557;0.000000;0.000000;0.000000;0.000000;0.000000;2.341557
1609;80.000000;-50.000000;2.000000;7.658443;0.000000;0.000000;0.000000;0.000000;0.000000;7.658443
1610;80.000000;-50.000000;6.000000;12.975330;0.000000;0.000000;0.000000;0.000000;0.000000;12.975330
1611;80.000000;-50.000000;10.000000;18.292216;0.000000;0.000000;0.000000;0.000000;0.000000;18.292216
1612;80.000000;-50.000000;14.000000;23.609103;0.000000;0.000000;0.000000;0.000000;0.000000;23.609103
1613;80.000000;-50.000000;18.000000;28.925989;0.000000;0.000000;0.000000;0.000000;0.000000;28.925989
1614;80.000000;-50.000000;22.000000;34.242875;0.000000;0.000000;0.000000;0.000000;0.000000;34.242875
1615;80.000000;-50.000000;26.000000;39.559762;0.000000;0.000000;0.000000;0.000000;0.000000;39.559762
1616;80.000000;-50.000000;30.000000;44.876648;0.000000;0.000000;0.000000;0.000000;0.000000;44.876648
1617;80.000000;-46.000000;-30.000000;-34.876648;0.000000;0.000000;0.000000;0.000000;0.000000;34.876648
1618;80.000000;-46.000000;30.000000;44.876648;0.000000;0.000000;0.000000;0.000000;0.000000;44.876648
1619;80.000000;-42.000000;-30.000000;-34.876648;0.000000;0.000000;0.000000;0.000000;0.000000;34.876648
1620;80.000000;-42.000000;30.000000;44.876648;0.000000;0.000000;0.000000;0.000000;0.000000;44.876648
1621;80.000000;-38.000000;-30.000000;-34.876648;0.000000;0.000000;0.000000;0.000000;0.000000;34.876648
1622;80.000000;-38.000000;30.000000;44.876648;0.000000;0.000000;0.000000;0.000000;0.000000;44.876648
1623;80.000000;-34.000000;-30.000000;-34.876648;0.000000;0.000000;0.000000;0.000000;0.000000;34.876648
1624;80.000000;-34.000000;30.000000;44.876648;0.000000;0.000000;0.000000;0.000000;0.000000;44.876648
1625;80.000000;-30.000000;-30.000000;-34.876648;0.000000;0.000000;0.000000;0.000000;0.000000;34.876648
1626;80.000000;-30.000000;30.000000;44.876648;0.000000;0.000000;0.000000;0.000000;0.000000;44.876648
1627;80.000000;-26.000000;-30.000000;-34.876648;0.000000;0.000000;0.000000;0.000000;0.000000;34.876648
1628;80.000000;-26.000000;30.000000;44.876648;0.000000;0.000000;0.000000;0.000000;0.000000;44.876648
1629;80.000000;-22.000000;-30.000000;-34.876648;0.000000;0.000000;0.000000;0.000000;0.000000;34.876648
1630;80.000000;-22.000000;30.000000;44.876648;0.000000;0.000000;0.000000;0.000000;0.000000;44.876648
1631;80.000000;-18.000000;-30.000000;-34.876648;0.000000;0.000000;0.000000;0.000000;0.000000;34.876648
1632;80.000000;-18.000000;30.000000;44.876648;0.000000;0.000000;0.000000;0.000000;0.000000;44.876648
1633;80.000000;-14.000000;-30.000000;-34.876648;0.000000;0.000000;0.000000;0.000000;0.000000;34.876648
1634;80.000000;-14.000000;30.000000;44.876648;0.000000;0.000000;0.000000;0.000000;0.000000;44.876648
1635;80.000000;-10.000000;-30.000000;-34.876648;0.000000;0.000000;0.000000;0.000000;0.000000;34.876648
1636;80.000000;-10.000000;30.000000;44.876648;0.000000;0.000000;0.000000;0.000000;0.000000;44.876648
1637;80.000000;-6.000000;-30.000000;-34.876648;0.000000;0.000000;0.000000;0.000000;0.000000;34.876648
1638;80.000000;-6.000000;30.000000;44.876648;0.000000;0.000000;0.000000;0.000000;0.000000;44.876648
1639;80.000000;-2.000000;-30.000000;-34.876648;0.000000;0.000000;0.000000;0.000000;0.000000;34.876648
1640;80.000000;-2.000000;30.000000;44.876648;0.000000;0.000000;0.000000;0.000000;0.000000;44.876648
1641;80.000000;2.000000;-30.000000;-34.876648;0.000000;0.000000;0.000000;0.000000;0.000000;34.876648
1642;80.000000;2.000000;30.000000;44.876648;0.000000;0.000000;0.000000;0.000000;0.000000;44.876648
1643;80.000000;6.000000;-30.000000;-34.876648;0.000000;0.000000;0.000000;0.000000;0.000000;34.876648
1644;80.000000;6.000000;30.000000;44.876648;0.000000;0.000000;0.000000;0.000000;0.000000;44.876648
1645;80.000000;10.000000;-30.000000;-34.876648;0.000000;0.000000;0.000000;0.000000;0.000000;34.876648
1646;80.000000;10.000000;30.000000;44.876648;0.000000;0.000000;0.000000;0.000000;0.000000;44.876648
1647;80.000000;14.000000;-30.000000;-34.876648;0.000000;0.000000;0.000000;0.000000;0.000000;34.876648
1648;80.000000;14.000000;30.000000;44.876648;0.000000;0.000000;0.000000;0.000000;0.000000;44.876648
1649;80.000000;18.000000;-30.000000;-34.876648;0.000000;0.000000;0.000000;0.000000;0.000000;34.876648
1650;80.000000;18.000000;30.000000;44.876648;0.000000;0.000000;0.000000;0.000000;0.000000;44.876648
1651;80.000000;22.000000;-30.000000;-34.876648;0.000000;0.000000;0.000000;0.000000;0.000000;34.876648
1652;80.000000;22.000000;30.000000;44.876648;0.000000;0.000000;0.000000;0.000000;0.000000;44.876648
1653;80.000000;26.000000;-30.000000;-34.876648;0.000000;0.000000;0.000000;0.000000;0.000000;34.876648
1654;80.000000;26.000000;30.000000;44.876648;0.000000;0.000000;0.000000;0.000000;0.000000;44.876648
1655;80.000000;30.000000;-30.000000;-34.876648;0.000000;0.000000;0.000000;0.000000;0.000000;34.876648
1656;80.000000;30.000000;30.000000;44.876648;0.000000;0.000000;0.000000;0.000000;0.000000;44.876648
1657;80.000000;34.000000;-30.000000;-34.876648;0.000000;0.000000;0.000000;0.000000;0.000000;34.876648
1658;80.000000;34.000000;30.000000;44.876648;0.000000;0.000000;0.000000;0.000000;0.000000;44.876648
1659;80.000000;38.000000;-30.000000;-34.876648;0.000000;0.000000;0.000000;0.000000;0.000000;34.876648
1660;80.000000;38.000000;30.000000;44.876648;0.000000;0.000000;0.000000;0.000000;0.000000;44.876648
1661;80.000000;42.000000;-30.000000;-34.876648;0.000000;0.000000;0.000000;0.000000;0.000000;34.876648
1662;80.000000;42.000000;30.000000;44.876648;0.000000;0.000000;0.000000;0.000000;0.000000;44.876648
1663;80.000000;46.000000;-30.000000;-34.876648;0.000000;0.000000;0.000000;0.000000;0.000000;34.876648
1664;80.000000;46.000000;30.000000;44.876648;0.000000;0.000000;0.000000;0.000000;0.000000;44.876648
1665;80.000000;50.000000;-30.000000;-34.876648;0.000000;0.000000;0.000000;0.000000;0.000000;34.876648
1666;80.000000;50.000000;-26.000000;-29.559762;0.000000;0.000000;0.000000;0.000000;0.000000;29.559762
1667;80.000000;50.000000;-22.000000;-24.242875;0.000000;0.000000;0.000000;0.000000;0.000000;24.242875
1668;80.000000;50.000000;-18.000000;-18.925989;0.000000;0.000000;0.000000;0.000000;0.000000;18.925989
1669;80.000000;50.000000;-14.000000;-13.609103;0.000000;0.000000;0.000000;0.000000;0.000000;13.609103
1670;80.000000;50.000000;-10.000000;-8.292216;0.000000;0.000000;0.000000;0.000000;0.000000;8.292216
1671;80.000000;50.000000;-6.000000;-2.975330;0.000000;0.000000;0.000000;0.000000;0.000000;2.975330
1672;80.000000;50.000000;-2.000000;2.341557;0.000000;0.000000;0.000000;0.000000;0.000000;2.341557
1673;80.000000;50.000000;2.000000;7.658443;0.000000;0.000000;0.000000;0.000000;0.000000;7.658443
1674;80.000000;50.000000;6.000000;12.975330;0.000000;0.000000;0.000000;0.000000;0.000000;12.975330
1675;80.000000;50.000000;10.000000;18.292216;0.000000;0.000000;0.000000;0.000000;0.000000;18.292216
1676;80.000000;50.000000;14.000000;23.609103;0.000000;0.000000;0.000000;0.000000;0.000000;23.609103
1677;80.000000;50.000000;18.000000;28.925989;0.000000;0.000000;0.000000;0.000000;0.000000;28.925989
1678;80.000000;50.000000;22.000000;34.242875;0.000000;0.000000;0.000000;0.000000;0.000000;34.242875
1679;80.000000;50.000000;26.000000;39.559762;0.000000;0.000000;0.000000;0.000000;0.000000;39.559762
1680;80.000000;50.000000;30.000000;44.876648;0.000000;0.000000;0.000000;0.000000;0.000000;44.876648
1681;84.000000;-50.000000;-30.000000;-34.378190;0.000000;0.000000;0.000000;0.000000;0.000000;34.378190
1682;84.000000;-50.000000;-26.000000;-29.127765;0.000000;0.000000;0.000000;0.000000;0.000000;29.127765
1683;84.000000;-50.000000;-22.000000;-23.877339;0.000000;0.000000;0.000000;0.000000;0.000000;23.877339
1684;84.000000;-50.000000;-18.000000;-18.626914;0.000000;0.000000;0.000000;0.000000;0.000000;18.626914
1685;84.000000;-50.000000;-14.000000;-13.376489;0.000000;0.000000;0.000000;0.000000;0.000000;13.376489
1686;84.000000;-50.000000;-10.000000;-8.126063;0.000000;0.000000;0.000000;0.000000;0.000000;8.126063
1687;84.000000;-50.000000;-6.000000;-2.875638;0.000000;0.000000;0.000000;0.000000;0.000000;2.875638
1688;84.000000;-50.000000;-2.000000;2.374787;0.000000;0.000000;0.000000;0.000000;0.000000;2.374787
1689;84.000000;-50.000000;2.000000;7.625213;0.000000;0.000000;0.000000;0.000000;0.000000;7.625213
1690;84.000000;-50.000000;6.000000;12.875638;0.000000;0.000000;0.000000;0.000000;0.000000;12.875638
1691;84.000000;-50.000000;10.000000;18.126063;0.000000;0.000000;0.000000;0.000000;0.000000;18.126063
1692;84.000000;-50.000000;14.000000;23.376489;0.000000;0.000000;0.000000;0.000000;0.000000;23.376489
1693;84.000000;-50.000000;18.000000;28.626914;0.000000;0.000000;0.000000;0.000000;0.000000;28.626914
1694;84.000000;-50.000000;22.000000;33.877339;0.000000;0.000000;0.000000;0.000000;0.000000;33.877339
1695;84.000000;-50.000000;26.000000;39.127765;0.000000;0.000000;0.000000;0.000000;0.000000;39.127765
1696;84.000000;-50.000000;30.000000;44.378190;0.000000;0.000000;0.000000;0.000000;0.000000;44.378190
1697;84.000000;-46.000000;-30.000000;-34.378190;0.000000;0.000000;0.000000;0.000000;0.000000;34.378190
1698;84.000000;-46.000000;30.000000;44.378190;0.000000;0.000000;0.000000;0.000000;0.000000;44.378190
1699;84.000000;-42.000000;-30.000000;-34.378190;0.000000;0.000000;0.000000;0.000000;0.000000;34.378190
1700;84.000000;-42.000000;30.000000;44.378190;0.000000;0.000000;0.000000;0.000000;0.000000;44.378190
1701;84.000000;-38.000000;-30.000000;-34.378190;0.000000;0.000000;0.000000;0.000000;0.000000;34.378190
1702;84.000000;-38.000000;30.000000;44.378190;0.000000;0.000000;0.000000;0.000000;0.000000;44.378190
1703;84.000000;-34.000000;-30.000000;-34.378190;0.000000;0.000000;0.000000;0.000000;0.000000;34.378190
1704;84.000000;-34.000000;30.000000;44.378190;0.000000;0.000000;0.000000;0.000000;0.000000;44.378190
1705;84.000000;-30.000000;-30.000000;-34.378190;0.000000;0.000000;0.000000;0.000000;0.000000;34.378190
1706;84.000000;-30.000000;30.000000;44.378190;0.000000;0.000000;0.000000;0.000000;0.000000;44.378190
1707;84.000000;-26.000000;-30.000000;-34.378190;0.000000;0.000000;0.000000;0.000000;0.000000;34.378190
1708;84.000000;-26.000000;30.000000;44.378190;0.000000;0.000000;0.000000;0.000000;0.000000;44.378190
1709;84.000000;-22.000000;-30.000000;-34.378190;0.000000;0.000000;0.000000;0.000000;0.000000;34.378190
1710;84.000000;-22.000000;30.000000;44.378190;0.000000;0.000000;0.000000;0.000000;0.000000;44.378190
1711;84.000000;-18.000000;-30.000000;-34.378190;0.000000;0.000000;0.000000;0.000000;0.000000;34.378190
1712;84.000000;-18.000000;30.000000;44.378190;0.000000;0.000000;0.000000;0.000000;0.000000;44.378190
1713;84.000000;-14.000000;-30.000000;-34.378190;0.000000;0.000000;0.000000;0.000000;0.000000;34.378190
1714;84.000000;-14.000000;30.000000;44.378190;0.000000;0.000000;0.000000;0.000000;0.000000;44.378190
1715;84.000000;-10.000000;-30.000000;-34.378190;0.000000;0.000000;0.000000;0.000000;0.000000;34.378190
1716;84.000000;-10.000000;30.000000;44.378190;0.000000;0.000000;0.000000;0.000000;0.000000;44.378190
1717;84.000000;-6.000000;-30.000000;-34.378190;0.000000;0.000000;0.000000;0.000000;0.000000;34.378190
1718;84.000000;-6.000000;30.000000;44.378190;0.000000;0.000000;0.000000;0.000000;0.000000;44.378190
1719;84.000000;-2.000000;-30.000000;-34.378190;0.000000;0.000000;0.000000;0.000000;0.000000;34.378190
1720;84.000000;-2.000000;30.000000;44.378190;0.000000;0.000000;0.000000;0.000000;0.000000;44.378190
1721;84.000000;2.000000;-30.000000;-34.378190;0.000000;0.000000;0.000000;0.000000;0.000000;34.378190
1722;84.000000;2.000000;30.000000;44.378190;0.000000;0.000000;0.000000;0.000000;0.000000;44.378190
1723;84.000000;6.000000;-30.000000;-34.378190;0.000000;0.000000;0.000000;0.000000;0.000000;34.378190
1724;84.000000;6.000000;30.000000;44.378190;0.000000;0.000000;0.000000;0.000000;0.000000;44.378190
1725;84.000000;10.000000;-30.000000;-34.378190;0.000000;0.000000;0.000000;0.000000;0.000000;34.378190
1726;84.000000;10.000000;30.000000;44.378190;0.000000;0.000000;0.000000;0.000000;0.000000;44.378190
1727;84.000000;14.000000;-30.000000;-34.378190;0.000000;0.000000;0.000000;0.000000;0.000000;34.378190
1728;84.000000;14.000000;30.000000;44.378190;0.000000;0.000000;0.000000;0.000000;0.000000;44.378190
1729;84.000000;18.000000;-30.000000;-34.378190;0.000000;0.000000;0.000000;0.000000;0.000000;34.378190
1730;84.000000;18.000000;30.000000;44.378190;0.000000;0.000000;0.000000;0.000000;0.000000;44.378190
1731;84.000000;22.000000;-30.000000;-34.378190;0.000000;0.000000;0.000000;0.000000;0.000000;34.378190
1732;84.000000;22.000000;30.000000;44.378190;0.000000;0.000000;0.000000;0.000000;0.000000;44.378190
1733;84.000000;26.000000;-30.000000;-34.378190;0.000000;0.000000;0.000000;0.000000;0.000000;34.378190
1734;84.000000;26.000000;30.000000;44.378190;0.000000;0.000000;0.000000;0.000000;0.000000;44.378190
1735;84.000000;30.000000;-30.000000;-34.378190;0.000000;0.000000;0.000000;0.000000;0.000000;34.378190
1736;84.000000;30.000000;30.000000;44.378190;0.000000;0.000000;0.000000;0.000000;0.000000;44.378190
1737;84.000000;34.000000;-30.000000;-34.378190;0.000000;0.000000;0.000000;0.000000;0.000000;34.378190
1738;84.000000;34.000000;30.000000;44.378190;0.000000;0.000000;0.000000;0.000000;0.000000;44.378190
1739;84.000000;38.000000;-30.000000;-34.378190;0.000000;0.000000;0.000000;0.000000;0.000000;34.378190
1740;84.000000;38.000000;30.000000;44.378190;0.000000;0.000000;0.000000;0.000000;0.000000;44.378190
1741;84.000000;42.000000;-30.000000;-34.378190;0.000000;0.000000;0.000000;0.000000;0.000000;34.378190
1742;84.000000;42.000000;30.000000;44.378190;0.000000;0.000000;0.000000;0.000000;0.000000;44.378190
1743;84.000000;46.000000;-30.000000;-34.378190;0.000000;0.000000;0.000000;0.000000;0.000000;34.378190
1744;84.000000;46.000000;30.000000;44.378190;0.000000;0.000000;0.000000;0.000000;0.000000;44.378190
1745;84.000000;50.000000;-30.000000;-34.378190;0.000000;0.000000;0.000000;0.000000;0.000000;34.378190
1746;84.000000;50.000000;-26.000000;-29.127765;0.000000;0.000000;0.000000;0.000000;0.000000;29.127765
1747;84.000000;50.000000;-22.000000;-23.877339;0.000000;0.000000;0.000000;0.000000;0.000000;23.877339
1748;84.000000;50.000000;-18.000000;-18.626914;0.000000;0.000000;0.000000;0.000000;0.000000;18.626914
1749;84.000000;50.000000;-14.000000;-13.376489;0.000000;0.000000;0.000000;0.000000;0.000000;13.376489
1750;84.000000;50.000000;-10.000000;-8.126063;0.000000;0.000000;0.000000;0.000000;0.000000;8.126063
1751;84.000000;50.000000;-6.000000;-2.875638;0.000000;0.000000;0.000000;0.000000;0.000000;2.875638
1752;84.000000;50.000000;-2.000000;2.374787;0.000000;0.000000;0.000000;0.000000;0.000000;2.374787
1753;84.000000;50.000000;2.000000;7.625213;0.000000;0.000000;0.000000;0.000000;0.000000;7.625213
1754;84.000000;50.000000;6.000000;12.875638;0.000000;0.000000;0.000000;0.000000;0.000000;12.875638
1755;84.000000;50.000000;10.000000;18.126063;0.000000;0.000000;0.000000;0.000000;0.000000;18.126063
1756;84.000000;50.000000;14.000000;23.376489;0.000000;0.000000;0.000000;0.000000;0.000000;23.376489
1757;84.000000;50.000000;18.000000;28.626914;0.000000;0.000000;0.000000;0.000000;0.000000;28.626914
1758;84.000000;50.000000;22.000000;33.877339;0.000000;0.000000;0.000000;0.000000;0.000000;33.877339
1759;84.000000;50.000000;26.000000;39.127765;0.000000;0.000000;0.000000;0.000000;0.000000;39.127765
1760;84.000000;50.000000;30.000000;44.378190;0.000000;0.000000;0.000000;0.000000;0.000000;44.378190
1761;88.000000;-50.000000;-30.000000;-33.879732;0.000000;0.000000;0.000000;0.000000;0.000000;33.879732
1762;88.000000;-50.000000;-26.000000;-28.695768;0.000000;0.000000;0.000000;0.000000;0.000000;28.695768
1763;88.000000;-50.000000;-22.000000;-23.511803;0.000000;0.000000;0.000000;0.000000;0.000000;23.511803
1764;88.000000;-50.000000;-18.000000;-18.327839;0.000000;0.000000;0.000000;0.000000;0.000000;18.327839
1765;88.000000;-50.000000;-14.000000;-13.143875;0.000000;0.000000;0.000000;0.000000;0.000000;13.143875
1766;88.000000;-50.000000;-10.000000;-7.959911;0.000000;0.000000;0.000000;0.000000;0.000000;7.959911
1767;88.000000;-50.000000;-6.000000;-2.775946;0.000000;0.000000;0.000000;0.000000;0.000000;2.775946
1768;88.000000;-50.000000;-2.000000;2.408018;0.000000;0.000000;0.000000;0.000000;0.000000;2.408018
1769;88.000000;-50.000000;2.000000;7.591982;0.000000;0.000000;0.000000;0.000000;0.000000;7.591982
1770;88.000000;-50.000000;6.000000;12.775946;0.000000;0.000000;0.000000;0.000000;0.000000;12.775946
1771;88.000000;-50.000000;10.000000;17.959911;0.000000;0.000000;0.000000;0.000000;0.000000;17.959911
1772;88.000000;-50.000000;14.000000;23.143875;0.000000;0.000000;0.000000;0.000000;0.000000;23.143875
1773;88.000000;-50.000000;18.000000;28.327839;0.000000;0.000000;0.000000;0.000000;0.000000;28.327839
1774;88.000000;-50.000000;22.000000;33.511803;0.000000;0.000000;0.000000;0.000000;0.000000;33.511803
1775;88.000000;-50.000000;26.000000;38.695768;0.000000;0.000000;0.000000;0.000000;0.000000;38.695768
1776;88.000000;-50.000000;30.000000;43.879732;0.000000;0.000000;0.000000;0.000000;0.000000;43.879732
1777;88.000000;-46.000000;-30.000000;-33.879732;0.000000;0.000000;0.000000;0.000000;0.000000;33.879732
1778;88.000000;-46.000000;30.000000;43.879732;0.000000;0.000000;0.000000;0.000000;0.000000;43.879732
1779;88.000000;-42.000000;-30.000000;-33.879732;0.000000;0.000000;0.000000;0.000000;0.000000;33.879732
1780;88.000000;-42.000000;30.000000;43.879732;0.000000;0.000000;0.000000;0.000000;0.000000;43.879732
1781;88.000000;-38.000000;-30.000000;-33.879732;0.000000;0.000000;0.000000;0.000000;0.000000;33.879732
1782;88.000000;-38.000000;30.000000;43.879732;0.000000;0.000000;0.000000;0.000000;0.000000;43.879732
1783;88.000000;-34.000000;-30.000000;-33.879732;0.000000;0.000000;0.000000;0.000000;0.000000;33.879732
1784;88.000000;-34.000000;30.000000;43.879732;0.000000;0.000000;0.000000;0.000000;0.000000;43.879732
1785;88.000000;-30.000000;-30.000000;-33.879732;0.000000;0.000000;0.000000;0.000000;0.000000;33.879732
1786;88.000000;-30.000000;30.000000;43.879732;0.000000;0.000000;0.000000;0.000000;0.000000;43.879732
1787;88.000000;-26.000000;-30.000000;-33.879732;0.000000;0.000000;0.000000;0.000000;0.000000;33.879732
1788;88.000000;-26.000000;30.000000;43.879732;0.000000;0.000000;0.000000;0.000000;0.000000;43.879732
1789;88.000000;-22.000000;-30.000000;-33.879732;0.000000;0.000000;0.000000;0.000000;0.000000;33.879732
1790;88.000000;-22.000000;30.000000;43.879732;0.000000;0.000000;0.000000;0.000000;0.000000;43.879732
1791;88.000000;-18.000000;-30.000000;-33.879732;0.000000;0.000000;0.000000;0.000000;0.000000;33.879732
1792;88.000000;-18.000000;30.000000;43.879732;0.000000;0.000000;0.000000;0.000000;0.000000;43.879732
1793;88.000000;-14.000000;-30.000000;-33.879732;0.000000;0.000000;0.000000;0.000000;0.000000;33.879732
1794;88.000000;-14.000000;30.000000;43.879732;0.000000;0.000000;0.000000;0.000000;0.000000;43.879732
1795;88.000000;-10.000000;-30.000000;-33.879732;0.000000;0.000000;0.000000;0.000000;0.000000;33.879732
1796;88.000000;-10.000000;30.000000;43.879732;0.000000;0.000000;0.000000;0.000000;0.000000;43.879732
1797;88.000000;-6.000000;-30.000000;-33.879732;0.000000;0.000000;0.000000;0.000000;0.000000;33.879732
1798;88.000000;-6.000000;30.000000;43.879732;0.000000;0.000000;0.000000;0.000000;0.000000;43.879732
1799;88.000000;-2.000000;-30.000000;-33.879732;0.000000;0.000000;0.000000;0.000000;0.000000;33.879732
1800;88.000000;-2.000000;30.000000;43.879732;0.000000;0.000000;0.000000;0.000000;0.000000;43.879732
1801;88.000000;2.000000;-30.000000;-33.879732;0.000000;0.000000;0.000000;0.000000;0.000000;33.879732
1802;88.000000;2.000000;30.000000;43.879732;0.000000;0.000000;0.000000;0.000000;0.000000;43.879732
1803;88.000000;6.000000;-30.000000;-33.879732;0.000000;0.000000;0.000000;0.000000;0.000000;33.879732
1804;88.000000;6.000000;30.000000;43.879732;0.000000;0.000000;0.000000;0.000000;0.000000;43.879732
1805;88.000000;10.000000;-30.000000;-33.879732;0.000000;0.000000;0.000000;0.000000;0.000000;33.879732
1806;88.000000;10.000000;30.000000;43.879732;0.000000;0.000000;0.000000;0.000000;0.000000;43.879732
1807;88.000000;14.000000;-30.000000;-33.879732;0.000000;0.000000;0.000000;0.000000;0.000000;33.879732
1808;88.000000;14.000000;30.000000;43.879732;0.000000;0.000000;0.000000;0.000000;0.000000;43.879732
1809;88.000000;18.000000;-30.000000;-33.879732;0.000000;0.000000;0.000000;0.000000;0.000000;33.879732
1810;88.000000;18.000000;30.000000;43.879732;0.000000;0.000000;0.000000;0.000000;0.000000;43.879732
1811;88.000000;22.000000;-30.000000;-33.879732;0.000000;0.000000;0.000000;0.000000;0.000000;33.879732
1812;88.000000;22.000000;30.000000;43.879732;0.000000;0.000000;0.000000;0.000000;0.000000;43.879732
1813;88.000000;26.000000;-30.000000;-33.879732;0.000000;0.000000;0.000000;0.000000;0.000000;33.879732
1814;88.000000;26.000000;30.000000;43.879732;0.000000;0.000000;0.000000;0.000000;0.000000;43.879732
1815;88.000000;30.000000;-30.000000;-33.879732;0.000000;0.000000;0.000000;0.000000;0.000000;33.879732
1816;88.000000;30.000000;30.000000;43.879732;0.000000;0.000000;0.000000;0.000000;0.000000;43.879732
1817;88.000000;34.000000;-30.000000;-33.879732;0.000000;0.000000;0.000000;0.000000;0.000000;33.879732
1818;88.000000;34.000000;30.000000;43.879732;0.000000;0.000000;0.000000;0.000000;0.000000;43.879732
1819;88.000000;38.000000;-30.000000;-33.879732;0.000000;0.000000;0.000000;0.000000;0.000000;33.879732
1820;88.000000;38.000000;30.000000;43.879732;0.000000;0.000000;0.000000;0.000000;0.000000;43.879732
1821;88.000000;42.000000;-30.000000;-33.879732;0.000000;0.000000;0.000000;0.000000;0.000000;33.879732
1822;88.000000;42.000000;30.000000;43.879732;0.000000;0.000000;0.000000;0.000000;0.000000;43.879732
1823;88.000000;46.000000;-30.000000;-33.879732;0.000000;0.000000;0.000000;0.000000;0.000000;33.879732
1824;88.000000;46.000000;30.000000;43.879732;0.000000;0.000000;0.000000;0.000000;0.000000;43.879732
1825;88.000000;50.000000;-30.000000;-33.879732;0.000000;0.000000;0.000000;0.000000;0.000000;33.879732
1826;88.000000;50.000000;-26.000000;-28.695768;0.000000;0.000000;0.000000;0.000000;0.000000;28.695768
1827;88.000000;50.000000;-22.000000;-23.511803;0.000000;0.000000;0.000000;0.000000;0.000000;23.511803
1828;88.000000;50.000000;-18.000000;-18.327839;0.000000;0.000000;0.000000;0.000000;0.000000;18.327839
1829;88.000000;50.000000;-14.000000;-13.143875;0.000000;0.000000;0.000000;0.000000;0.000000;13.143875
1830;88.000000;50.000000;-10.000000;-7.959911;0.000000;0.000000;0.000000;0.000000;0.000000;7.959911
1831;88.000000;50.000000;-6.000000;-2.775946;0.000000;0.000000;0.000000;0.000000;0.000000;2.775946
1832;88.000000;50.000000;-2.000000;2.408018;0.000000;0.000000;0.000000;0.000000;0.000000;2.408018
1833;88.000000;50.000000;2.000000;7.591982;0.000000;0.000000;0.000000;0.000000;0.000000;7.591982
1834;88.000000;50.000000;6.000000;12.775946;0.000000;0.000000;0.000000;0.000000;0.000000;12.775946
1835;88.000000;50.000000;10.000000;17.959911;0.000000;0.000000;0.000000;0.000000;0.000000;17.959911
1836;88.000000;50.000000;14.000000;23.143875;0.000000;0.000000;0.000000;0.000000;0.000000;23.143875
1837;88.000000;50.000000;18.000000;28.327839;0.000000;0.000000;0.000000;0.000000;0.000000;28.327839
1838;88.000000;50.000000;22.000000;33.511803;0.000000;0.000000;0.000000;0.000000;0.000000;33.511803
1839;88.000000;50.000000;26.000000;38.695768;0.000000;0.000000;0.000000;0.000000;0.000000;38.695768
1840;88.000000;50.000000;30.000000;43.879732;0.000000;0.000000;0.000000;0.000000;0.000000;43.879732
1841;92.000000;-50.000000;-30.000000;-33.381274;0.000000;0.000000;0.000000;0.000000;0.000000;33.381274
1842;92.000000;-50.000000;-26.000000;-28.263771;0.000000;0.000000;0.000000;0.000000;0.000000;28.263771
1843;92.000000;-50.000000;-22.000000;-23.146268;0.000000;0.000000;0.000000;0.000000;0.000000;23.146268
1844;92.000000;-50.000000;-18.000000;-18.028764;0.000000;0.000000;0.000000;0.000000;0.000000;18.028764
1845;92.000000;-50.000000;-14.000000;-12.911261;0.000000;0.000000;0.000000;0.000000;0.000000;12.911261
1846;92.000000;-50.000000;-10.000000;-7.793758;0.000000;0.000000;0.000000;0.000000;0.000000;7.793758
1847;92.000000;-50.000000;-6.000000;-2.676255;0.000000;0.000000;0.000000;0.000000;0.000000;2.676255
1848;92.000000;-50.000000;-2.000000;2.441248;0.000000;0.000000;0.000000;0.000000;0.000000;2.441248
1849;92.000000;-50.000000;2.000000;7.558752;0.000000;0.000000;0.000000;0.000000;0.000000;7.558752
1850;92.000000;-50.000000;6.000000;12.676255;0.000000;0.000000;0.000000;0.000000;0.000000;12.676255
1851;92.000000;-50.000000;10.000000;17.793758;0.000000;0.000000;0.000000;0.000000;0.000000;17.793758
1852;92.000000;-50.000000;14.000000;22.911261;0.000000;0.000000;0.000000;0.000000;0.000000;22.911261
1853;92.000000;-50.000000;18.000000;28.028764;0.000000;0.000000;0.000000;0.000000;0.000000;28.028764
1854;92.000000;-50.000000;22.000000;33.146268;0.000000;0.000000;0.000000;0.000000;0.000000;33.146268
1855;92.000000;-50.000000;26.000000;38.263771;0.000000;0.000000;0.000000;0.000000;0.000000;38.263771
1856;92.000000;-50.000000;30.000000;43.381274;0.000000;0.000000;0.000000;0.000000;0.000000;43.381274
1857;92.000000;-46.000000;-30.000000;-33.381274;0.000000;0.000000;0.000000;0.000000;0.000000;33.381274
1858;92.000000;-46.000000;30.000000;43.381274;0.000000;0.000000;0.000000;0.000000;0.000000;43.381274
1859;92.000000;-42.000000;-30.000000;-33.381274;0.000000;0.000000;0.000000;0.000000;0.000000;33.381274
1860;92.000000;-42.000000;30.000000;43.381274;0.000000;0.000000;0.000000;0.000000;0.000000;43.381274
1861;92.000000;-38.000000;-30.000000;-33.381274;0.000000;0.000000;0.000000;0.000000;0.000000;33.381274
1862;92.000000;-38.000000;30.000000;43.381274;0.000000;0.000000;0.000000;0.000000;0.000000;43.381274
1863;92.000000;-34.000000;-30.000000;-33.381274;0.000000;0.000000;0.000000;0.000000;0.000000;33.381274
1864;92.000000;-34.000000;30.000000;43.381274;0.000000;0.000000;0.000000;0.000000;0.000000;43.381274
1865;92.000000;-30.000000;-30.000000;-33.381274;0.000000;0.000000;0.000000;0.000000;0.000000;33.381274
1866;92.000000;-30.000000;30.000000;43.381274;0.000000;0.000000;0.000000;0.000000;0.000000;43.381274
1867;92.000000;-26.000000;-30.000000;-33.381274;0.000000;0.000000;0.000000;0.000000;0.000000;33.381274
1868;92.000000;-26.000000;30.000000;43.381274;0.000000;0.000000;0.000000;0.000000;0.000000;43.381274
1869;92.000000;-22.000000;-30.000000;-33.381274;0.000000;0.000000;0.000000;0.000000;0.000000;33.381274
1870;92.000000;-22.000000;30.000000;43.381274;0.000000;0.000000;0.000000;0.000000;0.000000;43.381274
1871;92.000000;-18.000000;-30.000000;-33.381274;0.000000;0.000000;0.000000;0.000000;0.000000;33.381274
1872;92.000000;-18.000000;30.000000;43.381274;0.000000;0.000000;0.000000;0.000000;0.000000;43.381274
1873;92.000000;-14.000000;-30.000000;-33.381274;0.000000;0.000000;0.000000;0.000000;0.000000;33.381274
1874;92.000000;-14.000000;30.000000;43.381274;0.000000;0.000000;0.000000;0.000000;0.000000;43.381274
1875;92.000000;-10.000000;-30.000000;-33.381274;0.000000;0.000000;0.000000;0.000000;0.000000;33.381274
1876;92.000000;-10.000000;30.000000;43.381274;0.000000;0.000000;0.000000;0.000000;0.000000;43.381274
1877;92.000000;-6.000000;-30.000000;-33.381274;0.000000;0.000000;0.000000;0.000000;0.000000;33.381274
1878;92.000000;-6.000000;30.000000;43.381274;0.000000;0.000000;0.000000;0.000000;0.000000;43.381274
1879;92.000000;-2.000000;-30.000000;-33.381274;0.000000;0.000000;0.000000;0.000000;0.000000;33.381274
1880;92.000000;-2.000000;30.000000;43.381274;0.000000;0.000000;0.000000;0.000000;0.000000;43.381274
1881;92.000000;2.000000;-30.000000;-33.381274;0.000000;0.000000;0.000000;0.000000;0.000000;33.381274
1882;92.000000;2.000000;30.000000;43.381274;0.000000;0.000000;0.000000;0.000000;0.000000;43.381274
1883;92.000000;6.000000;-30.000000;-33.381274;0.000000;0.000000;0.000000;0.000000;0.000000;33.381274
1884;92.000000;6.000000;30.000000;43.381274;0.000000;0.000000;0.000000;0.000000;0.000000;43.381274
1885;92.000000;10.000000;-30.000000;-33.381274;0.000000;0.000000;0.000000;0.000000;0.000000;33.381274
1886;92.000000;10.000000;30.000000;43.381274;0.000000;0.000000;0.000000;0.000000;0.000000;43.381274
1887;92.000000;14.000000;-30.000000;-33.381274;0.000000;0.000000;0.000000;0.000000;0.000000;33.381274
1888;92.000000;14.000000;30.000000;43.381274;0.000000;0.000000;0.000000;0.000000;0.000000;43.381274
1889;92.000000;18.000000;-30.000000;-33.381274;0.000000;0.000000;0.000000;0.000000;0.000000;33.381274
1890;92.000000;18.000000;30.000000;43.381274;0.000000;0.000000;0.000000;0.000000;0.000000;43.381274
1891;92.000000;22.000000;-30.000000;-33.381274;0.000000;0.000000;0.000000;0.000000;0.000000;33.381274
1892;92.000000;22.000000;30.000000;43.381274;0.000000;0.000000;0.000000;0.000000;0.000000;43.381274
1893;92.000000;26.000000;-30.000000;-33.381274;0.000000;0.000000;0.000000;0.000000;0.000000;33.381274
1894;92.000000;26.000000;30.000000;43.381274;0.000000;0.000000;0.000000;0.000000;0.000000;43.381274
1895;92.000000;30.000000;-30.000000;-33.381274;0.000000;0.000000;0.000000;0.000000;0.000000;33.381274
1896;92.000000;30.000000;30.000000;43.381274;0.000000;0.000000;0.000000;0.000000;0.000000;43.381274
1897;92.000000;34.000000;-30.000000;-33.381274;0.000000;0.000000;0.000000;0.000000;0.000000;33.381274
1898;92.000000;34.000000;30.000000;43.381274;0.000000;0.000000;0.000000;0.000000;0.000000;43.381274
1899;92.000000;38.000000;-30.000000;-33.381274;0.000000;0.000000;0.000000;0.000000;0.000000;33.381274
1900;92.000000;38.000000;30.000000;43.381274;0.000000;0.000000;0.000000;0.000000;0.000000;43.381274
1901;92.000000;42.000000;-30.000000;-33.381274;0.000000;0.000000;0.000000;0.000000;0.000000;33.381274
1902;92.000000;42.000000;30.000000;43.381274;0.000000;0.000000;0.000000;0.000000;0.000000;43.381274
1903;92.000000;46.000000;-30.000000;-33.381274;0.000000;0.000000;0.000000;0.000000;0.000000;33.381274
1904;92.000000;46.000000;30.000000;43.381274;0.000000;0.000000;0.000000;0.000000;0.000000;43.381274
1905;92.000000;50.000000;-30.000000;-33.381274;0.000000;0.000000;0.000000;0.000000;0.000000;33.381274
1906;92.000000;50.000000;-26.000000;-28.263771;0.000000;0.000000;0.000000;0.000000;0.000000;28.263771
1907;92.000000;50.000000;-22.000000;-23.146268;0.000000;0.000000;0.000000;0.000000;0.000000;23.146268
1908;92.000000;50.000000;-18.000000;-18.028764;0.000000;0.000000;0.000000;0.000000;0.000000;18.028764
1909;92.000000;50.000000;-14.000000;-12.911261;0.000000;0.000000;0.000000;0.000000;0.000000;12.911261
1910;92.000000;50.000000;-10.000000;-7.793758;0.000000;0.000000;0.000000;0.000000;0.000000;7.793758
1911;92.000000;50.000000;-6.000000;-2.676255;0.000000;0.000000;0.000000;0.000000;0.000000;2.676255
1912;92.000000;50.000000;-2.000000;2.441248;0.000000;0.000000;0.000000;0.000000;0.000000;2.441248
1913;92.000000;50.000000;2.000000;7.558752;0.000000;0.000000;0.000000;0.000000;0.000000;7.558752
1914;92.000000;50.000000;6.000000;12.676255;0.000000;0.000000;0.000000;0.000000;0.000000;12.676255
1915;92.000000;50.000000;10.000000;17.793758;0.000000;0.000000;0.000000;0.000000;0.000000;17.793758
1916;92.000000;50.000000;14.000000;22.911261;0.000000;0.000000;0.000000;0.000000;0.000000;22.911261
1917;92.000000;50.000000;18.000000;28.028764;0.000000;0.000000;0.000000;0.000000;0.000000;28.028764
1918;92.000000;50.000000;22.000000;33.146268;0.000000;0.000000;0.000000;0.000000;0.000000;33.146268
1919;92.000000;50.000000;26.000000;38.263771;0.000000;0.000000;0.000000;0.000000;0.000000;38.263771
1920;92.000000;50.000000;30.000000;43.381274;0.000000;0.000000;0.000000;0.000000;0.000000;43.381274
1921;96.000000;-50.000000;-30.000000;-32.882816;0.000000;0.000000;0.000000;0.000000;0.000000;32.882816
1922;96.000000;-50.000000;-26.000000;-27.831774;0.000000;0.000000;0.000000;0.000000;0.000000;27.831774
1923;96.000000;-50.000000;-22.000000;-22.780732;0.000000;0.000000;0.000000;0.000000;0.000000;22.780732
1924;96.000000;-50.000000;-18.000000;-17.729689;0.000000;0.000000;0.000000;0.000000;0.000000;17.729689
1925;96.000000;-50.000000;-14.000000;-12.678647;0.000000;0.000000;0.000000;0.000000;0.000000;12.678647
1926;96.000000;-50.000000;-10.000000;-7.627605;0.000000;0.000000;0.000000;0.000000;0.000000;7.627605
1927;96.000000;-50.000000;-6.000000;-2.576563;0.000000;0.000000;0.000000;0.000000;0.000000;2.576563
1928;96.000000;-50.000000;-2.000000;2.474479;0.000000;0.000000;0.000000;0.000000;0.000000;2.474479
1929;96.000000;-50.000000;2.000000;7.525521;0.000000;0.000000;0.000000;0.000000;0.000000;7.525521
1930;96.000000;-50.000000;6.000000;12.576563;0.000000;0.000000;0.000000;0.000000;0.000000;12.576563
1931;96.000000;-50.000000;10.000000;17.627605;0.000000;0.000000;0.000000;0.000000;0.000000;17.627605
1932;96.000000;-50.000000;14.000000;22.678647;0.000000;0.000000;0.000000;0.000000;0.000000;22.678647
1933;96.000000;-50.000000;18.000000;27.729689;0.000000;0.000000;0.000000;0.000000;0.000000;27.729689
1934;96.000000;-50.000000;22.000000;32.780732;0.000000;0.000000;0.000000;0.000000;0.000000;32.780732
1935;96.000000;-50.000000;26.000000;37.831774;0.000000;0.000000;0.000000;0.000000;0.000000;37.831774
1936;96.000000;-50.000000;30.000000;42.882816;0.000000;0.000000;0.000000;0.000000;0.000000;42.882816
1937;96.000000;-46.000000;-30.000000;-32.882816;0.000000;0.000000;0.000000;0.000000;0.000000;32.882816
1938;96.000000;-46.000000;30.000000;42.882816;0.000000;0.000000;0.000000;0.000000;0.000000;42.882816
1939;96.000000;-42.000000;-30.000000;-32.882816;0.000000;0.000000;0.000000;0.000000;0.000000;32.882816
1940;96.000000;-42.000000;30.000000;42.882816;0.000000;0.000000;0.000000;0.000000;0.000000;42.882816
1941;96.000000;-38.000000;-30.000000;-32.882816;0.000000;0.000000;0.000000;0.000000;0.000000;32.882816
1942;96.000000;-38.000000;30.000000;42.882816;0.000000;0.000000;0.000000;0.000000;0.000000;42.882816
1943;96.000000;-34.000000;-30.000000;-32.882816;0.000000;0.000000;0.000000;0.000000;0.000000;32.882816
1944;96.000000;-34.000000;30.000000;42.882816;0.000000;0.000000;0.000000;0.000000;0.000000;42.882816
1945;96.000000;-30.000000;-30.000000;-32.882816;0.000000;0.000000;0.000000;0.000000;0.000000;32.882816
1946;96.000000;-30.000000;30.000000;42.882816;0.000000;0.000000;0.000000;0.000000;0.000000;42.882816
1947;96.000000;-26.000000;-30.000000;-32.882816;0.000000;0.000000;0.000000;0.000000;0.000000;32.882816
1948;96.000000;-26.000000;30.000000;42.882816;0.000000;0.000000;0.000000;0.000000;0.000000;42.882816
1949;96.000000;-22.000000;-30.000000;-32.882816;0.000000;0.000000;0.000000;0.000000;0.000000;32.882816
1950;96.000000;-22.000000;30.000000;42.882816;0.000000;0.000000;0.000000;0.000000;0.000000;42.882816
1951;96.000000;-18.000000;-30.000000;-32.882816;0.000000;0.000000;0.000000;0.000000;0.000000;32.882816
1952;96.000000;-18.000000;30.000000;42.882816;0.000000;0.000000;0.000000;0.000000;0.000000;42.882816
1953;96.000000;-14.000000;-30.000000;-32.882816;0.000000;0.000000;0.000000;0.000000;0.000000;32.882816
1954;96.000000;-14.000000;30.000000;42.882816;0.000000;0.000000;0.000000;0.000000;0.000000;42.882816
1955;96.000000;-10.000000;-30.000000;-32.882816;0.000000;0.000000;0.000000;0.000000;0.000000;32.882816
1956;96.000000;-10.000000;30.000000;42.882816;0.000000;0.000000;0.000000;0.000000;0.000000;42.882816
1957;96.000000;-6.000000;-30.000000;-32.882816;0.000000;0.000000;0.000000;0.000000;0.000000;32.882816
1958;96.000000;-6.000000;30.000000;42.882816;0.000000;0.000000;0.000000;0.000000;0.000000;42.882816
1959;96.000000;-2.000000;-30.000000;-32.882816;0.000000;0.000000;0.000000;0.000000;0.000000;32.882816
1960;96.000000;-2.000000;30.000000;42.882816;0.000000;0.000000;0.000000;0.000000;0.000000;42.882816
1961;96.000000;2.000000;-30.000000;-32.882816;0.000000;0.000000;0.000000;0.000000;0.000000;32.882816
1962;96.000000;2.000000;30.000000;42.882816;0.000000;0.000000;0.000000;0.000000;0.000000;42.882816
1963;96.000000;6.000000;-30.000000;-32.882816;0.000000;0.000000;0.000000;0.000000;0.000000;32.882816
1964;96.000000;6.000000;30.000000;42.882816;0.000000;0.000000;0.000000;0.000000;0.000000;42.882816
1965;96.000000;10.000000;-30.000000;-32.882816;0.000000;0.000000;0.000000;0.000000;0.000000;32.882816
1966;96.000000;10.000000;30.000000;42.882816;0.000000;0.000000;0.000000;0.000000;0.000000;42.882816
1967;96.000000;14.000000;-30.000000;-32.882816;0.000000;0.000000;0.000000;0.000000;0.000000;32.882816
1968;96.000000;14.000000;30.000000;42.882816;0.000000;0.000000;0.000000;0.000000;0.000000;42.882816
1969;96.000000;18.000000;-30.000000;-32.882816;0.000000;0.000000;0.000000;0.000000;0.000000;32.882816
1970;96.000000;18.000000;30.000000;42.882816;0.000000;0.000000;0.000000;0.000000;0.000000;42.882816
1971;96.000000;22.000000;-30.000000;-32.882816;0.000000;0.000000;0.000000;0.000000;0.000000;32.882816
1972;96.000000;22.000000;30.000000;42.882816;0.000000;0.000000;0.000000;0.000000;0.000000;42.882816
1973;96.000000;26.000000;-30.000000;-32.882816;0.000000;0.000000;0.000000;0.000000;0.000000;32.882816
1974;96.000000;26.000000;30.000000;42.882816;0.000000;0.000000;0.000000;0.000000;0.000000;42.882816
1975;96.000000;30.000000;-30.000000;-32.882816;0.000000;0.000000;0.000000;0.000000;0.000000;32.882816
1976;96.000000;30.000000;30.000000;42.882816;0.000000;0.000000;0.000000;0.000000;0.000000;42.882816
1977;96.000000;34.000000;-30.000000;-32.882816;0.000000;0.000000;0.000000;0.000000;0.000000;32.882816
1978;96.000000;34.000000;30.000000;42.882816;0.000000;0.000000;0.000000;0.000000;0.000000;42.882816
1979;96.000000;38.000000;-30.000000;-32.882816;0.000000;0.000000;0.000000;0.000000;0.000000;32.882816
1980;96.000000;38.000000;30.000000;42.882816;0.000000;0.000000;0.000000;0.000000;0.000000;42.882816
1981;96.000000;42.000000;-30.000000;-32.882816;0.000000;0.000000;0.000000;0.000000;0.000000;32.882816
1982;96.000000;42.000000;30.000000;42.882816;0.000000;0.000000;0.000000;0.000000;0.000000;42.882816
1983;96.000000;46.000000;-30.000000;-32.882816;0.000000;0.000000;0.000000;0.000000;0.000000;32.882816
1984;96.000000;46.000000;30.000000;42.882816;0.000000;0.000000;0.000000;0.000000;0.000000;42.882816
1985;96.000000;50.000000;-30.000000;-32.882816;0.000000;0.000000;0.000000;0.000000;0.000000;32.882816
1986;96.000000;50.000000;-26.000000;-27.831774;0.000000;0.000000;0.000000;0.000000;0.000000;27.831774
1987;96.000000;50.000000;-22.000000;-22.780732;0.000000;0.000000;0.000000;0.000000;0.000000;22.780732
1988;96.000000;50.000000;-18.000000;-17.729689;0.000000;0.000000;0.000000;0.000000;0.000000;17.729689
1989;96.000000;50.000000;-14.000000;-12.678647;0.000000;0.000000;0.000000;0.000000;0.000000;12.678647
1990;96.000000;50.000000;-10.000000;-7.627605;0.000000;0.000000;0.000000;0.000000;0.000000;7.627605
1991;96.000000;50.000000;-6.000000;-2.576563;0.000000;0.000000;0.000000;0.000000;0.000000;2.576563
1992;96.000000;50.000000;-2.000000;2.474479;0.000000;0.000000;0.000000;0.000000;0.000000;2.474479
1993;96.000000;50.000000;2.000000;7.525521;0.000000;0.000000;0.000000;0.000000;0.000000;7.525521
1994;96.000000;50.000000;6.000000;12.576563;0.000000;0.000000;0.000000;0.000000;0.000000;12.576563
1995;96.000000;50.000000;10.000000;17.627605;0.000000;0.000000;0.000000;0.000000;0.000000;17.627605
1996;96.000000;50.000000;14.000000;22.678647;0.000000;0.000000;0.000000;0.000000;0.000000;22.678647
1997;96.000000;50.000000;18.000000;27.729689;0.000000;0.000000;0.000000;0.000000;0.000000;27.729689
1998;96.000000;50.000000;22.000000;32.780732;0.000000;0.000000;0.000000;0.000000;0.000000;32.780732
1999;96.000000;50.000000;26.000000;37.831774;0.000000;0.000000;0.000000;0.000000;0.000000;37.831774
2000;96.000000;50.000000;30.000000;42.882816;0.000000;0.000000;0.000000;0.000000;0.000000;42.882816
2001;100.000000;-50.000000;-30.000000;-32.384358;0.000000;0.000000;0.000000;0.000000;0.000000;32.384358
2002;100.000000;-50.000000;-26.000000;-27.399777;0.000000;0.000000;0.000000;0.000000;0.000000;27.399777
2003;100.000000;-50.000000;-22.000000;-22.415196;0.000000;0.000000;0.000000;0.000000;0.000000;22.415196
2004;100.000000;-50.000000;-18.000000;-17.430615;0.000000;0.000000;0.000000;0.000000;0.000000;17.430615
2005;100.000000;-50.000000;-14.000000;-12.446034;0.000000;0.000000;0.000000;0.000000;0.000000;12.446034
2006;100.000000;-50.000000;-10.000000;-7.461453;0.000000;0.000000;0.000000;0.000000;0.000000;7.461453
2007;100.000000;-50.000000;-6.000000;-2.476872;0.000000;0.000000;0.000000;0.000000;0.000000;2.476872
2008;100.000000;-50.000000;-2.000000;2.507709;0.000000;0.000000;0.000000;0.000000;0.000000;2.507709
2009;100.000000;-50.000000;2.000000;7.492291;0.000000;0.000000;0.000000;0.000000;0.000000;7.492291
2010;100.000000;-50.000000;6.000000;12.476872;0.000000;0.000000;0.000000;0.000000;0.000000;12.476872
2011;100.000000;-50.000000;10.000000;17.461453;0.000000;0.000000;0.000000;0.000000;0.000000;17.461453
2012;100.000000;-50.000000;14.000000;22.446034;0.000000;0.000000;0.000000;0.000000;0.000000;22.446034
2013;100.000000;-50.000000;18.000000;27.430615;0.000000;0.000000;0.000000;0.000000;0.000000;27.430615
2014;100.000000;-50.000000;22.000000;32.415196;0.000000;0.000000;0.000000;0.000000;0.000000;32.415196
2015;100.000000;-50.000000;26.000000;37.399777;0.000000;0.000000;0.000000;0.000000;0.000000;37.399777
2016;100.000000;-50.000000;30.000000;42.384358;0.000000;0.000000;0.000000;0.000000;0.000000;42.384358
2017;100.000000;-46.000000;-30.000000;-32.384358;0.000000;0.000000;0.000000;0.000000;0.000000;32.384358
2018;100.000000;-46.000000;30.000000;42.384358;0.000000;0.000000;0.000000;0.000000;0.000000;42.384358
2019;100.000000;-42.000000;-30.000000;-32.384358;0.000000;0.000000;0.000000;0.000000;0.000000;32.384358
2020;100.000000;-42.000000;30.000000;42.384358;0.000000;0.000000;0.000000;0.000000;0.000000;42.384358
2021;100.000000;-38.000000;-30.000000;-32.384358;0.000000;0.000000;0.000000;0.000000;0.000000;32.384358
2022;100.000000;-38.000000;30.000000;42.384358;0.000000;0.000000;0.000000;0.000000;0.000000;42.384358
2023;100.000000;-34.000000;-30.000000;-32.384358;0.000000;0.000000;0.000000;0.000000;0.000000;32.384358
2024;100.000000;-34.000000;30.000000;42.384358;0.000000;0.000000;0.000000;0.000000;0.000000;42.384358
2025;100.000000;-30.000000;-30.000000;-32.384358;0.000000;0.000000;0.000000;0.000000;0.000000;32.384358
2026;100.000000;-30.000000;30.000000;42.384358;0.000000;0.000000;0.000000;0.000000;0.000000;42.384358
2027;100.000000;-26.000000;-30.000000;-32.384358;0.000000;0.000000;0.000000;0.000000;0.000000;32.384358
2028;100.000000;-26.000000;30.000000;42.384358;0.000000;0.000000;0.000000;0.000000;0.000000;42.384358
2029;100.000000;-22.000000;-30.000000;-32.384358;0.000000;0.000000;0.000000;0.000000;0.000000;32.384358
2030;100.000000;-22.000000;30.000000;42.384358;0.000000;0.000000;0.000000;0.000000;0.000000;42.384358
2031;100.000000;-18.000000;-30.000000;-32.384358;0.000000;0.000000;0.000000;0.000000;0.000000;32.384358
2032;100.000000;-18.000000;30.000000;42.384358;0.000000;0.000000;0.000000;0.000000;0.000000;42.384358
2033;100.000000;-14.000000;-30.000000;-32.384358;0.000000;0.000000;0.000000;0.000000;0.000000;32.384358
2034;100.000000;-14.000000;30.000000;42.384358;0.000000;0.000000;0.000000;0.000000;0.000000;42.384358
2035;100.000000;-10.000000;-30.000000;-32.384358;0.000000;0.000000;0.000000;0.000000;0.000000;32.384358
2036;100.000000;-10.000000;30.000000;42.384358;0.000000;0.000000;0.000000;0.000000;0.000000;42.384358
2037;100.000000;-6.000000;-30.000000;-32.384358;0.000000;0.000000;0.000000;0.000000;0.000000;32.384358
2038;100.000000;-6.000000;30.000000;42.384358;0.000000;0.000000;0.000000;0.000000;0.000000;42.384358
2039;100.000000;-2.000000;-30.000000;-32.384358;0.000000;0.000000;0.000000;0.000000;0.000000;32.384358
2040;100.000000;-2.000000;30.000000;42.384358;0.000000;0.000000;0.000000;0.000000;0.000000;42.384358
2041;100.000000;2.000000;-30.000000;-32.384358;0.000000;0.000000;0.000000;0.000000;0.000000;32.384358
2042;100.000000;2.000000;30.000000;42.384358;0.000000;0.000000;0.000000;0.000000;0.000000;42.384358
2043;100.000000;6.000000;-30.000000;-32.384358;0.000000;0.000000;0.000000;0.000000;0.000000;32.384358
2044;100.000000;6.000000;30.000000;42.384358;0.000000;0.000000;0.000000;0.000000;0.000000;42.384358
2045;100.000000;10.000000;-30.000000;-32.384358;0.000000;0.000000;0.000000;0.000000;0.000000;32.384358
2046;100.000000;10.000000;30.000000;42.384358;0.000000;0.000000;0.000000;0.000000;0.000000;42.384358
2047;100.000000;14.000000;-30.000000;-32.384358;0.000000;0.000000;0.000000;0.000000;0.000000;32.384358
2048;100.000000;14.000000;30.000000;42.384358;0.000000;0.000000;0.000000;0.000000;0.000000;42.384358
2049;100.000000;18.000000;-30.000000;-32.384358;0.000000;0.000000;0.000000;0.000000;0.000000;32.384358
2050;100.000000;18.000000;30.000000;42.384358;0.000000;0.000000;0.000000;0.000000;0.000000;42.384358
2051;100.000000;22.000000;-30.000000;-32.384358;0.000000;0.000000;0.000000;0.000000;0.000000;32.384358
2052;100.000000;22.000000;30.000000;42.384358;0.000000;0.000000;0.000000;0.000000;0.000000;42.384358
2053;100.000000;26.000000;-30.000000;-32.384358;0.000000;0.000000;0.000000;0.000000;0.000000;32.384358
2054;100.000000;26.000000;30.000000;42.384358;0.000000;0.000000;0.000000;0.000000;0.000000;42.384358
2055;100.000000;30.000000;-30.000000;-32.384358;0.000000;0.000000;0.000000;0.000000;0.000000;32.384358
2056;100.000000;30.000000;30.000000;42.384358;0.000000;0.000000;0.000000;0.000000;0.000000;42.384358
2057;100.000000;34.000000;-30.000000;-32.384358;0.000000;0.000000;0.000000;0.000000;0.000000;32.384358
2058;100.000000;34.000000;30.000000;42.384358;0.000000;0.000000;0.000000;0.000000;0.000000;42.384358
2059;100.000000;38.000000;-30.000000;-32.384358;0.000000;0.000000;0.000000;0.000000;0.000000;32.384358
2060;100.000000;38.000000;30.000000;42.384358;0.000000;0.000000;0.000000;0.000000;0.000000;42.384358
2061;100.000000;42.000000;-30.000000;-32.384358;0.000000;0.000000;0.000000;0.000000;0.000000;32.384358
2062;100.000000;42.000000;30.000000;42.384358;0.000000;0.000000;0.000000;0.000000;0.000000;42.384358
2063;100.000000;46.000000;-30.000000;-32.384358;0.000000;0.000000;0.000000;0.000000;0.000000;32.384358
2064;100.000000;46.000000;30.000000;42.384358;0.000000;0.000000;0.000000;0.000000;0.000000;42.384358
2065;100.000000;50.000000;-30.000000;-32.384358;0.000000;0.000000;0.000000;0.000000;0.000000;32.384358
2066;100.000000;50.000000;-26.000000;-27.399777;0.000000;0.000000;0.000000;0.000000;0.000000;27.399777
2067;100.000000;50.000000;-22.000000;-22.415196;0.000000;0.000000;0.000000;0.000000;0.000000;22.415196
2068;100.000000;50.000000;-18.000000;-17.430615;0.000000;0.000000;0.000000;0.000000;0.000000;17.430615
2069;100.000000;50.000000;-14.000000;-12.446034;0.000000;0.000000;0.000000;0.000000;0.000000;12.446034
2070;100.000000;50.000000;-10.000000;-7.461453;0.000000;0.000000;0.000000;0.000000;0.000000;7.461453
2071;100.000000;50.000000;-6.000000;-2.476872;0.000000;0.000000;0.000000;0.000000;0.000000;2.476872
2072;100.000000;50.000000;-2.000000;2.507709;0.000000;0.000000;0.000000;0.000000;0.000000;2.507709
2073;100.000000;50.000000;2.000000;7.492291;0.000000;0.000000;0.000000;0.000000;0.000000;7.492291
2074;100.000000;50.000000;6.000000;12.476872;0.000000;0.000000;0.000000;0.000000;0.000000;12.476872
2075;100.000000;50.000000;10.000000;17.461453;0.000000;0.000000;0.000000;0.000000;0.000000;17.461453
2076;100.000000;50.000000;14.000000;22.446034;0.000000;0.000000;0.000000;0.000000;0.000000;22.446034
2077;100.000000;50.000000;18.000000;27.430615;0.000000;0.000000;0.000000;0.000000;0.000000;27.430615
2078;100.000000;50.000000;22.000000;32.415196;0.000000;0.000000;0.000000;0.000000;0.000000;32.415196
2079;100.000000;50.000000;26.000000;37.399777;0.000000;0.000000;0.000000;0.000000;0.000000;37.399777
2080;100.000000;50.000000;30.000000;42.384358;0.000000;0.000000;0.000000;0.000000;0.000000;42.384358
2081;104.000000;-50.000000;-30.000000;-31.885900;0.000000;0.000000;0.000000;0.000000;0.000000;31.885900
2082;104.000000;-50.000000;-26.000000;-26.967780;0.000000;0.000000;0.000000;0.000000;0.000000;26.967780
2083;104.000000;-50.000000;-22.000000;-22.049660;0.000000;0.000000;0.000000;0.000000;0.000000;22.049660
2084;104.000000;-50.000000;-18.000000;-17.131540;0.000000;0.000000;0.000000;0.000000;0.000000;17.131540
2085;104.000000;-50.000000;-14.000000;-12.213420;0.000000;0.000000;0.000000;0.000000;0.000000;12.213420
2086;104.000000;-50.000000;-10.000000;-7.295300;0.000000;0.000000;0.000000;0.000000;0.000000;7.295300
2087;104.000000;-50.000000;-6.000000;-2.377180;0.000000;0.000000;0.000000;0.000000;0.000000;2.377180
2088;104.000000;-50.000000;-2.000000;2.540940;0.000000;0.000000;0.000000;0.000000;0.000000;2.540940
2089;104.000000;-50.000000;2.000000;7.459060;0.000000;0.000000;0.000000;0.000000;0.000000;7.459060
2090;104.000000;-50.000000;6.000000;12.377180;0.000000;0.000000;0.000000;0.000000;0.000000;12.377180
2091;104.000000;-50.000000;10.000000;17.295300;0.000000;0.000000;0.000000;0.000000;0.000000;17.295300
2092;104.000000;-50.000000;14.000000;22.213420;0.000000;0.000000;0.000000;0.000000;0.000000;22.213420
2093;104.000000;-50.000000;18.000000;27.131540;0.000000;0.000000;0.000000;0.000000;0.000000;27.131540
2094;104.000000;-50.000000;22.000000;32.049660;0.000000;0.000000;0.000000;0.000000;0.000000;32.049660
2095;104.000000;-50.000000;26.000000;36.967780;0.000000;0.000000;0.000000;0.000000;0.000000;36.967780
2096;104.000000;-50.000000;30.000000;41.885900;0.000000;0.000000;0.000000;0.000000;0.000000;41.885900
2097;104.000000;-46.000000;-30.000000;-31.885900;0.000000;0.000000;0.000000;0.000000;0.000000;31.885900
2098;104.000000;-46.000000;30.000000;41.885900;0.000000;0.000000;0.000000;0.000000;0.000000;41.885900
2099;104.000000;-42.000000;-30.000000;-31.885900;0.000000;0.000000;0.000000;0.000000;0.000000;31.885900
2100;104.000000;-42.000000;30.000000;41.885900;0.000000;0.000000;0.000000;0.000000;0.000000;41.885900
2101;104.000000;-38.000000;-30.000000;-31.885900;0.000000;0.000000;0.000000;0.000000;0.000000;31.885900
2102;104.000000;-38.000000;30.000000;41.885900;0.000000;0.000000;0.000000;0.000000;0.000000;41.885900
2103;104.000000;-34.000000;-30.000000;-31.885900;0.000000;0.000000;0.000000;0.000000;0.000000;31.885900
2104;104.000000;-34.000000;30.000000;41.885900;0.000000;0.000000;0.000000;0.000000;0.000000;41.885900
2105;104.000000;-30.000000;-30.000000;-31.885900;0.000000;0.000000;0.000000;0.000000;0.000000;31.885900
2106;104.000000;-30.000000;30.000000;41.885900;0.000000;0.000000;0.000000;0.000000;0.000000;41.885900
2107;104.000000;-26.000000;-30.000000;-31.885900;0.000000;0.000000;0.000000;0.000000;0.000000;31.885900
2108;104.000000;-26.000000;30.000000;41.885900;0.000000;0.000000;0.000000;0.000000;0.000000;41.885900
2109;104.000000;-22.000000;-30.000000;-31.885900;0.000000;0.000000;0.000000;0.000000;0.000000;31.885900
2110;104.000000;-22.000000;30.000000;41.885900;0.000000;0.000000;0.000000;0.000000;0.000000;41.885900
2111;104.000000;-18.000000;-30.000000;-31.885900;0.000000;0.000000;0.000000;0.000000;0.000000;31.885900
2112;104.000000;-18.000000;30.000000;41.885900;0.000000;0.000000;0.000000;0.000000;0.000000;41.885900
2113;104.000000;-14.000000;-30.000000;-31.885900;0.000000;0.000000;0.000000;0.000000;0.000000;31.885900
2114;104.000000;-14.000000;30.000000;41.885900;0.000000;0.000000;0.000000;0.000000;0.000000;41.885900
2115;104.000000;-10.000000;-30.000000;-31.885900;0.000000;0.000000;0.000000;0.000000;0.000000;31.885900
2116;104.000000;-10.000000;30.000000;41.885900;0.000000;0.000000;0.000000;0.000000;0.000000;41.885900
2117;104.000000;-6.000000;-30.000000;-31.885900;0.000000;0.000000;0.000000;0.000000;0.000000;31.885900
2118;104.000000;-6.000000;30.000000;41.885900;0.000000;0.000000;0.000000;0.000000;0.000000;41.885900
2119;104.000000;-2.000000;-30.000000;-31.885900;0.000000;0.000000;0.000000;0.000000;0.000000;31.885900
2120;104.000000;-2.000000;30.000000;41.885900;0.000000;0.000000;0.000000;0.000000;0.000000;41.885900
2121;104.000000;2.000000;-30.000000;-31.885900;0.000000;0.000000;0.000000;0.000000;0.000000;31.885900
2122;104.000000;2.000000;30.000000;41.885900;0.000000;0.000000;0.000000;0.000000;0.000000;41.885900
2123;104.000000;6.000000;-30.000000;-31.885900;0.000000;0.000000;0.000000;0.000000;0.000000;31.885900
2124;104.000000;6.000000;30.000000;41.885900;0.000000;0.000000;0.000000;0.000000;0.000000;41.885900
2125;104.000000;10.000000;-30.000000;-31.885900;0.000000;0.000000;0.000000;0.000000;0.000000;31.885900
2126;104.000000;10.000000;30.000000;41.885900;0.000000;0.000000;0.000000;0.000000;0.000000;41.885900
2127;104.000000;14.000000;-30.000000;-31.885900;0.000000;0.000000;0.000000;0.000000;0.000000;31.885900
2128;104.000000;14.000000;30.000000;41.885900;0.000000;0.000000;0.000000;0.000000;0.000000;41.885900
2129;104.000000;18.000000;-30.000000;-31.885900;0.000000;0.000000;0.000000;0.000000;0.000000;31.885900
2130;104.000000;18.000000;30.000000;41.885900;0.000000;0.000000;0.000000;0.000000;0.000000;41.885900
2131;104.000000;22.000000;-30.000000;-31.885900;0.000000;0.000000;0.000000;0.000000;0.000000;31.885900
2132;104.000000;22.000000;30.000000;41.885900;0.000000;0.000000;0.000000;0.000000;0.000000;41.885900
2133;104.000000;26.000000;-30.000000;-31.885900;0.000000;0.000000;0.000000;0.000000;0.000000;31.885900
2134;104.000000;26.000000;30.000000;41.885900;0.000000;0.000000;0.000000;0.000000;0.000000;41.885900
2135;104.000000;30.000000;-30.000000;-31.885900;0.000000;0.000000;0.000000;0.000000;0.000000;31.885900
2136;104.000000;30.000000;30.000000;41.885900;0.000000;0.000000;0.000000;0.000000;0.000000;41.885900
2137;104.000000;34.000000;-30.000000;-31.885900;0.000000;0.000000;0.000000;0.000000;0.000000;31.885900
2138;104.000000;34.000000;30.000000;41.885900;0.000000;0.000000;0.000000;0.000000;0.000000;41.885900
2139;104.000000;38.000000;-30.000000;-31.885900;0.000000;0.000000;0.000000;0.000000;0.000000;31.885900
2140;104.000000;38.000000;30.000000;41.885900;0.000000;0.000000;0.000000;0.000000;0.000000;41.885900
2141;104.000000;42.000000;-30.000000;-31.885900;0.000000;0.000000;0.000000;0.000000;0.000000;31.885900
2142;104.000000;42.000000;30.000000;41.885900;0.000000;0.000000;0.000000;0.000000;0.000000;41.885900
2143;104.000000;46.000000;-30.000000;-31.885900;0.000000;0.000000;0.000000;0.000000;0.000000;31.885900
2144;104.000000;46.000000;30.000000;41.885900;0.000000;0.000000;0.000000;0.000000;0.000000;41.885900
2145;104.000000;50.000000;-30.000000;-31.885900;0.000000;0.000000;0.000000;0.000000;0.000000;31.885900
2146;104.000000;50.000000;-26.000000;-26.967780;0.000000;0.000000;0.000000;0.000000;0.000000;26.967780
2147;104.000000;50.000000;-22.000000;-22.049660;0.000000;0.000000;0.000000;0.000000;0.000000;22.049660
2148;104.000000;50.000000;-18.000000;-17.131540;0.000000;0.000000;0.000000;0.000000;0.000000;17.131540
2149;104.000000;50.000000;-14.000000;-12.213420;0.000000;0.000000;0.000000;0.000000;0.000000;12.213420
2150;104.000000;50.000000;-10.000000;-7.295300;0.000000;0.000000;0.000000;0.000000;0.000000;7.295300
2151;104.000000;50.000000;-6.000000;-2.377180;0.000000;0.000000;0.000000;0.000000;0.000000;2.377180
2152;104.000000;50.000000;-2.000000;2.540940;0.000000;0.000000;0.000000;0.000000;0.000000;2.540940
2153;104.000000;50.000000;2.000000;7.459060;0.000000;0.000000;0.000000;0.000000;0.000000;7.459060
2154;104.000000;50.000000;6.000000;12.377180;0.000000;0.000000;0.000000;0.000000;0.000000;12.377180
2155;104.000000;50.000000;10.000000;17.295300;0.000000;0.000000;0.000000;0.000000;0.000000;17.295300
2156;104.000000;50.000000;14.000000;22.213420;0.000000;0.000000;0.000000;0.000000;0.000000;22.213420
2157;104.000000;50.000000;18.000000;27.131540;0.000000;0.000000;0.000000;0.000000;0.000000;27.131540
2158;104.000000;50.000000;22.000000;32.049660;0.000000;0.000000;0.000000;0.000000;0.000000;32.049660
2159;104.000000;50.000000;26.000000;36.967780;0.000000;0.000000;0.000000;0.000000;0.000000;36.967780
2160;104.000000;50.000000;30.000000;41.885900;0.000000;0.000000;0.000000;0.000000;0.000000;41.885900
2161;108.000000;-50.000000;-30.000000;-31.387442;0.000000;0.000000;0.000000;0.000000;0.000000;31.387442
2162;108.000000;-50.000000;-26.000000;-26.535783;0.000000;0.000000;0.000000;0.000000;0.000000;26.535783
2163;108.000000;-50.000000;-22.000000;-21.684124;0.000000;0.000000;0.000000;0.000000;0.000000;21.684124
2164;108.000000;-50.000000;-18.000000;-16.832465;0.000000;0.000000;0.000000;0.000000;0.000000;16.832465
2165;108.000000;-50.000000;-14.000000;-11.980806;0.000000;0.000000;0.000000;0.000000;0.000000;11.980806
2166;108.000000;-50.000000;-10.000000;-7.129147;0.000000;0.000000;0.000000;0.000000;0.000000;7.129147
2167;108.000000;-50.000000;-6.000000;-2.277488;0.000000;0.000000;0.000000;0.000000;0.000000;2.277488
2168;108.000000;-50.000000;-2.000000;2.574171;0.000000;0.000000;0.000000;0.000000;0.000000;2.574171
2169;108.000000;-50.000000;2.000000;7.425829;0.000000;0.000000;0.000000;0.000000;0.000000;7.425829
2170;108.000000;-50.000000;6.000000;12.277488;0.000000;0.000000;0.000000;0.000000;0.000000;12.277488
2171;108.000000;-50.000000;10.000000;17.129147;0.000000;0.000000;0.000000;0.000000;0.000000;17.129147
2172;108.000000;-50.000000;14.000000;21.980806;0.000000;0.000000;0.000000;0.000000;0.000000;21.980806
2173;108.000000;-50.000000;18.000000;26.832465;0.000000;0.000000;0.000000;0.000000;0.000000;26.832465
2174;108.000000;-50.000000;22.000000;31.684124;0.000000;0.000000;0.000000;0.000000;0.000000;31.684124
2175;108.000000;-50.000000;26.000000;36.535783;0.000000;0.000000;0.000000;0.000000;0.000000;36.535783
2176;108.000000;-50.000000;30.000000;41.387442;0.000000;0.000000;0.000000;0.000000;0.000000;41.387442
2177;108.000000;-46.000000;-30.000000;-31.387442;0.000000;0.000000;0.000000;0.000000;0.000000;31.387442
2178;108.000000;-46.000000;30.000000;41.387442;0.000000;0.000000;0.000000;0.000000;0.000000;41.387442
2179;108.000000;-42.000000;-30.000000;-31.387442;0.000000;0.000000;0.000000;0.000000;0.000000;31.387442
2180;108.000000;-42.000000;30.000000;41.387442;0.000000;0.000000;0.000000;0.000000;0.000000;41.387442
2181;108.000000;-38.000000;-30.000000;-31.387442;0.000000;0.000000;0.000000;0.000000;0.000000;31.387442
2182;108.000000;-38.000000;30.000000;41.387442;0.000000;0.000000;0.000000;0.000000;0.000000;41.387442
2183;108.000000;-34.000000;-30.000000;-31.387442;0.000000;0.000000;0.000000;0.000000;0.000000;31.387442
2184;108.000000;-34.000000;30.000000;41.387442;0.000000;0.000000;0.000000;0.000000;0.000000;41.387442
2185;108.000000;-30.000000;-30.000000;-31.387442;0.000000;0.000000;0.000000;0.000000;0.000000;31.387442
2186;108.000000;-30.000000;30.000000;41.387442;0.000000;0.000000;0.000000;0.000000;0.000000;41.387442
2187;108.000000;-26.000000;-30.000000;-31.387442;0.000000;0.000000;0.000000;0.000000;0.000000;31.387442
2188;108.000000;-26.000000;30.000000;41.387442;0.000000;0.000000;0.000000;0.000000;0.000000;41.387442
2189;108.000000;-22.000000;-30.000000;-31.387442;0.000000;0.000000;0.000000;0.000000;0.000000;31.387442
2190;108.000000;-22.000000;30.000000;41.387442;0.000000;0.000000;0.000000;0.000000;0.000000;41.387442
2191;108.000000;-18.000000;-30.000000;-31.387442;0.000000;0.000000;0.000000;0.000000;0.000000;31.387442
2192;108.000000;-18.000000;30.000000;41.387442;0.000000;0.000000;0.000000;0.000000;0.000000;41.387442
2193;108.000000;-14.000000;-30.000000;-31.387442;0.000000;0.000000;0.000000;0.000000;0.000000;31.387442
2194;108.000000;-14.000000;30.000000;41.387442;0.000000;0.000000;0.000000;0.000000;0.000000;41.387442
2195;108.000000;-10.000000;-30.000000;-31.387442;0.000000;0.000000;0.000000;0.000000;0.000000;31.387442
2196;108.000000;-10.000000;30.000000;41.387442;0.000000;0.000000;0.000000;0.000000;0.000000;41.387442
2197;108.000000;-6.000000;-30.000000;-31.387442;0.000000;0.000000;0.000000;0.000000;0.000000;31.387442
2198;108.000000;-6.000000;30.000000;41.387442;0.000000;0.000000;0.000000;0.000000;0.000000;41.387442
2199;108.000000;-2.000000;-30.000000;-31.387442;0.000000;0.000000;0.000000;0.000000;0.000000;31.387442
2200;108.000000;-2.000000;30.000000;41.387442;0.000000;0.000000;0.000000;0.000000;0.000000;41.387442
2201;108.000000;2.000000;-30.000000;-31.387442;0.000000;0.000000;0.000000;0.000000;0.000000;31.387442
2202;108.000000;2.000000;30.000000;41.387442;0.000000;0.000000;0.000000;0.000000;0.000000;41.387442
2203;108.000000;6.000000;-30.000000;-31.387442;0.000000;0.000000;0.000000;0.000000;0.000000;31.387442
2204;108.000000;6.000000;30.000000;41.387442;0.000000;0.000000;0.000000;0.000000;0.000000;41.387442
2205;108.000000;10.000000;-30.000000;-31.387442;0.000000;0.000000;0.000000;0.000000;0.000000;31.387442
2206;108.000000;10.000000;30.000000;41.387442;0.000000;0.000000;0.000000;0.000000;0.000000;41.387442
2207;108.000000;14.000000;-30.000000;-31.387442;0.000000;0.000000;0.000000;0.000000;0.000000;31.387442
2208;108.000000;14.000000;30.000000;41.387442;0.000000;0.000000;0.000000;0.000000;0.000000;41.387442
2209;108.000000;18.000000;-30.000000;-31.387442;0.000000;0.000000;0.000000;0.000000;0.000000;31.387442
2210;108.000000;18.000000;30.000000;41.387442;0.000000;0.000000;0.000000;0.000000;0.000000;41.387442
2211;108.000000;22.000000;-30.000000;-31.387442;0.000000;0.000000;0.000000;0.000000;0.000000;31.387442
2212;108.000000;22.000000;30.000000;41.387442;0.000000;0.000000;0.000000;0.000000;0.000000;41.387442
2213;108.000000;26.000000;-30.000000;-31.387442;0.000000;0.000000;0.000000;0.000000;0.000000;31.387442
2214;108.000000;26.000000;30.000000;41.387442;0.000000;0.000000;0.000000;0.000000;0.000000;41.387442
2215;108.000000;30.000000;-30.000000;-31.387442;0.000000;0.000000;0.000000;0.000000;0.000000;31.387442
2216;108.000000;30.000000;30.000000;41.387442;0.000000;0.000000;0.000000;0.000000;0.000000;41.387442
2217;108.000000;34.000000;-30.000000;-31.387442;0.000000;0.000000;0.000000;0.000000;0.000000;31.387442
2218;108.000000;34.000000;30.000000;41.387442;0.000000;0.000000;0.000000;0.000000;0.000000;41.387442
2219;108.000000;38.000000;-30.000000;-31.387442;0.000000;0.000000;0.000000;0.000000;0.000000;31.387442
2220;108.000000;38.000000;30.000000;41.387442;0.000000;0.000000;0.000000;0.000000;0.000000;41.387442
2221;108.000000;42.000000;-30.000000;-31.387442;0.000000;0.000000;0.000000;0.000000;0.000000;31.387442
2222;108.000000;42.000000;30.000000;41.387442;0.000000;0.000000;0.000000;0.000000;0.000000;41.387442
2223;108.000000;46.000000;-30.000000;-31.387442;0.000000;0.000000;0.000000;0.000000;0.000000;31.387442
2224;108.000000;46.000000;30.000000;41.387442;0.000000;0.000000;0.000000;0.000000;0.000000;41.387442
2225;108.000000;50.000000;-30.000000;-31.387442;0.000000;0.000000;0.000000;0.000000;0.000000;31.387442
2226;108.000000;50.000000;-26.000000;-26.535783;0.000000;0.000000;0.000000;0.000000;0.000000;26.535783
2227;108.000000;50.000000;-22.000000;-21.684124;0.000000;0.000000;0.000000;0.000000;0.000000;21.684124
2228;108.000000;50.000000;-18.000000;-16.832465;0.000000;0.000000;0.000000;0.000000;0.000000;16.832465
2229;108.000000;50.000000;-14.000000;-11.980806;0.000000;0.000000;0.000000;0.000000;0.000000;11.980806
2230;108.000000;50.000000;-10.000000;-7.129147;0.000000;0.000000;0.000000;0.000000;0.000000;7.129147
2231;108.000000;50.000000;-6.000000;-2.277488;0.000000;0.000000;0.000000;0.000000;0.000000;2.277488
2232;108.000000;50.000000;-2.000000;2.574171;0.000000;0.000000;0.000000;0.000000;0.000000;2.574171
2233;108.000000;50.000000;2.000000;7.425829;0.000000;0.000000;0.000000;0.000000;0.000000;7.425829
2234;108.000000;50.000000;6.000000;12.277488;0.000000;0.000000;0.000000;0.000000;0.000000;12.277488
2235;108.000000;50.000000;10.000000;17.129147;0.000000;0.000000;0.000000;0.000000;0.000000;17.129147
2236;108.000000;50.000000;14.000000;21.980806;0.000000;0.000000;0.000000;0.000000;0.000000;21.980806
2237;108.000000;50.000000;18.000000;26.832465;0.000000;0.000000;0.000000;0.000000;0.000000;26.832465
2238;108.000000;50.000000;22.000000;31.684124;0.000000;0.000000;0.000000;0.000000;0.000000;31.684124
2239;108.000000;50.000000;26.000000;36.535783;0.000000;0.000000;0.000000;0.000000;0.000000;36.535783
2240;108.000000;50.000000;30.000000;41.387442;0.000000;0.000000;0.000000;0.000000;0.000000;41.387442
2241;112.000000;-50.000000;-30.000000;-30.888983;0.000000;0.000000;0.000000;0.000000;0.000000;30.888983
2242;112.000000;-50.000000;-26.000000;-26.103786;0.000000;0.000000;0.000000;0.000000;0.000000;26.103786
2243;112.000000;-50.000000;-22.000000;-21.318588;0.000000;0.000000;0.000000;0.000000;0.000000;21.318588
2244;112.000000;-50.000000;-18.000000;-16.533390;0.000000;0.000000;0.000000;0.000000;0.000000;16.533390
2245;112.000000;-50.000000;-14.000000;-11.748192;0.000000;0.000000;0.000000;0.000000;0.000000;11.748192
2246;112.000000;-50.000000;-10.000000;-6.962994;0.000000;0.000000;0.000000;0.000000;0.000000;6.962994
2247;112.000000;-50.000000;-6.000000;-2.177797;0.000000;0.000000;0.000000;0.000000;0.000000;2.177797
2248;112.000000;-50.000000;-2.000000;2.607401;0.000000;0.000000;0.000000;0.000000;0.000000;2.607401
2249;112.000000;-50.000000;2.000000;7.392599;0.000000;0.000000;0.000000;0.000000;0.000000;7.392599
2250;112.000000;-50.000000;6.000000;12.177797;0.000000;0.000000;0.000000;0.000000;0.000000;12.177797
2251;112.000000;-50.000000;10.000000;16.962994;0.000000;0.000000;0.000000;0.000000;0.000000;16.962994
2252;112.000000;-50.000000;14.000000;21.748192;0.000000;0.000000;0.000000;0.000000;0.000000;21.748192
2253;112.000000;-50.000000;18.000000;26.533390;0.000000;0.000000;0.000000;0.000000;0.000000;26.533390
2254;112.000000;-50.000000;22.000000;31.318588;0.000000;0.000000;0.000000;0.000000;0.000000;31.318588
2255;112.000000;-50.000000;26.000000;36.103786;0.000000;0.000000;0.000000;0.000000;0.000000;36.103786
2256;112.000000;-50.000000;30.000000;40.888983;0.000000;0.000000;0.000000;0.000000;0.000000;40.888983
2257;112.000000;-46.000000;-30.000000;-30.888983;0.000000;0.000000;0.000000;0.000000;0.000000;30.888983
2258;112.000000;-46.000000;30.000000;40.888983;0.000000;0.000000;0.000000;0.000000;0.000000;40.888983
2259;112.000000;-42.000000;-30.000000;-30.888983;0.000000;0.000000;0.000000;0.000000;0.000000;30.888983
2260;112.000000;-42.000000;30.000000;40.888983;0.000000;0.000000;0.000000;0.000000;0.000000;40.888983
2261;112.000000;-38.000000;-30.000000;-30.888983;0.000000;0.000000;0.000000;0.000000;0.000000;30.888983
2262;112.000000;-38.000000;30.000000;40.888983;0.000000;0.000000;0.000000;0.000000;0.000000;40.888983
2263;112.000000;-34.000000;-30.000000;-30.888983;0.000000;0.000000;0.000000;0.000000;0.000000;30.888983
2264;112.000000;-34.000000;30.000000;40.888983;0.000000;0.000000;0.000000;0.000000;0.000000;40.888983
2265;112.000000;-30.000000;-30.000000;-30.888983;0.000000;0.000000;0.000000;0.000000;0.000000;30.888983
2266;112.000000;-30.000000;30.000000;40.888983;0.000000;0.000000;0.000000;0.000000;0.000000;40.888983
2267;112.000000;-26.000000;-30.000000;-30.888983;0.000000;0.000000;0.000000;0.000000;0.000000;30.888983
2268;112.000000;-26.000000;30.000000;40.888983;0.000000;0.000000;0.000000;0.000000;0.000000;40.888983
2269;112.000000;-22.000000;-30.000000;-30.888983;0.000000;0.000000;0.000000;0.000000;0.000000;30.888983
2270;112.000000;-22.000000;30.000000;40.888983;0.000000;0.000000;0.000000;0.000000;0.000000;40.888983
2271;112.000000;-18.000000;-30.000000;-30.888983;0.000000;0.000000;0.000000;0.000000;0.000000;30.888983
2272;112.000000;-18.000000;30.000000;40.888983;0.000000;0.000000;0.000000;0.000000;0.000000;40.888983
2273;112.000000;-14.000000;-30.000000;-30.888983;0.000000;0.000000;0.000000;0.000000;0.000000;30.888983
2274;112.000000;-14.000000;30.000000;40.888983;0.000000;0.000000;0.000000;0.000000;0.000000;40.888983
2275;112.000000;-10.000000;-30.000000;-30.888983;0.000000;0.000000;0.000000;0.000000;0.000000;30.888983
2276;112.000000;-10.000000;30.000000;40.888983;0.000000;0.000000;0.000000;0.000000;0.000000;40.888983
2277;112.000000;-6.000000;-30.000000;-30.888983;0.000000;0.000000;0.000000;0.000000;0.000000;30.888983
2278;112.000000;-6.000000;30.000000;40.888983;0.000000;0.000000;0.000000;0.000000;0.000000;40.888983
2279;112.000000;-2.000000;-30.000000;-30.888983;0.000000;0.000000;0.000000;0.000000;0.000000;30.888983
2280;112.000000;-2.000000;30.000000;40.888983;0.000000;0.000000;0.000000;0.000000;0.000000;40.888983
2281;112.000000;2.000000;-30.000000;-30.888983;0.000000;0.000000;0.000000;0.000000;0.000000;30.888983
2282;112.000000;2.000000;30.000000;40.888983;0.000000;0.000000;0.000000;0.000000;0.000000;40.888983
2283;112.000000;6.000000;-30.000000;-30.888983;0.000000;0.000000;0.000000;0.000000;0.000000;30.888983
2284;112.000000;6.000000;30.000000;40.888983;0.000000;0.000000;0.000000;0.000000;0.000000;40.888983
2285;112.000000;10.000000;-30.000000;-30.888983;0.000000;0.000000;0.000000;0.000000;0.000000;30.888983
2286;112.000000;10.000000;30.000000;40.888983;0.000000;0.000000;0.000000;0.000000;0.000000;40.888983
2287;112.000000;14.000000;-30.000000;-30.888983;0.000000;0.000000;0.000000;0.000000;0.000000;30.888983
2288;112.000000;14.000000;30.000000;40.888983;0.000000;0.000000;0.000000;0.000000;0.000000;40.888983
2289;112.000000;18.000000;-30.000000;-30.888983;0.000000;0.000000;0.000000;0.000000;0.000000;30.888983
2290;112.000000;18.000000;30.000000;40.888983;0.000000;0.000000;0.000000;0.000000;0.000000;40.888983
2291;112.000000;22.000000;-30.000000;-30.888983;0.000000;0.000000;0.000000;0.000000;0.000000;30.888983
2292;112.000000;22.000000;30.000000;40.888983;0.000000;0.000000;0.000000;0.000000;0.000000;40.888983
2293;112.000000;26.000000;-30.000000;-30.888983;0.000000;0.000000;0.000000;0.000000;0.000000;30.888983
2294;112.000000;26.000000;30.000000;40.888983;0.000000;0.000000;0.000000;0.000000;0.000000;40.888983
2295;112.000000;30.000000;-30.000000;-30.888983;0.000000;0.000000;0.000000;0.000000;0.000000;30.888983
2296;112.000000;30.000000;30.000000;40.888983;0.000000;0.000000;0.000000;0.000000;0.000000;40.888983
2297;112.000000;34.000000;-30.000000;-30.888983;0.000000;0.000000;0.000000;0.000000;0.000000;30.888983
2298;112.000000;34.000000;30.000000;40.888983;0.000000;0.000000;0.000000;0.000000;0.000000;40.888983
2299;112.000000;38.000000;-30.000000;-30.888983;0.000000;0.000000;0.000000;0.000000;0.000000;30.888983
2300;112.000000;38.000000;30.000000;40.888983;0.000000;0.000000;0.000000;0.000000;0.000000;40.888983
2301;112.000000;42.000000;-30.000000;-30.888983;0.000000;0.000000;0.000000;0.000000;0.000000;30.888983
2302;112.000000;42.000000;30.000000;40.888983;0.000000;0.000000;0.000000;0.000000;0.000000;40.888983
2303;112.000000;46.000000;-30.000000;-30.888983;0.000000;0.000000;0.000000;0.000000;0.000000;30.888983
2304;112.000000;46.000000;30.000000;40.888983;0.000000;0.000000;0.000000;0.000000;0.000000;40.888983
2305;112.000000;50.000000;-30.000000;-30.888983;0.000000;0.000000;0.000000;0.000000;0.000000;30.888983
2306;112.000000;50.000000;-26.000000;-26.103786;0.000000;0.000000;0.000000;0.000000;0.000000;26.103786
2307;112.000000;50.000000;-22.000000;-21.318588;0.000000;0.000000;0.000000;0.000000;0.000000;21.318588
2308;112.000000;50.000000;-18.000000;-16.533390;0.000000;0.000000;0.000000;0.000000;0.000000;16.533390
2309;112.000000;50.000000;-14.000000;-11.748192;0.000000;0.000000;0.000000;0.000000;0.000000;11.748192
2310;112.000000;50.000000;-10.000000;-6.962994;0.000000;0.000000;0.000000;0.000000;0.000000;6.962994
2311;112.000000;50.000000;-6.000000;-2.177797;0.000000;0.000000;0.000000;0.000000;0.000000;2.177797
2312;112.000000;50.000000;-2.000000;2.607401;0.000000;0.000000;0.000000;0.000000;0.000000;2.607401
2313;112.000000;50.000000;2.000000;7.392599;0.000000;0.000000;0.000000;0.000000;0.000000;7.392599
2314;112.000000;50.000000;6.000000;12.177797;0.000000;0.000000;0.000000;0.000000;0.000000;12.177797
2315;112.000000;50.000000;10.000000;16.962994;0.000000;0.000000;0.000000;0.000000;0.000000;16.962994
2316;112.000000;50.000000;14.000000;21.748192;0.000000;0.000000;0.000000;0.000000;0.000000;21.748192
2317;112.000000;50.000000;18.000000;26.533390;0.000000;0.000000;0.000000;0.000000;0.000000;26.533390
2318;112.000000;50.000000;22.000000;31.318588;0.000000;0.000000;0.000000;0.000000;0.000000;31.318588
2319;112.000000;50.000000;26.000000;36.103786;0.000000;0.000000;0.000000;0.000000;0.000000;36.103786
2320;112.000000;50.000000;30.000000;40.888983;0.000000;0.000000;0.000000;0.000000;0.000000;40.888983
2321;116.000000;-50.000000;-30.000000;-30.390525;0.000000;0.000000;0.000000;0.000000;0.000000;30.390525
2322;116.000000;-50.000000;-26.000000;-25.671789;0.000000;0.000000;0.000000;0.000000;0.000000;25.671789
2323;116.000000;-50.000000;-22.000000;-20.953052;0.000000;0.000000;0.000000;0.000000;0.000000;20.953052
2324;116.000000;-50.000000;-18.000000;-16.234315;0.000000;0.000000;0.000000;0.000000;0.000000;16.234315
2325;116.000000;-50.000000;-14.000000;-11.515578;0.000000;0.000000;0.000000;0.000000;0.000000;11.515578
2326;116.000000;-50.000000;-10.000000;-6.796842;0.000000;0.000000;0.000000;0.000000;0.000000;6.796842
2327;116.000000;-50.000000;-6.000000;-2.078105;0.000000;0.000000;0.000000;0.000000;0.000000;2.078105
2328;116.000000;-50.000000;-2.000000;2.640632;0.000000;0.000000;0.000000;0.000000;0.000000;2.640632
2329;116.000000;-50.000000;2.000000;7.359368;0.000000;0.000000;0.000000;0.000000;0.000000;7.359368
2330;116.000000;-50.000000;6.000000;12.078105;0.000000;0.000000;0.000000;0.000000;0.000000;12.078105
2331;116.000000;-50.000000;10.000000;16.796842;0.000000;0.000000;0.000000;0.000000;0.000000;16.796842
2332;116.000000;-50.000000;14.000000;21.515578;0.000000;0.000000;0.000000;0.000000;0.000000;21.515578
2333;116.000000;-50.000000;18.000000;26.234315;0.000000;0.000000;0.000000;0.000000;0.000000;26.234315
2334;116.000000;-50.000000;22.000000;30.953052;0.000000;0.000000;0.000000;0.000000;0.000000;30.953052
2335;116.000000;-50.000000;26.000000;35.671789;0.000000;0.000000;0.000000;0.000000;0.000000;35.671789
2336;116.000000;-50.000000;30.000000;40.390525;0.000000;0.000000;0.000000;0.000000;0.000000;40.390525
2337;116.000000;-46.000000;-30.000000;-30.390525;0.000000;0.000000;0.000000;0.000000;0.000000;30.390525
2338;116.000000;-46.000000;30.000000;40.390525;0.000000;0.000000;0.000000;0.000000;0.000000;40.390525
2339;116.000000;-42.000000;-30.000000;-30.390525;0.000000;0.000000;0.000000;0.000000;0.000000;30.390525
2340;116.000000;-42.000000;30.000000;40.390525;0.000000;0.000000;0.000000;0.000000;0.000000;40.390525
2341;116.000000;-38.000000;-30.000000;-30.390525;0.000000;0.000000;0.000000;0.000000;0.000000;30.390525
2342;116.000000;-38.000000;30.000000;40.390525;0.000000;0.000000;0.000000;0.000000;0.000000;40.390525
2343;116.000000;-34.000000;-30.000000;-30.390525;0.000000;0.000000;0.000000;0.000000;0.000000;30.390525
2344;116.000000;-34.000000;30.000000;40.390525;0.000000;0.000000;0.000000;0.000000;0.000000;40.390525
2345;116.000000;-30.000000;-30.000000;-30.390525;0.000000;0.000000;0.000000;0.000000;0.000000;30.390525
2346;116.000000;-30.000000;30.000000;40.390525;0.000000;0.000000;0.000000;0.000000;0.000000;40.390525
2347;116.000000;-26.000000;-30.000000;-30.390525;0.000000;0.000000;0.000000;0.000000;0.000000;30.390525
2348;116.000000;-26.000000;30.000000;40.390525;0.000000;0.000000;0.000000;0.000000;0.000000;40.390525
2349;116.000000;-22.000000;-30.000000;-30.390525;0.000000;0.000000;0.000000;0.000000;0.000000;30.390525
2350;116.000000;-22.000000;30.000000;40.390525;0.000000;0.000000;0.000000;0.000000;0.000000;40.390525
2351;116.000000;-18.000000;-30.000000;-30.390525;0.000000;0.000000;0.000000;0.000000;0.000000;30.390525
2352;116.000000;-18.000000;30.000000;40.390525;0.000000;0.000000;0.000000;0.000000;0.000000;40.390525
2353;116.000000;-14.000000;-30.000000;-30.390525;0.000000;0.000000;0.000000;0.000000;0.000000;30.390525
2354;116.000000;-14.000000;30.000000;40.390525;0.000000;0.000000;0.000000;0.000000;0.000000;40.390525
2355;116.000000;-10.000000;-30.000000;-30.390525;0.000000;0.000000;0.000000;0.000000;0.000000;30.390525
2356;116.000000;-10.000000;30.000000;40.390525;0.000000;0.000000;0.000000;0.000000;0.000000;40.390525
2357;116.000000;-6.000000;-30.000000;-30.390525;0.000000;0.000000;0.000000;0.000000;0.000000;30.390525
2358;116.000000;-6.000000;30.000000;40.390525;0.000000;0.000000;0.000000;0.000000;0.000000;40.390525
2359;116.000000;-2.000000;-30.000000;-30.390525;0.000000;0.000000;0.000000;0.000000;0.000000;30.390525
2360;116.000000;-2.000000;30.000000;40.390525;0.000000;0.000000;0.000000;0.000000;0.000000;40.390525
2361;116.000000;2.000000;-30.000000;-30.390525;0.000000;0.000000;0.000000;0.000000;0.000000;30.390525
2362;116.000000;2.000000;30.000000;40.390525;0.000000;0.000000;0.000000;0.000000;0.000000;40.390525
2363;116.000000;6.000000;-30.000000;-30.390525;0.000000;0.000000;0.000000;0.000000;0.000000;30.390525
2364;116.000000;6.000000;30.000000;40.390525;0.000000;0.000000;0.000000;0.000000;0.000000;40.390525
2365;116.000000;10.000000;-30.000000;-30.390525;0.000000;0.000000;0.000000;0.000000;0.000000;30.390525
2366;116.000000;10.000000;30.000000;40.390525;0.000000;0.000000;0.000000;0.000000;0.000000;40.390525
2367;116.000000;14.000000;-30.000000;-30.390525;0.000000;0.000000;0.000000;0.000000;0.000000;30.390525
2368;116.000000;14.000000;30.000000;40.390525;0.000000;0.000000;0.000000;0.000000;0.000000;40.390525
2369;116.000000;18.000000;-30.000000;-30.390525;0.000000;0.000000;0.000000;0.000000;0.000000;30.390525
2370;116.000000;18.000000;30.000000;40.390525;0.000000;0.000000;0.000000;0.000000;0.000000;40.390525
2371;116.000000;22.000000;-30.000000;-30.390525;0.000000;0.000000;0.000000;0.000000;0.000000;30.390525
2372;116.000000;22.000000;30.000000;40.390525;0.000000;0.000000;0.000000;0.000000;0.000000;40.390525
2373;116.000000;26.000000;-30.000000;-30.390525;0.000000;0.000000;0.000000;0.000000;0.000000;30.390525
2374;116.000000;26.000000;30.000000;40.390525;0.000000;0.000000;0.000000;0.000000;0.000000;40.390525
2375;116.000000;30.000000;-30.000000;-30.390525;0.000000;0.000000;0.000000;0.000000;0.000000;30.390525
2376;116.000000;30.000000;30.000000;40.390525;0.000000;0.000000;0.000000;0.000000;0.000000;40.390525
2377;116.000000;34.000000;-30.000000;-30.390525;0.000000;0.000000;0.000000;0.000000;0.000000;30.390525
2378;116.000000;34.000000;30.000000;40.390525;0.000000;0.000000;0.000000;0.000000;0.000000;40.390525
2379;116.000000;38.000000;-30.000000;-30.390525;0.000000;0.000000;0.000000;0.000000;0.000000;30.390525
2380;116.000000;38.000000;30.000000;40.390525;0.000000;0.000000;0.000000;0.000000;0.000000;40.390525
2381;116.000000;42.000000;-30.000000;-30.390525;0.000000;0.000000;0.000000;0.000000;0.000000;30.390525
2382;116.000000;42.000000;30.000000;40.390525;0.000000;0.000000;0.000000;0.000000;0.000000;40.390525
2383;116.000000;46.000000;-30.000000;-30.390525;0.000000;0.000000;0.000000;0.000000;0.000000;30.390525
2384;116.000000;46.000000;30.000000;40.390525;0.000000;0.000000;0.000000;0.000000;0.000000;40.390525
2385;116.000000;50.000000;-30.000000;-30.390525;0.000000;0.000000;0.000000;0.000000;0.000000;30.390525
2386;116.000000;50.000000;-26.000000;-25.671789;0.000000;0.000000;0.000000;0.000000;0.000000;25.671789
2387;116.000000;50.000000;-22.000000;-20.953052;0.000000;0.000000;0.000000;0.000000;0.000000;20.953052
2388;116.000000;50.000000;-18.000000;-16.234315;0.000000;0.000000;0.000000;0.000000;0.000000;16.234315
2389;116.000000;50.000000;-14.000000;-11.515578;0.000000;0.000000;0.000000;0.000000;0.000000;11.515578
2390;116.000000;50.000000;-10.000000;-6.796842;0.000000;0.000000;0.000000;0.000000;0.000000;6.796842
2391;116.000000;50.000000;-6.000000;-2.078105;0.000000;0.000000;0.000000;0.000000;0.000000;2.078105
2392;116.000000;50.000000;-2.000000;2.640632;0.000000;0.000000;0.000000;0.000000;0.000000;2.640632
2393;116.000000;50.000000;2.000000;7.359368;0.000000;0.000000;0.000000;0.000000;0.000000;7.359368
2394;116.000000;50.000000;6.000000;12.078105;0.000000;0.000000;0.000000;0.000000;0.000000;12.078105
2395;116.000000;50.000000;10.000000;16.796842;0.000000;0.000000;0.000000;0.000000;0.000000;16.796842
2396;116.000000;50.000000;14.000000;21.515578;0.000000;0.000000;0.000000;0.000000;0.000000;21.515578
2397;116.000000;50.000000;18.000000;26.234315;0.000000;0.000000;0.000000;0.000000;0.000000;26.234315
2398;116.000000;50.000000;22.000000;30.953052;0.000000;0.000000;0.000000;0.000000;0.000000;30.953052
2399;116.000000;50.000000;26.000000;35.671789;0.000000;0.000000;0.000000;0.000000;0.000000;35.671789
2400;116.000000;50.000000;30.000000;40.390525;0.000000;0.000000;0.000000;0.000000;0.000000;40.390525
2401;120.000000;-50.000000;-30.000000;-29.892067;0.000000;0.000000;0.000000;0.000000;0.000000;29.892067
2402;120.000000;-50.000000;-26.000000;-25.239792;0.000000;0.000000;0.000000;0.000000;0.000000;25.239792
2403;120.000000;-50.000000;-22.000000;-20.587516;0.000000;0.000000;0.000000;0.000000;0.000000;20.587516
2404;120.000000;-50.000000;-18.000000;-15.935240;0.000000;0.000000;0.000000;0.000000;0.000000;15.935240
2405;120.000000;-50.000000;-14.000000;-11.282965;0.000000;0.000000;0.000000;0.000000;0.000000;11.282965
2406;120.000000;-50.000000;-10.000000;-6.630689;0.000000;0.000000;0.000000;0.000000;0.000000;6.630689
2407;120.000000;-50.000000;-6.000000;-1.978413;0.000000;0.000000;0.000000;0.000000;0.000000;1.978413
2408;120.000000;-50.000000;-2.000000;2.673862;0.000000;0.000000;0.000000;0.000000;0.000000;2.673862
2409;120.000000;-50.000000;2.000000;7.326138;0.000000;0.000000;0.000000;0.000000;0.000000;7.326138
2410;120.000000;-50.000000;6.000000;11.978413;0.000000;0.000000;0.000000;0.000000;0.000000;11.978413
2411;120.000000;-50.000000;10.000000;16.630689;0.000000;0.000000;0.000000;0.000000;0.000000;16.630689
2412;120.000000;-50.000000;14.000000;21.282965;0.000000;0.000000;0.000000;0.000000;0.000000;21.282965
2413;120.000000;-50.000000;18.000000;25.935240;0.000000;0.000000;0.000000;0.000000;0.000000;25.935240
2414;120.000000;-50.000000;22.000000;30.587516;0.000000;0.000000;0.000000;0.000000;0.000000;30.587516
2415;120.000000;-50.000000;26.000000;35.239792;0.000000;0.000000;0.000000;0.000000;0.000000;35.239792
2416;120.000000;-50.000000;30.000000;39.892067;0.000000;0.000000;0.000000;0.000000;0.000000;39.892067
2417;120.000000;-46.000000;-30.000000;-29.892067;0.000000;0.000000;0.000000;0.000000;0.000000;29.892067
2418;120.000000;-46.000000;30.000000;39.892067;0.000000;0.000000;0.000000;0.000000;0.000000;39.892067
2419;120.000000;-42.000000;-30.000000;-29.892067;0.000000;0.000000;0.000000;0.000000;0.000000;29.892067
2420;120.000000;-42.000000;30.000000;39.892067;0.000000;0.000000;0.000000;0.000000;0.000000;39.892067
2421;120.000000;-38.000000;-30.000000;-29.892067;0.000000;0.000000;0.000000;0.000000;0.000000;29.892067
2422;120.000000;-38.000000;30.000000;39.892067;0.000000;0.000000;0.000000;0.000000;0.000000;39.892067
2423;120.000000;-34.000000;-30.000000;-29.892067;0.000000;0.000000;0.000000;0.000000;0.000000;29.892067
2424;120.000000;-34.000000;30.000000;39.892067;0.000000;0.000000;0.000000;0.000000;0.000000;39.892067
2425;120.000000;-30.000000;-30.000000;-29.892067;0.000000;0.000000;0.000000;0.000000;0.000000;29.892067
2426;120.000000;-30.000000;30.000000;39.892067;0.000000;0.000000;0.000000;0.000000;0.000000;39.892067
2427;120.000000;-26.000000;-30.000000;-29.892067;0.000000;0.000000;0.000000;0.000000;0.000000;29.892067
2428;120.000000;-26.000000;30.000000;39.892067;0.000000;0.000000;0.000000;0.000000;0.000000;39.892067
2429;120.000000;-22.000000;-30.000000;-29.892067;0.000000;0.000000;0.000000;0.000000;0.000000;29.892067
2430;120.000000;-22.000000;30.000000;39.892067;0.000000;0.000000;0.000000;0.000000;0.000000;39.892067
2431;120.000000;-18.000000;-30.000000;-29.892067;0.000000;0.000000;0.000000;0.000000;0.000000;29.892067
2432;120.000000;-18.000000;30.000000;39.892067;0.000000;0.000000;0.000000;0.000000;0.000000;39.892067
2433;120.000000;-14.000000;-30.000000;-29.892067;0.000000;0.000000;0.000000;0.000000;0.000000;29.892067
2434;120.000000;-14.000000;30.000000;39.892067;0.000000;0.000000;0.000000;0.000000;0.000000;39.892067
2435;120.000000;-10.000000;-30.000000;-29.892067;0.000000;0.000000;0.000000;0.000000;0.000000;29.892067
2436;120.000000;-10.000000;30.000000;39.892067;0.000000;0.000000;0.000000;0.000000;0.000000;39.892067
2437;120.000000;-6.000000;-30.000000;-29.892067;0.000000;0.000000;0.000000;0.000000;0.000000;29.892067
2438;120.000000;-6.000000;30.000000;39.892067;0.000000;0.000000;0.000000;0.000000;0.000000;39.892067
2439;120.000000;-2.000000;-30.000000;-29.892067;0.000000;0.000000;0.000000;0.000000;0.000000;29.892067
2440;120.000000;-2.000000;30.000000;39.892067;0.000000;0.000000;0.000000;0.000000;0.000000;39.892067
2441;120.000000;2.000000;-30.000000;-29.892067;0.000000;0.000000;0.000000;0.000000;0.000000;29.892067
2442;120.000000;2.000000;30.000000;39.892067;0.000000;0.000000;0.000000;0.000000;0.000000;39.892067
2443;120.000000;6.000000;-30.000000;-29.892067;0.000000;0.000000;0.000000;0.000000;0.000000;29.892067
2444;120.000000;6.000000;30.000000;39.892067;0.000000;0.000000;0.000000;0.000000;0.000000;39.892067
2445;120.000000;10.000000;-30.000000;-29.892067;0.000000;0.000000;0.000000;0.000000;0.000000;29.892067
2446;120.000000;10.000000;30.000000;39.892067;0.000000;0.000000;0.000000;0.000000;0.000000;39.892067
2447;120.000000;14.000000;-30.000000;-29.892067;0.000000;0.000000;0.000000;0.000000;0.000000;29.892067
2448;120.000000;14.000000;30.000000;39.892067;0.000000;0.000000;0.000000;0.000000;0.000000;39.892067
2449;120.000000;18.000000;-30.000000;-29.892067;0.000000;0.000000;0.000000;0.000000;0.000000;29.892067
2450;120.000000;18.000000;30.000000;39.892067;0.000000;0.000000;0.000000;0.000000;0.000000;39.892067
2451;120.000000;22.000000;-30.000000;-29.892067;0.000000;0.000000;0.000000;0.000000;0.000000;29.892067
2452;120.000000;22.000000;30.000000;39.892067;0.000000;0.000000;0.000000;0.000000;0.000000;39.892067
2453;120.000000;26.000000;-30.000000;-29.892067;0.000000;0.000000;0.000000;0.000000;0.000000;29.892067
2454;120.000000;26.000000;30.000000;39.892067;0.000000;0.000000;0.000000;0.000000;0.000000;39.892067
2455;120.000000;30.000000;-30.000000;-29.892067;0.000000;0.000000;0.000000;0.000000;0.000000;29.892067
2456;120.000000;30.000000;30.000000;39.892067;0.000000;0.000000;0.000000;0.000000;0.000000;39.892067
2457;120.000000;34.000000;-30.000000;-29.892067;0.000000;0.000000;0.000000;0.000000;0.000000;29.892067
2458;120.000000;34.000000;30.000000;39.892067;0.000000;0.000000;0.000000;0.000000;0.000000;39.892067
2459;120.000000;38.000000;-30.000000;-29.892067;0.000000;0.000000;0.000000;0.000000;0.000000;29.892067
2460;120.000000;38.000000;30.000000;39.892067;0.000000;0.000000;0.000000;0.000000;0.000000;39.892067
2461;120.000000;42.000000;-30.000000;-29.892067;0.000000;0.000000;0.000000;0.000000;0.000000;29.892067
2462;120.000000;42.000000;30.000000;39.892067;0.000000;0.000000;0.000000;0.000000;0.000000;39.892067
2463;120.000000;46.000000;-30.000000;-29.892067;0.000000;0.000000;0.000000;0.000000;0.000000;29.892067
2464;120.000000;46.000000;30.000000;39.892067;0.000000;0.000000;0.000000;0.000000;0.000000;39.892067
2465;120.000000;50.000000;-30.000000;-29.892067;0.000000;0.000000;0.000000;0.000000;0.000000;29.892067
2466;120.000000;50.000000;-26.000000;-25.239792;0.000000;0.000000;0.000000;0.000000;0.000000;25.239792
2467;120.000000;50.000000;-22.000000;-20.587516;0.000000;0.000000;0.000000;0.000000;0.000000;20.587516
2468;120.000000;50.000000;-18.000000;-15.935240;0.000000;0.000000;0.000000;0.000000;0.000000;15.935240
2469;120.000000;50.000000;-14.000000;-11.282965;0.000000;0.000000;0.000000;0.000000;0.000000;11.282965
2470;120.000000;50.000000;-10.000000;-6.630689;0.000000;0.000000;0.000000;0.000000;0.000000;6.630689
2471;120.000000;50.000000;-6.000000;-1.978413;0.000000;0.000000;0.000000;0.000000;0.000000;1.978413
2472;120.000000;50.000000;-2.000000;2.673862;0.000000;0.000000;0.000000;0.000000;0.000000;2.673862
2473;120.000000;50.000000;2.000000;7.326138;0.000000;0.000000;0.000000;0.000000;0.000000;7.326138
2474;120.000000;50.000000;6.000000;11.978413;0.000000;0.000000;0.000000;0.000000;0.000000;11.978413
2475;120.000000;50.000000;10.000000;16.630689;0.000000;0.000000;0.000000;0.000000;0.000000;16.630689
2476;120.000000;50.000000;14.000000;21.282965;0.000000;0.000000;0.000000;0.000000;0.000000;21.282965
2477;120.000000;50.000000;18.000000;25.935240;0.000000;0.000000;0.000000;0.000000;0.000000;25.935240
2478;120.000000;50.000000;22.000000;30.587516;0.000000;0.000000;0.000000;0.000000;0.000000;30.587516
2479;120.000000;50.000000;26.000000;35.239792;0.000000;0.000000;0.000000;0.000000;0.000000;35.239792
2480;120.000000;50.000000;30.000000;39.892067;0.000000;0.000000;0.000000;0.000000;0.000000;39.892067
2481;124.000000;-50.000000;-30.000000;-29.393609;0.000000;0.000000;0.000000;0.000000;0.000000;29.393609
2482;124.000000;-50.000000;-26.000000;-24.807795;0.000000;0.000000;0.000000;0.000000;0.000000;24.807795
2483;124.000000;-50.000000;-22.000000;-20.221980;0.000000;0.000000;0.000000;0.000000;0.000000;20.221980
2484;124.000000;-50.000000;-18.000000;-15.636165;0.000000;0.000000;0.000000;0.000000;0.000000;15.636165
2485;124.000000;-50.000000;-14.000000;-11.050351;0.000000;0.000000;0.000000;0.000000;0.000000;11.050351
2486;124.000000;-50.000000;-10.000000;-6.464536;0.000000;0.000000;0.000000;0.000000;0.000000;6.464536
2487;124.000000;-50.000000;-6.000000;-1.878722;0.000000;0.000000;0.000000;0.000000;0.000000;1.878722
2488;124.000000;-50.000000;-2.000000;2.707093;0.000000;0.000000;0.000000;0.000000;0.000000;2.707093
2489;124.000000;-50.000000;2.000000;7.292907;0.000000;0.000000;0.000000;0.000000;0.000000;7.292907
2490;124.000000;-50.000000;6.000000;11.878722;0.000000;0.000000;0.000000;0.000000;0.000000;11.878722
2491;124.000000;-50.000000;10.000000;16.464536;0.000000;0.000000;0.000000;0.000000;0.000000;16.464536
2492;124.000000;-50.000000;14.000000;21.050351;0.000000;0.000000;0.000000;0.000000;0.000000;21.050351
2493;124.000000;-50.000000;18.000000;25.636165;0.000000;0.000000;0.000000;0.000000;0.000000;25.636165
2494;124.000000;-50.000000;22.000000;30.221980;0.000000;0.000000;0.000000;0.000000;0.000000;30.221980
2495;124.000000;-50.000000;26.000000;34.807795;0.000000;0.000000;0.000000;0.000000;0.000000;34.807795
2496;124.000000;-50.000000;30.000000;39.393609;0.000000;0.000000;0.000000;0.000000;0.000000;39.393609
2497;124.000000;-46.000000;-30.000000;-29.393609;0.000000;0.000000;0.000000;0.000000;0.000000;29.393609
2498;124.000000;-46.000000;30.000000;39.393609;0.000000;0.000000;0.000000;0.000000;0.000000;39.393609
2499;124.000000;-42.000000;-30.000000;-29.393609;0.000000;0.000000;0.000000;0.000000;0.000000;29.393609
2500;124.000000;-42.000000;30.000000;39.393609;0.000000;0.000000;0.000000;0.000000;0.000000;39.393609
2501;124.000000;-38.000000;-30.000000;-29.393609;0.000000;0.000000;0.000000;0.000000;0.000000;29.393609
2502;124.000000;-38.000000;30.000000;39.393609;0.000000;0.000000;0.000000;0.000000;0.000000;39.393609
2503;124.000000;-34.000000;-30.000000;-29.393609;0.000000;0.000000;0.000000;0.000000;0.000000;29.393609
2504;124.000000;-34.000000;30.000000;39.393609;0.000000;0.000000;0.000000;0.000000;0.000000;39.393609
2505;124.000000;-30.000000;-30.000000;-29.393609;0.000000;0.000000;0.000000;0.000000;0.000000;29.393609
2506;124.000000;-30.000000;30.000000;39.393609;0.000000;0.000000;0.000000;0.000000;0.000000;39.393609
2507;124.000000;-26.000000;-30.000000;-29.393609;0.000000;0.000000;0.000000;0.000000;0.000000;29.393609
2508;124.000000;-26.000000;30.000000;39.393609;0.000000;0.000000;0.000000;0.000000;0.000000;39.393609
2509;124.000000;-22.000000;-30.000000;-29.393609;0.000000;0.000000;0.000000;0.000000;0.000000;29.393609
2510;124.000000;-22.000000;30.000000;39.393609;0.000000;0.000000;0.000000;0.000000;0.000000;39.393609
2511;124.000000;-18.000000;-30.000000;-29.393609;0.000000;0.000000;0.000000;0.000000;0.000000;29.393609
2512;124.000000;-18.000000;30.000000;39.393609;0.000000;0.000000;0.000000;0.000000;0.000000;39.393609
2513;124.000000;-14.000000;-30.000000;-29.393609;0.000000;0.000000;0.000000;0.000000;0.000000;29.393609
2514;124.000000;-14.000000;30.000000;39.393609;0.000000;0.000000;0.000000;0.000000;0.000000;39.393609
2515;124.000000;-10.000000;-30.000000;-29.393609;0.000000;0.000000;0.000000;0.000000;0.000000;29.393609
2516;124.000000;-10.000000;30.000000;39.393609;0.000000;0.000000;0.000000;0.000000;0.000000;39.393609
2517;124.000000;-6.000000;-30.000000;-29.393609;0.000000;0.000000;0.000000;0.000000;0.000000;29.393609
2518;124.000000;-6.000000;30.000000;39.393609;0.000000;0.000000;0.000000;0.000000;0.000000;39.393609
2519;124.000000;-2.000000;-30.000000;-29.393609;0.000000;0.000000;0.000000;0.000000;0.000000;29.393609
2520;124.000000;-2.000000;30.000000;39.393609;0.000000;0.000000;0.000000;0.000000;0.000000;39.393609
2521;124.000000;2.000000;-30.000000;-29.393609;0.000000;0.000000;0.000000;0.000000;0.000000;29.393609
2522;124.000000;2.000000;30.000000;39.393609;0.000000;0.000000;0.000000;0.000000;0.000000;39.393609
2523;124.000000;6.000000;-30.000000;-29.393609;0.000000;0.000000;0.000000;0.000000;0.000000;29.393609
2524;124.000000;6.000000;30.000000;39.393609;0.000000;0.000000;0.000000;0.000000;0.000000;39.393609
2525;124.000000;10.000000;-30.000000;-29.393609;0.000000;0.000000;0.000000;0.000000;0.000000;29.393609
2526;124.000000;10.000000;30.000000;39.393609;0.000000;0.000000;0.000000;0.000000;0.000000;39.393609
2527;124.000000;14.000000;-30.000000;-29.393609;0.000000;0.000000;0.000000;0.000000;0.000000;29.393609
2528;124.000000;14.000000;30.000000;39.393609;0.000000;0.000000;0.000000;0.000000;0.000000;39.393609
2529;124.000000;18.000000;-30.000000;-29.393609;0.000000;0.000000;0.000000;0.000000;0.000000;29.393609
2530;124.000000;18.000000;30.000000;39.393609;0.000000;0.000000;0.000000;0.000000;0.000000;39.393609
2531;124.000000;22.000000;-30.000000;-29.393609;0.000000;0.000000;0.000000;0.000000;0.000000;29.393609
2532;124.000000;22.000000;30.000000;39.393609;0.000000;0.000000;0.000000;0.000000;0.000000;39.393609
2533;124.000000;26.000000;-30.000000;-29.393609;0.000000;0.000000;0.000000;0.000000;0.000000;29.393609
2534;124.000000;26.000000;30.000000;39.393609;0.000000;0.000000;0.000000;0.000000;0.000000;39.393609
2535;124.000000;30.000000;-30.000000;-29.393609;0.000000;0.000000;0.000000;0.000000;0.000000;29.393609
2536;124.000000;30.000000;30.000000;39.393609;0.000000;0.000000;0.000000;0.000000;0.000000;39.393609
2537;124.000000;34.000000;-30.000000;-29.393609;0.000000;0.000000;0.000000;0.000000;0.000000;29.393609
2538;124.000000;34.000000;30.000000;39.393609;0.000000;0.000000;0.000000;0.000000;0.000000;39.393609
2539;124.000000;38.000000;-30.000000;-29.393609;0.000000;0.000000;0.000000;0.000000;0.000000;29.393609
2540;124.000000;38.000000;30.000000;39.393609;0.000000;0.000000;0.000000;0.000000;0.000000;39.393609
2541;124.000000;42.000000;-30.000000;-29.393609;0.000000;0.000000;0.000000;0.000000;0.000000;29.393609
2542;124.000000;42.000000;30.000000;39.393609;0.000000;0.000000;0.000000;0.000000;0.000000;39.393609
2543;124.000000;46.000000;-30.000000;-29.393609;0.000000;0.000000;0.000000;0.000000;0.000000;29.393609
2544;124.000000;46.000000;30.000000;39.393609;0.000000;0.000000;0.000000;0.000000;0.000000;39.393609
2545;124.000000;50.000000;-30.000000;-29.393609;0.000000;0.000000;0.000000;0.000000;0.000000;29.393609
2546;124.000000;50.000000;-26.000000;-24.807795;0.000000;0.000000;0.000000;0.000000;0.000000;24.807795
2547;124.000000;50.000000;-22.000000;-20.221980;0.000000;0.000000;0.000000;0.000000;0.000000;20.221980
2548;124.000000;50.000000;-18.000000;-15.636165;0.000000;0.000000;0.000000;0.000000;0.000000;15.636165
2549;124.000000;50.000000;-14.000000;-11.050351;0.000000;0.000000;0.000000;0.000000;0.000000;11.050351
2550;124.000000;50.000000;-10.000000;-6.464536;0.000000;0.000000;0.000000;0.000000;0.000000;6.464536
2551;124.000000;50.000000;-6.000000;-1.878722;0.000000;0.000000;0.000000;0.000000;0.000000;1.878722
2552;124.000000;50.000000;-2.000000;2.707093;0.000000;0.000000;0.000000;0.000000;0.000000;2.707093
2553;124.000000;50.000000;2.000000;7.292907;0.000000;0.000000;0.000000;0.000000;0.000000;7.292907
2554;124.000000;50.000000;6.000000;11.878722;0.000000;0.000000;0.000000;0.000000;0.000000;11.878722
2555;124.000000;50.000000;10.000000;16.464536;0.000000;0.000000;0.000000;0.000000;0.000000;16.464536
2556;124.000000;50.000000;14.000000;21.050351;0.000000;0.000000;0.000000;0.000000;0.000000;21.050351
2557;124.000000;50.000000;18.000000;25.636165;0.000000;0.000000;0.000000;0.000000;0.000000;25.636165
2558;124.000000;50.000000;22.000000;30.221980;0.000000;0.000000;0.000000;0.000000;0.000000;30.221980
2559;124.000000;50.000000;26.000000;34.807795;0.000000;0.000000;0.000000;0.000000;0.000000;34.807795
2560;124.000000;50.000000;30.000000;39.393609;0.000000;0.000000;0.000000;0.000000;0.000000;39.393609
2561;128.000000;-50.000000;-30.000000;-28.895151;0.000000;0.000000;0.000000;0.000000;0.000000;28.895151
2562;128.000000;-50.000000;-26.000000;-24.375798;0.000000;0.000000;0.000000;0.000000;0.000000;24.375798
2563;128.000000;-50.000000;-22.000000;-19.856444;0.000000;0.000000;0.000000;0.000000;0.000000;19.856444
2564;128.000000;-50.000000;-18.000000;-15.337091;0.000000;0.000000;0.000000;0.000000;0.000000;15.337091
2565;128.000000;-50.000000;-14.000000;-10.817737;0.000000;0.000000;0.000000;0.000000;0.000000;10.817737
2566;128.000000;-50.000000;-10.000000;-6.298384;0.000000;0.000000;0.000000;0.000000;0.000000;6.298384
2567;128.000000;-50.000000;-6.000000;-1.779030;0.000000;0.000000;0.000000;0.000000;0.000000;1.779030
2568;128.000000;-50.000000;-2.000000;2.740323;0.000000;0.000000;0.000000;0.000000;0.000000;2.740323
2569;128.000000;-50.000000;2.000000;7.259677;0.000000;0.000000;0.000000;0.000000;0.000000;7.259677
2570;128.000000;-50.000000;6.000000;11.779030;0.000000;0.000000;0.000000;0.000000;0.000000;11.779030
2571;128.000000;-50.000000;10.000000;16.298384;0.000000;0.000000;0.000000;0.000000;0.000000;16.298384
2572;128.000000;-50.000000;14.000000;20.817737;0.000000;0.000000;0.000000;0.000000;0.000000;20.817737
2573;128.000000;-50.000000;18.000000;25.337091;0.000000;0.000000;0.000000;0.000000;0.000000;25.337091
2574;128.000000;-50.000000;22.000000;29.856444;0.000000;0.000000;0.000000;0.000000;0.000000;29.856444
2575;128.000000;-50.000000;26.000000;34.375798;0.000000;0.000000;0.000000;0.000000;0.000000;34.375798
2576;128.000000;-50.000000;30.000000;38.895151;0.000000;0.000000;0.000000;0.000000;0.000000;38.895151
2577;128.000000;-46.000000;-30.000000;-28.895151;0.000000;0.000000;0.000000;0.000000;0.000000;28.895151
2578;128.000000;-46.000000;30.000000;38.895151;0.000000;0.000000;0.000000;0.000000;0.000000;38.895151
2579;128.000000;-42.000000;-30.000000;-28.895151;0.000000;0.000000;0.000000;0.000000;0.000000;28.895151
2580;128.000000;-42.000000;30.000000;38.895151;0.000000;0.000000;0.000000;0.000000;0.000000;38.895151
2581;128.000000;-38.000000;-30.000000;-28.895151;0.000000;0.000000;0.000000;0.000000;0.000000;28.895151
2582;128.000000;-38.000000;30.000000;38.895151;0.000000;0.000000;0.000000;0.000000;0.000000;38.895151
2583;128.000000;-34.000000;-30.000000;-28.895151;0.000000;0.000000;0.000000;0.000000;0.000000;28.895151
2584;128.000000;-34.000000;30.000000;38.895151;0.000000;0.000000;0.000000;0.000000;0.000000;38.895151
2585;128.000000;-30.000000;-30.000000;-28.895151;0.000000;0.000000;0.000000;0.000000;0.000000;28.895151
2586;128.000000;-30.000000;30.000000;38.895151;0.000000;0.000000;0.000000;0.000000;0.000000;38.895151
2587;128.000000;-26.000000;-30.000000;-28.895151;0.000000;0.000000;0.000000;0.000000;0.000000;28.895151
2588;128.000000;-26.000000;30.000000;38.895151;0.000000;0.000000;0.000000;0.000000;0.000000;38.895151
2589;128.000000;-22.000000;-30.000000;-28.895151;0.000000;0.000000;0.000000;0.000000;0.000000;28.895151
2590;128.000000;-22.000000;30.000000;38.895151;0.000000;0.000000;0.000000;0.000000;0.000000;38.895151
2591;128.000000;-18.000000;-30.000000;-28.895151;0.000000;0.000000;0.000000;0.000000;0.000000;28.895151
2592;128.000000;-18.000000;30.000000;38.895151;0.000000;0.000000;0.000000;0.000000;0.000000;38.895151
2593;128.000000;-14.000000;-30.000000;-28.895151;0.000000;0.000000;0.000000;0.000000;0.000000;28.895151
2594;128.000000;-14.000000;30.000000;38.895151;0.000000;0.000000;0.000000;0.000000;0.000000;38.895151
2595;128.000000;-10.000000;-30.000000;-28.895151;0.000000;0.000000;0.000000;0.000000;0.000000;28.895151
2596;128.000000;-10.000000;30.000000;38.895151;0.000000;0.000000;0.000000;0.000000;0.000000;38.895151
2597;128.000000;-6.000000;-30.000000;-28.895151;0.000000;0.000000;0.000000;0.000000;0.000000;28.895151
2598;128.000000;-6.000000;30.000000;38.895151;0.000000;0.000000;0.000000;0.000000;0.000000;38.895151
2599;128.000000;-2.000000;-30.000000;-28.895151;0.000000;0.000000;0.000000;0.000000;0.000000;28.895151
2600;128.000000;-2.000000;30.000000;38.895151;0.000000;0.000000;0.000000;0.000000;0.000000;38.895151
2601;128.000000;2.000000;-30.000000;-28.895151;0.000000;0.000000;0.000000;0.000000;0.000000;28.895151
2602;128.000000;2.000000;30.000000;38.895151;0.000000;0.000000;0.000000;0.000000;0.000000;38.895151
2603;128.000000;6.000000;-30.000000;-28.895151;0.000000;0.000000;0.000000;0.000000;0.000000;28.895151
2604;128.000000;6.000000;30.000000;38.895151;0.000000;0.000000;0.000000;0.000000;0.000000;38.895151
2605;128.000000;10.000000;-30.000000;-28.895151;0.000000;0.000000;0.000000;0.000000;0.000000;28.895151
2606;128.000000;10.000000;30.000000;38.895151;0.000000;0.000000;0.000000;0.000000;0.000000;38.895151
2607;128.000000;14.000000;-30.000000;-28.895151;0.000000;0.000000;0.000000;0.000000;0.000000;28.895151
2608;128.000000;14.000000;30.000000;38.895151;0.000000;0.000000;0.000000;0.000000;0.000000;38.895151
2609;128.000000;18.000000;-30.000000;-28.895151;0.000000;0.000000;0.000000;0.000000;0.000000;28.895151
2610;128.000000;18.000000;30.000000;38.895151;0.000000;0.000000;0.000000;0.000000;0.000000;38.895151
2611;128.000000;22.000000;-30.000000;-28.895151;0.000000;0.000000;0.000000;0.000000;0.000000;28.895151
2612;128.000000;22.000000;30.000000;38.895151;0.000000;0.000000;0.000000;0.000000;0.000000;38.895151
2613;128.000000;26.000000;-30.000000;-28.895151;0.000000;0.000000;0.000000;0.000000;0.000000;28.895151
2614;128.000000;26.000000;30.000000;38.895151;0.000000;0.000000;0.000000;0.000000;0.000000;38.895151
2615;128.000000;30.000000;-30.000000;-28.895151;0.000000;0.000000;0.000000;0.000000;0.000000;28.895151
2616;128.000000;30.000000;30.000000;38.895151;0.000000;0.000000;0.000000;0.000000;0.000000;38.895151
2617;128.000000;34.000000;-30.000000;-28.895151;0.000000;0.000000;0.000000;0.000000;0.000000;28.895151
2618;128.000000;34.000000;30.000000;38.895151;0.000000;0.000000;0.000000;0.000000;0.000000;38.895151
2619;128.000000;38.000000;-30.000000;-28.895151;0.000000;0.000000;0.000000;0.000000;0.000000;28.895151
2620;128.000000;38.000000;30.000000;38.895151;0.000000;0.000000;0.000000;0.000000;0.000000;38.895151
2621;128.000000;42.000000;-30.000000;-28.895151;0.000000;0.000000;0.000000;0.000000;0.000000;28.895151
2622;128.000000;42.000000;30.000000;38.895151;0.000000;0.000000;0.000000;0.000000;0.000000;38.895151
2623;128.000000;46.000000;-30.000000;-28.895151;0.000000;0.000000;0.000000;0.000000;0.000000;28.895151
2624;128.000000;46.000000;30.000000;38.895151;0.000000;0.000000;0.000000;0.000000;0.000000;38.895151
2625;128.000000;50.000000;-30.000000;-28.895151;0.000000;0.000000;0.000000;0.000000;0.000000;28.895151
2626;128.000000;50.000000;-26.000000;-24.375798;0.000000;0.000000;0.000000;0.000000;0.000000;24.375798
2627;128.000000;50.000000;-22.000000;-19.856444;0.000000;0.000000;0.000000;0.000000;0.000000;19.856444
2628;128.000000;50.000000;-18.000000;-15.337091;0.000000;0.000000;0.000000;0.000000;0.000000;15.337091
2629;128.000000;50.000000;-14.000000;-10.817737;0.000000;0.000000;0.000000;0.000000;0.000000;10.817737
2630;128.000000;50.000000;-10.000000;-6.298384;0.000000;0.000000;0.000000;0.000000;0.000000;6.298384
2631;128.000000;50.000000;-6.000000;-1.779030;0.000000;0.000000;0.000000;0.000000;0.000000;1.779030
2632;128.000000;50.000000;-2.000000;2.740323;0.000000;0.000000;0.000000;0.000000;0.000000;2.740323
2633;128.000000;50.000000;2.000000;7.259677;0.000000;0.000000;0.000000;0.000000;0.000000;7.259677
2634;128.000000;50.000000;6.000000;11.779030;0.000000;0.000000;0.000000;0.000000;0.000000;11.779030
2635;128.000000;50.000000;10.000000;16.298384;0.000000;0.000000;0.000000;0.000000;0.000000;16.298384
2636;128.000000;50.000000;14.000000;20.817737;0.000000;0.000000;0.000000;0.000000;0.000000;20.817737
2637;128.000000;50.000000;18.000000;25.337091;0.000000;0.000000;0.000000;0.000000;0.000000;25.337091
2638;128.000000;50.000000;22.000000;29.856444;0.000000;0.000000;0.000000;0.000000;0.000000;29.856444
2639;128.000000;50.000000;26.000000;34.375798;0.000000;0.000000;0.000000;0.000000;0.000000;34.375798
2640;128.000000;50.000000;30.000000;38.895151;0.000000;0.000000;0.000000;0.000000;0.000000;38.895151
2641;132.000000;-50.000000;-30.000000;-28.396693;0.000000;0.000000;0.000000;0.000000;0.000000;28.396693
2642;132.000000;-50.000000;-26.000000;-23.943801;0.000000;0.000000;0.000000;0.000000;0.000000;23.943801
2643;132.000000;-50.000000;-22.000000;-19.490908;0.000000;0.000000;0.000000;0.000000;0.000000;19.490908
2644;132.000000;-50.000000;-18.000000;-15.038016;0.000000;0.000000;0.000000;0.000000;0.000000;15.038016
2645;132.000000;-50.000000;-14.000000;-10.585123;0.000000;0.000000;0.000000;0.000000;0.000000;10.585123
2646;132.000000;-50.000000;-10.000000;-6.132231;0.000000;0.000000;0.000000;0.000000;0.000000;6.132231
2647;132.000000;-50.000000;-6.000000;-1.679339;0.000000;0.000000;0.000000;0.000000;0.000000;1.679339
2648;132.000000;-50.000000;-2.000000;2.773554;0.000000;0.000000;0.000000;0.000000;0.000000;2.773554
2649;132.000000;-50.000000;2.000000;7.226446;0.000000;0.000000;0.000000;0.000000;0.000000;7.226446
2650;132.000000;-50.000000;6.000000;11.679339;0.000000;0.000000;0.000000;0.000000;0.000000;11.679339
2651;132.000000;-50.000000;10.000000;16.132231;0.000000;0.000000;0.000000;0.000000;0.000000;16.132231
2652;132.000000;-50.000000;14.000000;20.585123;0.000000;0.000000;0.000000;0.000000;0.000000;20.585123
2653;132.000000;-50.000000;18.000000;25.038016;0.000000;0.000000;0.000000;0.000000;0.000000;25.038016
2654;132.000000;-50.000000;22.000000;29.490908;0.000000;0.000000;0.000000;0.000000;0.000000;29.490908
2655;132.000000;-50.000000;26.000000;33.943801;0.000000;0.000000;0.000000;0.000000;0.000000;33.943801
2656;132.000000;-50.000000;30.000000;38.396693;0.000000;0.000000;0.000000;0.000000;0.000000;38.396693
2657;132.000000;-46.000000;-30.000000;-28.396693;0.000000;0.000000;0.000000;0.000000;0.000000;28.396693
2658;132.000000;-46.000000;30.000000;38.396693;0.000000;0.000000;0.000000;0.000000;0.000000;38.396693
2659;132.000000;-42.000000;-30.000000;-28.396693;0.000000;0.000000;0.000000;0.000000;0.000000;28.396693
2660;132.000000;-42.000000;30.000000;38.396693;0.000000;0.000000;0.000000;0.000000;0.000000;38.396693
2661;132.000000;-38.000000;-30.000000;-28.396693;0.000000;0.000000;0.000000;0.000000;0.000000;28.396693
2662;132.000000;-38.000000;30.000000;38.396693;0.000000;0.000000;0.000000;0.000000;0.000000;38.396693
2663;132.000000;-34.000000;-30.000000;-28.396693;0.000000;0.000000;0.000000;0.000000;0.000000;28.396693
2664;132.000000;-34.000000;30.000000;38.396693;0.000000;0.000000;0.000000;0.000000;0.000000;38.396693
2665;132.000000;-30.000000;-30.000000;-28.396693;0.000000;0.000000;0.000000;0.000000;0.000000;28.396693
2666;132.000000;-30.000000;30.000000;38.396693;0.000000;0.000000;0.000000;0.000000;0.000000;38.396693
2667;132.000000;-26.000000;-30.000000;-28.396693;0.000000;0.000000;0.000000;0.000000;0.000000;28.396693
2668;132.000000;-26.000000;30.000000;38.396693;0.000000;0.000000;0.000000;0.000000;0.000000;38.396693
2669;132.000000;-22.000000;-30.000000;-28.396693;0.000000;0.000000;0.000000;0.000000;0.000000;28.396693
2670;132.000000;-22.000000;30.000000;38.396693;0.000000;0.000000;0.000000;0.000000;0.000000;38.396693
2671;132.000000;-18.000000;-30.000000;-28.396693;0.000000;0.000000;0.000000;0.000000;0.000000;28.396693
2672;132.000000;-18.000000;30.000000;38.396693;0.000000;0.000000;0.000000;0.000000;0.000000;38.396693
2673;132.000000;-14.000000;-30.000000;-28.396693;0.000000;0.000000;0.000000;0.000000;0.000000;28.396693
2674;132.000000;-14.000000;30.000000;38.396693;0.000000;0.000000;0.000000;0.000000;0.000000;38.396693
2675;132.000000;-10.000000;-30.000000;-28.396693;0.000000;0.000000;0.000000;0.000000;0.000000;28.396693
2676;132.000000;-10.000000;30.000000;38.396693;0.000000;0.000000;0.000000;0.000000;0.000000;38.396693
2677;132.000000;-6.000000;-30.000000;-28.396693;0.000000;0.000000;0.000000;0.000000;0.000000;28.396693
2678;132.000000;-6.000000;30.000000;38.396693;0.000000;0.000000;0.000000;0.000000;0.000000;38.396693
2679;132.000000;-2.000000;-30.000000;-28.396693;0.000000;0.000000;0.000000;0.000000;0.000000;28.396693
2680;132.000000;-2.000000;30.000000;38.396693;0.000000;0.000000;0.000000;0.000000;0.000000;38.396693
2681;132.000000;2.000000;-30.000000;-28.396693;0.000000;0.000000;0.000000;0.000000;0.000000;28.396693
2682;132.000000;2.000000;30.000000;38.396693;0.000000;0.000000;0.000000;0.000000;0.000000;38.396693
2683;132.000000;6.000000;-30.000000;-28.396693;0.000000;0.000000;0.000000;0.000000;0.000000;28.396693
2684;132.000000;6.000000;30.000000;38.396693;0.000000;0.000000;0.000000;0.000000;0.000000;38.396693
2685;132.000000;10.000000;-30.000000;-28.396693;0.000000;0.000000;0.000000;0.000000;0.000000;28.396693
2686;132.000000;10.000000;30.000000;38.396693;0.000000;0.000000;0.000000;0.000000;0.000000;38.396693
2687;132.000000;14.000000;-30.000000;-28.396693;0.000000;0.000000;0.000000;0.000000;0.000000;28.396693
2688;132.000000;14.000000;30.000000;38.396693;0.000000;0.000000;0.000000;0.000000;0.000000;38.396693
2689;132.000000;18.000000;-30.000000;-28.396693;0.000000;0.000000;0.000000;0.000000;0.000000;28.396693
2690;132.000000;18.000000;30.000000;38.396693;0.000000;0.000000;0.000000;0.000000;0.000000;38.396693
2691;132.000000;22.000000;-30.000000;-28.396693;0.000000;0.000000;0.000000;0.000000;0.000000;28.396693
2692;132.000000;22.000000;30.000000;38.396693;0.000000;0.000000;0.000000;0.000000;0.000000;38.396693
2693;132.000000;26.000000;-30.000000;-28.396693;0.000000;0.000000;0.000000;0.000000;0.000000;28.396693
2694;132.000000;26.000000;30.000000;38.396693;0.000000;0.000000;0.000000;0.000000;0.000000;38.396693
2695;132.000000;30.000000;-30.000000;-28.396693;0.000000;0.000000;0.000000;0.000000;0.000000;28.396693
2696;132.000000;30.000000;30.000000;38.396693;0.000000;0.000000;0.000000;0.000000;0.000000;38.396693
2697;132.000000;34.000000;-30.000000;-28.396693;0.000000;0.000000;0.000000;0.000000;0.000000;28.396693
2698;132.000000;34.000000;30.000000;38.396693;0.000000;0.000000;0.000000;0.000000;0.000000;38.396693
2699;132.000000;38.000000;-30.000000;-28.396693;0.000000;0.000000;0.000000;0.000000;0.000000;28.396693
2700;132.000000;38.000000;30.000000;38.396693;0.000000;0.000000;0.000000;0.000000;0.000000;38.396693
2701;132.000000;42.000000;-30.000000;-28.396693;0.000000;0.000000;0.000000;0.000000;0.000000;28.396693
2702;132.000000;42.000000;30.000000;38.396693;0.000000;0.000000;0.000000;0.000000;0.000000;38.396693
2703;132.000000;46.000000;-30.000000;-28.396693;0.000000;0.000000;0.000000;0.000000;0.000000;28.396693
2704;132.000000;46.000000;30.000000;38.396693;0.000000;0.000000;0.000000;0.000000;0.000000;38.396693
2705;132.000000;50.000000;-30.000000;-28.396693;0.000000;0.000000;0.000000;0.000000;0.000000;28.396693
2706;132.000000;50.000000;-26.000000;-23.943801;0.000000;0.000000;0.000000;0.000000;0.000000;23.943801
2707;132.000000;50.000000;-22.000000;-19.490908;0.000000;0.000000;0.000000;0.000000;0.000000;19.490908
2708;132.000000;50.000000;-18.000000;-15.038016;0.000000;0.000000;0.000000;0.000000;0.000000;15.038016
2709;132.000000;50.000000;-14.000000;-10.585123;0.000000;0.000000;0.000000;0.000000;0.000000;10.585123
2710;132.000000;50.000000;-10.000000;-6.132231;0.000000;0.000000;0.000000;0.000000;0.000000;6.132231
2711;132.000000;50.000000;-6.000000;-1.679339;0.000000;0.000000;0.000000;0.000000;0.000000;1.679339
2712;132.000000;50.000000;-2.000000;2.773554;0.000000;0.000000;0.000000;0.000000;0.000000;2.773554
2713;132.000000;50.000000;2.000000;7.226446;0.000000;0.000000;0.000000;0.000000;0.000000;7.226446
2714;132.000000;50.000000;6.000000;11.679339;0.000000;0.000000;0.000000;0.000000;0.000000;11.679339
2715;132.000000;50.000000;10.000000;16.132231;0.000000;0.000000;0.000000;0.000000;0.000000;16.132231
2716;132.000000;50.000000;14.000000;20.585123;0.000000;0.000000;0.000000;0.000000;0.000000;20.585123
2717;132.000000;50.000000;18.000000;25.038016;0.000000;0.000000;0.000000;0.000000;0.000000;25.038016
2718;132.000000;50.000000;22.000000;29.490908;0.000000;0.000000;0.000000;0.000000;0.000000;29.490908
2719;132.000000;50.000000;26.000000;33.943801;0.000000;0.000000;0.000000;0.000000;0.000000;33.943801
2720;132.000000;50.000000;30.000000;38.396693;0.000000;0.000000;0.000000;0.000000;0.000000;38.396693
2721;136.000000;-50.000000;-30.000000;-27.898235;0.000000;0.000000;0.000000;0.000000;0.000000;27.898235
2722;136.000000;-50.000000;-26.000000;-23.511803;0.000000;0.000000;0.000000;0.000000;0.000000;23.511803
2723;136.000000;-50.000000;-22.000000;-19.125372;0.000000;0.000000;0.000000;0.000000;0.000000;19.125372
2724;136.000000;-50.000000;-18.000000;-14.738941;0.000000;0.000000;0.000000;0.000000;0.000000;14.738941
2725;136.000000;-50.000000;-14.000000;-10.352510;0.000000;0.000000;0.000000;0.000000;0.000000;10.352510
2726;136.000000;-50.000000;-10.000000;-5.966078;0.000000;0.000000;0.000000;0.000000;0.000000;5.966078
2727;136.000000;-50.000000;-6.000000;-1.579647;0.000000;0.000000;0.000000;0.000000;0.000000;1.579647
2728;136.000000;-50.000000;-2.000000;2.806784;0.000000;0.000000;0.000000;0.000000;0.000000;2.806784
2729;136.000000;-50.000000;2.000000;7.193216;0.000000;0.000000;0.000000;0.000000;0.000000;7.193216
2730;136.000000;-50.000000;6.000000;11.579647;0.000000;0.000000;0.000000;0.000000;0.000000;11.579647
2731;136.000000;-50.000000;10.000000;15.966078;0.000000;0.000000;0.000000;0.000000;0.000000;15.966078
2732;136.000000;-50.000000;14.000000;20.352510;0.000000;0.000000;0.000000;0.000000;0.000000;20.352510
2733;136.000000;-50.000000;18.000000;24.738941;0.000000;0.000000;0.000000;0.000000;0.000000;24.738941
2734;136.000000;-50.000000;22.000000;29.125372;0.000000;0.000000;0.000000;0.000000;0.000000;29.125372
2735;136.000000;-50.000000;26.000000;33.511803;0.000000;0.000000;0.000000;0.000000;0.000000;33.511803
2736;136.000000;-50.000000;30.000000;37.898235;0.000000;0.000000;0.000000;0.000000;0.000000;37.898235
2737;136.000000;-46.000000;-30.000000;-27.898235;0.000000;0.000000;0.000000;0.000000;0.000000;27.898235
2738;136.000000;-46.000000;30.000000;37.898235;0.000000;0.000000;0.000000;0.000000;0.000000;37.898235
2739;136.000000;-42.000000;-30.000000;-27.898235;0.000000;0.000000;0.000000;0.000000;0.000000;27.898235
2740;136.000000;-42.000000;30.000000;37.898235;0.000000;0.000000;0.000000;0.000000;0.000000;37.898235
2741;136.000000;-38.000000;-30.000000;-27.898235;0.000000;0.000000;0.000000;0.000000;0.000000;27.898235
2742;136.000000;-38.000000;30.000000;37.898235;0.000000;0.000000;0.000000;0.000000;0.000000;37.898235
2743;136.000000;-34.000000;-30.000000;-27.898235;0.000000;0.000000;0.000000;0.000000;0.000000;27.898235
2744;136.000000;-34.000000;30.000000;37.898235;0.000000;0.000000;0.000000;0.000000;0.000000;37.898235
2745;136.000000;-30.000000;-30.000000;-27.898235;0.000000;0.000000;0.000000;0.000000;0.000000;27.898235
2746;136.000000;-30.000000;30.000000;37.898235;0.000000;0.000000;0.000000;0.000000;0.000000;37.898235
2747;136.000000;-26.000000;-30.000000;-27.898235;0.000000;0.000000;0.000000;0.000000;0.000000;27.898235
2748;136.000000;-26.000000;30.000000;37.898235;0.000000;0.000000;0.000000;0.000000;0.000000;37.898235
2749;136.000000;-22.000000;-30.000000;-27.898235;0.000000;0.000000;0.000000;0.000000;0.000000;27.898235
2750;136.000000;-22.000000;30.000000;37.898235;0.000000;0.000000;0.000000;0.000000;0.000000;37.898235
2751;136.000000;-18.000000;-30.000000;-27.898235;0.000000;0.000000;0.000000;0.000000;0.000000;27.898235
2752;136.000000;-18.000000;30.000000;37.898235;0.000000;0.000000;0.000000;0.000000;0.000000;37.898235
2753;136.000000;-14.000000;-30.000000;-27.898235;0.000000;0.000000;0.000000;0.000000;0.000000;27.898235
2754;136.000000;-14.000000;30.000000;37.898235;0.000000;0.000000;0.000000;0.000000;0.000000;37.898235
2755;136.000000;-10.000000;-30.000000;-27.898235;0.000000;0.000000;0.000000;0.000000;0.000000;27.898235
2756;136.000000;-10.000000;30.000000;37.898235;0.000000;0.000000;0.000000;0.000000;0.000000;37.898235
2757;136.000000;-6.000000;-30.000000;-27.898235;0.000000;0.000000;0.000000;0.000000;0.000000;27.898235
2758;136.000000;-6.000000;30.000000;37.898235;0.000000;0.000000;0.000000;0.000000;0.000000;37.898235
2759;136.000000;-2.000000;-30.000000;-27.898235;0.000000;0.000000;0.000000;0.000000;0.000000;27.898235
2760;136.000000;-2.000000;30.000000;37.898235;0.000000;0.000000;0.000000;0.000000;0.000000;37.898235
2761;136.000000;2.000000;-30.000000;-27.898235;0.000000;0.000000;0.000000;0.000000;0.000000;27.898235
2762;136.000000;2.000000;30.000000;37.898235;0.000000;0.000000;0.000000;0.000000;0.000000;37.898235
2763;136.000000;6.000000;-30.000000;-27.898235;0.000000;0.000000;0.000000;0.000000;0.000000;27.898235
2764;136.000000;6.000000;30.000000;37.898235;0.000000;0.000000;0.000000;0.000000;0.000000;37.898235
2765;136.000000;10.000000;-30.000000;-27.898235;0.000000;0.000000;0.000000;0.000000;0.000000;27.898235
2766;136.000000;10.000000;30.000000;37.898235;0.000000;0.000000;0.000000;0.000000;0.000000;37.898235
2767;136.000000;14.000000;-30.000000;-27.898235;0.000000;0.000000;0.000000;0.000000;0.000000;27.898235
2768;136.000000;14.000000;30.000000;37.898235;0.000000;0.000000;0.000000;0.000000;0.000000;37.898235
2769;136.000000;18.000000;-30.000000;-27.898235;0.000000;0.000000;0.000000;0.000000;0.000000;27.898235
2770;136.000000;18.000000;30.000000;37.898235;0.000000;0.000000;0.000000;0.000000;0.000000;37.898235
2771;136.000000;22.000000;-30.000000;-27.898235;0.000000;0.000000;0.000000;0.000000;0.000000;27.898235
2772;136.000000;22.000000;30.000000;37.898235;0.000000;0.000000;0.000000;0.000000;0.000000;37.898235
2773;136.000000;26.000000;-30.000000;-27.898235;0.000000;0.000000;0.000000;0.000000;0.000000;27.898235
2774;136.000000;26.000000;30.000000;37.898235;0.000000;0.000000;0.000000;0.000000;0.000000;37.898235
2775;136.000000;30.000000;-30.000000;-27.898235;0.000000;0.000000;0.000000;0.000000;0.000000;27.898235
2776;136.000000;30.000000;30.000000;37.898235;0.000000;0.000000;0.000000;0.000000;0.000000;37.898235
2777;136.000000;34.000000;-30.000000;-27.898235;0.000000;0.000000;0.000000;0.000000;0.000000;27.898235
2778;136.000000;34.000000;30.000000;37.898235;0.000000;0.000000;0.000000;0.000000;0.000000;37.898235
2779;136.000000;38.000000;-30.000000;-27.898235;0.000000;0.000000;0.000000;0.000000;0.000000;27.898235
2780;136.000000;38.000000;30.000000;37.898235;0.000000;0.000000;0.000000;0.000000;0.000000;37.898235
2781;136.000000;42.000000;-30.000000;-27.898235;0.000000;0.000000;0.000000;0.000000;0.000000;27.898235
2782;136.000000;42.000000;30.000000;37.898235;0.000000;0.000000;0.000000;0.000000;0.000000;37.898235
2783;136.000000;46.000000;-30.000000;-27.898235;0.000000;0.000000;0.000000;0.000000;0.000000;27.898235
2784;136.000000;46.000000;30.000000;37.898235;0.000000;0.000000;0.000000;0.000000;0.000000;37.898235
2785;136.000000;50.000000;-30.000000;-27.898235;0.000000;0.000000;0.000000;0.000000;0.000000;27.898235
2786;136.000000;50.000000;-26.000000;-23.511803;0.000000;0.000000;0.000000;0.000000;0.000000;23.511803
2787;136.000000;50.000000;-22.000000;-19.125372;0.000000;0.000000;0.000000;0.000000;0.000000;19.125372
2788;136.000000;50.000000;-18.000000;-14.738941;0.000000;0.000000;0.000000;0.000000;0.000000;14.738941
2789;136.000000;50.000000;-14.000000;-10.352510;0.000000;0.000000;0.000000;0.000000;0.000000;10.352510
2790;136.000000;50.000000;-10.000000;-5.966078;0.000000;0.000000;0.000000;0.000000;0.000000;5.966078
2791;136.000000;50.000000;-6.000000;-1.579647;0.000000;0.000000;0.000000;0.000000;0.000000;1.579647
2792;136.000000;50.000000;-2.000000;2.806784;0.000000;0.000000;0.000000;0.000000;0.000000;2.806784
2793;136.000000;50.000000;2.000000;7.193216;0.000000;0.000000;0.000000;0.000000;0.000000;7.193216
2794;136.000000;50.000000;6.000000;11.579647;0.000000;0.000000;0.000000;0.000000;0.000000;11.579647
2795;136.000000;50.000000;10.000000;15.966078;0.000000;0.000000;0.000000;0.000000;0.000000;15.966078
2796;136.000000;50.000000;14.000000;20.352510;0.000000;0.000000;0.000000;0.000000;0.000000;20.352510
2797;136.000000;50.000000;18.000000;24.738941;0.000000;0.000000;0.000000;0.000000;0.000000;24.738941
2798;136.000000;50.000000;22.000000;29.125372;0.000000;0.000000;0.000000;0.000000;0.000000;29.125372
2799;136.000000;50.000000;26.000000;33.511803;0.000000;0.000000;0.000000;0.000000;0.000000;33.511803
2800;136.000000;50.000000;30.000000;37.898235;0.000000;0.000000;0.000000;0.000000;0.000000;37.898235
2801;140.000000;-50.000000;-30.000000;-27.399777;0.000000;0.000000;0.000000;0.000000;0.000000;27.399777
2802;140.000000;-50.000000;-26.000000;-23.079806;0.000000;0.000000;0.000000;0.000000;0.000000;23.079806
2803;140.000000;-50.000000;-22.000000;-18.759836;0.000000;0.000000;0.000000;0.000000;0.000000;18.759836
2804;140.000000;-50.000000;-18.000000;-14.439866;0.000000;0.000000;0.000000;0.000000;0.000000;14.439866
2805;140.000000;-50.000000;-14.000000;-10.119896;0.000000;0.000000;0.000000;0.000000;0.000000;10.119896
2806;140.000000;-50.000000;-10.000000;-5.799926;0.000000;0.000000;0.000000;0.000000;0.000000;5.799926
2807;140.000000;-50.000000;-6.000000;-1.479955;0.000000;0.000000;0.000000;0.000000;0.000000;1.479955
2808;140.000000;-50.000000;-2.000000;2.840015;0.000000;0.000000;0.000000;0.000000;0.000000;2.840015
2809;140.000000;-50.000000;2.000000;7.159985;0.000000;0.000000;0.000000;0.000000;0.000000;7.159985
2810;140.000000;-50.000000;6.000000;11.479955;0.000000;0.000000;0.000000;0.000000;0.000000;11.479955
2811;140.000000;-50.000000;10.000000;15.799926;0.000000;0.000000;0.000000;0.000000;0.000000;15.799926
2812;140.000000;-50.000000;14.000000;20.119896;0.000000;0.000000;0.000000;0.000000;0.000000;20.119896
2813;140.000000;-50.000000;18.000000;24.439866;0.000000;0.000000;0.000000;0.000000;0.000000;24.439866
2814;140.000000;-50.000000;22.000000;28.759836;0.000000;0.000000;0.000000;0.000000;0.000000;28.759836
2815;140.000000;-50.000000;26.000000;33.079806;0.000000;0.000000;0.000000;0.000000;0.000000;33.079806
2816;140.000000;-50.000000;30.000000;37.399777;0.000000;0.000000;0.000000;0.000000;0.000000;37.399777
2817;140.000000;-46.000000;-30.000000;-27.399777;0.000000;0.000000;0.000000;0.000000;0.000000;27.399777
2818;140.000000;-46.000000;30.000000;37.399777;0.000000;0.000000;0.000000;0.000000;0.000000;37.399777
2819;140.000000;-42.000000;-30.000000;-27.399777;0.000000;0.000000;0.000000;0.000000;0.000000;27.399777
2820;140.000000;-42.000000;30.000000;37.399777;0.000000;0.000000;0.000000;0.000000;0.000000;37.399777
2821;140.000000;-38.000000;-30.000000;-27.399777;0.000000;0.000000;0.000000;0.000000;0.000000;27.399777
2822;140.000000;-38.000000;30.000000;37.399777;0.000000;0.000000;0.000000;0.000000;0.000000;37.399777
2823;140.000000;-34.000000;-30.000000;-27.399777;0.000000;0.000000;0.000000;0.000000;0.000000;27.399777
2824;140.000000;-34.000000;30.000000;37.399777;0.000000;0.000000;0.000000;0.000000;0.000000;37.399777
2825;140.000000;-30.000000;-30.000000;-27.399777;0.000000;0.000000;0.000000;0.000000;0.000000;27.399777
2826;140.000000;-30.000000;30.000000;37.399777;0.000000;0.000000;0.000000;0.000000;0.000000;37.399777
2827;140.000000;-26.000000;-30.000000;-27.399777;0.000000;0.000000;0.000000;0.000000;0.000000;27.399777
2828;140.000000;-26.000000;30.000000;37.399777;0.000000;0.000000;0.000000;0.000000;0.000000;37.399777
2829;140.000000;-22.000000;-30.000000;-27.399777;0.000000;0.000000;0.000000;0.000000;0.000000;27.399777
2830;140.000000;-22.000000;30.000000;37.399777;0.000000;0.000000;0.000000;0.000000;0.000000;37.399777
2831;140.000000;-18.000000;-30.000000;-27.399777;0.000000;0.000000;0.000000;0.000000;0.000000;27.399777
2832;140.000000;-18.000000;30.000000;37.399777;0.000000;0.000000;0.000000;0.000000;0.000000;37.399777
2833;140.000000;-14.000000;-30.000000;-27.399777;0.000000;0.000000;0.000000;0.000000;0.000000;27.399777
2834;140.000000;-14.000000;30.000000;37.399777;0.000000;0.000000;0.000000;0.000000;0.000000;37.399777
2835;140.000000;-10.000000;-30.000000;-27.399777;0.000000;0.000000;0.000000;0.000000;0.000000;27.399777
2836;140.000000;-10.000000;30.000000;37.399777;0.000000;0.000000;0.000000;0.000000;0.000000;37.399777
2837;140.000000;-6.000000;-30.000000;-27.399777;0.000000;0.000000;0.000000;0.000000;0.000000;27.399777
2838;140.000000;-6.000000;30.000000;37.399777;0.000000;0.000000;0.000000;0.000000;0.000000;37.399777
2839;140.000000;-2.000000;-30.000000;-27.399777;0.000000;0.000000;0.000000;0.000000;0.000000;27.399777
2840;140.000000;-2.000000;30.000000;37.399777;0.000000;0.000000;0.000000;0.000000;0.000000;37.399777
2841;140.000000;2.000000;-30.000000;-27.399777;0.000000;0.000000;0.000000;0.000000;0.000000;27.399777
2842;140.000000;2.000000;30.000000;37.399777;0.000000;0.000000;0.000000;0.000000;0.000000;37.399777
2843;140.000000;6.000000;-30.000000;-27.399777;0.000000;0.000000;0.000000;0.000000;0.000000;27.399777
2844;140.000000;6.000000;30.000000;37.399777;0.000000;0.000000;0.000000;0.000000;0.000000;37.399777
2845;140.000000;10.000000;-30.000000;-27.399777;0.000000;0.000000;0.000000;0.000000;0.000000;27.399777
2846;140.000000;10.000000;30.000000;37.399777;0.000000;0.000000;0.000000;0.000000;0.000000;37.399777
2847;140.000000;14.000000;-30.000000;-27.399777;0.000000;0.000000;0.000000;0.000000;0.000000;27.399777
2848;140.000000;14.000000;30.000000;37.399777;0.000000;0.000000;0.000000;0.000000;0.000000;37.399777
2849;140.000000;18.000000;-30.000000;-27.399777;0.000000;0.000000;0.000000;0.000000;0.000000;27.399777
2850;140.000000;18.000000;30.000000;37.399777;0.000000;0.000000;0.000000;0.000000;0.000000;37.399777
2851;140.000000;22.000000;-30.000000;-27.399777;0.000000;0.000000;0.000000;0.000000;0.000000;27.399777
2852;140.000000;22.000000;30.000000;37.399777;0.000000;0.000000;0.000000;0.000000;0.000000;37.399777
2853;140.000000;26.000000;-30.000000;-27.399777;0.000000;0.000000;0.000000;0.000000;0.000000;27.399777
2854;140.000000;26.000000;30.000000;37.399777;0.000000;0.000000;0.000000;0.000000;0.000000;37.399777
2855;140.000000;30.000000;-30.000000;-27.399777;0.000000;0.000000;0.000000;0.000000;0.000000;27.399777
2856;140.000000;30.000000;30.000000;37.399777;0.000000;0.000000;0.000000;0.000000;0.000000;37.399777
2857;140.000000;34.000000;-30.000000;-27.399777;0.000000;0.000000;0.000000;0.000000;0.000000;27.399777
2858;140.000000;34.000000;30.000000;37.399777;0.000000;0.000000;0.000000;0.000000;0.000000;37.399777
2859;140.000000;38.000000;-30.000000;-27.399777;0.000000;0.000000;0.000000;0.000000;0.000000;27.399777
2860;140.000000;38.000000;30.000000;37.399777;0.000000;0.000000;0.000000;0.000000;0.000000;37.399777
2861;140.000000;42.000000;-30.000000;-27.399777;0.000000;0.000000;0.000000;0.000000;0.000000;27.399777
2862;140.000000;42.000000;30.000000;37.399777;0.000000;0.000000;0.000000;0.000000;0.000000;37.399777
2863;140.000000;46.000000;-30.000000;-27.399777;0.000000;0.000000;0.000000;0.000000;0.000000;27.399777
2864;140.000000;46.000000;30.000000;37.399777;0.000000;0.000000;0.000000;0.000000;0.000000;37.399777
2865;140.000000;50.000000;-30.000000;-27.399777;0.000000;0.000000;0.000000;0.000000;0.000000;27.399777
2866;140.000000;50.000000;-26.000000;-23.079806;0.000000;0.000000;0.000000;0.000000;0.000000;23.079806
2867;140.000000;50.000000;-22.000000;-18.759836;0.000000;0.000000;0.000000;0.000000;0.000000;18.759836
2868;140.000000;50.000000;-18.000000;-14.439866;0.000000;0.000000;0.000000;0.000000;0.000000;14.439866
2869;140.000000;50.000000;-14.000000;-10.119896;0.000000;0.000000;0.000000;0.000000;0.000000;10.119896
2870;140.000000;50.000000;-10.000000;-5.799926;0.000000;0.000000;0.000000;0.000000;0.000000;5.799926
2871;140.000000;50.000000;-6.000000;-1.479955;0.000000;0.000000;0.000000;0.000000;0.000000;1.479955
2872;140.000000;50.000000;-2.000000;2.840015;0.000000;0.000000;0.000000;0.000000;0.000000;2.840015
2873;140.000000;50.000000;2.000000;7.159985;0.000000;0.000000;0.000000;0.000000;0.000000;7.159985
2874;140.000000;50.000000;6.000000;11.479955;0.000000;0.000000;0.000000;0.000000;0.000000;11.479955
2875;140.000000;50.000000;10.000000;15.799926;0.000000;0.000000;0.000000;0.000000;0.000000;15.799926
2876;140.000000;50.000000;14.000000;20.119896;0.000000;0.000000;0.000000;0.000000;0.000000;20.119896
2877;140.000000;50.000000;18.000000;24.439866;0.000000;0.000000;0.000000;0.000000;0.000000;24.439866
2878;140.000000;50.000000;22.000000;28.759836;0.000000;0.000000;0.000000;0.000000;0.000000;28.759836
2879;140.000000;50.000000;26.000000;33.079806;0.000000;0.000000;0.000000;0.000000;0.000000;33.079806
2880;140.000000;50.000000;30.000000;37.399777;0.000000;0.000000;0.000000;0.000000;0.000000;37.399777
2881;144.000000;-50.000000;-30.000000;-26.901319;0.000000;0.000000;0.000000;0.000000;0.000000;26.901319
2882;144.000000;-50.000000;-26.000000;-22.647809;0.000000;0.000000;0.000000;0.000000;0.000000;22.647809
2883;144.000000;-50.000000;-22.000000;-18.394300;0.000000;0.000000;0.000000;0.000000;0.000000;18.394300
2884;144.000000;-50.000000;-18.000000;-14.140791;0.000000;0.000000;0.000000;0.000000;0.000000;14.140791
2885;144.000000;-50.000000;-14.000000;-9.887282;0.000000;0.000000;0.000000;0.000000;0.000000;9.887282
2886;144.000000;-50.000000;-10.000000;-5.633773;0.000000;0.000000;0.000000;0.000000;0.000000;5.633773
2887;144.000000;-50.000000;-6.000000;-1.380264;0.000000;0.000000;0.000000;0.000000;0.000000;1.380264
2888;144.000000;-50.000000;-2.000000;2.873245;0.000000;0.000000;0.000000;0.000000;0.000000;2.873245
2889;144.000000;-50.000000;2.000000;7.126755;0.000000;0.000000;0.000000;0.000000;0.000000;7.126755
2890;144.000000;-50.000000;6.000000;11.380264;0.000000;0.000000;0.000000;0.000000;0.000000;11.380264
2891;144.000000;-50.000000;10.000000;15.633773;0.000000;0.000000;0.000000;0.000000;0.000000;15.633773
2892;144.000000;-50.000000;14.000000;19.887282;0.000000;0.000000;0.000000;0.000000;0.000000;19.887282
2893;144.000000;-50.000000;18.000000;24.140791;0.000000;0.000000;0.000000;0.000000;0.000000;24.140791
2894;144.000000;-50.000000;22.000000;28.394300;0.000000;0.000000;0.000000;0.000000;0.000000;28.394300
2895;144.000000;-50.000000;26.000000;32.647809;0.000000;0.000000;0.000000;0.000000;0.000000;32.647809
2896;144.000000;-50.000000;30.000000;36.901319;0.000000;0.000000;0.000000;0.000000;0.000000;36.901319
2897;144.000000;-46.000000;-30.000000;-26.901319;0.000000;0.000000;0.000000;0.000000;0.000000;26.901319
2898;144.000000;-46.000000;30.000000;36.901319;0.000000;0.000000;0.000000;0.000000;0.000000;36.901319
2899;144.000000;-42.000000;-30.000000;-26.901319;0.000000;0.000000;0.000000;0.000000;0.000000;26.901319
2900;144.000000;-42.000000;30.000000;36.901319;0.000000;0.000000;0.000000;0.000000;0.000000;36.901319
2901;144.000000;-38.000000;-30.000000;-26.901319;0.000000;0.000000;0.000000;0.000000;0.000000;26.901319
2902;144.000000;-38.000000;30.000000;36.901319;0.000000;0.000000;0.000000;0.000000;0.000000;36.901319
2903;144.000000;-34.000000;-30.000000;-26.901319;0.000000;0.000000;0.000000;0.000000;0.000000;26.901319
2904;144.000000;-34.000000;30.000000;36.901319;0.000000;0.000000;0.000000;0.000000;0.000000;36.901319
2905;144.000000;-30.000000;-30.000000;-26.901319;0.000000;0.000000;0.000000;0.000000;0.000000;26.901319
2906;144.000000;-30.000000;30.000000;36.901319;0.000000;0.000000;0.000000;0.000000;0.000000;36.901319
2907;144.000000;-26.000000;-30.000000;-26.901319;0.000000;0.000000;0.000000;0.000000;0.000000;26.901319
2908;144.000000;-26.000000;30.000000;36.901319;0.000000;0.000000;0.000000;0.000000;0.000000;36.901319
2909;144.000000;-22.000000;-30.000000;-26.901319;0.000000;0.000000;0.000000;0.000000;0.000000;26.901319
2910;144.000000;-22.000000;30.000000;36.901319;0.000000;0.000000;0.000000;0.000000;0.000000;36.901319
2911;144.000000;-18.000000;-30.000000;-26.901319;0.000000;0.000000;0.000000;0.000000;0.000000;26.901319
2912;144.000000;-18.000000;30.000000;36.901319;0.000000;0.000000;0.000000;0.000000;0.000000;36.901319
2913;144.000000;-14.000000;-30.000000;-26.901319;0.000000;0.000000;0.000000;0.000000;0.000000;26.901319
2914;144.000000;-14.000000;30.000000;36.901319;0.000000;0.000000;0.000000;0.000000;0.000000;36.901319
2915;144.000000;-10.000000;-30.000000;-26.901319;0.000000;0.000000;0.000000;0.000000;0.000000;26.901319
2916;144.000000;-10.000000;30.000000;36.901319;0.000000;0.000000;0.000000;0.000000;0.000000;36.901319
2917;144.000000;-6.000000;-30.000000;-26.901319;0.000000;0.000000;0.000000;0.000000;0.000000;26.901319
2918;144.000000;-6.000000;30.000000;36.901319;0.000000;0.000000;0.000000;0.000000;0.000000;36.901319
2919;144.000000;-2.000000;-30.000000;-26.901319;0.000000;0.000000;0.000000;0.000000;0.000000;26.901319
2920;144.000000;-2.000000;30.000000;36.901319;0.000000;0.000000;0.000000;0.000000;0.000000;36.901319
2921;144.000000;2.000000;-30.000000;-26.901319;0.000000;0.000000;0.000000;0.000000;0.000000;26.901319
2922;144.000000;2.000000;30.000000;36.901319;0.000000;0.000000;0.000000;0.000000;0.000000;36.901319
2923;144.000000;6.000000;-30.000000;-26.901319;0.000000;0.000000;0.000000;0.000000;0.000000;26.901319
2924;144.000000;6.000000;30.000000;36.901319;0.000000;0.000000;0.000000;0.000000;0.000000;36.901319
2925;144.000000;10.000000;-30.000000;-26.901319;0.000000;0.000000;0.000000;0.000000;0.000000;26.901319
2926;144.000000;10.000000;30.000000;36.901319;0.000000;0.000000;0.000000;0.000000;0.000000;36.901319
2927;144.000000;14.000000;-30.000000;-26.901319;0.000000;0.000000;0.000000;0.000000;0.000000;26.901319
2928;144.000000;14.000000;30.000000;36.901319;0.000000;0.000000;0.000000;0.000000;0.000000;36.901319
2929;144.000000;18.000000;-30.000000;-26.901319;0.000000;0.000000;0.000000;0.000000;0.000000;26.901319
2930;144.000000;18.000000;30.000000;36.901319;0.000000;0.000000;0.000000;0.000000;0.000000;36.901319
2931;144.000000;22.000000;-30.000000;-26.901319;0.000000;0.000000;0.000000;0.000000;0.000000;26.901319
2932;144.000000;22.000000;30.000000;36.901319;0.000000;0.000000;0.000000;0.000000;0.000000;36.901319
2933;144.000000;26.000000;-30.000000;-26.901319;0.000000;0.000000;0.000000;0.000000;0.000000;26.901319
2934;144.000000;26.000000;30.000000;36.901319;0.000000;0.000000;0.000000;0.000000;0.000000;36.901319
2935;144.000000;30.000000;-30.000000;-26.901319;0.000000;0.000000;0.000000;0.000000;0.000000;26.901319
2936;144.000000;30.000000;30.000000;36.901319;0.000000;0.000000;0.000000;0.000000;0.000000;36.901319
2937;144.000000;34.000000;-30.000000;-26.901319;0.000000;0.000000;0.000000;0.000000;0.000000;26.901319
2938;144.000000;34.000000;30.000000;36.901319;0.000000;0.000000;0.000000;0.000000;0.000000;36.901319
2939;144.000000;38.000000;-30.000000;-26.901319;0.000000;0.000000;0.000000;0.000000;0.000000;26.901319
2940;144.000000;38.000000;30.000000;36.901319;0.000000;0.000000;0.000000;0.000000;0.000000;36.901319
2941;144.000000;42.000000;-30.000000;-26.901319;0.000000;0.000000;0.000000;0.000000;0.000000;26.901319
2942;144.000000;42.000000;30.000000;36.901319;0.000000;0.000000;0.000000;0.000000;0.000000;36.901319
2943;144.000000;46.000000;-30.000000;-26.901319;0.000000;0.000000;0.000000;0.000000;0.000000;26.901319
2944;144.000000;46.000000;30.000000;36.901319;0.000000;0.000000;0.000000;0.000000;0.000000;36.901319
2945;144.000000;50.000000;-30.000000;-26.901319;0.000000;0.000000;0.000000;0.000000;0.000000;26.901319
2946;144.000000;50.000000;-26.000000;-22.647809;0.000000;0.000000;0.000000;0.000000;0.000000;22.647809
2947;144.000000;50.000000;-22.000000;-18.394300;0.000000;0.000000;0.000000;0.000000;0.000000;18.394300
2948;144.000000;50.000000;-18.000000;-14.140791;0.000000;0.000000;0.000000;0.000000;0.000000;14.140791
2949;144.000000;50.000000;-14.000000;-9.887282;0.000000;0.000000;0.000000;0.000000;0.000000;9.887282
2950;144.000000;50.000000;-10.000000;-5.633773;0.000000;0.000000;0.000000;0.000000;0.000000;5.633773
2951;144.000000;50.000000;-6.000000;-1.380264;0.000000;0.000000;0.000000;0.000000;0.000000;1.380264
2952;144.000000;50.000000;-2.000000;2.873245;0.000000;0.000000;0.000000;0.000000;0.000000;2.873245
2953;144.000000;50.000000;2.000000;7.126755;0.000000;0.000000;0.000000;0.000000;0.000000;7.126755
2954;144.000000;50.000000;6.000000;11.380264;0.000000;0.000000;0.000000;0.000000;0.000000;11.380264
2955;144.000000;50.000000;10.000000;15.633773;0.000000;0.000000;0.000000;0.000000;0.000000;15.633773
2956;144.000000;50.000000;14.000000;19.887282;0.000000;0.000000;0.000000;0.000000;0.000000;19.887282
2957;144.000000;50.000000;18.000000;24.140791;0.000000;0.000000;0.000000;0.000000;0.000000;24.140791
2958;144.000000;50.000000;22.000000;28.394300;0.000000;0.000000;0.000000;0.000000;0.000000;28.394300
2959;144.000000;50.000000;26.000000;32.647809;0.000000;0.000000;0.000000;0.000000;0.000000;32.647809
2960;144.000000;50.000000;30.000000;36.901319;0.000000;0.000000;0.000000;0.000000;0.000000;36.901319
2961;148.000000;-50.000000;-30.000000;-26.402860;0.000000;0.000000;0.000000;0.000000;0.000000;26.402860
2962;148.000000;-50.000000;-26.000000;-22.215812;0.000000;0.000000;0.000000;0.000000;0.000000;22.215812
2963;148.000000;-50.000000;-22.000000;-18.028764;0.000000;0.000000;0.000000;0.000000;0.000000;18.028764
2964;148.000000;-50.000000;-18.000000;-13.841716;0.000000;0.000000;0.000000;0.000000;0.000000;13.841716
2965;148.000000;-50.000000;-14.000000;-9.654668;0.000000;0.000000;0.000000;0.000000;0.000000;9.654668
2966;148.000000;-50.000000;-10.000000;-5.467620;0.000000;0.000000;0.000000;0.000000;0.000000;5.467620
2967;148.000000;-50.000000;-6.000000;-1.280572;0.000000;0.000000;0.000000;0.000000;0.000000;1.280572
2968;148.000000;-50.000000;-2.000000;2.906476;0.000000;0.000000;0.000000;0.000000;0.000000;2.906476
2969;148.000000;-50.000000;2.000000;7.093524;0.000000;0.000000;0.000000;0.000000;0.000000;7.093524
2970;148.000000;-50.000000;6.000000;11.280572;0.000000;0.000000;0.000000;0.000000;0.000000;11.280572
2971;148.000000;-50.000000;10.000000;15.467620;0.000000;0.000000;0.000000;0.000000;0.000000;15.467620
2972;148.000000;-50.000000;14.000000;19.654668;0.000000;0.000000;0.000000;0.000000;0.000000;19.654668
2973;148.000000;-50.000000;18.000000;23.841716;0.000000;0.000000;0.000000;0.000000;0.000000;23.841716
2974;148.000000;-50.000000;22.000000;28.028764;0.000000;0.000000;0.000000;0.000000;0.000000;28.028764
2975;148.000000;-50.000000;26.000000;32.215812;0.000000;0.000000;0.000000;0.000000;0.000000;32.215812
2976;148.000000;-50.000000;30.000000;36.402860;0.000000;0.000000;0.000000;0.000000;0.000000;36.402860
2977;148.000000;-46.000000;-30.000000;-26.402860;0.000000;0.000000;0.000000;0.000000;0.000000;26.402860
2978;148.000000;-46.000000;30.000000;36.402860;0.000000;0.000000;0.000000;0.000000;0.000000;36.402860
2979;148.000000;-42.000000;-30.000000;-26.402860;0.000000;0.000000;0.000000;0.000000;0.000000;26.402860
2980;148.000000;-42.000000;30.000000;36.402860;0.000000;0.000000;0.000000;0.000000;0.000000;36.402860
2981;148.000000;-38.000000;-30.000000;-26.402860;0.000000;0.000000;0.000000;0.000000;0.000000;26.402860
2982;148.000000;-38.000000;30.000000;36.402860;0.000000;0.000000;0.000000;0.000000;0.000000;36.402860
2983;148.000000;-34.000000;-30.000000;-26.402860;0.000000;0.000000;0.000000;0.000000;0.000000;26.402860
2984;148.000000;-34.000000;30.000000;36.402860;0.000000;0.000000;0.000000;0.000000;0.000000;36.402860
2985;148.000000;-30.000000;-30.000000;-26.402860;0.000000;0.000000;0.000000;0.000000;0.000000;26.402860
2986;148.000000;-30.000000;30.000000;36.402860;0.000000;0.000000;0.000000;0.000000;0.000000;36.402860
2987;148.000000;-26.000000;-30.000000;-26.402860;0.000000;0.000000;0.000000;0.000000;0.000000;26.402860
2988;148.000000;-26.000000;30.000000;36.402860;0.000000;0.000000;0.000000;0.000000;0.000000;36.402860
2989;148.000000;-22.000000;-30.000000;-26.402860;0.000000;0.000000;0.000000;0.000000;0.000000;26.402860
2990;148.000000;-22.000000;30.000000;36.402860;0.000000;0.000000;0.000000;0.000000;0.000000;36.402860
2991;148.000000;-18.000000;-30.000000;-26.402860;0.000000;0.000000;0.000000;0.000000;0.000000;26.402860
2992;148.000000;-18.000000;30.000000;36.402860;0.000000;0.000000;0.000000;0.000000;0.000000;36.402860
2993;148.000000;-14.000000;-30.000000;-26.402860;0.000000;0.000000;0.000000;0.000000;0.000000;26.402860
2994;148.000000;-14.000000;30.000000;36.402860;0.000000;0.000000;0.000000;0.000000;0.000000;36.402860
2995;148.000000;-10.000000;-30.000000;-26.402860;0.000000;0.000000;0.000000;0.000000;0.000000;26.402860
2996;148.000000;-10.000000;30.000000;36.402860;0.000000;0.000000;0.000000;0.000000;0.000000;36.402860
2997;148.000000;-6.000000;-30.000000;-26.402860;0.000000;0.000000;0.000000;0.000000;0.000000;26.402860
2998;148.000000;-6.000000;30.000000;36.402860;0.000000;0.000000;0.000000;0.000000;0.000000;36.402860
2999;148.000000;-2.000000;-30.000000;-26.402860;0.000000;0.000000;0.000000;0.000000;0.000000;26.402860
3000;148.000000;-2.000000;30.000000;36.402860;0.000000;0.000000;0.000000;0.000000;0.000000;36.402860
3001;148.000000;2.000000;-30.000000;-26.402860;0.000000;0.000000;0.000000;0.000000;0.000000;26.402860
3002;148.000000;2.000000;30.000000;36.402860;0.000000;0.000000;0.000000;0.000000;0.000000;36.402860
3003;148.000000;6.000000;-30.000000;-26.402860;0.000000;0.000000;0.000000;0.000000;0.000000;26.402860
3004;148.000000;6.000000;30.000000;36.402860;0.000000;0.000000;0.000000;0.000000;0.000000;36.402860
3005;148.000000;10.000000;-30.000000;-26.402860;0.000000;0.000000;0.000000;0.000000;0.000000;26.402860
3006;148.000000;10.000000;30.000000;36.402860;0.000000;0.000000;0.000000;0.000000;0.000000;36.402860
3007;148.000000;14.000000;-30.000000;-26.402860;0.000000;0.000000;0.000000;0.000000;0.000000;26.402860
3008;148.000000;14.000000;30.000000;36.402860;0.000000;0.000000;0.000000;0.000000;0.000000;36.402860
3009;148.000000;18.000000;-30.000000;-26.402860;0.000000;0.000000;0.000000;0.000000;0.000000;26.402860
3010;148.000000;18.000000;30.000000;36.402860;0.000000;0.000000;0.000000;0.000000;0.000000;36.402860
3011;148.000000;22.000000;-30.000000;-26.402860;0.000000;0.000000;0.000000;0.000000;0.000000;26.402860
3012;148.000000;22.000000;30.000000;36.402860;0.000000;0.000000;0.000000;0.000000;0.000000;36.402860
3013;148.000000;26.000000;-30.000000;-26.402860;0.000000;0.000000;0.000000;0.000000;0.000000;26.402860
3014;148.000000;26.000000;30.000000;36.402860;0.000000;0.000000;0.000000;0.000000;0.000000;36.402860
3015;148.000000;30.000000;-30.000000;-26.402860;0.000000;0.000000;0.000000;0.000000;0.000000;26.402860
3016;148.000000;30.000000;30.000000;36.402860;0.000000;0.000000;0.000000;0.000000;0.000000;36.402860
3017;148.000000;34.000000;-30.000000;-26.402860;0.000000;0.000000;0.000000;0.000000;0.000000;26.402860
3018;148.000000;34.000000;30.000000;36.402860;0.000000;0.000000;0.000000;0.000000;0.000000;36.402860
3019;148.000000;38.000000;-30.000000;-26.402860;0.000000;0.000000;0.000000;0.000000;0.000000;26.402860
3020;148.000000;38.000000;30.000000;36.402860;0.000000;0.000000;0.000000;0.000000;0.000000;36.402860
3021;148.000000;42.000000;-30.000000;-26.402860;0.000000;0.000000;0.000000;0.000000;0.000000;26.402860
3022;148.000000;42.000000;30.000000;36.402860;0.000000;0.000000;0.000000;0.000000;0.000000;36.402860
3023;148.000000;46.000000;-30.000000;-26.402860;0.000000;0.000000;0.000000;0.000000;0.000000;26.402860
3024;148.000000;46.000000;30.000000;36.402860;0.000000;0.000000;0.000000;0.000000;0.000000;36.402860
3025;148.000000;50.000000;-30.000000;-26.402860;0.000000;0.000000;0.000000;0.000000;0.000000;26.402860
3026;148.000000;50.000000;-26.000000;-22.215812;0.000000;0.000000;0.000000;0.000000;0.000000;22.215812
3027;148.000000;50.000000;-22.000000;-18.028764;0.000000;0.000000;0.000000;0.000000;0.000000;18.028764
3028;148.000000;50.000000;-18.000000;-13.841716;0.000000;0.000000;0.000000;0.000000;0.000000;13.841716
3029;148.000000;50.000000;-14.000000;-9.654668;0.000000;0.000000;0.000000;0.000000;0.000000;9.654668
3030;148.000000;50.000000;-10.000000;-5.467620;0.000000;0.000000;0.000000;0.000000;0.000000;5.467620
3031;148.000000;50.000000;-6.000000;-1.280572;0.000000;0.000000;0.000000;0.000000;0.000000;1.280572
3032;148.000000;50.000000;-2.000000;2.906476;0.000000;0.000000;0.000000;0.000000;0.000000;2.906476
3033;148.000000;50.000000;2.000000;7.093524;0.000000;0.000000;0.000000;0.000000;0.000000;7.093524
3034;148.000000;50.000000;6.000000;11.280572;0.000000;0.000000;0.000000;0.000000;0.000000;11.280572
3035;148.000000;50.000000;10.000000;15.467620;0.000000;0.000000;0.000000;0.000000;0.000000;15.467620
3036;148.000000;50.000000;14.000000;19.654668;0.000000;0.000000;0.000000;0.000000;0.000000;19.654668
3037;148.000000;50.000000;18.000000;23.841716;0.000000;0.000000;0.000000;0.000000;0.000000;23.841716
3038;148.000000;50.000000;22.000000;28.028764;0.000000;0.000000;0.000000;0.000000;0.000000;28.028764
3039;148.000000;50.000000;26.000000;32.215812;0.000000;0.000000;0.000000;0.000000;0.000000;32.215812
3040;148.000000;50.000000;30.000000;36.402860;0.000000;0.000000;0.000000;0.000000;0.000000;36.402860
3041;152.000000;-50.000000;-30.000000;-25.904402;0.000000;0.000000;0.000000;0.000000;0.000000;25.904402
3042;152.000000;-50.000000;-26.000000;-21.783815;0.000000;0.000000;0.000000;0.000000;0.000000;21.783815
3043;152.000000;-50.000000;-22.000000;-17.663228;0.000000;0.000000;0.000000;0.000000;0.000000;17.663228
3044;152.000000;-50.000000;-18.000000;-13.542641;0.000000;0.000000;0.000000;0.000000;0.000000;13.542641
3045;152.000000;-50.000000;-14.000000;-9.422054;0.000000;0.000000;0.000000;0.000000;0.000000;9.422054
3046;152.000000;-50.000000;-10.000000;-5.301467;0.000000;0.000000;0.000000;0.000000;0.000000;5.301467
3047;152.000000;-50.000000;-6.000000;-1.180880;0.000000;0.000000;0.000000;0.000000;0.000000;1.180880
3048;152.000000;-50.000000;-2.000000;2.939707;0.000000;0.000000;0.000000;0.000000;0.000000;2.939707
3049;152.000000;-50.000000;2.000000;7.060293;0.000000;0.000000;0.000000;0.000000;0.000000;7.060293
3050;152.000000;-50.000000;6.000000;11.180880;0.000000;0.000000;0.000000;0.000000;0.000000;11.180880
3051;152.000000;-50.000000;10.000000;15.301467;0.000000;0.000000;0.000000;0.000000;0.000000;15.301467
3052;152.000000;-50.000000;14.000000;19.422054;0.000000;0.000000;0.000000;0.000000;0.000000;19.422054
3053;152.000000;-50.000000;18.000000;23.542641;0.000000;0.000000;0.000000;0.000000;0.000000;23.542641
3054;152.000000;-50.000000;22.000000;27.663228;0.000000;0.000000;0.000000;0.000000;0.000000;27.663228
3055;152.000000;-50.000000;26.000000;31.783815;0.000000;0.000000;0.000000;0.000000;0.000000;31.783815
3056;152.000000;-50.000000;30.000000;35.904402;0.000000;0.000000;0.000000;0.000000;0.000000;35.904402
3057;152.000000;-46.000000;-30.000000;-25.904402;0.000000;0.000000;0.000000;0.000000;0.000000;25.904402
3058;152.000000;-46.000000;30.000000;35.904402;0.000000;0.000000;0.000000;0.000000;0.000000;35.904402
3059;152.000000;-42.000000;-30.000000;-25.904402;0.000000;0.000000;0.000000;0.000000;0.000000;25.904402
3060;152.000000;-42.000000;30.000000;35.904402;0.000000;0.000000;0.000000;0.000000;0.000000;35.904402
3061;152.000000;-38.000000;-30.000000;-25.904402;0.000000;0.000000;0.000000;0.000000;0.000000;25.904402
3062;152.000000;-38.000000;30.000000;35.904402;0.000000;0.000000;0.000000;0.000000;0.000000;35.904402
3063;152.000000;-34.000000;-30.000000;-25.904402;0.000000;0.000000;0.000000;0.000000;0.000000;25.904402
3064;152.000000;-34.000000;30.000000;35.904402;0.000000;0.000000;0.000000;0.000000;0.000000;35.904402
3065;152.000000;-30.000000;-30.000000;-25.904402;0.000000;0.000000;0.000000;0.000000;0.000000;25.904402
3066;152.000000;-30.000000;30.000000;35.904402;0.000000;0.000000;0.000000;0.000000;0.000000;35.904402
3067;152.000000;-26.000000;-30.000000;-25.904402;0.000000;0.000000;0.000000;0.000000;0.000000;25.904402
3068;152.000000;-26.000000;30.000000;35.904402;0.000000;0.000000;0.000000;0.000000;0.000000;35.904402
3069;152.000000;-22.000000;-30.000000;-25.904402;0.000000;0.000000;0.000000;0.000000;0.000000;25.904402
3070;152.000000;-22.000000;30.000000;35.904402;0.000000;0.000000;0.000000;0.000000;0.000000;35.904402
3071;152.000000;-18.000000;-30.000000;-25.904402;0.000000;0.000000;0.000000;0.000000;0.000000;25.904402
3072;152.000000;-18.000000;30.000000;35.904402;0.000000;0.000000;0.000000;0.000000;0.000000;35.904402
3073;152.000000;-14.000000;-30.000000;-25.904402;0.000000;0.000000;0.000000;0.000000;0.000000;25.904402
3074;152.000000;-14.000000;30.000000;35.904402;0.000000;0.000000;0.000000;0.000000;0.000000;35.904402
3075;152.000000;-10.000000;-30.000000;-25.904402;0.000000;0.000000;0.000000;0.000000;0.000000;25.904402
3076;152.000000;-10.000000;30.000000;35.904402;0.000000;0.000000;0.000000;0.000000;0.000000;35.904402
3077;152.000000;-6.000000;-30.000000;-25.904402;0.000000;0.000000;0.000000;0.000000;0.000000;25.904402
3078;152.000000;-6.000000;30.000000;35.904402;0.000000;0.000000;0.000000;0.000000;0.000000;35.904402
3079;152.000000;-2.000000;-30.000000;-25.904402;0.000000;0.000000;0.000000;0.000000;0.000000;25.904402
3080;152.000000;-2.000000;30.000000;35.904402;0.000000;0.000000;0.000000;0.000000;0.000000;35.904402
3081;152.000000;2.000000;-30.000000;-25.904402;0.000000;0.000000;0.000000;0.000000;0.000000;25.904402
3082;152.000000;2.000000;30.000000;35.904402;0.000000;0.000000;0.000000;0.000000;0.000000;35.904402
3083;152.000000;6.000000;-30.000000;-25.904402;0.000000;0.000000;0.000000;0.000000;0.000000;25.904402
3084;152.000000;6.000000;30.000000;35.904402;0.000000;0.000000;0.000000;0.000000;0.000000;35.904402
3085;152.000000;10.000000;-30.000000;-25.904402;0.000000;0.000000;0.000000;0.000000;0.000000;25.904402
3086;152.000000;10.000000;30.000000;35.904402;0.000000;0.000000;0.000000;0.000000;0.000000;35.904402
3087;152.000000;14.000000;-30.000000;-25.904402;0.000000;0.000000;0.000000;0.000000;0.000000;25.904402
3088;152.000000;14.000000;30.000000;35.904402;0.000000;0.000000;0.000000;0.000000;0.000000;35.904402
3089;152.000000;18.000000;-30.000000;-25.904402;0.000000;0.000000;0.000000;0.000000;0.000000;25.904402
3090;152.000000;18.000000;30.000000;35.904402;0.000000;0.000000;0.000000;0.000000;0.000000;35.904402
3091;152.000000;22.000000;-30.000000;-25.904402;0.000000;0.000000;0.000000;0.000000;0.000000;25.904402
3092;152.000000;22.000000;30.000000;35.904402;0.000000;0.000000;0.000000;0.000000;0.000000;35.904402
3093;152.000000;26.000000;-30.000000;-25.904402;0.000000;0.000000;0.000000;0.000000;0.000000;25.904402
3094;152.000000;26.000000;30.000000;35.904402;0.000000;0.000000;0.000000;0.000000;0.000000;35.904402
3095;152.000000;30.000000;-30.000000;-25.904402;0.000000;0.000000;0.000000;0.000000;0.000000;25.904402
3096;152.000000;30.000000;30.000000;35.904402;0.000000;0.000000;0.000000;0.000000;0.000000;35.904402
3097;152.000000;34.000000;-30.000000;-25.904402;0.000000;0.000000;0.000000;0.000000;0.000000;25.904402
3098;152.000000;34.000000;30.000000;35.904402;0.000000;0.000000;0.000000;0.000000;0.000000;35.904402
3099;152.000000;38.000000;-30.000000;-25.904402;0.000000;0.000000;0.000000;0.000000;0.000000;25.904402
3100;152.000000;38.000000;30.000000;35.904402;0.000000;0.000000;0.000000;0.000000;0.000000;35.904402
3101;152.000000;42.000000;-30.000000;-25.904402;0.000000;0.000000;0.000000;0.000000;0.000000;25.904402
3102;152.000000;42.000000;30.000000;35.904402;0.000000;0.000000;0.000000;0.000000;0.000000;35.904402
3103;152.000000;46.000000;-30.000000;-25.904402;0.000000;0.000000;0.000000;0.000000;0.000000;25.904402
3104;152.000000;46.000000;30.000000;35.904402;0.000000;0.000000;0.000000;0.000000;0.000000;35.904402
3105;152.000000;50.000000;-30.000000;-25.904402;0.000000;0.000000;0.000000;0.000000;0.000000;25.904402
3106;152.000000;50.000000;-26.000000;-21.783815;0.000000;0.000000;0.000000;0.000000;0.000000;21.783815
3107;152.000000;50.000000;-22.000000;-17.663228;0.000000;0.000000;0.000000;0.000000;0.000000;17.663228
3108;152.000000;50.000000;-18.000000;-13.542641;0.000000;0.000000;0.000000;0.000000;0.000000;13.542641
3109;152.000000;50.000000;-14.000000;-9.422054;0.000000;0.000000;0.000000;0.000000;0.000000;9.422054
3110;152.000000;50.000000;-10.000000;-5.301467;0.000000;0.000000;0.000000;0.000000;0.000000;5.301467
3111;152.000000;50.000000;-6.000000;-1.180880;0.000000;0.000000;0.000000;0.000000;0.000000;1.180880
3112;152.000000;50.000000;-2.000000;2.939707;0.000000;0.000000;0.000000;0.000000;0.000000;2.939707
3113;152.000000;50.000000;2.000000;7.060293;0.000000;0.000000;0.000000;0.000000;0.000000;7.060293
3114;152.000000;50.000000;6.000000;11.180880;0.000000;0.000000;0.000000;0.000000;0.000000;11.180880
3115;152.000000;50.000000;10.000000;15.301467;0.000000;0.000000;0.000000;0.000000;0.000000;15.301467
3116;152.000000;50.000000;14.000000;19.422054;0.000000;0.000000;0.000000;0.000000;0.000000;19.422054
3117;152.000000;50.000000;18.000000;23.542641;0.000000;0.000000;0.000000;0.000000;0.000000;23.542641
3118;152.000000;50.000000;22.000000;27.663228;0.000000;0.000000;0.000000;0.000000;0.000000;27.663228
3119;152.000000;50.000000;26.000000;31.783815;0.000000;0.000000;0.000000;0.000000;0.000000;31.783815
3120;152.000000;50.000000;30.000000;35.904402;0.000000;0.000000;0.000000;0.000000;0.000000;35.904402
3121;156.000000;-50.000000;-30.000000;-25.405944;0.000000;0.000000;0.000000;0.000000;0.000000;25.405944
3122;156.000000;-50.000000;-26.000000;-21.351818;0.000000;0.000000;0.000000;0.000000;0.000000;21.351818
3123;156.000000;-50.000000;-22.000000;-17.297692;0.000000;0.000000;0.000000;0.000000;0.000000;17.297692
3124;156.000000;-50.000000;-18.000000;-13.243567;0.000000;0.000000;0.000000;0.000000;0.000000;13.243567
3125;156.000000;-50.000000;-14.000000;-9.189441;0.000000;0.000000;0.000000;0.000000;0.000000;9.189441
3126;156.000000;-50.000000;-10.000000;-5.135315;0.000000;0.000000;0.000000;0.000000;0.000000;5.135315
3127;156.000000;-50.000000;-6.000000;-1.081189;0.000000;0.000000;0.000000;0.000000;0.000000;1.081189
3128;156.000000;-50.000000;-2.000000;2.972937;0.000000;0.000000;0.000000;0.000000;0.000000;2.972937
3129;156.000000;-50.000000;2.000000;7.027063;0.000000;0.000000;0.000000;0.000000;0.000000;7.027063
3130;156.000000;-50.000000;6.000000;11.081189;0.000000;0.000000;0.000000;0.000000;0.000000;11.081189
3131;156.000000;-50.000000;10.000000;15.135315;0.000000;0.000000;0.000000;0.000000;0.000000;15.135315
3132;156.000000;-50.000000;14.000000;19.189441;0.000000;0.000000;0.000000;0.000000;0.000000;19.189441
3133;156.000000;-50.000000;18.000000;23.243567;0.000000;0.000000;0.000000;0.000000;0.000000;23.243567
3134;156.000000;-50.000000;22.000000;27.297692;0.000000;0.000000;0.000000;0.000000;0.000000;27.297692
3135;156.000000;-50.000000;26.000000;31.351818;0.000000;0.000000;0.000000;0.000000;0.000000;31.351818
3136;156.000000;-50.000000;30.000000;35.405944;0.000000;0.000000;0.000000;0.000000;0.000000;35.405944
3137;156.000000;-46.000000;-30.000000;-25.405944;0.000000;0.000000;0.000000;0.000000;0.000000;25.405944
3138;156.000000;-46.000000;30.000000;35.405944;0.000000;0.000000;0.000000;0.000000;0.000000;35.405944
3139;156.000000;-42.000000;-30.000000;-25.405944;0.000000;0.000000;0.000000;0.000000;0.000000;25.405944
3140;156.000000;-42.000000;30.000000;35.405944;0.000000;0.000000;0.000000;0.000000;0.000000;35.405944
3141;156.000000;-38.000000;-30.000000;-25.405944;0.000000;0.000000;0.000000;0.000000;0.000000;25.405944
3142;156.000000;-38.000000;30.000000;35.405944;0.000000;0.000000;0.000000;0.000000;0.000000;35.405944
3143;156.000000;-34.000000;-30.000000;-25.405944;0.000000;0.000000;0.000000;0.000000;0.000000;25.405944
3144;156.000000;-34.000000;30.000000;35.405944;0.000000;0.000000;0.000000;0.000000;0.000000;35.405944
3145;156.000000;-30.000000;-30.000000;-25.405944;0.000000;0.000000;0.000000;0.000000;0.000000;25.405944
3146;156.000000;-30.000000;30.000000;35.405944;0.000000;0.000000;0.000000;0.000000;0.000000;35.405944
3147;156.000000;-26.000000;-30.000000;-25.405944;0.000000;0.000000;0.000000;0.000000;0.000000;25.405944
3148;156.000000;-26.000000;30.000000;35.405944;0.000000;0.000000;0.000000;0.000000;0.000000;35.405944
3149;156.000000;-22.000000;-30.000000;-25.405944;0.000000;0.000000;0.000000;0.000000;0.000000;25.405944
3150;156.000000;-22.000000;30.000000;35.405944;0.000000;0.000000;0.000000;0.000000;0.000000;35.405944
3151;156.000000;-18.000000;-30.000000;-25.405944;0.000000;0.000000;0.000000;0.000000;0.000000;25.405944
3152;156.000000;-18.000000;30.000000;35.405944;0.000000;0.000000;0.000000;0.000000;0.000000;35.405944
3153;156.000000;-14.000000;-30.000000;-25.405944;0.000000;0.000000;0.000000;0.000000;0.000000;25.405944
3154;156.000000;-14.000000;30.000000;35.405944;0.000000;0.000000;0.000000;0.000000;0.000000;35.405944
3155;156.000000;-10.000000;-30.000000;-25.405944;0.000000;0.000000;0.000000;0.000000;0.000000;25.405944
3156;156.000000;-10.000000;30.000000;35.405944;0.000000;0.000000;0.000000;0.000000;0.000000;35.405944
3157;156.000000;-6.000000;-30.000000;-25.405944;0.000000;0.000000;0.000000;0.000000;0.000000;25.405944
3158;156.000000;-6.000000;30.000000;35.405944;0.000000;0.000000;0.000000;0.000000;0.000000;35.405944
3159;156.000000;-2.000000;-30.000000;-25.405944;0.000000;0.000000;0.000000;0.000000;0.000000;25.405944
3160;156.000000;-2.000000;30.000000;35.405944;0.000000;0.000000;0.000000;0.000000;0.000000;35.405944
3161;156.000000;2.000000;-30.000000;-25.405944;0.000000;0.000000;0.000000;0.000000;0.000000;25.405944
3162;156.000000;2.000000;30.000000;35.405944;0.000000;0.000000;0.000000;0.000000;0.000000;35.405944
3163;156.000000;6.000000;-30.000000;-25.405944;0.000000;0.000000;0.000000;0.000000;0.000000;25.405944
3164;156.000000;6.000000;30.000000;35.405944;0.000000;0.000000;0.000000;0.000000;0.000000;35.405944
3165;156.000000;10.000000;-30.000000;-25.405944;0.000000;0.000000;0.000000;0.000000;0.000000;25.405944
3166;156.000000;10.000000;30.000000;35.405944;0.000000;0.000000;0.000000;0.000000;0.000000;35.405944
3167;156.000000;14.000000;-30.000000;-25.405944;0.000000;0.000000;0.000000;0.000000;0.000000;25.405944
3168;156.000000;14.000000;30.000000;35.405944;0.000000;0.000000;0.000000;0.000000;0.000000;35.405944
3169;156.000000;18.000000;-30.000000;-25.405944;0.000000;0.000000;0.000000;0.000000;0.000000;25.405944
3170;156.000000;18.000000;30.000000;35.405944;0.000000;0.000000;0.000000;0.000000;0.000000;35.405944
3171;156.000000;22.000000;-30.000000;-25.405944;0.000000;0.000000;0.000000;0.000000;0.000000;25.405944
3172;156.000000;22.000000;30.000000;35.405944;0.000000;0.000000;0.000000;0.000000;0.000000;35.405944
3173;156.000000;26.000000;-30.000000;-25.405944;0.000000;0.000000;0.000000;0.000000;0.000000;25.405944
3174;156.000000;26.000000;30.000000;35.405944;0.000000;0.000000;0.000000;0.000000;0.000000;35.405944
3175;156.000000;30.000000;-30.000000;-25.405944;0.000000;0.000000;0.000000;0.000000;0.000000;25.405944
3176;156.000000;30.000000;30.000000;35.405944;0.000000;0.000000;0.000000;0.000000;0.000000;35.405944
3177;156.000000;34.000000;-30.000000;-25.405944;0.000000;0.000000;0.000000;0.000000;0.000000;25.405944
3178;156.000000;34.000000;30.000000;35.405944;0.000000;0.000000;0.000000;0.000000;0.000000;35.405944
3179;156.000000;38.000000;-30.000000;-25.405944;0.000000;0.000000;0.000000;0.000000;0.000000;25.405944
3180;156.000000;38.000000;30.000000;35.405944;0.000000;0.000000;0.000000;0.000000;0.000000;35.405944
3181;156.000000;42.000000;-30.000000;-25.405944;0.000000;0.000000;0.000000;0.000000;0.000000;25.405944
3182;156.000000;42.000000;30.000000;35.405944;0.000000;0.000000;0.000000;0.000000;0.000000;35.405944
3183;156.000000;46.000000;-30.000000;-25.405944;0.000000;0.000000;0.000000;0.000000;0.000000;25.405944
3184;156.000000;46.000000;30.000000;35.405944;0.000000;0.000000;0.000000;0.000000;0.000000;35.405944
3185;156.000000;50.000000;-30.000000;-25.405944;0.000000;0.000000;0.000000;0.000000;0.000000;25.405944
3186;156.000000;50.000000;-26.000000;-21.351818;0.000000;0.000000;0.000000;0.000000;0.000000;21.351818
3187;156.000000;50.000000;-22.000000;-17.297692;0.000000;0.000000;0.000000;0.000000;0.000000;17.297692
3188;156.000000;50.000000;-18.000000;-13.243567;0.000000;0.000000;0.000000;0.000000;0.000000;13.243567
3189;156.000000;50.000000;-14.000000;-9.189441;0.000000;0.000000;0.000000;0.000000;0.000000;9.189441
3190;156.000000;50.000000;-10.000000;-5.135315;0.000000;0.000000;0.000000;0.000000;0.000000;5.135315
3191;156.000000;50.000000;-6.000000;-1.081189;0.000000;0.000000;0.000000;0.000000;0.000000;1.081189
3192;156.000000;50.000000;-2.000000;2.972937;0.000000;0.000000;0.000000;0.000000;0.000000;2.972937
3193;156.000000;50.000000;2.000000;7.027063;0.000000;0.000000;0.000000;0.000000;0.000000;7.027063
3194;156.000000;50.000000;6.000000;11.081189;0.000000;0.000000;0.000000;0.000000;0.000000;11.081189
3195;156.000000;50.000000;10.000000;15.135315;0.000000;0.000000;0.000000;0.000000;0.000000;15.135315
3196;156.000000;50.000000;14.000000;19.189441;0.000000;0.000000;0.000000;0.000000;0.000000;19.189441
3197;156.000000;50.000000;18.000000;23.243567;0.000000;0.000000;0.000000;0.000000;0.000000;23.243567
3198;156.000000;50.000000;22.000000;27.297692;0.000000;0.000000;0.000000;0.000000;0.000000;27.297692
3199;156.000000;50.000000;26.000000;31.351818;0.000000;0.000000;0.000000;0.000000;0.000000;31.351818
3200;156.000000;50.000000;30.000000;35.405944;0.000000;0.000000;0.000000;0.000000;0.000000;35.405944
3201;160.000000;-50.000000;-30.000000;-24.907486;0.000000;0.000000;0.000000;0.000000;0.000000;24.907486
3202;160.000000;-50.000000;-26.000000;-20.919821;0.000000;0.000000;0.000000;0.000000;0.000000;20.919821
3203;160.000000;-50.000000;-22.000000;-16.932157;0.000000;0.000000;0.000000;0.000000;0.000000;16.932157
3204;160.000000;-50.000000;-18.000000;-12.944492;0.000000;0.000000;0.000000;0.000000;0.000000;12.944492
3205;160.000000;-50.000000;-14.000000;-8.956827;0.000000;0.000000;0.000000;0.000000;0.000000;8.956827
3206;160.000000;-50.000000;-10.000000;-4.969162;0.000000;0.000000;0.000000;0.000000;0.000000;4.969162
3207;160.000000;-50.000000;-6.000000;-0.981497;0.000000;0.000000;0.000000;0.000000;0.000000;0.981497
3208;160.000000;-50.000000;-2.000000;3.006168;0.000000;0.000000;0.000000;0.000000;0.000000;3.006168
3209;160.000000;-50.000000;2.000000;6.993832;0.000000;0.000000;0.000000;0.000000;0.000000;6.993832
3210;160.000000;-50.000000;6.000000;10.981497;0.000000;0.000000;0.000000;0.000000;0.000000;10.981497
3211;160.000000;-50.000000;10.000000;14.969162;0.000000;0.000000;0.000000;0.000000;0.000000;14.969162
3212;160.000000;-50.000000;14.000000;18.956827;0.000000;0.000000;0.000000;0.000000;0.000000;18.956827
3213;160.000000;-50.000000;18.000000;22.944492;0.000000;0.000000;0.000000;0.000000;0.000000;22.944492
3214;160.000000;-50.000000;22.000000;26.932157;0.000000;0.000000;0.000000;0.000000;0.000000;26.932157
3215;160.000000;-50.000000;26.000000;30.919821;0.000000;0.000000;0.000000;0.000000;0.000000;30.919821
3216;160.000000;-50.000000;30.000000;34.907486;0.000000;0.000000;0.000000;0.000000;0.000000;34.907486
3217;160.000000;-46.000000;-30.000000;-24.907486;0.000000;0.000000;0.000000;0.000000;0.000000;24.907486
3218;160.000000;-46.000000;30.000000;34.907486;0.000000;0.000000;0.000000;0.000000;0.000000;34.907486
3219;160.000000;-42.000000;-30.000000;-24.907486;0.000000;0.000000;0.000000;0.000000;0.000000;24.907486
3220;160.000000;-42.000000;30.000000;34.907486;0.000000;0.000000;0.000000;0.000000;0.000000;34.907486
3221;160.000000;-38.000000;-30.000000;-24.907486;0.000000;0.000000;0.000000;0.000000;0.000000;24.907486
3222;160.000000;-38.000000;30.000000;34.907486;0.000000;0.000000;0.000000;0.000000;0.000000;34.907486
3223;160.000000;-34.000000;-30.000000;-24.907486;0.000000;0.000000;0.000000;0.000000;0.000000;24.907486
3224;160.000000;-34.000000;30.000000;34.907486;0.000000;0.000000;0.000000;0.000000;0.000000;34.907486
3225;160.000000;-30.000000;-30.000000;-24.907486;0.000000;0.000000;0.000000;0.000000;0.000000;24.907486
3226;160.000000;-30.000000;30.000000;34.907486;0.000000;0.000000;0.000000;0.000000;0.000000;34.907486
3227;160.000000;-26.000000;-30.000000;-24.907486;0.000000;0.000000;0.000000;0.000000;0.000000;24.907486
3228;160.000000;-26.000000;30.000000;34.907486;0.000000;0.000000;0.000000;0.000000;0.000000;34.907486
3229;160.000000;-22.000000;-30.000000;-24.907486;0.000000;0.000000;0.000000;0.000000;0.000000;24.907486
3230;160.000000;-22.000000;30.000000;34.907486;0.000000;0.000000;0.000000;0.000000;0.000000;34.907486
3231;160.000000;-18.000000;-30.000000;-24.907486;0.000000;0.000000;0.000000;0.000000;0.000000;24.907486
3232;160.000000;-18.000000;30.000000;34.907486;0.000000;0.000000;0.000000;0.000000;0.000000;34.907486
3233;160.000000;-14.000000;-30.000000;-24.907486;0.000000;0.000000;0.000000;0.000000;0.000000;24.907486
3234;160.000000;-14.000000;30.000000;34.907486;0.000000;0.000000;0.000000;0.000000;0.000000;34.907486
3235;160.000000;-10.000000;-30.000000;-24.907486;0.000000;0.000000;0.000000;0.000000;0.000000;24.907486
3236;160.000000;-10.000000;30.000000;34.907486;0.000000;0.000000;0.000000;0.000000;0.000000;34.907486
3237;160.000000;-6.000000;-30.000000;-24.907486;0.000000;0.000000;0.000000;0.000000;0.000000;24.907486
3238;160.000000;-6.000000;30.000000;34.907486;0.000000;0.000000;0.000000;0.000000;0.000000;34.907486
3239;160.000000;-2.000000;-30.000000;-24.907486;0.000000;0.000000;0.000000;0.000000;0.000000;24.907486
3240;160.000000;-2.000000;30.000000;34.907486;0.000000;0.000000;0.000000;0.000000;0.000000;34.907486
3241;160.000000;2.000000;-30.000000;-24.907486;0.000000;0.000000;0.000000;0.000000;0.000000;24.907486
3242;160.000000;2.000000;30.000000;34.907486;0.000000;0.000000;0.000000;0.000000;0.000000;34.907486
3243;160.000000;6.000000;-30.000000;-24.907486;0.000000;0.000000;0.000000;0.000000;0.000000;24.907486
3244;160.000000;6.000000;30.000000;34.907486;0.000000;0.000000;0.000000;0.000000;0.000000;34.907486
3245;160.000000;10.000000;-30.000000;-24.907486;0.000000;0.000000;0.000000;0.000000;0.000000;24.907486
3246;160.000000;10.000000;30.000000;34.907486;0.000000;0.000000;0.000000;0.000000;0.000000;34.907486
3247;160.000000;14.000000;-30.000000;-24.907486;0.000000;0.000000;0.000000;0.000000;0.000000;24.907486
3248;160.000000;14.000000;30.000000;34.907486;0.000000;0.000000;0.000000;0.000000;0.000000;34.907486
3249;160.000000;18.000000;-30.000000;-24.907486;0.000000;0.000000;0.000000;0.000000;0.000000;24.907486
3250;160.000000;18.000000;30.000000;34.907486;0.000000;0.000000;0.000000;0.000000;0.000000;34.907486
3251;160.000000;22.000000;-30.000000;-24.907486;0.000000;0.000000;0.000000;0.000000;0.000000;24.907486
3252;160.000000;22.000000;30.000000;34.907486;0.000000;0.000000;0.000000;0.000000;0.000000;34.907486
3253;160.000000;26.000000;-30.000000;-24.907486;0.000000;0.000000;0.000000;0.000000;0.000000;24.907486
3254;160.000000;26.000000;30.000000;34.907486;0.000000;0.000000;0.000000;0.000000;0.000000;34.907486
3255;160.000000;30.000000;-30.000000;-24.907486;0.000000;0.000000;0.000000;0.000000;0.000000;24.907486
3256;160.000000;30.000000;30.000000;34.907486;0.000000;0.000000;0.000000;0.000000;0.000000;34.907486
3257;160.000000;34.000000;-30.000000;-24.907486;0.000000;0.000000;0.000000;0.000000;0.000000;24.907486
3258;160.000000;34.000000;30.000000;34.907486;0.000000;0.000000;0.000000;0.000000;0.000000;34.907486
3259;160.000000;38.000000;-30.000000;-24.907486;0.000000;0.000000;0.000000;0.000000;0.000000;24.907486
3260;160.000000;38.000000;30.000000;34.907486;0.000000;0.000000;0.000000;0.000000;0.000000;34.907486
3261;160.000000;42.000000;-30.000000;-24.907486;0.000000;0.000000;0.000000;0.000000;0.000000;24.907486
3262;160.000000;42.000000;30.000000;34.907486;0.000000;0.000000;0.000000;0.000000;0.000000;34.907486
3263;160.000000;46.000000;-30.000000;-24.907486;0.000000;0.000000;0.000000;0.000000;0.000000;24.907486
3264;160.000000;46.000000;30.000000;34.907486;0.000000;0.000000;0.000000;0.000000;0.000000;34.907486
3265;160.000000;50.000000;-30.000000;-24.907486;0.000000;0.000000;0.000000;0.000000;0.000000;24.907486
3266;160.000000;50.000000;-26.000000;-20.919821;0.000000;0.000000;0.000000;0.000000;0.000000;20.919821
3267;160.000000;50.000000;-22.000000;-16.932157;0.000000;0.000000;0.000000;0.000000;0.000000;16.932157
3268;160.000000;50.000000;-18.000000;-12.944492;0.000000;0.000000;0.000000;0.000000;0.000000;12.944492
3269;160.000000;50.000000;-14.000000;-8.956827;0.000000;0.000000;0.000000;0.000000;0.000000;8.956827
3270;160.000000;50.000000;-10.000000;-4.969162;0.000000;0.000000;0.000000;0.000000;0.000000;4.969162
3271;160.000000;50.000000;-6.000000;-0.981497;0.000000;0.000000;0.000000;0.000000;0.000000;0.981497
3272;160.000000;50.000000;-2.000000;3.006168;0.000000;0.000000;0.000000;0.000000;0.000000;3.006168
3273;160.000000;50.000000;2.000000;6.993832;0.000000;0.000000;0.000000;0.000000;0.000000;6.993832
3274;160.000000;50.000000;6.000000;10.981497;0.000000;0.000000;0.000000;0.000000;0.000000;10.981497
3275;160.000000;50.000000;10.000000;14.969162;0.000000;0.000000;0.000000;0.000000;0.000000;14.969162
3276;160.000000;50.000000;14.000000;18.956827;0.000000;0.000000;0.000000;0.000000;0.000000;18.956827
3277;160.000000;50.000000;18.000000;22.944492;0.000000;0.000000;0.000000;0.000000;0.000000;22.944492
3278;160.000000;50.000000;22.000000;26.932157;0.000000;0.000000;0.000000;0.000000;0.000000;26.932157
3279;160.000000;50.000000;26.000000;30.919821;0.000000;0.000000;0.000000;0.000000;0.000000;30.919821
3280;160.000000;50.000000;30.000000;34.907486;0.000000;0.000000;0.000000;0.000000;0.000000;34.907486
3281;164.000000;-50.000000;-30.000000;-24.409028;0.000000;0.000000;0.000000;0.000000;0.000000;24.409028
3282;164.000000;-50.000000;-26.000000;-20.487824;0.000000;0.000000;0.000000;0.000000;0.000000;20.487824
3283;164.000000;-50.000000;-22.000000;-16.566621;0.000000;0.000000;0.000000;0.000000;0.000000;16.566621
3284;164.000000;-50.000000;-18.000000;-12.645417;0.000000;0.000000;0.000000;0.000000;0.000000;12.645417
3285;164.000000;-50.000000;-14.000000;-8.724213;0.000000;0.000000;0.000000;0.000000;0.000000;8.724213
3286;164.000000;-50.000000;-10.000000;-4.803009;0.000000;0.000000;0.000000;0.000000;0.000000;4.803009
3287;164.000000;-50.000000;-6.000000;-0.881806;0.000000;0.000000;0.000000;0.000000;0.000000;0.881806
3288;164.000000;-50.000000;-2.000000;3.039398;0.000000;0.000000;0.000000;0.000000;0.000000;3.039398
3289;164.000000;-50.000000;2.000000;6.960602;0.000000;0.000000;0.000000;0.000000;0.000000;6.960602
3290;164.000000;-50.000000;6.000000;10.881806;0.000000;0.000000;0.000000;0.000000;0.000000;10.881806
3291;164.000000;-50.000000;10.000000;14.803009;0.000000;0.000000;0.000000;0.000000;0.000000;14.803009
3292;164.000000;-50.000000;14.000000;18.724213;0.000000;0.000000;0.000000;0.000000;0.000000;18.724213
3293;164.000000;-50.000000;18.000000;22.645417;0.000000;0.000000;0.000000;0.000000;0.000000;22.645417
3294;164.000000;-50.000000;22.000000;26.566621;0.000000;0.000000;0.000000;0.000000;0.000000;26.566621
3295;164.000000;-50.000000;26.000000;30.487824;0.000000;0.000000;0.000000;0.000000;0.000000;30.487824
3296;164.000000;-50.000000;30.000000;34.409028;0.000000;0.000000;0.000000;0.000000;0.000000;34.409028
3297;164.000000;-46.000000;-30.000000;-24.409028;0.000000;0.000000;0.000000;0.000000;0.000000;24.409028
3298;164.000000;-46.000000;30.000000;34.409028;0.000000;0.000000;0.000000;0.000000;0.000000;34.409028
3299;164.000000;-42.000000;-30.000000;-24.409028;0.000000;0.000000;0.000000;0.000000;0.000000;24.409028
3300;164.000000;-42.000000;30.000000;34.409028;0.000000;0.000000;0.000000;0.000000;0.000000;34.409028
3301;164.000000;-38.000000;-30.000000;-24.409028;0.000000;0.000000;0.000000;0.000000;0.000000;24.409028
3302;164.000000;-38.000000;30.000000;34.409028;0.000000;0.000000;0.000000;0.000000;0.000000;34.409028
3303;164.000000;-34.000000;-30.000000;-24.409028;0.000000;0.000000;0.000000;0.000000;0.000000;24.409028
3304;164.000000;-34.000000;30.000000;34.409028;0.000000;0.000000;0.000000;0.000000;0.000000;34.409028
3305;164.000000;-30.000000;-30.000000;-24.409028;0.000000;0.000000;0.000000;0.000000;0.000000;24.409028
3306;164.000000;-30.000000;30.000000;34.409028;0.000000;0.000000;0.000000;0.000000;0.000000;34.409028
3307;164.000000;-26.000000;-30.000000;-24.409028;0.000000;0.000000;0.000000;0.000000;0.000000;24.409028
3308;164.000000;-26.000000;30.000000;34.409028;0.000000;0.000000;0.000000;0.000000;0.000000;34.409028
3309;164.000000;-22.000000;-30.000000;-24.409028;0.000000;0.000000;0.000000;0.000000;0.000000;24.409028
3310;164.000000;-22.000000;30.000000;34.409028;0.000000;0.000000;0.000000;0.000000;0.000000;34.409028
3311;164.000000;-18.000000;-30.000000;-24.409028;0.000000;0.000000;0.000000;0.000000;0.000000;24.409028
3312;164.000000;-18.000000;30.000000;34.409028;0.000000;0.000000;0.000000;0.000000;0.000000;34.409028
3313;164.000000;-14.000000;-30.000000;-24.409028;0.000000;0.000000;0.000000;0.000000;0.000000;24.409028
3314;164.000000;-14.000000;30.000000;34.409028;0.000000;0.000000;0.000000;0.000000;0.000000;34.409028
3315;164.000000;-10.000000;-30.000000;-24.409028;0.000000;0.000000;0.000000;0.000000;0.000000;24.409028
3316;164.000000;-10.000000;30.000000;34.409028;0.000000;0.000000;0.000000;0.000000;0.000000;34.409028
3317;164.000000;-6.000000;-30.000000;-24.409028;0.000000;0.000000;0.000000;0.000000;0.000000;24.409028
3318;164.000000;-6.000000;30.000000;34.409028;0.000000;0.000000;0.000000;0.000000;0.000000;34.409028
3319;164.000000;-2.000000;-30.000000;-24.409028;0.000000;0.000000;0.000000;0.000000;0.000000;24.409028
3320;164.000000;-2.000000;30.000000;34.409028;0.000000;0.000000;0.000000;0.000000;0.000000;34.409028
3321;164.000000;2.000000;-30.000000;-24.409028;0.000000;0.000000;0.000000;0.000000;0.000000;24.409028
3322;164.000000;2.000000;30.000000;34.409028;0.000000;0.000000;0.000000;0.000000;0.000000;34.409028
3323;164.000000;6.000000;-30.000000;-24.409028;0.000000;0.000000;0.000000;0.000000;0.000000;24.409028
3324;164.000000;6.000000;30.000000;34.409028;0.000000;0.000000;0.000000;0.000000;0.000000;34.409028
3325;164.000000;10.000000;-30.000000;-24.409028;0.000000;0.000000;0.000000;0.000000;0.000000;24.409028
3326;164.000000;10.000000;30.000000;34.409028;0.000000;0.000000;0.000000;0.000000;0.000000;34.409028
3327;164.000000;14.000000;-30.000000;-24.409028;0.000000;0.000000;0.000000;0.000000;0.000000;24.409028
3328;164.000000;14.000000;30.000000;34.409028;0.000000;0.000000;0.000000;0.000000;0.000000;34.409028
3329;164.000000;18.000000;-30.000000;-24.409028;0.000000;0.000000;0.000000;0.000000;0.000000;24.409028
3330;164.000000;18.000000;30.000000;34.409028;0.000000;0.000000;0.000000;0.000000;0.000000;34.409028
3331;164.000000;22.000000;-30.000000;-24.409028;0.000000;0.000000;0.000000;0.000000;0.000000;24.409028
3332;164.000000;22.000000;30.000000;34.409028;0.000000;0.000000;0.000000;0.000000;0.000000;34.409028
3333;164.000000;26.000000;-30.000000;-24.409028;0.000000;0.000000;0.000000;0.000000;0.000000;24.409028
3334;164.000000;26.000000;30.000000;34.409028;0.000000;0.000000;0.000000;0.000000;0.000000;34.409028
3335;164.000000;30.000000;-30.000000;-24.409028;0.000000;0.000000;0.000000;0.000000;0.000000;24.409028
3336;164.000000;30.000000;30.000000;34.409028;0.000000;0.000000;0.000000;0.000000;0.000000;34.409028
3337;164.000000;34.000000;-30.000000;-24.409028;0.000000;0.000000;0.000000;0.000000;0.000000;24.409028
3338;164.000000;34.000000;30.000000;34.409028;0.000000;0.000000;0.000000;0.000000;0.000000;34.409028
3339;164.000000;38.000000;-30.000000;-24.409028;0.000000;0.000000;0.000000;0.000000;0.000000;24.409028
3340;164.000000;38.000000;30.000000;34.409028;0.000000;0.000000;0.000000;0.000000;0.000000;34.409028
3341;164.000000;42.000000;-30.000000;-24.409028;0.000000;0.000000;0.000000;0.000000;0.000000;24.409028
3342;164.000000;42.000000;30.000000;34.409028;0.000000;0.000000;0.000000;0.000000;0.000000;34.409028
3343;164.000000;46.000000;-30.000000;-24.409028;0.000000;0.000000;0.000000;0.000000;0.000000;24.409028
3344;164.000000;46.000000;30.000000;34.409028;0.000000;0.000000;0.000000;0.000000;0.000000;34.409028
3345;164.000000;50.000000;-30.000000;-24.409028;0.000000;0.000000;0.000000;0.000000;0.000000;24.409028
3346;164.000000;50.000000;-26.000000;-20.487824;0.000000;0.000000;0.000000;0.000000;0.000000;20.487824
3347;164.000000;50.000000;-22.000000;-16.566621;0.000000;0.000000;0.000000;0.000000;0.000000;16.566621
3348;164.000000;50.000000;-18.000000;-12.645417;0.000000;0.000000;0.000000;0.000000;0.000000;12.645417
3349;164.000000;50.000000;-14.000000;-8.724213;0.000000;0.000000;0.000000;0.000000;0.000000;8.724213
3350;164.000000;50.000000;-10.000000;-4.803009;0.000000;0.000000;0.000000;0.000000;0.000000;4.803009
3351;164.000000;50.000000;-6.000000;-0.881806;0.000000;0.000000;0.000000;0.000000;0.000000;0.881806
3352;164.000000;50.000000;-2.000000;3.039398;0.000000;0.000000;0.000000;0.000000;0.000000;3.039398
3353;164.000000;50.000000;2.000000;6.960602;0.000000;0.000000;0.000000;0.000000;0.000000;6.960602
3354;164.000000;50.000000;6.000000;10.881806;0.000000;0.000000;0.000000;0.000000;0.000000;10.881806
3355;164.000000;50.000000;10.000000;14.803009;0.000000;0.000000;0.000000;0.000000;0.000000;14.803009
3356;164.000000;50.000000;14.000000;18.724213;0.000000;0.000000;0.000000;0.000000;0.000000;18.724213
3357;164.000000;50.000000;18.000000;22.645417;0.000000;0.000000;0.000000;0.000000;0.000000;22.645417
3358;164.000000;50.000000;22.000000;26.566621;0.000000;0.000000;0.000000;0.000000;0.000000;26.566621
3359;164.000000;50.000000;26.000000;30.487824;0.000000;0.000000;0.000000;0.000000;0.000000;30.487824
3360;164.000000;50.000000;30.000000;34.409028;0.000000;0.000000;0.000000;0.000000;0.000000;34.409028
3361;168.000000;-50.000000;-30.000000;-23.910570;0.000000;0.000000;0.000000;0.000000;0.000000;23.910570
3362;168.000000;-50.000000;-26.000000;-20.055827;0.000000;0.000000;0.000000;0.000000;0.000000;20.055827
3363;168.000000;-50.000000;-22.000000;-16.201085;0.000000;0.000000;0.000000;0.000000;0.000000;16.201085
3364;168.000000;-50.000000;-18.000000;-12.346342;0.000000;0.000000;0.000000;0.000000;0.000000;12.346342
3365;168.000000;-50.000000;-14.000000;-8.491599;0.000000;0.000000;0.000000;0.000000;0.000000;8.491599
3366;168.000000;-50.000000;-10.000000;-4.636857;0.000000;0.000000;0.000000;0.000000;0.000000;4.636857
3367;168.000000;-50.000000;-6.000000;-0.782114;0.000000;0.000000;0.000000;0.000000;0.000000;0.782114
3368;168.000000;-50.000000;-2.000000;3.072629;0.000000;0.000000;0.000000;0.000000;0.000000;3.072629
3369;168.000000;-50.000000;2.000000;6.927371;0.000000;0.000000;0.000000;0.000000;0.000000;6.927371
3370;168.000000;-50.000000;6.000000;10.782114;0.000000;0.000000;0.000000;0.000000;0.000000;10.782114
3371;168.000000;-50.000000;10.000000;14.636857;0.000000;0.000000;0.000000;0.000000;0.000000;14.636857
3372;168.000000;-50.000000;14.000000;18.491599;0.000000;0.000000;0.000000;0.000000;0.000000;18.491599
3373;168.000000;-50.000000;18.000000;22.346342;0.000000;0.000000;0.000000;0.000000;0.000000;22.346342
3374;168.000000;-50.000000;22.000000;26.201085;0.000000;0.000000;0.000000;0.000000;0.000000;26.201085
3375;168.000000;-50.000000;26.000000;30.055827;0.000000;0.000000;0.000000;0.000000;0.000000;30.055827
3376;168.000000;-50.000000;30.000000;33.910570;0.000000;0.000000;0.000000;0.000000;0.000000;33.910570
3377;168.000000;-46.000000;-30.000000;-23.910570;0.000000;0.000000;0.000000;0.000000;0.000000;23.910570
3378;168.000000;-46.000000;30.000000;33.910570;0.000000;0.000000;0.000000;0.000000;0.000000;33.910570
3379;168.000000;-42.000000;-30.000000;-23.910570;0.000000;0.000000;0.000000;0.000000;0.000000;23.910570
3380;168.000000;-42.000000;30.000000;33.910570;0.000000;0.000000;0.000000;0.000000;0.000000;33.910570
3381;168.000000;-38.000000;-30.000000;-23.910570;0.000000;0.000000;0.000000;0.000000;0.000000;23.910570
3382;168.000000;-38.000000;30.000000;33.910570;0.000000;0.000000;0.000000;0.000000;0.000000;33.910570
3383;168.000000;-34.000000;-30.000000;-23.910570;0.000000;0.000000;0.000000;0.000000;0.000000;23.910570
3384;168.000000;-34.000000;30.000000;33.910570;0.000000;0.000000;0.000000;0.000000;0.000000;33.910570
3385;168.000000;-30.000000;-30.000000;-23.910570;0.000000;0.000000;0.000000;0.000000;0.000000;23.910570
3386;168.000000;-30.000000;30.000000;33.910570;0.000000;0.000000;0.000000;0.000000;0.000000;33.910570
3387;168.000000;-26.000000;-30.000000;-23.910570;0.000000;0.000000;0.000000;0.000000;0.000000;23.910570
3388;168.000000;-26.000000;30.000000;33.910570;0.000000;0.000000;0.000000;0.000000;0.000000;33.910570
3389;168.000000;-22.000000;-30.000000;-23.910570;0.000000;0.000000;0.000000;0.000000;0.000000;23.910570
3390;168.000000;-22.000000;30.000000;33.910570;0.000000;0.000000;0.000000;0.000000;0.000000;33.910570
3391;168.000000;-18.000000;-30.000000;-23.910570;0.000000;0.000000;0.000000;0.000000;0.000000;23.910570
3392;168.000000;-18.000000;30.000000;33.910570;0.000000;0.000000;0.000000;0.000000;0.000000;33.910570
3393;168.000000;-14.000000;-30.000000;-23.910570;0.000000;0.000000;0.000000;0.000000;0.000000;23.910570
3394;168.000000;-14.000000;30.000000;33.910570;0.000000;0.000000;0.000000;0.000000;0.000000;33.910570
3395;168.000000;-10.000000;-30.000000;-23.910570;0.000000;0.000000;0.000000;0.000000;0.000000;23.910570
3396;168.000000;-10.000000;30.000000;33.910570;0.000000;0.000000;0.000000;0.000000;0.000000;33.910570
3397;168.000000;-6.000000;-30.000000;-23.910570;0.000000;0.000000;0.000000;0.000000;0.000000;23.910570
3398;168.000000;-6.000000;30.000000;33.910570;0.000000;0.000000;0.000000;0.000000;0.000000;33.910570
3399;168.000000;-2.000000;-30.000000;-23.910570;0.000000;0.000000;0.000000;0.000000;0.000000;23.910570
3400;168.000000;-2.000000;30.000000;33.910570;0.000000;0.000000;0.000000;0.000000;0.000000;33.910570
3401;168.000000;2.000000;-30.000000;-23.910570;0.000000;0.000000;0.000000;0.000000;0.000000;23.910570
3402;168.000000;2.000000;30.000000;33.910570;0.000000;0.000000;0.000000;0.000000;0.000000;33.910570
3403;168.000000;6.000000;-30.000000;-23.910570;0.000000;0.000000;0.000000;0.000000;0.000000;23.910570
3404;168.000000;6.000000;30.000000;33.910570;0.000000;0.000000;0.000000;0.000000;0.000000;33.910570
3405;168.000000;10.000000;-30.000000;-23.910570;0.000000;0.000000;0.000000;0.000000;0.000000;23.910570
3406;168.000000;10.000000;30.000000;33.910570;0.000000;0.000000;0.000000;0.000000;0.000000;33.910570
3407;168.000000;14.000000;-30.000000;-23.910570;0.000000;0.000000;0.000000;0.000000;0.000000;23.910570
3408;168.000000;14.000000;30.000000;33.910570;0.000000;0.000000;0.000000;0.000000;0.000000;33.910570
3409;168.000000;18.000000;-30.000000;-23.910570;0.000000;0.000000;0.000000;0.000000;0.000000;23.910570
3410;168.000000;18.000000;30.000000;33.910570;0.000000;0.000000;0.000000;0.000000;0.000000;33.910570
3411;168.000000;22.000000;-30.000000;-23.910570;0.000000;0.000000;0.000000;0.000000;0.000000;23.910570
3412;168.000000;22.000000;30.000000;33.910570;0.000000;0.000000;0.000000;0.000000;0.000000;33.910570
3413;168.000000;26.000000;-30.000000;-23.910570;0.000000;0.000000;0.000000;0.000000;0.000000;23.910570
3414;168.000000;26.000000;30.000000;33.910570;0.000000;0.000000;0.000000;0.000000;0.000000;33.910570
3415;168.000000;30.000000;-30.000000;-23.910570;0.000000;0.000000;0.000000;0.000000;0.000000;23.910570
3416;168.000000;30.000000;30.000000;33.910570;0.000000;0.000000;0.000000;0.000000;0.000000;33.910570
3417;168.000000;34.000000;-30.000000;-23.910570;0.000000;0.000000;0.000000;0.000000;0.000000;23.910570
3418;168.000000;34.000000;30.000000;33.910570;0.000000;0.000000;0.000000;0.000000;0.000000;33.910570
3419;168.000000;38.000000;-30.000000;-23.910570;0.000000;0.000000;0.000000;0.000000;0.000000;23.910570
3420;168.000000;38.000000;30.000000;33.910570;0.000000;0.000000;0.000000;0.000000;0.000000;33.910570
3421;168.000000;42.000000;-30.000000;-23.910570;0.000000;0.000000;0.000000;0.000000;0.000000;23.910570
3422;168.000000;42.000000;30.000000;33.910570;0.000000;0.000000;0.000000;0.000000;0.000000;33.910570
3423;168.000000;46.000000;-30.000000;-23.910570;0.000000;0.000000;0.000000;0.000000;0.000000;23.910570
3424;168.000000;46.000000;30.000000;33.910570;0.000000;0.000000;0.000000;0.000000;0.000000;33.910570
3425;168.000000;50.000000;-30.000000;-23.910570;0.000000;0.000000;0.000000;0.000000;0.000000;23.910570
3426;168.000000;50.000000;-26.000000;-20.055827;0.000000;0.000000;0.000000;0.000000;0.000000;20.055827
3427;168.000000;50.000000;-22.000000;-16.201085;0.000000;0.000000;0.000000;0.000000;0.000000;16.201085
3428;168.000000;50.000000;-18.000000;-12.346342;0.000000;0.000000;0.000000;0.000000;0.000000;12.346342
3429;168.000000;50.000000;-14.000000;-8.491599;0.000000;0.000000;0.000000;0.000000;0.000000;8.491599
3430;168.000000;50.000000;-10.000000;-4.636857;0.000000;0.000000;0.000000;0.000000;0.000000;4.636857
3431;168.000000;50.000000;-6.000000;-0.782114;0.000000;0.000000;0.000000;0.000000;0.000000;0.782114
3432;168.000000;50.000000;-2.000000;3.072629;0.000000;0.000000;0.000000;0.000000;0.000000;3.072629
3433;168.000000;50.000000;2.000000;6.927371;0.000000;0.000000;0.000000;0.000000;0.000000;6.927371
3434;168.000000;50.000000;6.000000;10.782114;0.000000;0.000000;0.000000;0.000000;0.000000;10.782114
3435;168.000000;50.000000;10.000000;14.636857;0.000000;0.000000;0.000000;0.000000;0.000000;14.636857
3436;168.000000;50.000000;14.000000;18.491599;0.000000;0.000000;0.000000;0.000000;0.000000;18.491599
3437;168.000000;50.000000;18.000000;22.346342;0.000000;0.000000;0.000000;0.000000;0.000000;22.346342
3438;168.000000;50.000000;22.000000;26.201085;0.000000;0.000000;0.000000;0.000000;0.000000;26.201085
3439;168.000000;50.000000;26.000000;30.055827;0.000000;0.000000;0.000000;0.000000;0.000000;30.055827
3440;168.000000;50.000000;30.000000;33.910570;0.000000;0.000000;0.000000;0.000000;0.000000;33.910570
3441;172.000000;-50.000000;-30.000000;-23.412112;0.000000;0.000000;0.000000;0.000000;0.000000;23.412112
3442;172.000000;-50.000000;-26.000000;-19.623830;0.000000;0.000000;0.000000;0.000000;0.000000;19.623830
3443;172.000000;-50.000000;-22.000000;-15.835549;0.000000;0.000000;0.000000;0.000000;0.000000;15.835549
3444;172.000000;-50.000000;-18.000000;-12.047267;0.000000;0.000000;0.000000;0.000000;0.000000;12.047267
3445;172.000000;-50.000000;-14.000000;-8.258986;0.000000;0.000000;0.000000;0.000000;0.000000;8.258986
3446;172.000000;-50.000000;-10.000000;-4.470704;0.000000;0.000000;0.000000;0.000000;0.000000;4.470704
3447;172.000000;-50.000000;-6.000000;-0.682422;0.000000;0.000000;0.000000;0.000000;0.000000;0.682422
3448;172.000000;-50.000000;-2.000000;3.105859;0.000000;0.000000;0.000000;0.000000;0.000000;3.105859
3449;172.000000;-50.000000;2.000000;6.894141;0.000000;0.000000;0.000000;0.000000;0.000000;6.894141
3450;172.000000;-50.000000;6.000000;10.682422;0.000000;0.000000;0.000000;0.000000;0.000000;10.682422
3451;172.000000;-50.000000;10.000000;14.470704;0.000000;0.000000;0.000000;0.000000;0.000000;14.470704
3452;172.000000;-50.000000;14.000000;18.258986;0.000000;0.000000;0.000000;0.000000;0.000000;18.258986
3453;172.000000;-50.000000;18.000000;22.047267;0.000000;0.000000;0.000000;0.000000;0.000000;22.047267
3454;172.000000;-50.000000;22.000000;25.835549;0.000000;0.000000;0.000000;0.000000;0.000000;25.835549
3455;172.000000;-50.000000;26.000000;29.623830;0.000000;0.000000;0.000000;0.000000;0.000000;29.623830
3456;172.000000;-50.000000;30.000000;33.412112;0.000000;0.000000;0.000000;0.000000;0.000000;33.412112
3457;172.000000;-46.000000;-30.000000;-23.412112;0.000000;0.000000;0.000000;0.000000;0.000000;23.412112
3458;172.000000;-46.000000;30.000000;33.412112;0.000000;0.000000;0.000000;0.000000;0.000000;33.412112
3459;172.000000;-42.000000;-30.000000;-23.412112;0.000000;0.000000;0.000000;0.000000;0.000000;23.412112
3460;172.000000;-42.000000;30.000000;33.412112;0.000000;0.000000;0.000000;0.000000;0.000000;33.412112
3461;172.000000;-38.000000;-30.000000;-23.412112;0.000000;0.000000;0.000000;0.000000;0.000000;23.412112
3462;172.000000;-38.000000;30.000000;33.412112;0.000000;0.000000;0.000000;0.000000;0.000000;33.412112
3463;172.000000;-34.000000;-30.000000;-23.412112;0.000000;0.000000;0.000000;0.000000;0.000000;23.412112
3464;172.000000;-34.000000;30.000000;33.412112;0.000000;0.000000;0.000000;0.000000;0.000000;33.412112
3465;172.000000;-30.000000;-30.000000;-23.412112;0.000000;0.000000;0.000000;0.000000;0.000000;23.412112
3466;172.000000;-30.000000;30.000000;33.412112;0.000000;0.000000;0.000000;0.000000;0.000000;33.412112
3467;172.000000;-26.000000;-30.000000;-23.412112;0.000000;0.000000;0.000000;0.000000;0.000000;23.412112
3468;172.000000;-26.000000;30.000000;33.412112;0.000000;0.000000;0.000000;0.000000;0.000000;33.412112
3469;172.000000;-22.000000;-30.000000;-23.412112;0.000000;0.000000;0.000000;0.000000;0.000000;23.412112
3470;172.000000;-22.000000;30.000000;33.412112;0.000000;0.000000;0.000000;0.000000;0.000000;33.412112
3471;172.000000;-18.000000;-30.000000;-23.412112;0.000000;0.000000;0.000000;0.000000;0.000000;23.412112
3472;172.000000;-18.000000;30.000000;33.412112;0.000000;0.000000;0.000000;0.000000;0.000000;33.412112
3473;172.000000;-14.000000;-30.000000;-23.412112;0.000000;0.000000;0.000000;0.000000;0.000000;23.412112
3474;172.000000;-14.000000;30.000000;33.412112;0.000000;0.000000;0.000000;0.000000;0.000000;33.412112
3475;172.000000;-10.000000;-30.000000;-23.412112;0.000000;0.000000;0.000000;0.000000;0.000000;23.412112
3476;172.000000;-10.000000;30.000000;33.412112;0.000000;0.000000;0.000000;0.000000;0.000000;33.412112
3477;172.000000;-6.000000;-30.000000;-23.412112;0.000000;0.000000;0.000000;0.000000;0.000000;23.412112
3478;172.000000;-6.000000;30.000000;33.412112;0.000000;0.000000;0.000000;0.000000;0.000000;33.412112
3479;172.000000;-2.000000;-30.000000;-23.412112;0.000000;0.000000;0.000000;0.000000;0.000000;23.412112
3480;172.000000;-2.000000;30.000000;33.412112;0.000000;0.000000;0.000000;0.000000;0.000000;33.412112
3481;172.000000;2.000000;-30.000000;-23.412112;0.000000;0.000000;0.000000;0.000000;0.000000;23.412112
3482;172.000000;2.000000;30.000000;33.412112;0.000000;0.000000;0.000000;0.000000;0.000000;33.412112
3483;172.000000;6.000000;-30.000000;-23.412112;0.000000;0.000000;0.000000;0.000000;0.000000;23.412112
3484;172.000000;6.000000;30.000000;33.412112;0.000000;0.000000;0.000000;0.000000;0.000000;33.412112
3485;172.000000;10.000000;-30.000000;-23.412112;0.000000;0.000000;0.000000;0.000000;0.000000;23.412112
3486;172.000000;10.000000;30.000000;33.412112;0.000000;0.000000;0.000000;0.000000;0.000000;33.412112
3487;172.000000;14.000000;-30.000000;-23.412112;0.000000;0.000000;0.000000;0.000000;0.000000;23.412112
3488;172.000000;14.000000;30.000000;33.412112;0.000000;0.000000;0.000000;0.000000;0.000000;33.412112
3489;172.000000;18.000000;-30.000000;-23.412112;0.000000;0.000000;0.000000;0.000000;0.000000;23.412112
3490;172.000000;18.000000;30.000000;33.412112;0.000000;0.000000;0.000000;0.000000;0.000000;33.412112
3491;172.000000;22.000000;-30.000000;-23.412112;0.000000;0.000000;0.000000;0.000000;0.000000;23.412112
3492;172.000000;22.000000;30.000000;33.412112;0.000000;0.000000;0.000000;0.000000;0.000000;33.412112
3493;172.000000;26.000000;-30.000000;-23.412112;0.000000;0.000000;0.000000;0.000000;0.000000;23.412112
3494;172.000000;26.000000;30.000000;33.412112;0.000000;0.000000;0.000000;0.000000;0.000000;33.412112
3495;172.000000;30.000000;-30.000000;-23.412112;0.000000;0.000000;0.000000;0.000000;0.000000;23.412112
3496;172.000000;30.000000;30.000000;33.412112;0.000000;0.000000;0.000000;0.000000;0.000000;33.412112
3497;172.000000;34.000000;-30.000000;-23.412112;0.000000;0.000000;0.000000;0.000000;0.000000;23.412112
3498;172.000000;34.000000;30.000000;33.412112;0.000000;0.000000;0.000000;0.000000;0.000000;33.412112
3499;172.000000;38.000000;-30.000000;-23.412112;0.000000;0.000000;0.000000;0.000000;0.000000;23.412112
3500;172.000000;38.000000;30.000000;33.412112;0.000000;0.000000;0.000000;0.000000;0.000000;33.412112
3501;172.000000;42.000000;-30.000000;-23.412112;0.000000;0.000000;0.000000;0.000000;0.000000;23.412112
3502;172.000000;42.000000;30.000000;33.412112;0.000000;0.000000;0.000000;0.000000;0.000000;33.412112
3503;172.000000;46.000000;-30.000000;-23.412112;0.000000;0.000000;0.000000;0.000000;0.000000;23.412112
3504;172.000000;46.000000;30.000000;33.412112;0.000000;0.000000;0.000000;0.000000;0.000000;33.412112
3505;172.000000;50.000000;-30.000000;-23.412112;0.000000;0.000000;0.000000;0.000000;0.000000;23.412112
3506;172.000000;50.000000;-26.000000;-19.623830;0.000000;0.000000;0.000000;0.000000;0.000000;19.623830
3507;172.000000;50.000000;-22.000000;-15.835549;0.000000;0.000000;0.000000;0.000000;0.000000;15.835549
3508;172.000000;50.000000;-18.000000;-12.047267;0.000000;0.000000;0.000000;0.000000;0.000000;12.047267
3509;172.000000;50.000000;-14.000000;-8.258986;0.000000;0.000000;0.000000;0.000000;0.000000;8.258986
3510;172.000000;50.000000;-10.000000;-4.470704;0.000000;0.000000;0.000000;0.000000;0.000000;4.470704
3511;172.000000;50.000000;-6.000000;-0.682422;0.000000;0.000000;0.000000;0.000000;0.000000;0.682422
3512;172.000000;50.000000;-2.000000;3.105859;0.000000;0.000000;0.000000;0.000000;0.000000;3.105859
3513;172.000000;50.000000;2.000000;6.894141;0.000000;0.000000;0.000000;0.000000;0.000000;6.894141
3514;172.000000;50.000000;6.000000;10.682422;0.000000;0.000000;0.000000;0.000000;0.000000;10.682422
3515;172.000000;50.000000;10.000000;14.470704;0.000000;0.000000;0.000000;0.000000;0.000000;14.470704
3516;172.000000;50.000000;14.000000;18.258986;0.000000;0.000000;0.000000;0.000000;0.000000;18.258986
3517;172.000000;50.000000;18.000000;22.047267;0.000000;0.000000;0.000000;0.000000;0.000000;22.047267
3518;172.000000;50.000000;22.000000;25.835549;0.000000;0.000000;0.000000;0.000000;0.000000;25.835549
3519;172.000000;50.000000;26.000000;29.623830;0.000000;0.000000;0.000000;0.000000;0.000000;29.623830
3520;172.000000;50.000000;30.000000;33.412112;0.000000;0.000000;0.000000;0.000000;0.000000;33.412112
3521;176.000000;-50.000000;-30.000000;-22.913654;0.000000;0.000000;0.000000;0.000000;0.000000;22.913654
3522;176.000000;-50.000000;-26.000000;-19.191833;0.000000;0.000000;0.000000;0.000000;0.000000;19.191833
3523;176.000000;-50.000000;-22.000000;-15.470013;0.000000;0.000000;0.000000;0.000000;0.000000;15.470013
3524;176.000000;-50.000000;-18.000000;-11.748192;0.000000;0.000000;0.000000;0.000000;0.000000;11.748192
3525;176.000000;-50.000000;-14.000000;-8.026372;0.000000;0.000000;0.000000;0.000000;0.000000;8.026372
3526;176.000000;-50.000000;-10.000000;-4.304551;0.000000;0.000000;0.000000;0.000000;0.000000;4.304551
3527;176.000000;-50.000000;-6.000000;-0.582731;0.000000;0.000000;0.000000;0.000000;0.000000;0.582731
3528;176.000000;-50.000000;-2.000000;3.139090;0.000000;0.000000;0.000000;0.000000;0.000000;3.139090
3529;176.000000;-50.000000;2.000000;6.860910;0.000000;0.000000;0.000000;0.000000;0.000000;6.860910
3530;176.000000;-50.000000;6.000000;10.582731;0.000000;0.000000;0.000000;0.000000;0.000000;10.582731
3531;176.000000;-50.000000;10.000000;14.304551;0.000000;0.000000;0.000000;0.000000;0.000000;14.304551
3532;176.000000;-50.000000;14.000000;18.026372;0.000000;0.000000;0.000000;0.000000;0.000000;18.026372
3533;176.000000;-50.000000;18.000000;21.748192;0.000000;0.000000;0.000000;0.000000;0.000000;21.748192
3534;176.000000;-50.000000;22.000000;25.470013;0.000000;0.000000;0.000000;0.000000;0.000000;25.470013
3535;176.000000;-50.000000;26.000000;29.191833;0.000000;0.000000;0.000000;0.000000;0.000000;29.191833
3536;176.000000;-50.000000;30.000000;32.913654;0.000000;0.000000;0.000000;0.000000;0.000000;32.913654
3537;176.000000;-46.000000;-30.000000;-22.913654;0.000000;0.000000;0.000000;0.000000;0.000000;22.913654
3538;176.000000;-46.000000;30.000000;32.913654;0.000000;0.000000;0.000000;0.000000;0.000000;32.913654
3539;176.000000;-42.000000;-30.000000;-22.913654;0.000000;0.000000;0.000000;0.000000;0.000000;22.913654
3540;176.000000;-42.000000;30.000000;32.913654;0.000000;0.000000;0.000000;0.000000;0.000000;32.913654
3541;176.000000;-38.000000;-30.000000;-22.913654;0.000000;0.000000;0.000000;0.000000;0.000000;22.913654
3542;176.000000;-38.000000;30.000000;32.913654;0.000000;0.000000;0.000000;0.000000;0.000000;32.913654
3543;176.000000;-34.000000;-30.000000;-22.913654;0.000000;0.000000;0.000000;0.000000;0.000000;22.913654
3544;176.000000;-34.000000;30.000000;32.913654;0.000000;0.000000;0.000000;0.000000;0.000000;32.913654
3545;176.000000;-30.000000;-30.000000;-22.913654;0.000000;0.000000;0.000000;0.000000;0.000000;22.913654
3546;176.000000;-30.000000;30.000000;32.913654;0.000000;0.000000;0.000000;0.000000;0.000000;32.913654
3547;176.000000;-26.000000;-30.000000;-22.913654;0.000000;0.000000;0.000000;0.000000;0.000000;22.913654
3548;176.000000;-26.000000;30.000000;32.913654;0.000000;0.000000;0.000000;0.000000;0.000000;32.913654
3549;176.000000;-22.000000;-30.000000;-22.913654;0.000000;0.000000;0.000000;0.000000;0.000000;22.913654
3550;176.000000;-22.000000;30.000000;32.913654;0.000000;0.000000;0.000000;0.000000;0.000000;32.913654
3551;176.000000;-18.000000;-30.000000;-22.913654;0.000000;0.000000;0.000000;0.000000;0.000000;22.913654
3552;176.000000;-18.000000;30.000000;32.913654;0.000000;0.000000;0.000000;0.000000;0.000000;32.913654
3553;176.000000;-14.000000;-30.000000;-22.913654;0.000000;0.000000;0.000000;0.000000;0.000000;22.913654
3554;176.000000;-14.000000;30.000000;32.913654;0.000000;0.000000;0.000000;0.000000;0.000000;32.913654
3555;176.000000;-10.000000;-30.000000;-22.913654;0.000000;0.000000;0.000000;0.000000;0.000000;22.913654
3556;176.000000;-10.000000;30.000000;32.913654;0.000000;0.000000;0.000000;0.000000;0.000000;32.913654
3557;176.000000;-6.000000;-30.000000;-22.913654;0.000000;0.000000;0.000000;0.000000;0.000000;22.913654
3558;176.000000;-6.000000;30.000000;32.913654;0.000000;0.000000;0.000000;0.000000;0.000000;32.913654
3559;176.000000;-2.000000;-30.000000;-22.913654;0.000000;0.000000;0.000000;0.000000;0.000000;22.913654
3560;176.000000;-2.000000;30.000000;32.913654;0.000000;0.000000;0.000000;0.000000;0.000000;32.913654
3561;176.000000;2.000000;-30.000000;-22.913654;0.000000;0.000000;0.000000;0.000000;0.000000;22.913654
3562;176.000000;2.000000;30.000000;32.913654;0.000000;0.000000;0.000000;0.000000;0.000000;32.913654
3563;176.000000;6.000000;-30.000000;-22.913654;0.000000;0.000000;0.000000;0.000000;0.000000;22.913654
3564;176.000000;6.000000;30.000000;32.913654;0.000000;0.000000;0.000000;0.000000;0.000000;32.913654
3565;176.000000;10.000000;-30.000000;-22.913654;0.000000;0.000000;0.000000;0.000000;0.000000;22.913654
3566;176.000000;10.000000;30.000000;32.913654;0.000000;0.000000;0.000000;0.000000;0.000000;32.913654
3567;176.000000;14.000000;-30.000000;-22.913654;0.000000;0.000000;0.000000;0.000000;0.000000;22.913654
3568;176.000000;14.000000;30.000000;32.913654;0.000000;0.000000;0.000000;0.000000;0.000000;32.913654
3569;176.000000;18.000000;-30.000000;-22.913654;0.000000;0.000000;0.000000;0.000000;0.000000;22.913654
3570;176.000000;18.000000;30.000000;32.913654;0.000000;0.000000;0.000000;0.000000;0.000000;32.913654
3571;176.000000;22.000000;-30.000000;-22.913654;0.000000;0.000000;0.000000;0.000000;0.000000;22.913654
3572;176.000000;22.000000;30.000000;32.913654;0.000000;0.000000;0.000000;0.000000;0.000000;32.913654
3573;176.000000;26.000000;-30.000000;-22.913654;0.000000;0.000000;0.000000;0.000000;0.000000;22.913654
3574;176.000000;26.000000;30.000000;32.913654;0.000000;0.000000;0.000000;0.000000;0.000000;32.913654
3575;176.000000;30.000000;-30.000000;-22.913654;0.000000;0.000000;0.000000;0.000000;0.000000;22.913654
3576;176.000000;30.000000;30.000000;32.913654;0.000000;0.000000;0.000000;0.000000;0.000000;32.913654
3577;176.000000;34.000000;-30.000000;-22.913654;0.000000;0.000000;0.000000;0.000000;0.000000;22.913654
3578;176.000000;34.000000;30.000000;32.913654;0.000000;0.000000;0.000000;0.000000;0.000000;32.913654
3579;176.000000;38.000000;-30.000000;-22.913654;0.000000;0.000000;0.000000;0.000000;0.000000;22.913654
3580;176.000000;38.000000;30.000000;32.913654;0.000000;0.000000;0.000000;0.000000;0.000000;32.913654
3581;176.000000;42.000000;-30.000000;-22.913654;0.000000;0.000000;0.000000;0.000000;0.000000;22.913654
3582;176.000000;42.000000;30.000000;32.913654;0.000000;0.000000;0.000000;0.000000;0.000000;32.913654
3583;176.000000;46.000000;-30.000000;-22.913654;0.000000;0.000000;0.000000;0.000000;0.000000;22.913654
3584;176.000000;46.000000;30.000000;32.913654;0.000000;0.000000;0.000000;0.000000;0.000000;32.913654
3585;176.000000;50.000000;-30.000000;-22.913654;0.000000;0.000000;0.000000;0.000000;0.000000;22.913654
3586;176.000000;50.000000;-26.000000;-19.191833;0.000000;0.000000;0.000000;0.000000;0.000000;19.191833
3587;176.000000;50.000000;-22.000000;-15.470013;0.000000;0.000000;0.000000;0.000000;0.000000;15.470013
3588;176.000000;50.000000;-18.000000;-11.748192;0.000000;0.000000;0.000000;0.000000;0.000000;11.748192
3589;176.000000;50.000000;-14.000000;-8.026372;0.000000;0.000000;0.000000;0.000000;0.000000;8.026372
3590;176.000000;50.000000;-10.000000;-4.304551;0.000000;0.000000;0.000000;0.000000;0.000000;4.304551
3591;176.000000;50.000000;-6.000000;-0.582731;0.000000;0.000000;0.000000;0.000000;0.000000;0.582731
3592;176.000000;50.000000;-2.000000;3.139090;0.000000;0.000000;0.000000;0.000000;0.000000;3.139090
3593;176.000000;50.000000;2.000000;6.860910;0.000000;0.000000;0.000000;0.000000;0.000000;6.860910
3594;176.000000;50.000000;6.000000;10.582731;0.000000;0.000000;0.000000;0.000000;0.000000;10.582731
3595;176.000000;50.000000;10.000000;14.304551;0.000000;0.000000;0.000000;0.000000;0.000000;14.304551
3596;176.000000;50.000000;14.000000;18.026372;0.000000;0.000000;0.000000;0.000000;0.000000;18.026372
3597;176.000000;50.000000;18.000000;21.748192;0.000000;0.000000;0.000000;0.000000;0.000000;21.748192
3598;176.000000;50.000000;22.000000;25.470013;0.000000;0.000000;0.000000;0.000000;0.000000;25.470013
3599;176.000000;50.000000;26.000000;29.191833;0.000000;0.000000;0.000000;0.000000;0.000000;29.191833
3600;176.000000;50.000000;30.000000;32.913654;0.000000;0.000000;0.000000;0.000000;0.000000;32.913654
3601;180.000000;-50.000000;-30.000000;-22.415196;0.000000;0.000000;0.000000;0.000000;0.000000;22.415196
3602;180.000000;-50.000000;-26.000000;-18.759836;0.000000;0.000000;0.000000;0.000000;0.000000;18.759836
3603;180.000000;-50.000000;-22.000000;-15.104477;0.000000;0.000000;0.000000;0.000000;0.000000;15.104477
3604;180.000000;-50.000000;-18.000000;-11.449117;0.000000;0.000000;0.000000;0.000000;0.000000;11.449117
3605;180.000000;-50.000000;-14.000000;-7.793758;0.000000;0.000000;0.000000;0.000000;0.000000;7.793758
3606;180.000000;-50.000000;-10.000000;-4.138399;0.000000;0.000000;0.000000;0.000000;0.000000;4.138399
3607;180.000000;-50.000000;-6.000000;-0.483039;0.000000;0.000000;0.000000;0.000000;0.000000;0.483039
3608;180.000000;-50.000000;-2.000000;3.172320;0.000000;0.000000;0.000000;0.000000;0.000000;3.172320
3609;180.000000;-50.000000;2.000000;6.827680;0.000000;0.000000;0.000000;0.000000;0.000000;6.827680
3610;180.000000;-50.000000;6.000000;10.483039;0.000000;0.000000;0.000000;0.000000;0.000000;10.483039
3611;180.000000;-50.000000;10.000000;14.138399;0.000000;0.000000;0.000000;0.000000;0.000000;14.138399
3612;180.000000;-50.000000;14.000000;17.793758;0.000000;0.000000;0.000000;0.000000;0.000000;17.793758
3613;180.000000;-50.000000;18.000000;21.449117;0.000000;0.000000;0.000000;0.000000;0.000000;21.449117
3614;180.000000;-50.000000;22.000000;25.104477;0.000000;0.000000;0.000000;0.000000;0.000000;25.104477
3615;180.000000;-50.000000;26.000000;28.759836;0.000000;0.000000;0.000000;0.000000;0.000000;28.759836
3616;180.000000;-50.000000;30.000000;32.415196;0.000000;0.000000;0.000000;0.000000;0.000000;32.415196
3617;180.000000;-46.000000;-30.000000;-22.415196;0.000000;0.000000;0.000000;0.000000;0.000000;22.415196
3618;180.000000;-46.000000;30.000000;32.415196;0.000000;0.000000;0.000000;0.000000;0.000000;32.415196
3619;180.000000;-42.000000;-30.000000;-22.415196;0.000000;0.000000;0.000000;0.000000;0.000000;22.415196
3620;180.000000;-42.000000;30.000000;32.415196;0.000000;0.000000;0.000000;0.000000;0.000000;32.415196
3621;180.000000;-38.000000;-30.000000;-22.415196;0.000000;0.000000;0.000000;0.000000;0.000000;22.415196
3622;180.000000;-38.000000;30.000000;32.415196;0.000000;0.000000;0.000000;0.000000;0.000000;32.415196
3623;180.000000;-34.000000;-30.000000;-22.415196;0.000000;0.000000;0.000000;0.000000;0.000000;22.415196
3624;180.000000;-34.000000;30.000000;32.415196;0.000000;0.000000;0.000000;0.000000;0.000000;32.415196
3625;180.000000;-30.000000;-30.000000;-22.415196;0.000000;0.000000;0.000000;0.000000;0.000000;22.415196
3626;180.000000;-30.000000;30.000000;32.415196;0.000000;0.000000;0.000000;0.000000;0.000000;32.415196
3627;180.000000;-26.000000;-30.000000;-22.415196;0.000000;0.000000;0.000000;0.000000;0.000000;22.415196
3628;180.000000;-26.000000;30.000000;32.415196;0.000000;0.000000;0.000000;0.000000;0.000000;32.415196
3629;180.000000;-22.000000;-30.000000;-22.415196;0.000000;0.000000;0.000000;0.000000;0.000000;22.415196
3630;180.000000;-22.000000;30.000000;32.415196;0.000000;0.000000;0.000000;0.000000;0.000000;32.415196
3631;180.000000;-18.000000;-30.000000;-22.415196;0.000000;0.000000;0.000000;0.000000;0.000000;22.415196
3632;180.000000;-18.000000;30.000000;32.415196;0.000000;0.000000;0.000000;0.000000;0.000000;32.415196
3633;180.000000;-14.000000;-30.000000;-22.415196;0.000000;0.000000;0.000000;0.000000;0.000000;22.415196
3634;180.000000;-14.000000;30.000000;32.415196;0.000000;0.000000;0.000000;0.000000;0.000000;32.415196
3635;180.000000;-10.000000;-30.000000;-22.415196;0.000000;0.000000;0.000000;0.000000;0.000000;22.415196
3636;180.000000;-10.000000;30.000000;32.415196;0.000000;0.000000;0.000000;0.000000;0.000000;32.415196
3637;180.000000;-6.000000;-30.000000;-22.415196;0.000000;0.000000;0.000000;0.000000;0.000000;22.415196
3638;180.000000;-6.000000;30.000000;32.415196;0.000000;0.000000;0.000000;0.000000;0.000000;32.415196
3639;180.000000;-2.000000;-30.000000;-22.415196;0.000000;0.000000;0.000000;0.000000;0.000000;22.415196
3640;180.000000;-2.000000;30.000000;32.415196;0.000000;0.000000;0.000000;0.000000;0.000000;32.415196
3641;180.000000;2.000000;-30.000000;-22.415196;0.000000;0.000000;0.000000;0.000000;0.000000;22.415196
3642;180.000000;2.000000;30.000000;32.415196;0.000000;0.000000;0.000000;0.000000;0.000000;32.415196
3643;180.000000;6.000000;-30.000000;-22.415196;0.000000;0.000000;0.000000;0.000000;0.000000;22.415196
3644;180.000000;6.000000;30.000000;32.415196;0.000000;0.000000;0.000000;0.000000;0.000000;32.415196
3645;180.000000;10.000000;-30.000000;-22.415196;0.000000;0.000000;0.000000;0.000000;0.000000;22.415196
3646;180.000000;10.000000;30.000000;32.415196;0.000000;0.000000;0.000000;0.000000;0.000000;32.415196
3647;180.000000;14.000000;-30.000000;-22.415196;0.000000;0.000000;0.000000;0.000000;0.000000;22.415196
3648;180.000000;14.000000;30.000000;32.415196;0.000000;0.000000;0.000000;0.000000;0.000000;32.415196
3649;180.000000;18.000000;-30.000000;-22.415196;0.000000;0.000000;0.000000;0.000000;0.000000;22.415196
3650;180.000000;18.000000;30.000000;32.415196;0.000000;0.000000;0.000000;0.000000;0.000000;32.415196
3651;180.000000;22.000000;-30.000000;-22.415196;0.000000;0.000000;0.000000;0.000000;0.000000;22.415196
3652;180.000000;22.000000;30.000000;32.415196;0.000000;0.000000;0.000000;0.000000;0.000000;32.415196
3653;180.000000;26.000000;-30.000000;-22.415196;0.000000;0.000000;0.000000;0.000000;0.000000;22.415196
3654;180.000000;26.000000;30.000000;32.415196;0.000000;0.000000;0.000000;0.000000;0.000000;32.415196
3655;180.000000;30.000000;-30.000000;-22.415196;0.000000;0.000000;0.000000;0.000000;0.000000;22.415196
3656;180.000000;30.000000;30.000000;32.415196;0.000000;0.000000;0.000000;0.000000;0.000000;32.415196
3657;180.000000;34.000000;-30.000000;-22.415196;0.000000;0.000000;0.000000;0.000000;0.000000;22.415196
3658;180.000000;34.000000;30.000000;32.415196;0.000000;0.000000;0.000000;0.000000;0.000000;32.415196
3659;180.000000;38.000000;-30.000000;-22.415196;0.000000;0.000000;0.000000;0.000000;0.000000;22.415196
3660;180.000000;38.000000;30.000000;32.415196;0.000000;0.000000;0.000000;0.000000;0.000000;32.415196
3661;180.000000;42.000000;-30.000000;-22.415196;0.000000;0.000000;0.000000;0.000000;0.000000;22.415196
3662;180.000000;42.000000;30.000000;32.415196;0.000000;0.000000;0.000000;0.000000;0.000000;32.415196
3663;180.000000;46.000000;-30.000000;-22.415196;0.000000;0.000000;0.000000;0.000000;0.000000;22.415196
3664;180.000000;46.000000;30.000000;32.415196;0.000000;0.000000;0.000000;0.000000;0.000000;32.415196
3665;180.000000;50.000000;-30.000000;-22.415196;0.000000;0.000000;0.000000;0.000000;0.000000;22.415196
3666;180.000000;50.000000;-26.000000;-18.759836;0.000000;0.000000;0.000000;0.000000;0.000000;18.759836
3667;180.000000;50.000000;-22.000000;-15.104477;0.000000;0.000000;0.000000;0.000000;0.000000;15.104477
3668;180.000000;50.000000;-18.000000;-11.449117;0.000000;0.000000;0.000000;0.000000;0.000000;11.449117
3669;180.000000;50.000000;-14.000000;-7.793758;0.000000;0.000000;0.000000;0.000000;0.000000;7.793758
3670;180.000000;50.000000;-10.000000;-4.138399;0.000000;0.000000;0.000000;0.000000;0.000000;4.138399
3671;180.000000;50.000000;-6.000000;-0.483039;0.000000;0.000000;0.000000;0.000000;0.000000;0.483039
3672;180.000000;50.000000;-2.000000;3.172320;0.000000;0.000000;0.000000;0.000000;0.000000;3.172320
3673;180.000000;50.000000;2.000000;6.827680;0.000000;0.000000;0.000000;0.000000;0.000000;6.827680
3674;180.000000;50.000000;6.000000;10.483039;0.000000;0.000000;0.000000;0.000000;0.000000;10.483039
3675;180.000000;50.000000;10.000000;14.138399;0.000000;0.000000;0.000000;0.000000;0.000000;14.138399
3676;180.000000;50.000000;14.000000;17.793758;0.000000;0.000000;0.000000;0.000000;0.000000;17.793758
3677;180.000000;50.000000;18.000000;21.449117;0.000000;0.000000;0.000000;0.000000;0.000000;21.449117
3678;180.000000;50.000000;22.000000;25.104477;0.000000;0.000000;0.000000;0.000000;0.000000;25.104477
3679;180.000000;50.000000;26.000000;28.759836;0.000000;0.000000;0.000000;0.000000;0.000000;28.759836
3680;180.000000;50.000000;30.000000;32.415196;0.000000;0.000000;0.000000;0.000000;0.000000;32.415196
3681;184.000000;-50.000000;-30.000000;-21.916738;0.000000;0.000000;0.000000;0.000000;0.000000;21.916738
3682;184.000000;-50.000000;-26.000000;-18.327839;0.000000;0.000000;0.000000;0.000000;0.000000;18.327839
3683;184.000000;-50.000000;-22.000000;-14.738941;0.000000;0.000000;0.000000;0.000000;0.000000;14.738941
3684;184.000000;-50.000000;-18.000000;-11.150043;0.000000;0.000000;0.000000;0.000000;0.000000;11.150043
3685;184.000000;-50.000000;-14.000000;-7.561144;0.000000;0.000000;0.000000;0.000000;0.000000;7.561144
3686;184.000000;-50.000000;-10.000000;-3.972246;0.000000;0.000000;0.000000;0.000000;0.000000;3.972246
3687;184.000000;-50.000000;-6.000000;-0.383348;0.000000;0.000000;0.000000;0.000000;0.000000;0.383348
3688;184.000000;-50.000000;-2.000000;3.205551;0.000000;0.000000;0.000000;0.000000;0.000000;3.205551
3689;184.000000;-50.000000;2.000000;6.794449;0.000000;0.000000;0.000000;0.000000;0.000000;6.794449
3690;184.000000;-50.000000;6.000000;10.383348;0.000000;0.000000;0.000000;0.000000;0.000000;10.383348
3691;184.000000;-50.000000;10.000000;13.972246;0.000000;0.000000;0.000000;0.000000;0.000000;13.972246
3692;184.000000;-50.000000;14.000000;17.561144;0.000000;0.000000;0.000000;0.000000;0.000000;17.561144
3693;184.000000;-50.000000;18.000000;21.150043;0.000000;0.000000;0.000000;0.000000;0.000000;21.150043
3694;184.000000;-50.000000;22.000000;24.738941;0.000000;0.000000;0.000000;0.000000;0.000000;24.738941
3695;184.000000;-50.000000;26.000000;28.327839;0.000000;0.000000;0.000000;0.000000;0.000000;28.327839
3696;184.000000;-50.000000;30.000000;31.916738;0.000000;0.000000;0.000000;0.000000;0.000000;31.916738
3697;184.000000;-46.000000;-30.000000;-21.916738;0.000000;0.000000;0.000000;0.000000;0.000000;21.916738
3698;184.000000;-46.000000;30.000000;31.916738;0.000000;0.000000;0.000000;0.000000;0.000000;31.916738
3699;184.000000;-42.000000;-30.000000;-21.916738;0.000000;0.000000;0.000000;0.000000;0.000000;21.916738
3700;184.000000;-42.000000;30.000000;31.916738;0.000000;0.000000;0.000000;0.000000;0.000000;31.916738
3701;184.000000;-38.000000;-30.000000;-21.916738;0.000000;0.000000;0.000000;0.000000;0.000000;21.916738
3702;184.000000;-38.000000;30.000000;31.916738;0.000000;0.000000;0.000000;0.000000;0.000000;31.916738
3703;184.000000;-34.000000;-30.000000;-21.916738;0.000000;0.000000;0.000000;0.000000;0.000000;21.916738
3704;184.000000;-34.000000;30.000000;31.916738;0.000000;0.000000;0.000000;0.000000;0.000000;31.916738
3705;184.000000;-30.000000;-30.000000;-21.916738;0.000000;0.000000;0.000000;0.000000;0.000000;21.916738
3706;184.000000;-30.000000;30.000000;31.916738;0.000000;0.000000;0.000000;0.000000;0.000000;31.916738
3707;184.000000;-26.000000;-30.000000;-21.916738;0.000000;0.000000;0.000000;0.000000;0.000000;21.916738
3708;184.000000;-26.000000;30.000000;31.916738;0.000000;0.000000;0.000000;0.000000;0.000000;31.916738
3709;184.000000;-22.000000;-30.000000;-21.916738;0.000000;0.000000;0.000000;0.000000;0.000000;21.916738
3710;184.000000;-22.000000;30.000000;31.916738;0.000000;0.000000;0.000000;0.000000;0.000000;31.916738
3711;184.000000;-18.000000;-30.000000;-21.916738;0.000000;0.000000;0.000000;0.000000;0.000000;21.916738
3712;184.000000;-18.000000;30.000000;31.916738;0.000000;0.000000;0.000000;0.000000;0.000000;31.916738
3713;184.000000;-14.000000;-30.000000;-21.916738;0.000000;0.000000;0.000000;0.000000;0.000000;21.916738
3714;184.000000;-14.000000;30.000000;31.916738;0.000000;0.000000;0.000000;0.000000;0.000000;31.916738
3715;184.000000;-10.000000;-30.000000;-21.916738;0.000000;0.000000;0.000000;0.000000;0.000000;21.916738
3716;184.000000;-10.000000;30.000000;31.916738;0.000000;0.000000;0.000000;0.000000;0.000000;31.916738
3717;184.000000;-6.000000;-30.000000;-21.916738;0.000000;0.000000;0.000000;0.000000;0.000000;21.916738
3718;184.000000;-6.000000;30.000000;31.916738;0.000000;0.000000;0.000000;0.000000;0.000000;31.916738
3719;184.000000;-2.000000;-30.000000;-21.916738;0.000000;0.000000;0.000000;0.000000;0.000000;21.916738
3720;184.000000;-2.000000;30.000000;31.916738;0.000000;0.000000;0.000000;0.000000;0.000000;31.916738
3721;184.000000;2.000000;-30.000000;-21.916738;0.000000;0.000000;0.000000;0.000000;0.000000;21.916738
3722;184.000000;2.000000;30.000000;31.916738;0.000000;0.000000;0.000000;0.000000;0.000000;31.916738
3723;184.000000;6.000000;-30.000000;-21.916738;0.000000;0.000000;0.000000;0.000000;0.000000;21.916738
3724;184.000000;6.000000;30.000000;31.916738;0.000000;0.000000;0.000000;0.000000;0.000000;31.916738
3725;184.000000;10.000000;-30.000000;-21.916738;0.000000;0.000000;0.000000;0.000000;0.000000;21.916738
3726;184.000000;10.000000;30.000000;31.916738;0.000000;0.000000;0.000000;0.000000;0.000000;31.916738
3727;184.000000;14.000000;-30.000000;-21.916738;0.000000;0.000000;0.000000;0.000000;0.000000;21.916738
3728;184.000000;14.000000;30.000000;31.916738;0.000000;0.000000;0.000000;0.000000;0.000000;31.916738
3729;184.000000;18.000000;-30.000000;-21.916738;0.000000;0.000000;0.000000;0.000000;0.000000;21.916738
3730;184.000000;18.000000;30.000000;31.916738;0.000000;0.000000;0.000000;0.000000;0.000000;31.916738
3731;184.000000;22.000000;-30.000000;-21.916738;0.000000;0.000000;0.000000;0.000000;0.000000;21.916738
3732;184.000000;22.000000;30.000000;31.916738;0.000000;0.000000;0.000000;0.000000;0.000000;31.916738
3733;184.000000;26.000000;-30.000000;-21.916738;0.000000;0.000000;0.000000;0.000000;0.000000;21.916738
3734;184.000000;26.000000;30.000000;31.916738;0.000000;0.000000;0.000000;0.000000;0.000000;31.916738
3735;184.000000;30.000000;-30.000000;-21.916738;0.000000;0.000000;0.000000;0.000000;0.000000;21.916738
3736;184.000000;30.000000;30.000000;31.916738;0.000000;0.000000;0.000000;0.000000;0.000000;31.916738
3737;184.000000;34.000000;-30.000000;-21.916738;0.000000;0.000000;0.000000;0.000000;0.000000;21.916738
3738;184.000000;34.000000;30.000000;31.916738;0.000000;0.000000;0.000000;0.000000;0.000000;31.916738
3739;184.000000;38.000000;-30.000000;-21.916738;0.000000;0.000000;0.000000;0.000000;0.000000;21.916738
3740;184.000000;38.000000;30.000000;31.916738;0.000000;0.000000;0.000000;0.000000;0.000000;31.916738
3741;184.000000;42.000000;-30.000000;-21.916738;0.000000;0.000000;0.000000;0.000000;0.000000;21.916738
3742;184.000000;42.000000;30.000000;31.916738;0.000000;0.000000;0.000000;0.000000;0.000000;31.916738
3743;184.000000;46.000000;-30.000000;-21.916738;0.000000;0.000000;0.000000;0.000000;0.000000;21.916738
3744;184.000000;46.000000;30.000000;31.916738;0.000000;0.000000;0.000000;0.000000;0.000000;31.916738
3745;184.000000;50.000000;-30.000000;-21.916738;0.000000;0.000000;0.000000;0.000000;0.000000;21.916738
3746;184.000000;50.000000;-26.000000;-18.327839;0.000000;0.000000;0.000000;0.000000;0.000000;18.327839
3747;184.000000;50.000000;-22.000000;-14.738941;0.000000;0.000000;0.000000;0.000000;0.000000;14.738941
3748;184.000000;50.000000;-18.000000;-11.150043;0.000000;0.000000;0.000000;0.000000;0.000000;11.150043
3749;184.000000;50.000000;-14.000000;-7.561144;0.000000;0.000000;0.000000;0.000000;0.000000;7.561144
3750;184.000000;50.000000;-10.000000;-3.972246;0.000000;0.000000;0.000000;0.000000;0.000000;3.972246
3751;184.000000;50.000000;-6.000000;-0.383348;0.000000;0.000000;0.000000;0.000000;0.000000;0.383348
3752;184.000000;50.000000;-2.000000;3.205551;0.000000;0.000000;0.000000;0.000000;0.000000;3.205551
3753;184.000000;50.000000;2.000000;6.794449;0.000000;0.000000;0.000000;0.000000;0.000000;6.794449
3754;184.000000;50.000000;6.000000;10.383348;0.000000;0.000000;0.000000;0.000000;0.000000;10.383348
3755;184.000000;50.000000;10.000000;13.972246;0.000000;0.000000;0.000000;0.000000;0.000000;13.972246
3756;184.000000;50.000000;14.000000;17.561144;0.000000;0.000000;0.000000;0.000000;0.000000;17.561144
3757;184.000000;50.000000;18.000000;21.150043;0.000000;0.000000;0.000000;0.000000;0.000000;21.150043
3758;184.000000;50.000000;22.000000;24.738941;0.000000;0.000000;0.000000;0.000000;0.000000;24.738941
3759;184.000000;50.000000;26.000000;28.327839;0.000000;0.000000;0.000000;0.000000;0.000000;28.327839
3760;184.000000;50.000000;30.000000;31.916738;0.000000;0.000000;0.000000;0.000000;0.000000;31.916738
3761;188.000000;-50.000000;-30.000000;-21.418279;0.000000;0.000000;0.000000;0.000000;0.000000;21.418279
3762;188.000000;-50.000000;-26.000000;-17.895842;0.000000;0.000000;0.000000;0.000000;0.000000;17.895842
3763;188.000000;-50.000000;-22.000000;-14.373405;0.000000;0.000000;0.000000;0.000000;0.000000;14.373405
3764;188.000000;-50.000000;-18.000000;-10.850968;0.000000;0.000000;0.000000;0.000000;0.000000;10.850968
3765;188.000000;-50.000000;-14.000000;-7.328530;0.000000;0.000000;0.000000;0.000000;0.000000;7.328530
3766;188.000000;-50.000000;-10.000000;-3.806093;0.000000;0.000000;0.000000;0.000000;0.000000;3.806093
3767;188.000000;-50.000000;-6.000000;-0.283656;0.000000;0.000000;0.000000;0.000000;0.000000;0.283656
3768;188.000000;-50.000000;-2.000000;3.238781;0.000000;0.000000;0.000000;0.000000;0.000000;3.238781
3769;188.000000;-50.000000;2.000000;6.761219;0.000000;0.000000;0.000000;0.000000;0.000000;6.761219
3770;188.000000;-50.000000;6.000000;10.283656;0.000000;0.000000;0.000000;0.000000;0.000000;10.283656
3771;188.000000;-50.000000;10.000000;13.806093;0.000000;0.000000;0.000000;0.000000;0.000000;13.806093
3772;188.000000;-50.000000;14.000000;17.328530;0.000000;0.000000;0.000000;0.000000;0.000000;17.328530
3773;188.000000;-50.000000;18.000000;20.850968;0.000000;0.000000;0.000000;0.000000;0.000000;20.850968
3774;188.000000;-50.000000;22.000000;24.373405;0.000000;0.000000;0.000000;0.000000;0.000000;24.373405
3775;188.000000;-50.000000;26.000000;27.895842;0.000000;0.000000;0.000000;0.000000;0.000000;27.895842
3776;188.000000;-50.000000;30.000000;31.418279;0.000000;0.000000;0.000000;0.000000;0.000000;31.418279
3777;188.000000;-46.000000;-30.000000;-21.418279;0.000000;0.000000;0.000000;0.000000;0.000000;21.418279
3778;188.000000;-46.000000;30.000000;31.418279;0.000000;0.000000;0.000000;0.000000;0.000000;31.418279
3779;188.000000;-42.000000;-30.000000;-21.418279;0.000000;0.000000;0.000000;0.000000;0.000000;21.418279
3780;188.000000;-42.000000;30.000000;31.418279;0.000000;0.000000;0.000000;0.000000;0.000000;31.418279
3781;188.000000;-38.000000;-30.000000;-21.418279;0.000000;0.000000;0.000000;0.000000;0.000000;21.418279
3782;188.000000;-38.000000;30.000000;31.418279;0.000000;0.000000;0.000000;0.000000;0.000000;31.418279
3783;188.000000;-34.000000;-30.000000;-21.418279;0.000000;0.000000;0.000000;0.000000;0.000000;21.418279
3784;188.000000;-34.000000;30.000000;31.418279;0.000000;0.000000;0.000000;0.000000;0.000000;31.418279
3785;188.000000;-30.000000;-30.000000;-21.418279;0.000000;0.000000;0.000000;0.000000;0.000000;21.418279
3786;188.000000;-30.000000;30.000000;31.418279;0.000000;0.000000;0.000000;0.000000;0.000000;31.418279
3787;188.000000;-26.000000;-30.000000;-21.418279;0.000000;0.000000;0.000000;0.000000;0.000000;21.418279
3788;188.000000;-26.000000;30.000000;31.418279;0.000000;0.000000;0.000000;0.000000;0.000000;31.418279
3789;188.000000;-22.000000;-30.000000;-21.418279;0.000000;0.000000;0.000000;0.000000;0.000000;21.418279
3790;188.000000;-22.000000;30.000000;31.418279;0.000000;0.000000;0.000000;0.000000;0.000000;31.418279
3791;188.000000;-18.000000;-30.000000;-21.418279;0.000000;0.000000;0.000000;0.000000;0.000000;21.418279
3792;188.000000;-18.000000;30.000000;31.418279;0.000000;0.000000;0.000000;0.000000;0.000000;31.418279
3793;188.000000;-14.000000;-30.000000;-21.418279;0.000000;0.000000;0.000000;0.000000;0.000000;21.418279
3794;188.000000;-14.000000;30.000000;31.418279;0.000000;0.000000;0.000000;0.000000;0.000000;31.418279
3795;188.000000;-10.000000;-30.000000;-21.418279;0.000000;0.000000;0.000000;0.000000;0.000000;21.418279
3796;188.000000;-10.000000;30.000000;31.418279;0.000000;0.000000;0.000000;0.000000;0.000000;31.418279
3797;188.000000;-6.000000;-30.000000;-21.418279;0.000000;0.000000;0.000000;0.000000;0.000000;21.418279
3798;188.000000;-6.000000;30.000000;31.418279;0.000000;0.000000;0.000000;0.000000;0.000000;31.418279
3799;188.000000;-2.000000;-30.000000;-21.418279;0.000000;0.000000;0.000000;0.000000;0.000000;21.418279
3800;188.000000;-2.000000;30.000000;31.418279;0.000000;0.000000;0.000000;0.000000;0.000000;31.418279
3801;188.000000;2.000000;-30.000000;-21.418279;0.000000;0.000000;0.000000;0.000000;0.000000;21.418279
3802;188.000000;2.000000;30.000000;31.418279;0.000000;0.000000;0.000000;0.000000;0.000000;31.418279
3803;188.000000;6.000000;-30.000000;-21.418279;0.000000;0.000000;0.000000;0.000000;0.000000;21.418279
3804;188.000000;6.000000;30.000000;31.418279;0.000000;0.000000;0.000000;0.000000;0.000000;31.418279
3805;188.000000;10.000000;-30.000000;-21.418279;0.000000;0.000000;0.000000;0.000000;0.000000;21.418279
3806;188.000000;10.000000;30.000000;31.418279;0.000000;0.000000;0.000000;0.000000;0.000000;31.418279
3807;188.000000;14.000000;-30.000000;-21.418279;0.000000;0.000000;0.000000;0.000000;0.000000;21.418279
3808;188.000000;14.000000;30.000000;31.418279;0.000000;0.000000;0.000000;0.000000;0.000000;31.418279
3809;188.000000;18.000000;-30.000000;-21.418279;0.000000;0.000000;0.000000;0.000000;0.000000;21.418279
3810;188.000000;18.000000;30.000000;31.418279;0.000000;0.000000;0.000000;0.000000;0.000000;31.418279
3811;188.000000;22.000000;-30.000000;-21.418279;0.000000;0.000000;0.000000;0.000000;0.000000;21.418279
3812;188.000000;22.000000;30.000000;31.418279;0.000000;0.000000;0.000000;0.000000;0.000000;31.418279
3813;188.000000;26.000000;-30.000000;-21.418279;0.000000;0.000000;0.000000;0.000000;0.000000;21.418279
3814;188.000000;26.000000;30.000000;31.418279;0.000000;0.000000;0.000000;0.000000;0.000000;31.418279
3815;188.000000;30.000000;-30.000000;-21.418279;0.000000;0.000000;0.000000;0.000000;0.000000;21.418279
3816;188.000000;30.000000;30.000000;31.418279;0.000000;0.000000;0.000000;0.000000;0.000000;31.418279
3817;188.000000;34.000000;-30.000000;-21.418279;0.000000;0.000000;0.000000;0.000000;0.000000;21.418279
3818;188.000000;34.000000;30.000000;31.418279;0.000000;0.000000;0.000000;0.000000;0.000000;31.418279
3819;188.000000;38.000000;-30.000000;-21.418279;0.000000;0.000000;0.000000;0.000000;0.000000;21.418279
3820;188.000000;38.000000;30.000000;31.418279;0.000000;0.000000;0.000000;0.000000;0.000000;31.418279
3821;188.000000;42.000000;-30.000000;-21.418279;0.000000;0.000000;0.000000;0.000000;0.000000;21.418279
3822;188.000000;42.000000;30.000000;31.418279;0.000000;0.000000;0.000000;0.000000;0.000000;31.418279
3823;188.000000;46.000000;-30.000000;-21.418279;0.000000;0.000000;0.000000;0.000000;0.000000;21.418279
3824;188.000000;46.000000;30.000000;31.418279;0.000000;0.000000;0.000000;0.000000;0.000000;31.418279
3825;188.000000;50.000000;-30.000000;-21.418279;0.000000;0.000000;0.000000;0.000000;0.000000;21.418279
3826;188.000000;50.000000;-26.000000;-17.895842;0.000000;0.000000;0.000000;0.000000;0.000000;17.895842
3827;188.000000;50.000000;-22.000000;-14.373405;0.000000;0.000000;0.000000;0.000000;0.000000;14.373405
3828;188.000000;50.000000;-18.000000;-10.850968;0.000000;0.000000;0.000000;0.000000;0.000000;10.850968
3829;188.000000;50.000000;-14.000000;-7.328530;0.000000;0.000000;0.000000;0.000000;0.000000;7.328530
3830;188.000000;50.000000;-10.000000;-3.806093;0.000000;0.000000;0.000000;0.000000;0.000000;3.806093
3831;188.000000;50.000000;-6.000000;-0.283656;0.000000;0.000000;0.000000;0.000000;0.000000;0.283656
3832;188.000000;50.000000;-2.000000;3.238781;0.000000;0.000000;0.000000;0.000000;0.000000;3.238781
3833;188.000000;50.000000;2.000000;6.761219;0.000000;0.000000;0.000000;0.000000;0.000000;6.761219
3834;188.000000;50.000000;6.000000;10.283656;0.000000;0.000000;0.000000;0.000000;0.000000;10.283656
3835;188.000000;50.000000;10.000000;13.806093;0.000000;0.000000;0.000000;0.000000;0.000000;13.806093
3836;188.000000;50.000000;14.000000;17.328530;0.000000;0.000000;0.000000;0.000000;0.000000;17.328530
3837;188.000000;50.000000;18.000000;20.850968;0.000000;0.000000;0.000000;0.000000;0.000000;20.850968
3838;188.000000;50.000000;22.000000;24.373405;0.000000;0.000000;0.000000;0.000000;0.000000;24.373405
3839;188.000000;50.000000;26.000000;27.895842;0.000000;0.000000;0.000000;0.000000;0.000000;27.895842
3840;188.000000;50.000000;30.000000;31.418279;0.000000;0.000000;0.000000;0.000000;0.000000;31.418279
3841;192.000000;-50.000000;-30.000000;-20.919821;0.000000;0.000000;0.000000;0.000000;0.000000;20.919821
3842;192.000000;-50.000000;-26.000000;-17.463845;0.000000;0.000000;0.000000;0.000000;0.000000;17.463845
3843;192.000000;-50.000000;-22.000000;-14.007869;0.000000;0.000000;0.000000;0.000000;0.000000;14.007869
3844;192.000000;-50.000000;-18.000000;-10.551893;0.000000;0.000000;0.000000;0.000000;0.000000;10.551893
3845;192.000000;-50.000000;-14.000000;-7.095917;0.000000;0.000000;0.000000;0.000000;0.000000;7.095917
3846;192.000000;-50.000000;-10.000000;-3.639940;0.000000;0.000000;0.000000;0.000000;0.000000;3.639940
3847;192.000000;-50.000000;-6.000000;-0.183964;0.000000;0.000000;0.000000;0.000000;0.000000;0.183964
3848;192.000000;-50.000000;-2.000000;3.272012;0.000000;0.000000;0.000000;0.000000;0.000000;3.272012
3849;192.000000;-50.000000;2.000000;6.727988;0.000000;0.000000;0.000000;0.000000;0.000000;6.727988
3850;192.000000;-50.000000;6.000000;10.183964;0.000000;0.000000;0.000000;0.000000;0.000000;10.183964
3851;192.000000;-50.000000;10.000000;13.639940;0.000000;0.000000;0.000000;0.000000;0.000000;13.639940
3852;192.000000;-50.000000;14.000000;17.095917;0.000000;0.000000;0.000000;0.000000;0.000000;17.095917
3853;192.000000;-50.000000;18.000000;20.551893;0.000000;0.000000;0.000000;0.000000;0.000000;20.551893
3854;192.000000;-50.000000;22.000000;24.007869;0.000000;0.000000;0.000000;0.000000;0.000000;24.007869
3855;192.000000;-50.000000;26.000000;27.463845;0.000000;0.000000;0.000000;0.000000;0.000000;27.463845
3856;192.000000;-50.000000;30.000000;30.919821;0.000000;0.000000;0.000000;0.000000;0.000000;30.919821
3857;192.000000;-46.000000;-30.000000;-20.919821;0.000000;0.000000;0.000000;0.000000;0.000000;20.919821
3858;192.000000;-46.000000;30.000000;30.919821;0.000000;0.000000;0.000000;0.000000;0.000000;30.919821
3859;192.000000;-42.000000;-30.000000;-20.919821;0.000000;0.000000;0.000000;0.000000;0.000000;20.919821
3860;192.000000;-42.000000;30.000000;30.919821;0.000000;0.000000;0.000000;0.000000;0.000000;30.919821
3861;192.000000;-38.000000;-30.000000;-20.919821;0.000000;0.000000;0.000000;0.000000;0.000000;20.919821
3862;192.000000;-38.000000;30.000000;30.919821;0.000000;0.000000;0.000000;0.000000;0.000000;30.919821
3863;192.000000;-34.000000;-30.000000;-20.919821;0.000000;0.000000;0.000000;0.000000;0.000000;20.919821
3864;192.000000;-34.000000;30.000000;30.919821;0.000000;0.000000;0.000000;0.000000;0.000000;30.919821
3865;192.000000;-30.000000;-30.000000;-20.919821;0.000000;0.000000;0.000000;0.000000;0.000000;20.919821
3866;192.000000;-30.000000;30.000000;30.919821;0.000000;0.000000;0.000000;0.000000;0.000000;30.919821
3867;192.000000;-26.000000;-30.000000;-20.919821;0.000000;0.000000;0.000000;0.000000;0.000000;20.919821
3868;192.000000;-26.000000;30.000000;30.919821;0.000000;0.000000;0.000000;0.000000;0.000000;30.919821
3869;192.000000;-22.000000;-30.000000;-20.919821;0.000000;0.000000;0.000000;0.000000;0.000000;20.919821
3870;192.000000;-22.000000;30.000000;30.919821;0.000000;0.000000;0.000000;0.000000;0.000000;30.919821
3871;192.000000;-18.000000;-30.000000;-20.919821;0.000000;0.000000;0.000000;0.000000;0.000000;20.919821
3872;192.000000;-18.000000;30.000000;30.919821;0.000000;0.000000;0.000000;0.000000;0.000000;30.919821
3873;192.000000;-14.000000;-30.000000;-20.919821;0.000000;0.000000;0.000000;0.000000;0.000000;20.919821
3874;192.000000;-14.000000;30.000000;30.919821;0.000000;0.000000;0.000000;0.000000;0.000000;30.919821
3875;192.000000;-10.000000;-30.000000;-20.919821;0.000000;0.000000;0.000000;0.000000;0.000000;20.919821
3876;192.000000;-10.000000;30.000000;30.919821;0.000000;0.000000;0.000000;0.000000;0.000000;30.919821
3877;192.000000;-6.000000;-30.000000;-20.919821;0.000000;0.000000;0.000000;0.000000;0.000000;20.919821
3878;192.000000;-6.000000;30.000000;30.919821;0.000000;0.000000;0.000000;0.000000;0.000000;30.919821
3879;192.000000;-2.000000;-30.000000;-20.919821;0.000000;0.000000;0.000000;0.000000;0.000000;20.919821
3880;192.000000;-2.000000;30.000000;30.919821;0.000000;0.000000;0.000000;0.000000;0.000000;30.919821
3881;192.000000;2.000000;-30.000000;-20.919821;0.000000;0.000000;0.000000;0.000000;0.000000;20.919821
3882;192.000000;2.000000;30.000000;30.919821;0.000000;0.000000;0.000000;0.000000;0.000000;30.919821
3883;192.000000;6.000000;-30.000000;-20.919821;0.000000;0.000000;0.000000;0.000000;0.000000;20.919821
3884;192.000000;6.000000;30.000000;30.919821;0.000000;0.000000;0.000000;0.000000;0.000000;30.919821
3885;192.000000;10.000000;-30.000000;-20.919821;0.000000;0.000000;0.000000;0.000000;0.000000;20.919821
3886;192.000000;10.000000;30.000000;30.919821;0.000000;0.000000;0.000000;0.000000;0.000000;30.919821
3887;192.000000;14.000000;-30.000000;-20.919821;0.000000;0.000000;0.000000;0.000000;0.000000;20.919821
3888;192.000000;14.000000;30.000000;30.919821;0.000000;0.000000;0.000000;0.000000;0.000000;30.919821
3889;192.000000;18.000000;-30.000000;-20.919821;0.000000;0.000000;0.000000;0.000000;0.000000;20.919821
3890;192.000000;18.000000;30.000000;30.919821;0.000000;0.000000;0.000000;0.000000;0.000000;30.919821
3891;192.000000;22.000000;-30.000000;-20.919821;0.000000;0.000000;0.000000;0.000000;0.000000;20.919821
3892;192.000000;22.000000;30.000000;30.919821;0.000000;0.000000;0.000000;0.000000;0.000000;30.919821
3893;192.000000;26.000000;-30.000000;-20.919821;0.000000;0.000000;0.000000;0.000000;0.000000;20.919821
3894;192.000000;26.000000;30.000000;30.919821;0.000000;0.000000;0.000000;0.000000;0.000000;30.919821
3895;192.000000;30.000000;-30.000000;-20.919821;0.000000;0.000000;0.000000;0.000000;0.000000;20.919821
3896;192.000000;30.000000;30.000000;30.919821;0.000000;0.000000;0.000000;0.000000;0.000000;30.919821
3897;192.000000;34.000000;-30.000000;-20.919821;0.000000;0.000000;0.000000;0.000000;0.000000;20.919821
3898;192.000000;34.000000;30.000000;30.919821;0.000000;0.000000;0.000000;0.000000;0.000000;30.919821
3899;192.000000;38.000000;-30.000000;-20.919821;0.000000;0.000000;0.000000;0.000000;0.000000;20.919821
3900;192.000000;38.000000;30.000000;30.919821;0.000000;0.000000;0.000000;0.000000;0.000000;30.919821
3901;192.000000;42.000000;-30.000000;-20.919821;0.000000;0.000000;0.000000;0.000000;0.000000;20.919821
3902;192.000000;42.000000;30.000000;30.919821;0.000000;0.000000;0.000000;0.000000;0.000000;30.919821
3903;192.000000;46.000000;-30.000000;-20.919821;0.000000;0.000000;0.000000;0.000000;0.000000;20.919821
3904;192.000000;46.000000;30.000000;30.919821;0.000000;0.000000;0.000000;0.000000;0.000000;30.919821
3905;192.000000;50.000000;-30.000000;-20.919821;0.000000;0.000000;0.000000;0.000000;0.000000;20.919821
3906;192.000000;50.000000;-26.000000;-17.463845;0.000000;0.000000;0.000000;0.000000;0.000000;17.463845
3907;192.000000;50.000000;-22.000000;-14.007869;0.000000;0.000000;0.000000;0.000000;0.000000;14.007869
3908;192.000000;50.000000;-18.000000;-10.551893;0.000000;0.000000;0.000000;0.000000;0.000000;10.551893
3909;192.000000;50.000000;-14.000000;-7.095917;0.000000;0.000000;0.000000;0.000000;0.000000;7.095917
3910;192.000000;50.000000;-10.000000;-3.639940;0.000000;0.000000;0.000000;0.000000;0.000000;3.639940
3911;192.000000;50.000000;-6.000000;-0.183964;0.000000;0.000000;0.000000;0.000000;0.000000;0.183964
3912;192.000000;50.000000;-2.000000;3.272012;0.000000;0.000000;0.000000;0.000000;0.000000;3.272012
3913;192.000000;50.000000;2.000000;6.727988;0.000000;0.000000;0.000000;0.000000;0.000000;6.727988
3914;192.000000;50.000000;6.000000;10.183964;0.000000;0.000000;0.000000;0.000000;0.000000;10.183964
3915;192.000000;50.000000;10.000000;13.639940;0.000000;0.000000;0.000000;0.000000;0.000000;13.639940
3916;192.000000;50.000000;14.000000;17.095917;0.000000;0.000000;0.000000;0.000000;0.000000;17.095917
3917;192.000000;50.000000;18.000000;20.551893;0.000000;0.000000;0.000000;0.000000;0.000000;20.551893
3918;192.000000;50.000000;22.000000;24.007869;0.000000;0.000000;0.000000;0.000000;0.000000;24.007869
3919;192.000000;50.000000;26.000000;27.463845;0.000000;0.000000;0.000000;0.000000;0.000000;27.463845
3920;192.000000;50.000000;30.000000;30.919821;0.000000;0.000000;0.000000;0.000000;0.000000;30.919821
3921;196.000000;-50.000000;-30.000000;-20.421363;0.000000;0.000000;0.000000;0.000000;0.000000;20.421363
3922;196.000000;-50.000000;-26.000000;-17.031848;0.000000;0.000000;0.000000;0.000000;0.000000;17.031848
3923;196.000000;-50.000000;-22.000000;-13.642333;0.000000;0.000000;0.000000;0.000000;0.000000;13.642333
3924;196.000000;-50.000000;-18.000000;-10.252818;0.000000;0.000000;0.000000;0.000000;0.000000;10.252818
3925;196.000000;-50.000000;-14.000000;-6.863303;0.000000;0.000000;0.000000;0.000000;0.000000;6.863303
3926;196.000000;-50.000000;-10.000000;-3.473788;0.000000;0.000000;0.000000;0.000000;0.000000;3.473788
3927;196.000000;-50.000000;-6.000000;-0.084273;0.000000;0.000000;0.000000;0.000000;0.000000;0.084273
3928;196.000000;-50.000000;-2.000000;3.305242;0.000000;0.000000;0.000000;0.000000;0.000000;3.305242
3929;196.000000;-50.000000;2.000000;6.694758;0.000000;0.000000;0.000000;0.000000;0.000000;6.694758
3930;196.000000;-50.000000;6.000000;10.084273;0.000000;0.000000;0.000000;0.000000;0.000000;10.084273
3931;196.000000;-50.000000;10.000000;13.473788;0.000000;0.000000;0.000000;0.000000;0.000000;13.473788
3932;196.000000;-50.000000;14.000000;16.863303;0.000000;0.000000;0.000000;0.000000;0.000000;16.863303
3933;196.000000;-50.000000;18.000000;20.252818;0.000000;0.000000;0.000000;0.000000;0.000000;20.252818
3934;196.000000;-50.000000;22.000000;23.642333;0.000000;0.000000;0.000000;0.000000;0.000000;23.642333
3935;196.000000;-50.000000;26.000000;27.031848;0.000000;0.000000;0.000000;0.000000;0.000000;27.031848
3936;196.000000;-50.000000;30.000000;30.421363;0.000000;0.000000;0.000000;0.000000;0.000000;30.421363
3937;196.000000;-46.000000;-30.000000;-20.421363;0.000000;0.000000;0.000000;0.000000;0.000000;20.421363
3938;196.000000;-46.000000;30.000000;30.421363;0.000000;0.000000;0.000000;0.000000;0.000000;30.421363
3939;196.000000;-42.000000;-30.000000;-20.421363;0.000000;0.000000;0.000000;0.000000;0.000000;20.421363
3940;196.000000;-42.000000;30.000000;30.421363;0.000000;0.000000;0.000000;0.000000;0.000000;30.421363
3941;196.000000;-38.000000;-30.000000;-20.421363;0.000000;0.000000;0.000000;0.000000;0.000000;20.421363
3942;196.000000;-38.000000;30.000000;30.421363;0.000000;0.000000;0.000000;0.000000;0.000000;30.421363
3943;196.000000;-34.000000;-30.000000;-20.421363;0.000000;0.000000;0.000000;0.000000;0.000000;20.421363
3944;196.000000;-34.000000;30.000000;30.421363;0.000000;0.000000;0.000000;0.000000;0.000000;30.421363
3945;196.000000;-30.000000;-30.000000;-20.421363;0.000000;0.000000;0.000000;0.000000;0.000000;20.421363
3946;196.000000;-30.000000;30.000000;30.421363;0.000000;0.000000;0.000000;0.000000;0.000000;30.421363
3947;196.000000;-26.000000;-30.000000;-20.421363;0.000000;0.000000;0.000000;0.000000;0.000000;20.421363
3948;196.000000;-26.000000;30.000000;30.421363;0.000000;0.000000;0.000000;0.000000;0.000000;30.421363
3949;196.000000;-22.000000;-30.000000;-20.421363;0.000000;0.000000;0.000000;0.000000;0.000000;20.421363
3950;196.000000;-22.000000;30.000000;30.421363;0.000000;0.000000;0.000000;0.000000;0.000000;30.421363
3951;196.000000;-18.000000;-30.000000;-20.421363;0.000000;0.000000;0.000000;0.000000;0.000000;20.421363
3952;196.000000;-18.000000;30.000000;30.421363;0.000000;0.000000;0.000000;0.000000;0.000000;30.421363
3953;196.000000;-14.000000;-30.000000;-20.421363;0.000000;0.000000;0.000000;0.000000;0.000000;20.421363
3954;196.000000;-14.000000;30.000000;30.421363;0.000000;0.000000;0.000000;0.000000;0.000000;30.421363
3955;196.000000;-10.000000;-30.000000;-20.421363;0.000000;0.000000;0.000000;0.000000;0.000000;20.421363
3956;196.000000;-10.000000;30.000000;30.421363;0.000000;0.000000;0.000000;0.000000;0.000000;30.421363
3957;196.000000;-6.000000;-30.000000;-20.421363;0.000000;0.000000;0.000000;0.000000;0.000000;20.421363
3958;196.000000;-6.000000;30.000000;30.421363;0.000000;0.000000;0.000000;0.000000;0.000000;30.421363
3959;196.000000;-2.000000;-30.000000;-20.421363;0.000000;0.000000;0.000000;0.000000;0.000000;20.421363
3960;196.000000;-2.000000;30.000000;30.421363;0.000000;0.000000;0.000000;0.000000;0.000000;30.421363
3961;196.000000;2.000000;-30.000000;-20.421363;0.000000;0.000000;0.000000;0.000000;0.000000;20.421363
3962;196.000000;2.000000;30.000000;30.421363;0.000000;0.000000;0.000000;0.000000;0.000000;30.421363
3963;196.000000;6.000000;-30.000000;-20.421363;0.000000;0.000000;0.000000;0.000000;0.000000;20.421363
3964;196.000000;6.000000;30.000000;30.421363;0.000000;0.000000;0.000000;0.000000;0.000000;30.421363
3965;196.000000;10.000000;-30.000000;-20.421363;0.000000;0.000000;0.000000;0.000000;0.000000;20.421363
3966;196.000000;10.000000;30.000000;30.421363;0.000000;0.000000;0.000000;0.000000;0.000000;30.421363
3967;196.000000;14.000000;-30.000000;-20.421363;0.000000;0.000000;0.000000;0.000000;0.000000;20.421363
3968;196.000000;14.000000;30.000000;30.421363;0.000000;0.000000;0.000000;0.000000;0.000000;30.421363
3969;196.000000;18.000000;-30.000000;-20.421363;0.000000;0.000000;0.000000;0.000000;0.000000;20.421363
3970;196.000000;18.000000;30.000000;30.421363;0.000000;0.000000;0.000000;0.000000;0.000000;30.421363
3971;196.000000;22.000000;-30.000000;-20.421363;0.000000;0.000000;0.000000;0.000000;0.000000;20.421363
3972;196.000000;22.000000;30.000000;30.421363;0.000000;0.000000;0.000000;0.000000;0.000000;30.421363
3973;196.000000;26.000000;-30.000000;-20.421363;0.000000;0.000000;0.000000;0.000000;0.000000;20.421363
3974;196.000000;26.000000;30.000000;30.421363;0.000000;0.000000;0.000000;0.000000;0.000000;30.421363
3975;196.000000;30.000000;-30.000000;-20.421363;0.000000;0.000000;0.000000;0.000000;0.000000;20.421363
3976;196.000000;30.000000;30.000000;30.421363;0.000000;0.000000;0.000000;0.000000;0.000000;30.421363
3977;196.000000;34.000000;-30.000000;-20.421363;0.000000;0.000000;0.000000;0.000000;0.000000;20.421363
3978;196.000000;34.000000;30.000000;30.421363;0.000000;0.000000;0.000000;0.000000;0.000000;30.421363
3979;196.000000;38.000000;-30.000000;-20.421363;0.000000;0.000000;0.000000;0.000000;0.000000;20.421363
3980;196.000000;38.000000;30.000000;30.421363;0.000000;0.000000;0.000000;0.000000;0.000000;30.421363
3981;196.000000;42.000000;-30.000000;-20.421363;0.000000;0.000000;0.000000;0.000000;0.000000;20.421363
3982;196.000000;42.000000;30.000000;30.421363;0.000000;0.000000;0.000000;0.000000;0.000000;30.421363
3983;196.000000;46.000000;-30.000000;-20.421363;0.000000;0.000000;0.000000;0.000000;0.000000;20.421363
3984;196.000000;46.000000;30.000000;30.421363;0.000000;0.000000;0.000000;0.000000;0.000000;30.421363
3985;196.000000;50.000000;-30.000000;-20.421363;0.000000;0.000000;0.000000;0.000000;0.000000;20.421363
3986;196.000000;50.000000;-26.000000;-17.031848;0.000000;0.000000;0.000000;0.000000;0.000000;17.031848
3987;196.000000;50.000000;-22.000000;-13.642333;0.000000;0.000000;0.000000;0.000000;0.000000;13.642333
3988;196.000000;50.000000;-18.000000;-10.252818;0.000000;0.000000;0.000000;0.000000;0.000000;10.252818
3989;196.000000;50.000000;-14.000000;-6.863303;0.000000;0.000000;0.000000;0.000000;0.000000;6.863303
3990;196.000000;50.000000;-10.000000;-3.473788;0.000000;0.000000;0.000000;0.000000;0.000000;3.473788
3991;196.000000;50.000000;-6.000000;-0.084273;0.000000;0.000000;0.000000;0.000000;0.000000;0.084273
3992;196.000000;50.000000;-2.000000;3.305242;0.000000;0.000000;0.000000;0.000000;0.000000;3.305242
3993;196.000000;50.000000;2.000000;6.694758;0.000000;0.000000;0.000000;0.000000;0.000000;6.694758
3994;196.000000;50.000000;6.000000;10.084273;0.000000;0.000000;0.000000;0.000000;0.000000;10.084273
3995;196.000000;50.000000;10.000000;13.473788;0.000000;0.000000;0.000000;0.000000;0.000000;13.473788
3996;196.000000;50.000000;14.000000;16.863303;0.000000;0.000000;0.000000;0.000000;0.000000;16.863303
3997;196.000000;50.000000;18.000000;20.252818;0.000000;0.000000;0.000000;0.000000;0.000000;20.252818
3998;196.000000;50.000000;22.000000;23.642333;0.000000;0.000000;0.000000;0.000000;0.000000;23.642333
3999;196.000000;50.000000;26.000000;27.031848;0.000000;0.000000;0.000000;0.000000;0.000000;27.031848
4000;196.000000;50.000000;30.000000;30.421363;0.000000;0.000000;0.000000;0.000000;0.000000;30.421363
4001;200.000000;-50.000000;-30.000000;-19.922905;0.000000;0.000000;0.000000;0.000000;0.000000;19.922905
4002;200.000000;-50.000000;-26.000000;-16.599851;0.000000;0.000000;0.000000;0.000000;0.000000;16.599851
4003;200.000000;-50.000000;-22.000000;-13.276797;0.000000;0.000000;0.000000;0.000000;0.000000;13.276797
4004;200.000000;-50.000000;-18.000000;-9.953743;0.000000;0.000000;0.000000;0.000000;0.000000;9.953743
4005;200.000000;-50.000000;-14.000000;-6.630689;0.000000;0.000000;0.000000;0.000000;0.000000;6.630689
4006;200.000000;-50.000000;-10.000000;-3.307635;0.000000;0.000000;0.000000;0.000000;0.000000;3.307635
4007;200.000000;-50.000000;-6.000000;0.015419;0.000000;0.000000;0.000000;0.000000;0.000000;0.015419
4008;200.000000;-50.000000;-2.000000;3.338473;0.000000;0.000000;0.000000;0.000000;0.000000;3.338473
4009;200.000000;-50.000000;2.000000;6.661527;0.000000;0.000000;0.000000;0.000000;0.000000;6.661527
4010;200.000000;-50.000000;6.000000;9.984581;0.000000;0.000000;0.000000;0.000000;0.000000;9.984581
4011;200.000000;-50.000000;10.000000;13.307635;0.000000;0.000000;0.000000;0.000000;0.000000;13.307635
4012;200.000000;-50.000000;14.000000;16.630689;0.000000;0.000000;0.000000;0.000000;0.000000;16.630689
4013;200.000000;-50.000000;18.000000;19.953743;0.000000;0.000000;0.000000;0.000000;0.000000;19.953743
4014;200.000000;-50.000000;22.000000;23.276797;0.000000;0.000000;0.000000;0.000000;0.000000;23.276797
4015;200.000000;-50.000000;26.000000;26.599851;0.000000;0.000000;0.000000;0.000000;0.000000;26.599851
4016;200.000000;-50.000000;30.000000;29.922905;0.000000;0.000000;0.000000;0.000000;0.000000;29.922905
4017;200.000000;-46.000000;-30.000000;-19.922905;0.000000;0.000000;0.000000;0.000000;0.000000;19.922905
4018;200.000000;-46.000000;30.000000;29.922905;0.000000;0.000000;0.000000;0.000000;0.000000;29.922905
4019;200.000000;-42.000000;-30.000000;-19.922905;0.000000;0.000000;0.000000;0.000000;0.000000;19.922905
4020;200.000000;-42.000000;30.000000;29.922905;0.000000;0.000000;0.000000;0.000000;0.000000;29.922905
4021;200.000000;-38.000000;-30.000000;-19.922905;0.000000;0.000000;0.000000;0.000000;0.000000;19.922905
4022;200.000000;-38.000000;30.000000;29.922905;0.000000;0.000000;0.000000;0.000000;0.000000;29.922905
4023;200.000000;-34.000000;-30.000000;-19.922905;0.000000;0.000000;0.000000;0.000000;0.000000;19.922905
4024;200.000000;-34.000000;30.000000;29.922905;0.000000;0.000000;0.000000;0.000000;0.000000;29.922905
4025;200.000000;-30.000000;-30.000000;-19.922905;0.000000;0.000000;0.000000;0.000000;0.000000;19.922905
4026;200.000000;-30.000000;30.000000;29.922905;0.000000;0.000000;0.000000;0.000000;0.000000;29.922905
4027;200.000000;-26.000000;-30.000000;-19.922905;0.000000;0.000000;0.000000;0.000000;0.000000;19.922905
4028;200.000000;-26.000000;30.000000;29.922905;0.000000;0.000000;0.000000;0.000000;0.000000;29.922905
4029;200.000000;-22.000000;-30.000000;-19.922905;0.000000;0.000000;0.000000;0.000000;0.000000;19.922905
4030;200.000000;-22.000000;30.000000;29.922905;0.000000;0.000000;0.000000;0.000000;0.000000;29.922905
4031;200.000000;-18.000000;-30.000000;-19.922905;0.000000;0.000000;0.000000;0.000000;0.000000;19.922905
4032;200.000000;-18.000000;30.000000;29.922905;0.000000;0.000000;0.000000;0.000000;0.000000;29.922905
4033;200.000000;-14.000000;-30.000000;-19.922905;0.000000;0.000000;0.000000;0.000000;0.000000;19.922905
4034;200.000000;-14.000000;30.000000;29.922905;0.000000;0.000000;0.000000;0.000000;0.000000;29.922905
4035;200.000000;-10.000000;-30.000000;-19.922905;0.000000;0.000000;0.000000;0.000000;0.000000;19.922905
4036;200.000000;-10.000000;30.000000;29.922905;0.000000;0.000000;0.000000;0.000000;0.000000;29.922905
4037;200.000000;-6.000000;-30.000000;-19.922905;0.000000;0.000000;0.000000;0.000000;0.000000;19.922905
4038;200.000000;-6.000000;30.000000;29.922905;0.000000;0.000000;0.000000;0.000000;0.000000;29.922905
4039;200.000000;-2.000000;-30.000000;-19.922905;0.000000;0.000000;0.000000;0.000000;0.000000;19.922905
4040;200.000000;-2.000000;30.000000;29.922905;0.000000;0.000000;0.000000;0.000000;0.000000;29.922905
4041;200.000000;2.000000;-30.000000;-19.922905;0.000000;0.000000;0.000000;0.000000;0.000000;19.922905
4042;200.000000;2.000000;30.000000;29.922905;0.000000;0.000000;0.000000;0.000000;0.000000;29.922905
4043;200.000000;6.000000;-30.000000;-19.922905;0.000000;0.000000;0.000000;0.000000;0.000000;19.922905
4044;200.000000;6.000000;30.000000;29.922905;0.000000;0.000000;0.000000;0.000000;0.000000;29.922905
4045;200.000000;10.000000;-30.000000;-19.922905;0.000000;0.000000;0.000000;0.000000;0.000000;19.922905
4046;200.000000;10.000000;30.000000;29.922905;0.000000;0.000000;0.000000;0.000000;0.000000;29.922905
4047;200.000000;14.000000;-30.000000;-19.922905;0.000000;0.000000;0.000000;0.000000;0.000000;19.922905
4048;200.000000;14.000000;30.000000;29.922905;0.000000;0.000000;0.000000;0.000000;0.000000;29.922905
4049;200.000000;18.000000;-30.000000;-19.922905;0.000000;0.000000;0.000000;0.000000;0.000000;19.922905
4050;200.000000;18.000000;30.000000;29.922905;0.000000;0.000000;0.000000;0.000000;0.000000;29.922905
4051;200.000000;22.000000;-30.000000;-19.922905;0.000000;0.000000;0.000000;0.000000;0.000000;19.922905
4052;200.000000;22.000000;30.000000;29.922905;0.000000;0.000000;0.000000;0.000000;0.000000;29.922905
4053;200.000000;26.000000;-30.000000;-19.922905;0.000000;0.000000;0.000000;0.000000;0.000000;19.922905
4054;200.000000;26.000000;30.000000;29.922905;0.000000;0.000000;0.000000;0.000000;0.000000;29.922905
4055;200.000000;30.000000;-30.000000;-19.922905;0.000000;0.000000;0.000000;0.000000;0.000000;19.922905
4056;200.000000;30.000000;30.000000;29.922905;0.000000;0.000000;0.000000;0.000000;0.000000;29.922905
4057;200.000000;34.000000;-30.000000;-19.922905;0.000000;0.000000;0.000000;0.000000;0.000000;19.922905
4058;200.000000;34.000000;30.000000;29.922905;0.000000;0.000000;0.000000;0.000000;0.000000;29.922905
4059;200.000000;38.000000;-30.000000;-19.922905;0.000000;0.000000;0.000000;0.000000;0.000000;19.922905
4060;200.000000;38.000000;30.000000;29.922905;0.000000;0.000000;0.000000;0.000000;0.000000;29.922905
4061;200.000000;42.000000;-30.000000;-19.922905;0.000000;0.000000;0.000000;0.000000;0.000000;19.922905
4062;200.000000;42.000000;30.000000;29.922905;0.000000;0.000000;0.000000;0.000000;0.000000;29.922905
4063;200.000000;46.000000;-30.000000;-19.922905;0.000000;0.000000;0.000000;0.000000;0.000000;19.922905
4064;200.000000;46.000000;30.000000;29.922905;0.000000;0.000000;0.000000;0.000000;0.000000;29.922905
4065;200.000000;50.000000;-30.000000;-19.922905;0.000000;0.000000;0.000000;0.000000;0.000000;19.922905
4066;200.000000;50.000000;-26.000000;-16.599851;0.000000;0.000000;0.000000;0.000000;0.000000;16.599851
4067;200.000000;50.000000;-22.000000;-13.276797;0.000000;0.000000;0.000000;0.000000;0.000000;13.276797
4068;200.000000;50.000000;-18.000000;-9.953743;0.000000;0.000000;0.000000;0.000000;0.000000;9.953743
4069;200.000000;50.000000;-14.000000;-6.630689;0.000000;0.000000;0.000000;0.000000;0.000000;6.630689
4070;200.000000;50.000000;-10.000000;-3.307635;0.000000;0.000000;0.000000;0.000000;0.000000;3.307635
4071;200.000000;50.000000;-6.000000;0.015419;0.000000;0.000000;0.000000;0.000000;0.000000;0.015419
4072;200.000000;50.000000;-2.000000;3.338473;0.000000;0.000000;0.000000;0.000000;0.000000;3.338473
4073;200.000000;50.000000;2.000000;6.661527;0.000000;0.000000;0.000000;0.000000;0.000000;6.661527
4074;200.000000;50.000000;6.000000;9.984581;0.000000;0.000000;0.000000;0.000000;0.000000;9.984581
4075;200.000000;50.000000;10.000000;13.307635;0.000000;0.000000;0.000000;0.000000;0.000000;13.307635
4076;200.000000;50.000000;14.000000;16.630689;0.000000;0.000000;0.000000;0.000000;0.000000;16.630689
4077;200.000000;50.000000;18.000000;19.953743;0.000000;0.000000;0.000000;0.000000;0.000000;19.953743
4078;200.000000;50.000000;22.000000;23.276797;0.000000;0.000000;0.000000;0.000000;0.000000;23.276797
4079;200.000000;50.000000;26.000000;26.599851;0.000000;0.000000;0.000000;0.000000;0.000000;26.599851
4080;200.000000;50.000000;30.000000;29.922905;0.000000;0.000000;0.000000;0.000000;0.000000;29.922905
4081;204.000000;-50.000000;-30.000000;-19.424447;0.000000;0.000000;0.000000;0.000000;0.000000;19.424447
4082;204.000000;-50.000000;-26.000000;-16.167854;0.000000;0.000000;0.000000;0.000000;0.000000;16.167854
4083;204.000000;-50.000000;-22.000000;-12.911261;0.000000;0.000000;0.000000;0.000000;0.000000;12.911261
4084;204.000000;-50.000000;-18.000000;-9.654668;0.000000;0.000000;0.000000;0.000000;0.000000;9.654668
4085;204.000000;-50.000000;-14.000000;-6.398075;0.000000;0.000000;0.000000;0.000000;0.000000;6.398075
4086;204.000000;-50.000000;-10.000000;-3.141482;0.000000;0.000000;0.000000;0.000000;0.000000;3.141482
4087;204.000000;-50.000000;-6.000000;0.115111;0.000000;0.000000;0.000000;0.000000;0.000000;0.115111
4088;204.000000;-50.000000;-2.000000;3.371704;0.000000;0.000000;0.000000;0.000000;0.000000;3.371704
4089;204.000000;-50.000000;2.000000;6.628296;0.000000;0.000000;0.000000;0.000000;0.000000;6.628296
4090;204.000000;-50.000000;6.000000;9.884889;0.000000;0.000000;0.000000;0.000000;0.000000;9.884889
4091;204.000000;-50.000000;10.000000;13.141482;0.000000;0.000000;0.000000;0.000000;0.000000;13.141482
4092;204.000000;-50.000000;14.000000;16.398075;0.000000;0.000000;0.000000;0.000000;0.000000;16.398075
4093;204.000000;-50.000000;18.000000;19.654668;0.000000;0.000000;0.000000;0.000000;0.000000;19.654668
4094;204.000000;-50.000000;22.000000;22.911261;0.000000;0.000000;0.000000;0.000000;0.000000;22.911261
4095;204.000000;-50.000000;26.000000;26.167854;0.000000;0.000000;0.000000;0.000000;0.000000;26.167854
4096;204.000000;-50.000000;30.000000;29.424447;0.000000;0.000000;0.000000;0.000000;0.000000;29.424447
4097;204.000000;-46.000000;-30.000000;-19.424447;0.000000;0.000000;0.000000;0.000000;0.000000;19.424447
4098;204.000000;-46.000000;30.000000;29.424447;0.000000;0.000000;0.000000;0.000000;0.000000;29.424447
4099;204.000000;-42.000000;-30.000000;-19.424447;0.000000;0.000000;0.000000;0.000000;0.000000;19.424447
4100;204.000000;-42.000000;30.000000;29.424447;0.000000;0.000000;0.000000;0.000000;0.000000;29.424447
4101;204.000000;-38.000000;-30.000000;-19.424447;0.000000;0.000000;0.000000;0.000000;0.000000;19.424447
4102;204.000000;-38.000000;30.000000;29.424447;0.000000;0.000000;0.000000;0.000000;0.000000;29.424447
4103;204.000000;-34.000000;-30.000000;-19.424447;0.000000;0.000000;0.000000;0.000000;0.000000;19.424447
4104;204.000000;-34.000000;30.000000;29.424447;0.000000;0.000000;0.000000;0.000000;0.000000;29.424447
4105;204.000000;-30.000000;-30.000000;-19.424447;0.000000;0.000000;0.000000;0.000000;0.000000;19.424447
4106;204.000000;-30.000000;30.000000;29.424447;0.000000;0.000000;0.000000;0.000000;0.000000;29.424447
4107;204.000000;-26.000000;-30.000000;-19.424447;0.000000;0.000000;0.000000;0.000000;0.000000;19.424447
4108;204.000000;-26.000000;30.000000;29.424447;0.000000;0.000000;0.000000;0.000000;0.000000;29.424447
4109;204.000000;-22.000000;-30.000000;-19.424447;0.000000;0.000000;0.000000;0.000000;0.000000;19.424447
4110;204.000000;-22.000000;30.000000;29.424447;0.000000;0.000000;0.000000;0.000000;0.000000;29.424447
4111;204.000000;-18.000000;-30.000000;-19.424447;0.000000;0.000000;0.000000;0.000000;0.000000;19.424447
4112;204.000000;-18.000000;30.000000;29.424447;0.000000;0.000000;0.000000;0.000000;0.000000;29.424447
4113;204.000000;-14.000000;-30.000000;-19.424447;0.000000;0.000000;0.000000;0.000000;0.000000;19.424447
4114;204.000000;-14.000000;30.000000;29.424447;0.000000;0.000000;0.000000;0.000000;0.000000;29.424447
4115;204.000000;-10.000000;-30.000000;-19.424447;0.000000;0.000000;0.000000;0.000000;0.000000;19.424447
4116;204.000000;-10.000000;30.000000;29.424447;0.000000;0.000000;0.000000;0.000000;0.000000;29.424447
4117;204.000000;-6.000000;-30.000000;-19.424447;0.000000;0.000000;0.000000;0.000000;0.000000;19.424447
4118;204.000000;-6.000000;30.000000;29.424447;0.000000;0.000000;0.000000;0.000000;0.000000;29.424447
4119;204.000000;-2.000000;-30.000000;-19.424447;0.000000;0.000000;0.000000;0.000000;0.000000;19.424447
4120;204.000000;-2.000000;30.000000;29.424447;0.000000;0.000000;0.000000;0.000000;0.000000;29.424447
4121;204.000000;2.000000;-30.000000;-19.424447;0.000000;0.000000;0.000000;0.000000;0.000000;19.424447
4122;204.000000;2.000000;30.000000;29.424447;0.000000;0.000000;0.000000;0.000000;0.000000;29.424447
4123;204.000000;6.000000;-30.000000;-19.424447;0.000000;0.000000;0.000000;0.000000;0.000000;19.424447
4124;204.000000;6.000000;30.000000;29.424447;0.000000;0.000000;0.000000;0.000000;0.000000;29.424447
4125;204.000000;10.000000;-30.000000;-19.424447;0.000000;0.000000;0.000000;0.000000;0.000000;19.424447
4126;204.000000;10.000000;30.000000;29.424447;0.000000;0.000000;0.000000;0.000000;0.000000;29.424447
4127;204.000000;14.000000;-30.000000;-19.424447;0.000000;0.000000;0.000000;0.000000;0.000000;19.424447
4128;204.000000;14.000000;30.000000;29.424447;0.000000;0.000000;0.000000;0.000000;0.000000;29.424447
4129;204.000000;18.000000;-30.000000;-19.424447;0.000000;0.000000;0.000000;0.000000;0.000000;19.424447
4130;204.000000;18.000000;30.000000;29.424447;0.000000;0.000000;0.000000;0.000000;0.000000;29.424447
4131;204.000000;22.000000;-30.000000;-19.424447;0.000000;0.000000;0.000000;0.000000;0.000000;19.424447
4132;204.000000;22.000000;30.000000;29.424447;0.000000;0.000000;0.000000;0.000000;0.000000;29.424447
4133;204.000000;26.000000;-30.000000;-19.424447;0.000000;0.000000;0.000000;0.000000;0.000000;19.424447
4134;204.000000;26.000000;30.000000;29.424447;0.000000;0.000000;0.000000;0.000000;0.000000;29.424447
4135;204.000000;30.000000;-30.000000;-19.424447;0.000000;0.000000;0.000000;0.000000;0.000000;19.424447
4136;204.000000;30.000000;30.000000;29.424447;0.000000;0.000000;0.000000;0.000000;0.000000;29.424447
4137;204.000000;34.000000;-30.000000;-19.424447;0.000000;0.000000;0.000000;0.000000;0.000000;19.424447
4138;204.000000;34.000000;30.000000;29.424447;0.000000;0.000000;0.000000;0.000000;0.000000;29.424447
4139;204.000000;38.000000;-30.000000;-19.424447;0.000000;0.000000;0.000000;0.000000;0.000000;19.424447
4140;204.000000;38.000000;30.000000;29.424447;0.000000;0.000000;0.000000;0.000000;0.000000;29.424447
4141;204.000000;42.000000;-30.000000;-19.424447;0.000000;0.000000;0.000000;0.000000;0.000000;19.424447
4142;204.000000;42.000000;30.000000;29.424447;0.000000;0.000000;0.000000;0.000000;0.000000;29.424447
4143;204.000000;46.000000;-30.000000;-19.424447;0.000000;0.000000;0.000000;0.000000;0.000000;19.424447
4144;204.000000;46.000000;30.000000;29.424447;0.000000;0.000000;0.000000;0.000000;0.000000;29.424447
4145;204.000000;50.000000;-30.000000;-19.424447;0.000000;0.000000;0.000000;0.000000;0.000000;19.424447
4146;204.000000;50.000000;-26.000000;-16.167854;0.000000;0.000000;0.000000;0.000000;0.000000;16.167854
4147;204.000000;50.000000;-22.000000;-12.911261;0.000000;0.000000;0.000000;0.000000;0.000000;12.911261
4148;204.000000;50.000000;-18.000000;-9.654668;0.000000;0.000000;0.000000;0.000000;0.000000;9.654668
4149;204.000000;50.000000;-14.000000;-6.398075;0.000000;0.000000;0.000000;0.000000;0.000000;6.398075
4150;204.000000;50.000000;-10.000000;-3.141482;0.000000;0.000000;0.000000;0.000000;0.000000;3.141482
4151;204.000000;50.000000;-6.000000;0.115111;0.000000;0.000000;0.000000;0.000000;0.000000;0.115111
4152;204.000000;50.000000;-2.000000;3.371704;0.000000;0.000000;0.000000;0.000000;0.000000;3.371704
4153;204.000000;50.000000;2.000000;6.628296;0.000000;0.000000;0.000000;0.000000;0.000000;6.628296
4154;204.000000;50.000000;6.000000;9.884889;0.000000;0.000000;0.000000;0.000000;0.000000;9.884889
4155;204.000000;50.000000;10.000000;13.141482;0.000000;0.000000;0.000000;0.000000;0.000000;13.141482
4156;204.000000;50.000000;14.000000;16.398075;0.000000;0.000000;0.000000;0.000000;0.000000;16.398075
4157;204.000000;50.000000;18.000000;19.654668;0.000000;0.000000;0.000000;0.000000;0.000000;19.654668
4158;204.000000;50.000000;22.000000;22.911261;0.000000;0.000000;0.000000;0.000000;0.000000;22.911261
4159;204.000000;50.000000;26.000000;26.167854;0.000000;0.000000;0.000000;0.000000;0.000000;26.167854
4160;204.000000;50.000000;30.000000;29.424447;0.000000;0.000000;0.000000;0.000000;0.000000;29.424447
4161;208.000000;-50.000000;-30.000000;-18.925989;0.000000;0.000000;0.000000;0.000000;0.000000;18.925989
4162;208.000000;-50.000000;-26.000000;-15.735857;0.000000;0.000000;0.000000;0.000000;0.000000;15.735857
4163;208.000000;-50.000000;-22.000000;-12.545725;0.000000;0.000000;0.000000;0.000000;0.000000;12.545725
4164;208.000000;-50.000000;-18.000000;-9.355593;0.000000;0.000000;0.000000;0.000000;0.000000;9.355593
4165;208.000000;-50.000000;-14.000000;-6.165462;0.000000;0.000000;0.000000;0.000000;0.000000;6.165462
4166;208.000000;-50.000000;-10.000000;-2.975330;0.000000;0.000000;0.000000;0.000000;0.000000;2.975330
4167;208.000000;-50.000000;-6.000000;0.214802;0.000000;0.000000;0.000000;0.000000;0.000000;0.214802
4168;208.000000;-50.000000;-2.000000;3.404934;0.000000;0.000000;0.000000;0.000000;0.000000;3.404934
4169;208.000000;-50.000000;2.000000;6.595066;0.000000;0.000000;0.000000;0.000000;0.000000;6.595066
4170;208.000000;-50.000000;6.000000;9.785198;0.000000;0.000000;0.000000;0.000000;0.000000;9.785198
4171;208.000000;-50.000000;10.000000;12.975330;0.000000;0.000000;0.000000;0.000000;0.000000;12.975330
4172;208.000000;-50.000000;14.000000;16.165462;0.000000;0.000000;0.000000;0.000000;0.000000;16.165462
4173;208.000000;-50.000000;18.000000;19.355593;0.000000;0.000000;0.000000;0.000000;0.000000;19.355593
4174;208.000000;-50.000000;22.000000;22.545725;0.000000;0.000000;0.000000;0.000000;0.000000;22.545725
4175;208.000000;-50.000000;26.000000;25.735857;0.000000;0.000000;0.000000;0.000000;0.000000;25.735857
4176;208.000000;-50.000000;30.000000;28.925989;0.000000;0.000000;0.000000;0.000000;0.000000;28.925989
4177;208.000000;-46.000000;-30.000000;-18.925989;0.000000;0.000000;0.000000;0.000000;0.000000;18.925989
4178;208.000000;-46.000000;30.000000;28.925989;0.000000;0.000000;0.000000;0.000000;0.000000;28.925989
4179;208.000000;-42.000000;-30.000000;-18.925989;0.000000;0.000000;0.000000;0.000000;0.000000;18.925989
4180;208.000000;-42.000000;30.000000;28.925989;0.000000;0.000000;0.000000;0.000000;0.000000;28.925989
4181;208.000000;-38.000000;-30.000000;-18.925989;0.000000;0.000000;0.000000;0.000000;0.000000;18.925989
4182;208.000000;-38.000000;30.000000;28.925989;0.000000;0.000000;0.000000;0.000000;0.000000;28.925989
4183;208.000000;-34.000000;-30.000000;-18.925989;0.000000;0.000000;0.000000;0.000000;0.000000;18.925989
4184;208.000000;-34.000000;30.000000;28.925989;0.000000;0.000000;0.000000;0.000000;0.000000;28.925989
4185;208.000000;-30.000000;-30.000000;-18.925989;0.000000;0.000000;0.000000;0.000000;0.000000;18.925989
4186;208.000000;-30.000000;30.000000;28.925989;0.000000;0.000000;0.000000;0.000000;0.000000;28.925989
4187;208.000000;-26.000000;-30.000000;-18.925989;0.000000;0.000000;0.000000;0.000000;0.000000;18.925989
4188;208.000000;-26.000000;30.000000;28.925989;0.000000;0.000000;0.000000;0.000000;0.000000;28.925989
4189;208.000000;-22.000000;-30.000000;-18.925989;0.000000;0.000000;0.000000;0.000000;0.000000;18.925989
4190;208.000000;-22.000000;30.000000;28.925989;0.000000;0.000000;0.000000;0.000000;0.000000;28.925989
4191;208.000000;-18.000000;-30.000000;-18.925989;0.000000;0.000000;0.000000;0.000000;0.000000;18.925989
4192;208.000000;-18.000000;30.000000;28.925989;0.000000;0.000000;0.000000;0.000000;0.000000;28.925989
4193;208.000000;-14.000000;-30.000000;-18.925989;0.000000;0.000000;0.000000;0.000000;0.000000;18.925989
4194;208.000000;-14.000000;30.000000;28.925989;0.000000;0.000000;0.000000;0.000000;0.000000;28.925989
4195;208.000000;-10.000000;-30.000000;-18.925989;0.000000;0.000000;0.000000;0.000000;0.000000;18.925989
4196;208.000000;-10.000000;30.000000;28.925989;0.000000;0.000000;0.000000;0.000000;0.000000;28.925989
4197;208.000000;-6.000000;-30.000000;-18.925989;0.000000;0.000000;0.000000;0.000000;0.000000;18.925989
4198;208.000000;-6.000000;30.000000;28.925989;0.000000;0.000000;0.000000;0.000000;0.000000;28.925989
4199;208.000000;-2.000000;-30.000000;-18.925989;0.000000;0.000000;0.000000;0.000000;0.000000;18.925989
4200;208.000000;-2.000000;30.000000;28.925989;0.000000;0.000000;0.000000;0.000000;0.000000;28.925989
4201;208.000000;2.000000;-30.000000;-18.925989;0.000000;0.000000;0.000000;0.000000;0.000000;18.925989
4202;208.000000;2.000000;30.000000;28.925989;0.000000;0.000000;0.000000;0.000000;0.000000;28.925989
4203;208.000000;6.000000;-30.000000;-18.925989;0.000000;0.000000;0.000000;0.000000;0.000000;18.925989
4204;208.000000;6.000000;30.000000;28.925989;0.000000;0.000000;0.000000;0.000000;0.000000;28.925989
4205;208.000000;10.000000;-30.000000;-18.925989;0.000000;0.000000;0.000000;0.000000;0.000000;18.925989
4206;208.000000;10.000000;30.000000;28.925989;0.000000;0.000000;0.000000;0.000000;0.000000;28.925989
4207;208.000000;14.000000;-30.000000;-18.925989;0.000000;0.000000;0.000000;0.000000;0.000000;18.925989
4208;208.000000;14.000000;30.000000;28.925989;0.000000;0.000000;0.000000;0.000000;0.000000;28.925989
4209;208.000000;18.000000;-30.000000;-18.925989;0.000000;0.000000;0.000000;0.000000;0.000000;18.925989
4210;208.000000;18.000000;30.000000;28.925989;0.000000;0.000000;0.000000;0.000000;0.000000;28.925989
4211;208.000000;22.000000;-30.000000;-18.925989;0.000000;0.000000;0.000000;0.000000;0.000000;18.925989
4212;208.000000;22.000000;30.000000;28.925989;0.000000;0.000000;0.000000;0.000000;0.000000;28.925989
4213;208.000000;26.000000;-30.000000;-18.925989;0.000000;0.000000;0.000000;0.000000;0.000000;18.925989
4214;208.000000;26.000000;30.000000;28.925989;0.000000;0.000000;0.000000;0.000000;0.000000;28.925989
4215;208.000000;30.000000;-30.000000;-18.925989;0.000000;0.000000;0.000000;0.000000;0.000000;18.925989
4216;208.000000;30.000000;30.000000;28.925989;0.000000;0.000000;0.000000;0.000000;0.000000;28.925989
4217;208.000000;34.000000;-30.000000;-18.925989;0.000000;0.000000;0.000000;0.000000;0.000000;18.925989
4218;208.000000;34.000000;30.000000;28.925989;0.000000;0.000000;0.000000;0.000000;0.000000;28.925989
4219;208.000000;38.000000;-30.000000;-18.925989;0.000000;0.000000;0.000000;0.000000;0.000000;18.925989
4220;208.000000;38.000000;30.000000;28.925989;0.000000;0.000000;0.000000;0.000000;0.000000;28.925989
4221;208.000000;42.000000;-30.000000;-18.925989;0.000000;0.000000;0.000000;0.000000;0.000000;18.925989
4222;208.000000;42.000000;30.000000;28.925989;0.000000;0.000000;0.000000;0.000000;0.000000;28.925989
4223;208.000000;46.000000;-30.000000;-18.925989;0.000000;0.000000;0.000000;0.000000;0.000000;18.925989
4224;208.000000;46.000000;30.000000;28.925989;0.000000;0.000000;0.000000;0.000000;0.000000;28.925989
4225;208.000000;50.000000;-30.000000;-18.925989;0.000000;0.000000;0.000000;0.000000;0.000000;18.925989
4226;208.000000;50.000000;-26.000000;-15.735857;0.000000;0.000000;0.000000;0.000000;0.000000;15.735857
4227;208.000000;50.000000;-22.000000;-12.545725;0.000000;0.000000;0.000000;0.000000;0.000000;12.545725
4228;208.000000;50.000000;-18.000000;-9.355593;0.000000;0.000000;0.000000;0.000000;0.000000;9.355593
4229;208.000000;50.000000;-14.000000;-6.165462;0.000000;0.000000;0.000000;0.000000;0.000000;6.165462
4230;208.000000;50.000000;-10.000000;-2.975330;0.000000;0.000000;0.000000;0.000000;0.000000;2.975330
4231;208.000000;50.000000;-6.000000;0.214802;0.000000;0.000000;0.000000;0.000000;0.000000;0.214802
4232;208.000000;50.000000;-2.000000;3.404934;0.000000;0.000000;0.000000;0.000000;0.000000;3.404934
4233;208.000000;50.000000;2.000000;6.595066;0.000000;0.000000;0.000000;0.000000;0.000000;6.595066
4234;208.000000;50.000000;6.000000;9.785198;0.000000;0.000000;0.000000;0.000000;0.000000;9.785198
4235;208.000000;50.000000;10.000000;12.975330;0.000000;0.000000;0.000000;0.000000;0.000000;12.975330
4236;208.000000;50.000000;14.000000;16.165462;0.000000;0.000000;0.000000;0.000000;0.000000;16.165462
4237;208.000000;50.000000;18.000000;19.355593;0.000000;0.000000;0.000000;0.000000;0.000000;19.355593
4238;208.000000;50.000000;22.000000;22.545725;0.000000;0.000000;0.000000;0.000000;0.000000;22.545725
4239;208.000000;50.000000;26.000000;25.735857;0.000000;0.000000;0.000000;0.000000;0.000000;25.735857
4240;208.000000;50.000000;30.000000;28.925989;0.000000;0.000000;0.000000;0.000000;0.000000;28.925989
4241;212.000000;-50.000000;-30.000000;-18.427531;0.000000;0.000000;0.000000;0.000000;0.000000;18.427531
4242;212.000000;-50.000000;-26.000000;-15.303860;0.000000;0.000000;0.000000;0.000000;0.000000;15.303860
4243;212.000000;-50.000000;-22.000000;-12.180189;0.000000;0.000000;0.000000;0.000000;0.000000;12.180189
4244;212.000000;-50.000000;-18.000000;-9.056519;0.000000;0.000000;0.000000;0.000000;0.000000;9.056519
4245;212.000000;-50.000000;-14.000000;-5.932848;0.000000;0.000000;0.000000;0.000000;0.000000;5.932848
4246;212.000000;-50.000000;-10.000000;-2.809177;0.000000;0.000000;0.000000;0.000000;0.000000;2.809177
4247;212.000000;-50.000000;-6.000000;0.314494;0.000000;0.000000;0.000000;0.000000;0.000000;0.314494
4248;212.000000;-50.000000;-2.000000;3.438165;0.000000;0.000000;0.000000;0.000000;0.000000;3.438165
4249;212.000000;-50.000000;2.000000;6.561835;0.000000;0.000000;0.000000;0.000000;0.000000;6.561835
4250;212.000000;-50.000000;6.000000;9.685506;0.000000;0.000000;0.000000;0.000000;0.000000;9.685506
4251;212.000000;-50.000000;10.000000;12.809177;0.000000;0.000000;0.000000;0.000000;0.000000;12.809177
4252;212.000000;-50.000000;14.000000;15.932848;0.000000;0.000000;0.000000;0.000000;0.000000;15.932848
4253;212.000000;-50.000000;18.000000;19.056519;0.000000;0.000000;0.000000;0.000000;0.000000;19.056519
4254;212.000000;-50.000000;22.000000;22.180189;0.000000;0.000000;0.000000;0.000000;0.000000;22.180189
4255;212.000000;-50.000000;26.000000;25.303860;0.000000;0.000000;0.000000;0.000000;0.000000;25.303860
4256;212.000000;-50.000000;30.000000;28.427531;0.000000;0.000000;0.000000;0.000000;0.000000;28.427531
4257;212.000000;-46.000000;-30.000000;-18.427531;0.000000;0.000000;0.000000;0.000000;0.000000;18.427531
4258;212.000000;-46.000000;30.000000;28.427531;0.000000;0.000000;0.000000;0.000000;0.000000;28.427531
4259;212.000000;-42.000000;-30.000000;-18.427531;0.000000;0.000000;0.000000;0.000000;0.000000;18.427531
4260;212.000000;-42.000000;30.000000;28.427531;0.000000;0.000000;0.000000;0.000000;0.000000;28.427531
4261;212.000000;-38.000000;-30.000000;-18.427531;0.000000;0.000000;0.000000;0.000000;0.000000;18.427531
4262;212.000000;-38.000000;30.000000;28.427531;0.000000;0.000000;0.000000;0.000000;0.000000;28.427531
4263;212.000000;-34.000000;-30.000000;-18.427531;0.000000;0.000000;0.000000;0.000000;0.000000;18.427531
4264;212.000000;-34.000000;30.000000;28.427531;0.000000;0.000000;0.000000;0.000000;0.000000;28.427531
4265;212.000000;-30.000000;-30.000000;-18.427531;0.000000;0.000000;0.000000;0.000000;0.000000;18.427531
4266;212.000000;-30.000000;30.000000;28.427531;0.000000;0.000000;0.000000;0.000000;0.000000;28.427531
4267;212.000000;-26.000000;-30.000000;-18.427531;0.000000;0.000000;0.000000;0.000000;0.000000;18.427531
4268;212.000000;-26.000000;30.000000;28.427531;0.000000;0.000000;0.000000;0.000000;0.000000;28.427531
4269;212.000000;-22.000000;-30.000000;-18.427531;0.000000;0.000000;0.000000;0.000000;0.000000;18.427531
4270;212.000000;-22.000000;30.000000;28.427531;0.000000;0.000000;0.000000;0.000000;0.000000;28.427531
4271;212.000000;-18.000000;-30.000000;-18.427531;0.000000;0.000000;0.000000;0.000000;0.000000;18.427531
4272;212.000000;-18.000000;30.000000;28.427531;0.000000;0.000000;0.000000;0.000000;0.000000;28.427531
4273;212.000000;-14.000000;-30.000000;-18.427531;0.000000;0.000000;0.000000;0.000000;0.000000;18.427531
4274;212.000000;-14.000000;30.000000;28.427531;0.000000;0.000000;0.000000;0.000000;0.000000;28.427531
4275;212.000000;-10.000000;-30.000000;-18.427531;0.000000;0.000000;0.000000;0.000000;0.000000;18.427531
4276;212.000000;-10.000000;30.000000;28.427531;0.000000;0.000000;0.000000;0.000000;0.000000;28.427531
4277;212.000000;-6.000000;-30.000000;-18.427531;0.000000;0.000000;0.000000;0.000000;0.000000;18.427531
4278;212.000000;-6.000000;30.000000;28.427531;0.000000;0.000000;0.000000;0.000000;0.000000;28.427531
4279;212.000000;-2.000000;-30.000000;-18.427531;0.000000;0.000000;0.000000;0.000000;0.000000;18.427531
4280;212.000000;-2.000000;30.000000;28.427531;0.000000;0.000000;0.000000;0.000000;0.000000;28.427531
4281;212.000000;2.000000;-30.000000;-18.427531;0.000000;0.000000;0.000000;0.000000;0.000000;18.427531
4282;212.000000;2.000000;30.000000;28.427531;0.000000;0.000000;0.000000;0.000000;0.000000;28.427531
4283;212.000000;6.000000;-30.000000;-18.427531;0.000000;0.000000;0.000000;0.000000;0.000000;18.427531
4284;212.000000;6.000000;30.000000;28.427531;0.000000;0.000000;0.000000;0.000000;0.000000;28.427531
4285;212.000000;10.000000;-30.000000;-18.427531;0.000000;0.000000;0.000000;0.000000;0.000000;18.427531
4286;212.000000;10.000000;30.000000;28.427531;0.000000;0.000000;0.000000;0.000000;0.000000;28.427531
4287;212.000000;14.000000;-30.000000;-18.427531;0.000000;0.000000;0.000000;0.000000;0.000000;18.427531
4288;212.000000;14.000000;30.000000;28.427531;0.000000;0.000000;0.000000;0.000000;0.000000;28.427531
4289;212.000000;18.000000;-30.000000;-18.427531;0.000000;0.000000;0.000000;0.000000;0.000000;18.427531
4290;212.000000;18.000000;30.000000;28.427531;0.000000;0.000000;0.000000;0.000000;0.000000;28.427531
4291;212.000000;22.000000;-30.000000;-18.427531;0.000000;0.000000;0.000000;0.000000;0.000000;18.427531
4292;212.000000;22.000000;30.000000;28.427531;0.000000;0.000000;0.000000;0.000000;0.000000;28.427531
4293;212.000000;26.000000;-30.000000;-18.427531;0.000000;0.000000;0.000000;0.000000;0.000000;18.427531
4294;212.000000;26.000000;30.000000;28.427531;0.000000;0.000000;0.000000;0.000000;0.000000;28.427531
4295;212.000000;30.000000;-30.000000;-18.427531;0.000000;0.000000;0.000000;0.000000;0.000000;18.427531
4296;212.000000;30.000000;30.000000;28.427531;0.000000;0.000000;0.000000;0.000000;0.000000;28.427531
4297;212.000000;34.000000;-30.000000;-18.427531;0.000000;0.000000;0.000000;0.000000;0.000000;18.427531
4298;212.000000;34.000000;30.000000;28.427531;0.000000;0.000000;0.000000;0.000000;0.000000;28.427531
4299;212.000000;38.000000;-30.000000;-18.427531;0.000000;0.000000;0.000000;0.000000;0.000000;18.427531
4300;212.000000;38.000000;30.000000;28.427531;0.000000;0.000000;0.000000;0.000000;0.000000;28.427531
4301;212.000000;42.000000;-30.000000;-18.427531;0.000000;0.000000;0.000000;0.000000;0.000000;18.427531
4302;212.000000;42.000000;30.000000;28.427531;0.000000;0.000000;0.000000;0.000000;0.000000;28.427531
4303;212.000000;46.000000;-30.000000;-18.427531;0.000000;0.000000;0.000000;0.000000;0.000000;18.427531
4304;212.000000;46.000000;30.000000;28.427531;0.000000;0.000000;0.000000;0.000000;0.000000;28.427531
4305;212.000000;50.000000;-30.000000;-18.427531;0.000000;0.000000;0.000000;0.000000;0.000000;18.427531
4306;212.000000;50.000000;-26.000000;-15.303860;0.000000;0.000000;0.000000;0.000000;0.000000;15.303860
4307;212.000000;50.000000;-22.000000;-12.180189;0.000000;0.000000;0.000000;0.000000;0.000000;12.180189
4308;212.000000;50.000000;-18.000000;-9.056519;0.000000;0.000000;0.000000;0.000000;0.000000;9.056519
4309;212.000000;50.000000;-14.000000;-5.932848;0.000000;0.000000;0.000000;0.000000;0.000000;5.932848
4310;212.000000;50.000000;-10.000000;-2.809177;0.000000;0.000000;0.000000;0.000000;0.000000;2.809177
4311;212.000000;50.000000;-6.000000;0.314494;0.000000;0.000000;0.000000;0.000000;0.000000;0.314494
4312;212.000000;50.000000;-2.000000;3.438165;0.000000;0.000000;0.000000;0.000000;0.000000;3.438165
4313;212.000000;50.000000;2.000000;6.561835;0.000000;0.000000;0.000000;0.000000;0.000000;6.561835
4314;212.000000;50.000000;6.000000;9.685506;0.000000;0.000000;0.000000;0.000000;0.000000;9.685506
4315;212.000000;50.000000;10.000000;12.809177;0.000000;0.000000;0.000000;0.000000;0.000000;12.809177
4316;212.000000;50.000000;14.000000;15.932848;0.000000;0.000000;0.000000;0.000000;0.000000;15.932848
4317;212.000000;50.000000;18.000000;19.056519;0.000000;0.000000;0.000000;0.000000;0.000000;19.056519
4318;212.000000;50.000000;22.000000;22.180189;0.000000;0.000000;0.000000;0.000000;0.000000;22.180189
4319;212.000000;50.000000;26.000000;25.303860;0.000000;0.000000;0.000000;0.000000;0.000000;25.303860
4320;212.000000;50.000000;30.000000;28.427531;0.000000;0.000000;0.000000;0.000000;0.000000;28.427531
4321;216.000000;-50.000000;-30.000000;-17.929073;0.000000;0.000000;0.000000;0.000000;0.000000;17.929073
4322;216.000000;-50.000000;-26.000000;-14.871863;0.000000;0.000000;0.000000;0.000000;0.000000;14.871863
4323;216.000000;-50.000000;-22.000000;-11.814653;0.000000;0.000000;0.000000;0.000000;0.000000;11.814653
4324;216.000000;-50.000000;-18.000000;-8.757444;0.000000;0.000000;0.000000;0.000000;0.000000;8.757444
4325;216.000000;-50.000000;-14.000000;-5.700234;0.000000;0.000000;0.000000;0.000000;0.000000;5.700234
4326;216.000000;-50.000000;-10.000000;-2.643024;0.000000;0.000000;0.000000;0.000000;0.000000;2.643024
4327;216.000000;-50.000000;-6.000000;0.414185;0.000000;0.000000;0.000000;0.000000;0.000000;0.414185
4328;216.000000;-50.000000;-2.000000;3.471395;0.000000;0.000000;0.000000;0.000000;0.000000;3.471395
4329;216.000000;-50.000000;2.000000;6.528605;0.000000;0.000000;0.000000;0.000000;0.000000;6.528605
4330;216.000000;-50.000000;6.000000;9.585815;0.000000;0.000000;0.000000;0.000000;0.000000;9.585815
4331;216.000000;-50.000000;10.000000;12.643024;0.000000;0.000000;0.000000;0.000000;0.000000;12.643024
4332;216.000000;-50.000000;14.000000;15.700234;0.000000;0.000000;0.000000;0.000000;0.000000;15.700234
4333;216.000000;-50.000000;18.000000;18.757444;0.000000;0.000000;0.000000;0.000000;0.000000;18.757444
4334;216.000000;-50.000000;22.000000;21.814653;0.000000;0.000000;0.000000;0.000000;0.000000;21.814653
4335;216.000000;-50.000000;26.000000;24.871863;0.000000;0.000000;0.000000;0.000000;0.000000;24.871863
4336;216.000000;-50.000000;30.000000;27.929073;0.000000;0.000000;0.000000;0.000000;0.000000;27.929073
4337;216.000000;-46.000000;-30.000000;-17.929073;0.000000;0.000000;0.000000;0.000000;0.000000;17.929073
4338;216.000000;-46.000000;30.000000;27.929073;0.000000;0.000000;0.000000;0.000000;0.000000;27.929073
4339;216.000000;-42.000000;-30.000000;-17.929073;0.000000;0.000000;0.000000;0.000000;0.000000;17.929073
4340;216.000000;-42.000000;30.000000;27.929073;0.000000;0.000000;0.000000;0.000000;0.000000;27.929073
4341;216.000000;-38.000000;-30.000000;-17.929073;0.000000;0.000000;0.000000;0.000000;0.000000;17.929073
4342;216.000000;-38.000000;30.000000;27.929073;0.000000;0.000000;0.000000;0.000000;0.000000;27.929073
4343;216.000000;-34.000000;-30.000000;-17.929073;0.000000;0.000000;0.000000;0.000000;0.000000;17.929073
4344;216.000000;-34.000000;30.000000;27.929073;0.000000;0.000000;0.000000;0.000000;0.000000;27.929073
4345;216.000000;-30.000000;-30.000000;-17.929073;0.000000;0.000000;0.000000;0.000000;0.000000;17.929073
4346;216.000000;-30.000000;30.000000;27.929073;0.000000;0.000000;0.000000;0.000000;0.000000;27.929073
4347;216.000000;-26.000000;-30.000000;-17.929073;0.000000;0.000000;0.000000;0.000000;0.000000;17.929073
4348;216.000000;-26.000000;30.000000;27.929073;0.000000;0.000000;0.000000;0.000000;0.000000;27.929073
4349;216.000000;-22.000000;-30.000000;-17.929073;0.000000;0.000000;0.000000;0.000000;0.000000;17.929073
4350;216.000000;-22.000000;30.000000;27.929073;0.000000;0.000000;0.000000;0.000000;0.000000;27.929073
4351;216.000000;-18.000000;-30.000000;-17.929073;0.000000;0.000000;0.000000;0.000000;0.000000;17.929073
4352;216.000000;-18.000000;30.000000;27.929073;0.000000;0.000000;0.000000;0.000000;0.000000;27.929073
4353;216.000000;-14.000000;-30.000000;-17.929073;0.000000;0.000000;0.000000;0.000000;0.000000;17.929073
4354;216.000000;-14.000000;30.000000;27.929073;0.000000;0.000000;0.000000;0.000000;0.000000;27.929073
4355;216.000000;-10.000000;-30.000000;-17.929073;0.000000;0.000000;0.000000;0.000000;0.000000;17.929073
4356;216.000000;-10.000000;30.000000;27.929073;0.000000;0.000000;0.000000;0.000000;0.000000;27.929073
4357;216.000000;-6.000000;-30.000000;-17.929073;0.000000;0.000000;0.000000;0.000000;0.000000;17.929073
4358;216.000000;-6.000000;30.000000;27.929073;0.000000;0.000000;0.000000;0.000000;0.000000;27.929073
4359;216.000000;-2.000000;-30.000000;-17.929073;0.000000;0.000000;0.000000;0.000000;0.000000;17.929073
4360;216.000000;-2.000000;30.000000;27.929073;0.000000;0.000000;0.000000;0.000000;0.000000;27.929073
4361;216.000000;2.000000;-30.000000;-17.929073;0.000000;0.000000;0.000000;0.000000;0.000000;17.929073
4362;216.000000;2.000000;30.000000;27.929073;0.000000;0.000000;0.000000;0.000000;0.000000;27.929073
4363;216.000000;6.000000;-30.000000;-17.929073;0.000000;0.000000;0.000000;0.000000;0.000000;17.929073
4364;216.000000;6.000000;30.000000;27.929073;0.000000;0.000000;0.000000;0.000000;0.000000;27.929073
4365;216.000000;10.000000;-30.000000;-17.929073;0.000000;0.000000;0.000000;0.000000;0.000000;17.929073
4366;216.000000;10.000000;30.000000;27.929073;0.000000;0.000000;0.000000;0.000000;0.000000;27.929073
4367;216.000000;14.000000;-30.000000;-17.929073;0.000000;0.000000;0.000000;0.000000;0.000000;17.929073
4368;216.000000;14.000000;30.000000;27.929073;0.000000;0.000000;0.000000;0.000000;0.000000;27.929073
4369;216.000000;18.000000;-30.000000;-17.929073;0.000000;0.000000;0.000000;0.000000;0.000000;17.929073
4370;216.000000;18.000000;30.000000;27.929073;0.000000;0.000000;0.000000;0.000000;0.000000;27.929073
4371;216.000000;22.000000;-30.000000;-17.929073;0.000000;0.000000;0.000000;0.000000;0.000000;17.929073
4372;216.000000;22.000000;30.000000;27.929073;0.000000;0.000000;0.000000;0.000000;0.000000;27.929073
4373;216.000000;26.000000;-30.000000;-17.929073;0.000000;0.000000;0.000000;0.000000;0.000000;17.929073
4374;216.000000;26.000000;30.000000;27.929073;0.000000;0.000000;0.000000;0.000000;0.000000;27.929073
4375;216.000000;30.000000;-30.000000;-17.929073;0.000000;0.000000;0.000000;0.000000;0.000000;17.929073
4376;216.000000;30.000000;30.000000;27.929073;0.000000;0.000000;0.000000;0.000000;0.000000;27.929073
4377;216.000000;34.000000;-30.000000;-17.929073;0.000000;0.000000;0.000000;0.000000;0.000000;17.929073
4378;216.000000;34.000000;30.000000;27.929073;0.000000;0.000000;0.000000;0.000000;0.000000;27.929073
4379;216.000000;38.000000;-30.000000;-17.929073;0.000000;0.000000;0.000000;0.000000;0.000000;17.929073
4380;216.000000;38.000000;30.000000;27.929073;0.000000;0.000000;0.000000;0.000000;0.000000;27.929073
4381;216.000000;42.000000;-30.000000;-17.929073;0.000000;0.000000;0.000000;0.000000;0.000000;17.929073
4382;216.000000;42.000000;30.000000;27.929073;0.000000;0.000000;0.000000;0.000000;0.000000;27.929073
4383;216.000000;46.000000;-30.000000;-17.929073;0.000000;0.000000;0.000000;0.000000;0.000000;17.929073
4384;216.000000;46.000000;30.000000;27.929073;0.000000;0.000000;0.000000;0.000000;0.000000;27.929073
4385;216.000000;50.000000;-30.000000;-17.929073;0.000000;0.000000;0.000000;0.000000;0.000000;17.929073
4386;216.000000;50.000000;-26.000000;-14.871863;0.000000;0.000000;0.000000;0.000000;0.000000;14.871863
4387;216.000000;50.000000;-22.000000;-11.814653;0.000000;0.000000;0.000000;0.000000;0.000000;11.814653
4388;216.000000;50.000000;-18.000000;-8.757444;0.000000;0.000000;0.000000;0.000000;0.000000;8.757444
4389;216.000000;50.000000;-14.000000;-5.700234;0.000000;0.000000;0.000000;0.000000;0.000000;5.700234
4390;216.000000;50.000000;-10.000000;-2.643024;0.000000;0.000000;0.000000;0.000000;0.000000;2.643024
4391;216.000000;50.000000;-6.000000;0.414185;0.000000;0.000000;0.000000;0.000000;0.000000;0.414185
4392;216.000000;50.000000;-2.000000;3.471395;0.000000;0.000000;0.000000;0.000000;0.000000;3.471395
4393;216.000000;50.000000;2.000000;6.528605;0.000000;0.000000;0.000000;0.000000;0.000000;6.528605
4394;216.000000;50.000000;6.000000;9.585815;0.000000;0.000000;0.000000;0.000000;0.000000;9.585815
4395;216.000000;50.000000;10.000000;12.643024;0.000000;0.000000;0.000000;0.000000;0.000000;12.643024
4396;216.000000;50.000000;14.000000;15.700234;0.000000;0.000000;0.000000;0.000000;0.000000;15.700234
4397;216.000000;50.000000;18.000000;18.757444;0.000000;0.000000;0.000000;0.000000;0.000000;18.757444
4398;216.000000;50.000000;22.000000;21.814653;0.000000;0.000000;0.000000;0.000000;0.000000;21.814653
4399;216.000000;50.000000;26.000000;24.871863;0.000000;0.000000;0.000000;0.000000;0.000000;24.871863
4400;216.000000;50.000000;30.000000;27.929073;0.000000;0.000000;0.000000;0.000000;0.000000;27.929073
4401;220.000000;-50.000000;-30.000000;-17.430615;0.000000;0.000000;0.000000;0.000000;0.000000;17.430615
4402;220.000000;-50.000000;-26.000000;-14.439866;0.000000;0.000000;0.000000;0.000000;0.000000;14.439866
4403;220.000000;-50.000000;-22.000000;-11.449117;0.000000;0.000000;0.000000;0.000000;0.000000;11.449117
4404;220.000000;-50.000000;-18.000000;-8.458369;0.000000;0.000000;0.000000;0.000000;0.000000;8.458369
4405;220.000000;-50.000000;-14.000000;-5.467620;0.000000;0.000000;0.000000;0.000000;0.000000;5.467620
4406;220.000000;-50.000000;-10.000000;-2.476872;0.000000;0.000000;0.000000;0.000000;0.000000;2.476872
4407;220.000000;-50.000000;-6.000000;0.513877;0.000000;0.000000;0.000000;0.000000;0.000000;0.513877
4408;220.000000;-50.000000;-2.000000;3.504626;0.000000;0.000000;0.000000;0.000000;0.000000;3.504626
4409;220.000000;-50.000000;2.000000;6.495374;0.000000;0.000000;0.000000;0.000000;0.000000;6.495374
4410;220.000000;-50.000000;6.000000;9.486123;0.000000;0.000000;0.000000;0.000000;0.000000;9.486123
4411;220.000000;-50.000000;10.000000;12.476872;0.000000;0.000000;0.000000;0.000000;0.000000;12.476872
4412;220.000000;-50.000000;14.000000;15.467620;0.000000;0.000000;0.000000;0.000000;0.000000;15.467620
4413;220.000000;-50.000000;18.000000;18.458369;0.000000;0.000000;0.000000;0.000000;0.000000;18.458369
4414;220.000000;-50.000000;22.000000;21.449117;0.000000;0.000000;0.000000;0.000000;0.000000;21.449117
4415;220.000000;-50.000000;26.000000;24.439866;0.000000;0.000000;0.000000;0.000000;0.000000;24.439866
4416;220.000000;-50.000000;30.000000;27.430615;0.000000;0.000000;0.000000;0.000000;0.000000;27.430615
4417;220.000000;-46.000000;-30.000000;-17.430615;0.000000;0.000000;0.000000;0.000000;0.000000;17.430615
4418;220.000000;-46.000000;30.000000;27.430615;0.000000;0.000000;0.000000;0.000000;0.000000;27.430615
4419;220.000000;-42.000000;-30.000000;-17.430615;0.000000;0.000000;0.000000;0.000000;0.000000;17.430615
4420;220.000000;-42.000000;30.000000;27.430615;0.000000;0.000000;0.000000;0.000000;0.000000;27.430615
4421;220.000000;-38.000000;-30.000000;-17.430615;0.000000;0.000000;0.000000;0.000000;0.000000;17.430615
4422;220.000000;-38.000000;30.000000;27.430615;0.000000;0.000000;0.000000;0.000000;0.000000;27.430615
4423;220.000000;-34.000000;-30.000000;-17.430615;0.000000;0.000000;0.000000;0.000000;0.000000;17.430615
4424;220.000000;-34.000000;30.000000;27.430615;0.000000;0.000000;0.000000;0.000000;0.000000;27.430615
4425;220.000000;-30.000000;-30.000000;-17.430615;0.000000;0.000000;0.000000;0.000000;0.000000;17.430615
4426;220.000000;-30.000000;30.000000;27.430615;0.000000;0.000000;0.000000;0.000000;0.000000;27.430615
4427;220.000000;-26.000000;-30.000000;-17.430615;0.000000;0.000000;0.000000;0.000000;0.000000;17.430615
4428;220.000000;-26.000000;30.000000;27.430615;0.000000;0.000000;0.000000;0.000000;0.000000;27.430615
4429;220.000000;-22.000000;-30.000000;-17.430615;0.000000;0.000000;0.000000;0.000000;0.000000;17.430615
4430;220.000000;-22.000000;30.000000;27.430615;0.000000;0.000000;0.000000;0.000000;0.000000;27.430615
4431;220.000000;-18.000000;-30.000000;-17.430615;0.000000;0.000000;0.000000;0.000000;0.000000;17.430615
4432;220.000000;-18.000000;30.000000;27.430615;0.000000;0.000000;0.000000;0.000000;0.000000;27.430615
4433;220.000000;-14.000000;-30.000000;-17.430615;0.000000;0.000000;0.000000;0.000000;0.000000;17.430615
4434;220.000000;-14.000000;30.000000;27.430615;0.000000;0.000000;0.000000;0.000000;0.000000;27.430615
4435;220.000000;-10.000000;-30.000000;-17.430615;0.000000;0.000000;0.000000;0.000000;0.000000;17.430615
4436;220.000000;-10.000000;30.000000;27.430615;0.000000;0.000000;0.000000;0.000000;0.000000;27.430615
4437;220.000000;-6.000000;-30.000000;-17.430615;0.000000;0.000000;0.000000;0.000000;0.000000;17.430615
4438;220.000000;-6.000000;30.000000;27.430615;0.000000;0.000000;0.000000;0.000000;0.000000;27.430615
4439;220.000000;-2.000000;-30.000000;-17.430615;0.000000;0.000000;0.000000;0.000000;0.000000;17.430615
4440;220.000000;-2.000000;30.000000;27.430615;0.000000;0.000000;0.000000;0.000000;0.000000;27.430615
4441;220.000000;2.000000;-30.000000;-17.430615;0.000000;0.000000;0.000000;0.000000;0.000000;17.430615
4442;220.000000;2.000000;30.000000;27.430615;0.000000;0.000000;0.000000;0.000000;0.000000;27.430615
4443;220.000000;6.000000;-30.000000;-17.430615;0.000000;0.000000;0.000000;0.000000;0.000000;17.430615
4444;220.000000;6.000000;30.000000;27.430615;0.000000;0.000000;0.000000;0.000000;0.000000;27.430615
4445;220.000000;10.000000;-30.000000;-17.430615;0.000000;0.000000;0.000000;0.000000;0.000000;17.430615
4446;220.000000;10.000000;30.000000;27.430615;0.000000;0.000000;0.000000;0.000000;0.000000;27.430615
4447;220.000000;14.000000;-30.000000;-17.430615;0.000000;0.000000;0.000000;0.000000;0.000000;17.430615
4448;220.000000;14.000000;30.000000;27.430615;0.000000;0.000000;0.000000;0.000000;0.000000;27.430615
4449;220.000000;18.000000;-30.000000;-17.430615;0.000000;0.000000;0.000000;0.000000;0.000000;17.430615
4450;220.000000;18.000000;30.000000;27.430615;0.000000;0.000000;0.000000;0.000000;0.000000;27.430615
4451;220.000000;22.000000;-30.000000;-17.430615;0.000000;0.000000;0.000000;0.000000;0.000000;17.430615
4452;220.000000;22.000000;30.000000;27.430615;0.000000;0.000000;0.000000;0.000000;0.000000;27.430615
4453;220.000000;26.000000;-30.000000;-17.430615;0.000000;0.000000;0.000000;0.000000;0.000000;17.430615
4454;220.000000;26.000000;30.000000;27.430615;0.000000;0.000000;0.000000;0.000000;0.000000;27.430615
4455;220.000000;30.000000;-30.000000;-17.430615;0.000000;0.000000;0.000000;0.000000;0.000000;17.430615
4456;220.000000;30.000000;30.000000;27.430615;0.000000;0.000000;0.000000;0.000000;0.000000;27.430615
4457;220.000000;34.000000;-30.000000;-17.430615;0.000000;0.000000;0.000000;0.000000;0.000000;17.430615
4458;220.000000;34.000000;30.000000;27.430615;0.000000;0.000000;0.000000;0.000000;0.000000;27.430615
4459;220.000000;38.000000;-30.000000;-17.430615;0.000000;0.000000;0.000000;0.000000;0.000000;17.430615
4460;220.000000;38.000000;30.000000;27.430615;0.000000;0.000000;0.000000;0.000000;0.000000;27.430615
4461;220.000000;42.000000;-30.000000;-17.430615;0.000000;0.000000;0.000000;0.000000;0.000000;17.430615
4462;220.000000;42.000000;30.000000;27.430615;0.000000;0.000000;0.000000;0.000000;0.000000;27.430615
4463;220.000000;46.000000;-30.000000;-17.430615;0.000000;0.000000;0.000000;0.000000;0.000000;17.430615
4464;220.000000;46.000000;30.000000;27.430615;0.000000;0.000000;0.000000;0.000000;0.000000;27.430615
4465;220.000000;50.000000;-30.000000;-17.430615;0.000000;0.000000;0.000000;0.000000;0.000000;17.430615
4466;220.000000;50.000000;-26.000000;-14.439866;0.000000;0.000000;0.000000;0.000000;0.000000;14.439866
4467;220.000000;50.000000;-22.000000;-11.449117;0.000000;0.000000;0.000000;0.000000;0.000000;11.449117
4468;220.000000;50.000000;-18.000000;-8.458369;0.000000;0.000000;0.000000;0.000000;0.000000;8.458369
4469;220.000000;50.000000;-14.000000;-5.467620;0.000000;0.000000;0.000000;0.000000;0.000000;5.467620
4470;220.000000;50.000000;-10.000000;-2.476872;0.000000;0.000000;0.000000;0.000000;0.000000;2.476872
4471;220.000000;50.000000;-6.000000;0.513877;0.000000;0.000000;0.000000;0.000000;0.000000;0.513877
4472;220.000000;50.000000;-2.000000;3.504626;0.000000;0.000000;0.000000;0.000000;0.000000;3.504626
4473;220.000000;50.000000;2.000000;6.495374;0.000000;0.000000;0.000000;0.000000;0.000000;6.495374
4474;220.000000;50.000000;6.000000;9.486123;0.000000;0.000000;0.000000;0.000000;0.000000;9.486123
4475;220.000000;50.000000;10.000000;12.476872;0.000000;0.000000;0.000000;0.000000;0.000000;12.476872
4476;220.000000;50.000000;14.000000;15.467620;0.000000;0.000000;0.000000;0.000000;0.000000;15.467620
4477;220.000000;50.000000;18.000000;18.458369;0.000000;0.000000;0.000000;0.000000;0.000000;18.458369
4478;220.000000;50.000000;22.000000;21.449117;0.000000;0.000000;0.000000;0.000000;0.000000;21.449117
4479;220.000000;50.000000;26.000000;24.439866;0.000000;0.000000;0.000000;0.000000;0.000000;24.439866
4480;220.000000;50.000000;30.000000;27.430615;0.000000;0.000000;0.000000;0.000000;0.000000;27.430615
4481;224.000000;-50.000000;-30.000000;-16.932157;0.000000;0.000000;0.000000;0.000000;0.000000;16.932157
4482;224.000000;-50.000000;-26.000000;-14.007869;0.000000;0.000000;0.000000;0.000000;0.000000;14.007869
4483;224.000000;-50.000000;-22.000000;-11.083581;0.000000;0.000000;0.000000;0.000000;0.000000;11.083581
4484;224.000000;-50.000000;-18.000000;-8.159294;0.000000;0.000000;0.000000;0.000000;0.000000;8.159294
4485;224.000000;-50.000000;-14.000000;-5.235006;0.000000;0.000000;0.000000;0.000000;0.000000;5.235006
4486;224.000000;-50.000000;-10.000000;-2.310719;0.000000;0.000000;0.000000;0.000000;0.000000;2.310719
4487;224.000000;-50.000000;-6.000000;0.613569;0.000000;0.000000;0.000000;0.000000;0.000000;0.613569
4488;224.000000;-50.000000;-2.000000;3.537856;0.000000;0.000000;0.000000;0.000000;0.000000;3.537856
4489;224.000000;-50.000000;2.000000;6.462144;0.000000;0.000000;0.000000;0.000000;0.000000;6.462144
4490;224.000000;-50.000000;6.000000;9.386431;0.000000;0.000000;0.000000;0.000000;0.000000;9.386431
4491;224.000000;-50.000000;10.000000;12.310719;0.000000;0.000000;0.000000;0.000000;0.000000;12.310719
4492;224.000000;-50.000000;14.000000;15.235006;0.000000;0.000000;0.000000;0.000000;0.000000;15.235006
4493;224.000000;-50.000000;18.000000;18.159294;0.000000;0.000000;0.000000;0.000000;0.000000;18.159294
4494;224.000000;-50.000000;22.000000;21.083581;0.000000;0.000000;0.000000;0.000000;0.000000;21.083581
4495;224.000000;-50.000000;26.000000;24.007869;0.000000;0.000000;0.000000;0.000000;0.000000;24.007869
4496;224.000000;-50.000000;30.000000;26.932157;0.000000;0.000000;0.000000;0.000000;0.000000;26.932157
4497;224.000000;-46.000000;-30.000000;-16.932157;0.000000;0.000000;0.000000;0.000000;0.000000;16.932157
4498;224.000000;-46.000000;30.000000;26.932157;0.000000;0.000000;0.000000;0.000000;0.000000;26.932157
4499;224.000000;-42.000000;-30.000000;-16.932157;0.000000;0.000000;0.000000;0.000000;0.000000;16.932157
4500;224.000000;-42.000000;30.000000;26.932157;0.000000;0.000000;0.000000;0.000000;0.000000;26.932157
4501;224.000000;-38.000000;-30.000000;-16.932157;0.000000;0.000000;0.000000;0.000000;0.000000;16.932157
4502;224.000000;-38.000000;30.000000;26.932157;0.000000;0.000000;0.000000;0.000000;0.000000;26.932157
4503;224.000000;-34.000000;-30.000000;-16.932157;0.000000;0.000000;0.000000;0.000000;0.000000;16.932157
4504;224.000000;-34.000000;30.000000;26.932157;0.000000;0.000000;0.000000;0.000000;0.000000;26.932157
4505;224.000000;-30.000000;-30.000000;-16.932157;0.000000;0.000000;0.000000;0.000000;0.000000;16.932157
4506;224.000000;-30.000000;30.000000;26.932157;0.000000;0.000000;0.000000;0.000000;0.000000;26.932157
4507;224.000000;-26.000000;-30.000000;-16.932157;0.000000;0.000000;0.000000;0.000000;0.000000;16.932157
4508;224.000000;-26.000000;30.000000;26.932157;0.000000;0.000000;0.000000;0.000000;0.000000;26.932157
4509;224.000000;-22.000000;-30.000000;-16.932157;0.000000;0.000000;0.000000;0.000000;0.000000;16.932157
4510;224.000000;-22.000000;30.000000;26.932157;0.000000;0.000000;0.000000;0.000000;0.000000;26.932157
4511;224.000000;-18.000000;-30.000000;-16.932157;0.000000;0.000000;0.000000;0.000000;0.000000;16.932157
4512;224.000000;-18.000000;30.000000;26.932157;0.000000;0.000000;0.000000;0.000000;0.000000;26.932157
4513;224.000000;-14.000000;-30.000000;-16.932157;0.000000;0.000000;0.000000;0.000000;0.000000;16.932157
4514;224.000000;-14.000000;30.000000;26.932157;0.000000;0.000000;0.000000;0.000000;0.000000;26.932157
4515;224.000000;-10.000000;-30.000000;-16.932157;0.000000;0.000000;0.000000;0.000000;0.000000;16.932157
4516;224.000000;-10.000000;30.000000;26.932157;0.000000;0.000000;0.000000;0.000000;0.000000;26.932157
4517;224.000000;-6.000000;-30.000000;-16.932157;0.000000;0.000000;0.000000;0.000000;0.000000;16.932157
4518;224.000000;-6.000000;30.000000;26.932157;0.000000;0.000000;0.000000;0.000000;0.000000;26.932157
4519;224.000000;-2.000000;-30.000000;-16.932157;0.000000;0.000000;0.000000;0.000000;0.000000;16.932157
4520;224.000000;-2.000000;30.000000;26.932157;0.000000;0.000000;0.000000;0.000000;0.000000;26.932157
4521;224.000000;2.000000;-30.000000;-16.932157;0.000000;0.000000;0.000000;0.000000;0.000000;16.932157
4522;224.000000;2.000000;30.000000;26.932157;0.000000;0.000000;0.000000;0.000000;0.000000;26.932157
4523;224.000000;6.000000;-30.000000;-16.932157;0.000000;0.000000;0.000000;0.000000;0.000000;16.932157
4524;224.000000;6.000000;30.000000;26.932157;0.000000;0.000000;0.000000;0.000000;0.000000;26.932157
4525;224.000000;10.000000;-30.000000;-16.932157;0.000000;0.000000;0.000000;0.000000;0.000000;16.932157
4526;224.000000;10.000000;30.000000;26.932157;0.000000;0.000000;0.000000;0.000000;0.000000;26.932157
4527;224.000000;14.000000;-30.000000;-16.932157;0.000000;0.000000;0.000000;0.000000;0.000000;16.932157
4528;224.000000;14.000000;30.000000;26.932157;0.000000;0.000000;0.000000;0.000000;0.000000;26.932157
4529;224.000000;18.000000;-30.000000;-16.932157;0.000000;0.000000;0.000000;0.000000;0.000000;16.932157
4530;224.000000;18.000000;30.000000;26.932157;0.000000;0.000000;0.000000;0.000000;0.000000;26.932157
4531;224.000000;22.000000;-30.000000;-16.932157;0.000000;0.000000;0.000000;0.000000;0.000000;16.932157
4532;224.000000;22.000000;30.000000;26.932157;0.000000;0.000000;0.000000;0.000000;0.000000;26.932157
4533;224.000000;26.000000;-30.000000;-16.932157;0.000000;0.000000;0.000000;0.000000;0.000000;16.932157
4534;224.000000;26.000000;30.000000;26.932157;0.000000;0.000000;0.000000;0.000000;0.000000;26.932157
4535;224.000000;30.000000;-30.000000;-16.932157;0.000000;0.000000;0.000000;0.000000;0.000000;16.932157
4536;224.000000;30.000000;30.000000;26.932157;0.000000;0.000000;0.000000;0.000000;0.000000;26.932157
4537;224.000000;34.000000;-30.000000;-16.932157;0.000000;0.000000;0.000000;0.000000;0.000000;16.932157
4538;224.000000;34.000000;30.000000;26.932157;0.000000;0.000000;0.000000;0.000000;0.000000;26.932157
4539;224.000000;38.000000;-30.000000;-16.932157;0.000000;0.000000;0.000000;0.000000;0.000000;16.932157
4540;224.000000;38.000000;30.000000;26.932157;0.000000;0.000000;0.000000;0.000000;0.000000;26.932157
4541;224.000000;42.000000;-30.000000;-16.932157;0.000000;0.000000;0.000000;0.000000;0.000000;16.932157
4542;224.000000;42.000000;30.000000;26.932157;0.000000;0.000000;0.000000;0.000000;0.000000;26.932157
4543;224.000000;46.000000;-30.000000;-16.932157;0.000000;0.000000;0.000000;0.000000;0.000000;16.932157
4544;224.000000;46.000000;30.000000;26.932157;0.000000;0.000000;0.000000;0.000000;0.000000;26.932157
4545;224.000000;50.000000;-30.000000;-16.932157;0.000000;0.000000;0.000000;0.000000;0.000000;16.932157
4546;224.000000;50.000000;-26.000000;-14.007869;0.000000;0.000000;0.000000;0.000000;0.000000;14.007869
4547;224.000000;50.000000;-22.000000;-11.083581;0.000000;0.000000;0.000000;0.000000;0.000000;11.083581
4548;224.000000;50.000000;-18.000000;-8.159294;0.000000;0.000000;0.000000;0.000000;0.000000;8.159294
4549;224.000000;50.000000;-14.000000;-5.235006;0.000000;0.000000;0.000000;0.000000;0.000000;5.235006
4550;224.000000;50.000000;-10.000000;-2.310719;0.000000;0.000000;0.000000;0.000000;0.000000;2.310719
4551;224.000000;50.000000;-6.000000;0.613569;0.000000;0.000000;0.000000;0.000000;0.000000;0.613569
4552;224.000000;50.000000;-2.000000;3.537856;0.000000;0.000000;0.000000;0.000000;0.000000;3.537856
4553;224.000000;50.000000;2.000000;6.462144;0.000000;0.000000;0.000000;0.000000;0.000000;6.462144
4554;224.000000;50.000000;6.000000;9.386431;0.000000;0.000000;0.000000;0.000000;0.000000;9.386431
4555;224.000000;50.000000;10.000000;12.310719;0.000000;0.000000;0.000000;0.000000;0.000000;12.310719
4556;224.000000;50.000000;14.000000;15.235006;0.000000;0.000000;0.000000;0.000000;0.000000;15.235006
4557;224.000000;50.000000;18.000000;18.159294;0.000000;0.000000;0.000000;0.000000;0.000000;18.159294
4558;224.000000;50.000000;22.000000;21.083581;0.000000;0.000000;0.000000;0.000000;0.000000;21.083581
4559;224.000000;50.000000;26.000000;24.007869;0.000000;0.000000;0.000000;0.000000;0.000000;24.007869
4560;224.000000;50.000000;30.000000;26.932157;0.000000;0.000000;0.000000;0.000000;0.000000;26.932157
4561;228.000000;-50.000000;-30.000000;-16.433698;0.000000;0.000000;0.000000;0.000000;0.000000;16.433698
4562;228.000000;-50.000000;-26.000000;-13.575872;0.000000;0.000000;0.000000;0.000000;0.000000;13.575872
4563;228.000000;-50.000000;-22.000000;-10.718046;0.000000;0.000000;0.000000;0.000000;0.000000;10.718046
4564;228.000000;-50.000000;-18.000000;-7.860219;0.000000;0.000000;0.000000;0.000000;0.000000;7.860219
4565;228.000000;-50.000000;-14.000000;-5.002393;0.000000;0.000000;0.000000;0.000000;0.000000;5.002393
4566;228.000000;-50.000000;-10.000000;-2.144566;0.000000;0.000000;0.000000;0.000000;0.000000;2.144566
4567;228.000000;-50.000000;-6.000000;0.713260;0.000000;0.000000;0.000000;0.000000;0.000000;0.713260
4568;228.000000;-50.000000;-2.000000;3.571087;0.000000;0.000000;0.000000;0.000000;0.000000;3.571087
4569;228.000000;-50.000000;2.000000;6.428913;0.000000;0.000000;0.000000;0.000000;0.000000;6.428913
4570;228.000000;-50.000000;6.000000;9.286740;0.000000;0.000000;0.000000;0.000000;0.000000;9.286740
4571;228.000000;-50.000000;10.000000;12.144566;0.000000;0.000000;0.000000;0.000000;0.000000;12.144566
4572;228.000000;-50.000000;14.000000;15.002393;0.000000;0.000000;0.000000;0.000000;0.000000;15.002393
4573;228.000000;-50.000000;18.000000;17.860219;0.000000;0.000000;0.000000;0.000000;0.000000;17.860219
4574;228.000000;-50.000000;22.000000;20.718046;0.000000;0.000000;0.000000;0.000000;0.000000;20.718046
4575;228.000000;-50.000000;26.000000;23.575872;0.000000;0.000000;0.000000;0.000000;0.000000;23.575872
4576;228.000000;-50.000000;30.000000;26.433698;0.000000;0.000000;0.000000;0.000000;0.000000;26.433698
4577;228.000000;-46.000000;-30.000000;-16.433698;0.000000;0.000000;0.000000;0.000000;0.000000;16.433698
4578;228.000000;-46.000000;30.000000;26.433698;0.000000;0.000000;0.000000;0.000000;0.000000;26.433698
4579;228.000000;-42.000000;-30.000000;-16.433698;0.000000;0.000000;0.000000;0.000000;0.000000;16.433698
4580;228.000000;-42.000000;30.000000;26.433698;0.000000;0.000000;0.000000;0.000000;0.000000;26.433698
4581;228.000000;-38.000000;-30.000000;-16.433698;0.000000;0.000000;0.000000;0.000000;0.000000;16.433698
4582;228.000000;-38.000000;30.000000;26.433698;0.000000;0.000000;0.000000;0.000000;0.000000;26.433698
4583;228.000000;-34.000000;-30.000000;-16.433698;0.000000;0.000000;0.000000;0.000000;0.000000;16.433698
4584;228.000000;-34.000000;30.000000;26.433698;0.000000;0.000000;0.000000;0.000000;0.000000;26.433698
4585;228.000000;-30.000000;-30.000000;-16.433698;0.000000;0.000000;0.000000;0.000000;0.000000;16.433698
4586;228.000000;-30.000000;30.000000;26.433698;0.000000;0.000000;0.000000;0.000000;0.000000;26.433698
4587;228.000000;-26.000000;-30.000000;-16.433698;0.000000;0.000000;0.000000;0.000000;0.000000;16.433698
4588;228.000000;-26.000000;30.000000;26.433698;0.000000;0.000000;0.000000;0.000000;0.000000;26.433698
4589;228.000000;-22.000000;-30.000000;-16.433698;0.000000;0.000000;0.000000;0.000000;0.000000;16.433698
4590;228.000000;-22.000000;30.000000;26.433698;0.000000;0.000000;0.000000;0.000000;0.000000;26.433698
4591;228.000000;-18.000000;-30.000000;-16.433698;0.000000;0.000000;0.000000;0.000000;0.000000;16.433698
4592;228.000000;-18.000000;30.000000;26.433698;0.000000;0.000000;0.000000;0.000000;0.000000;26.433698
4593;228.000000;-14.000000;-30.000000;-16.433698;0.000000;0.000000;0.000000;0.000000;0.000000;16.433698
4594;228.000000;-14.000000;30.000000;26.433698;0.000000;0.000000;0.000000;0.000000;0.000000;26.433698
4595;228.000000;-10.000000;-30.000000;-16.433698;0.000000;0.000000;0.000000;0.000000;0.000000;16.433698
4596;228.000000;-10.000000;30.000000;26.433698;0.000000;0.000000;0.000000;0.000000;0.000000;26.433698
4597;228.000000;-6.000000;-30.000000;-16.433698;0.000000;0.000000;0.000000;0.000000;0.000000;16.433698
4598;228.000000;-6.000000;30.000000;26.433698;0.000000;0.000000;0.000000;0.000000;0.000000;26.433698
4599;228.000000;-2.000000;-30.000000;-16.433698;0.000000;0.000000;0.000000;0.000000;0.000000;16.433698
4600;228.000000;-2.000000;30.000000;26.433698;0.000000;0.000000;0.000000;0.000000;0.000000;26.433698
4601;228.000000;2.000000;-30.000000;-16.433698;0.000000;0.000000;0.000000;0.000000;0.000000;16.433698
4602;228.000000;2.000000;30.000000;26.433698;0.000000;0.000000;0.000000;0.000000;0.000000;26.433698
4603;228.000000;6.000000;-30.000000;-16.433698;0.000000;0.000000;0.000000;0.000000;0.000000;16.433698
4604;228.000000;6.000000;30.000000;26.433698;0.000000;0.000000;0.000000;0.000000;0.000000;26.433698
4605;228.000000;10.000000;-30.000000;-16.433698;0.000000;0.000000;0.000000;0.000000;0.000000;16.433698
4606;228.000000;10.000000;30.000000;26.433698;0.000000;0.000000;0.000000;0.000000;0.000000;26.433698
4607;228.000000;14.000000;-30.000000;-16.433698;0.000000;0.000000;0.000000;0.000000;0.000000;16.433698
4608;228.000000;14.000000;30.000000;26.433698;0.000000;0.000000;0.000000;0.000000;0.000000;26.433698
4609;228.000000;18.000000;-30.000000;-16.433698;0.000000;0.000000;0.000000;0.000000;0.000000;16.433698
4610;228.000000;18.000000;30.000000;26.433698;0.000000;0.000000;0.000000;0.000000;0.000000;26.433698
4611;228.000000;22.000000;-30.000000;-16.433698;0.000000;0.000000;0.000000;0.000000;0.000000;16.433698
4612;228.000000;22.000000;30.000000;26.433698;0.000000;0.000000;0.000000;0.000000;0.000000;26.433698
4613;228.000000;26.000000;-30.000000;-16.433698;0.000000;0.000000;0.000000;0.000000;0.000000;16.433698
4614;228.000000;26.000000;30.000000;26.433698;0.000000;0.000000;0.000000;0.000000;0.000000;26.433698
4615;228.000000;30.000000;-30.000000;-16.433698;0.000000;0.000000;0.000000;0.000000;0.000000;16.433698
4616;228.000000;30.000000;30.000000;26.433698;0.000000;0.000000;0.000000;0.000000;0.000000;26.433698
4617;228.000000;34.000000;-30.000000;-16.433698;0.000000;0.000000;0.000000;0.000000;0.000000;16.433698
4618;228.000000;34.000000;30.000000;26.433698;0.000000;0.000000;0.000000;0.000000;0.000000;26.433698
4619;228.000000;38.000000;-30.000000;-16.433698;0.000000;0.000000;0.000000;0.000000;0.000000;16.433698
4620;228.000000;38.000000;30.000000;26.433698;0.000000;0.000000;0.000000;0.000000;0.000000;26.433698
4621;228.000000;42.000000;-30.000000;-16.433698;0.000000;0.000000;0.000000;0.000000;0.000000;16.433698
4622;228.000000;42.000000;30.000000;26.433698;0.000000;0.000000;0.000000;0.000000;0.000000;26.433698
4623;228.000000;46.000000;-30.000000;-16.433698;0.000000;0.000000;0.000000;0.000000;0.000000;16.433698
4624;228.000000;46.000000;30.000000;26.433698;0.000000;0.000000;0.000000;0.000000;0.000000;26.433698
4625;228.000000;50.000000;-30.000000;-16.433698;0.000000;0.000000;0.000000;0.000000;0.000000;16.433698
4626;228.000000;50.000000;-26.000000;-13.575872;0.000000;0.000000;0.000000;0.000000;0.000000;13.575872
4627;228.000000;50.000000;-22.000000;-10.718046;0.000000;0.000000;0.000000;0.000000;0.000000;10.718046
4628;228.000000;50.000000;-18.000000;-7.860219;0.000000;0.000000;0.000000;0.000000;0.000000;7.860219
4629;228.000000;50.000000;-14.000000;-5.002393;0.000000;0.000000;0.000000;0.000000;0.000000;5.002393
4630;228.000000;50.000000;-10.000000;-2.144566;0.000000;0.000000;0.000000;0.000000;0.000000;2.144566
4631;228.000000;50.000000;-6.000000;0.713260;0.000000;0.000000;0.000000;0.000000;0.000000;0.713260
4632;228.000000;50.000000;-2.000000;3.571087;0.000000;0.000000;0.000000;0.000000;0.000000;3.571087
4633;228.000000;50.000000;2.000000;6.428913;0.000000;0.000000;0.000000;0.000000;0.000000;6.428913
4634;228.000000;50.000000;6.000000;9.286740;0.000000;0.000000;0.000000;0.000000;0.000000;9.286740
4635;228.000000;50.000000;10.000000;12.144566;0.000000;0.000000;0.000000;0.000000;0.000000;12.144566
4636;228.000000;50.000000;14.000000;15.002393;0.000000;0.000000;0.000000;0.000000;0.000000;15.002393
4637;228.000000;50.000000;18.000000;17.860219;0.000000;0.000000;0.000000;0.000000;0.000000;17.860219
4638;228.000000;50.000000;22.000000;20.718046;0.000000;0.000000;0.000000;0.000000;0.000000;20.718046
4639;228.000000;50.000000;26.000000;23.575872;0.000000;0.000000;0.000000;0.000000;0.000000;23.575872
4640;228.000000;50.000000;30.000000;26.433698;0.000000;0.000000;0.000000;0.000000;0.000000;26.433698
4641;232.000000;-50.000000;-30.000000;-15.935240;0.000000;0.000000;0.000000;0.000000;0.000000;15.935240
4642;232.000000;-50.000000;-26.000000;-13.143875;0.000000;0.000000;0.000000;0.000000;0.000000;13.143875
4643;232.000000;-50.000000;-22.000000;-10.352510;0.000000;0.000000;0.000000;0.000000;0.000000;10.352510
4644;232.000000;-50.000000;-18.000000;-7.561144;0.000000;0.000000;0.000000;0.000000;0.000000;7.561144
4645;232.000000;-50.000000;-14.000000;-4.769779;0.000000;0.000000;0.000000;0.000000;0.000000;4.769779
4646;232.000000;-50.000000;-10.000000;-1.978413;0.000000;0.000000;0.000000;0.000000;0.000000;1.978413
4647;232.000000;-50.000000;-6.000000;0.812952;0.000000;0.000000;0.000000;0.000000;0.000000;0.812952
4648;232.000000;-50.000000;-2.000000;3.604317;0.000000;0.000000;0.000000;0.000000;0.000000;3.604317
4649;232.000000;-50.000000;2.000000;6.395683;0.000000;0.000000;0.000000;0.000000;0.000000;6.395683
4650;232.000000;-50.000000;6.000000;9.187048;0.000000;0.000000;0.000000;0.000000;0.000000;9.187048
4651;232.000000;-50.000000;10.000000;11.978413;0.000000;0.000000;0.000000;0.000000;0.000000;11.978413
4652;232.000000;-50.000000;14.000000;14.769779;0.000000;0.000000;0.000000;0.000000;0.000000;14.769779
4653;232.000000;-50.000000;18.000000;17.561144;0.000000;0.000000;0.000000;0.000000;0.000000;17.561144
4654;232.000000;-50.000000;22.000000;20.352510;0.000000;0.000000;0.000000;0.000000;0.000000;20.352510
4655;232.000000;-50.000000;26.000000;23.143875;0.000000;0.000000;0.000000;0.000000;0.000000;23.143875
4656;232.000000;-50.000000;30.000000;25.935240;0.000000;0.000000;0.000000;0.000000;0.000000;25.935240
4657;232.000000;-46.000000;-30.000000;-15.935240;0.000000;0.000000;0.000000;0.000000;0.000000;15.935240
4658;232.000000;-46.000000;30.000000;25.935240;0.000000;0.000000;0.000000;0.000000;0.000000;25.935240
4659;232.000000;-42.000000;-30.000000;-15.935240;0.000000;0.000000;0.000000;0.000000;0.000000;15.935240
4660;232.000000;-42.000000;30.000000;25.935240;0.000000;0.000000;0.000000;0.000000;0.000000;25.935240
4661;232.000000;-38.000000;-30.000000;-15.935240;0.000000;0.000000;0.000000;0.000000;0.000000;15.935240
4662;232.000000;-38.000000;30.000000;25.935240;0.000000;0.000000;0.000000;0.000000;0.000000;25.935240
4663;232.000000;-34.000000;-30.000000;-15.935240;0.000000;0.000000;0.000000;0.000000;0.000000;15.935240
4664;232.000000;-34.000000;30.000000;25.935240;0.000000;0.000000;0.000000;0.000000;0.000000;25.935240
4665;232.000000;-30.000000;-30.000000;-15.935240;0.000000;0.000000;0.000000;0.000000;0.000000;15.935240
4666;232.000000;-30.000000;30.000000;25.935240;0.000000;0.000000;0.000000;0.000000;0.000000;25.935240
4667;232.000000;-26.000000;-30.000000;-15.935240;0.000000;0.000000;0.000000;0.000000;0.000000;15.935240
4668;232.000000;-26.000000;30.000000;25.935240;0.000000;0.000000;0.000000;0.000000;0.000000;25.935240
4669;232.000000;-22.000000;-30.000000;-15.935240;0.000000;0.000000;0.000000;0.000000;0.000000;15.935240
4670;232.000000;-22.000000;30.000000;25.935240;0.000000;0.000000;0.000000;0.000000;0.000000;25.935240
4671;232.000000;-18.000000;-30.000000;-15.935240;0.000000;0.000000;0.000000;0.000000;0.000000;15.935240
4672;232.000000;-18.000000;30.000000;25.935240;0.000000;0.000000;0.000000;0.000000;0.000000;25.935240
4673;232.000000;-14.000000;-30.000000;-15.935240;0.000000;0.000000;0.000000;0.000000;0.000000;15.935240
4674;232.000000;-14.000000;30.000000;25.935240;0.000000;0.000000;0.000000;0.000000;0.000000;25.935240
4675;232.000000;-10.000000;-30.000000;-15.935240;0.000000;0.000000;0.000000;0.000000;0.000000;15.935240
4676;232.000000;-10.000000;30.000000;25.935240;0.000000;0.000000;0.000000;0.000000;0.000000;25.935240
4677;232.000000;-6.000000;-30.000000;-15.935240;0.000000;0.000000;0.000000;0.000000;0.000000;15.935240
4678;232.000000;-6.000000;30.000000;25.935240;0.000000;0.000000;0.000000;0.000000;0.000000;25.935240
4679;232.000000;-2.000000;-30.000000;-15.935240;0.000000;0.000000;0.000000;0.000000;0.000000;15.935240
4680;232.000000;-2.000000;30.000000;25.935240;0.000000;0.000000;0.000000;0.000000;0.000000;25.935240
4681;232.000000;2.000000;-30.000000;-15.935240;0.000000;0.000000;0.000000;0.000000;0.000000;15.935240
4682;232.000000;2.000000;30.000000;25.935240;0.000000;0.000000;0.000000;0.000000;0.000000;25.935240
4683;232.000000;6.000000;-30.000000;-15.935240;0.000000;0.000000;0.000000;0.000000;0.000000;15.935240
4684;232.000000;6.000000;30.000000;25.935240;0.000000;0.000000;0.000000;0.000000;0.000000;25.935240
4685;232.000000;10.000000;-30.000000;-15.935240;0.000000;0.000000;0.000000;0.000000;0.000000;15.935240
4686;232.000000;10.000000;30.000000;25.935240;0.000000;0.000000;0.000000;0.000000;0.000000;25.935240
4687;232.000000;14.000000;-30.000000;-15.935240;0.000000;0.000000;0.000000;0.000000;0.000000;15.935240
4688;232.000000;14.000000;30.000000;25.935240;0.000000;0.000000;0.000000;0.000000;0.000000;25.935240
4689;232.000000;18.000000;-30.000000;-15.935240;0.000000;0.000000;0.000000;0.000000;0.000000;15.935240
4690;232.000000;18.000000;30.000000;25.935240;0.000000;0.000000;0.000000;0.000000;0.000000;25.935240
4691;232.000000;22.000000;-30.000000;-15.935240;0.000000;0.000000;0.000000;0.000000;0.000000;15.935240
4692;232.000000;22.000000;30.000000;25.935240;0.000000;0.000000;0.000000;0.000000;0.000000;25.935240
4693;232.000000;26.000000;-30.000000;-15.935240;0.000000;0.000000;0.000000;0.000000;0.000000;15.935240
4694;232.000000;26.000000;30.000000;25.935240;0.000000;0.000000;0.000000;0.000000;0.000000;25.935240
4695;232.000000;30.000000;-30.000000;-15.935240;0.000000;0.000000;0.000000;0.000000;0.000000;15.935240
4696;232.000000;30.000000;30.000000;25.935240;0.000000;0.000000;0.000000;0.000000;0.000000;25.935240
4697;232.000000;34.000000;-30.000000;-15.935240;0.000000;0.000000;0.000000;0.000000;0.000000;15.935240
4698;232.000000;34.000000;30.000000;25.935240;0.000000;0.000000;0.000000;0.000000;0.000000;25.935240
4699;232.000000;38.000000;-30.000000;-15.935240;0.000000;0.000000;0.000000;0.000000;0.000000;15.935240
4700;232.000000;38.000000;30.000000;25.935240;0.000000;0.000000;0.000000;0.000000;0.000000;25.935240
4701;232.000000;42.000000;-30.000000;-15.935240;0.000000;0.000000;0.000000;0.000000;0.000000;15.935240
4702;232.000000;42.000000;30.000000;25.935240;0.000000;0.000000;0.000000;0.000000;0.000000;25.935240
4703;232.000000;46.000000;-30.000000;-15.935240;0.000000;0.000000;0.000000;0.000000;0.000000;15.935240
4704;232.000000;46.000000;30.000000;25.935240;0.000000;0.000000;0.000000;0.000000;0.000000;25.935240
4705;232.000000;50.000000;-30.000000;-15.935240;0.000000;0.000000;0.000000;0.000000;0.000000;15.935240
4706;232.000000;50.000000;-26.000000;-13.143875;0.000000;0.000000;0.000000;0.000000;0.000000;13.143875
4707;232.000000;50.000000;-22.000000;-10.352510;0.000000;0.000000;0.000000;0.000000;0.000000;10.352510
4708;232.000000;50.000000;-18.000000;-7.561144;0.000000;0.000000;0.000000;0.000000;0.000000;7.561144
4709;232.000000;50.000000;-14.000000;-4.769779;0.000000;0.000000;0.000000;0.000000;0.000000;4.769779
4710;232.000000;50.000000;-10.000000;-1.978413;0.000000;0.000000;0.000000;0.000000;0.000000;1.978413
4711;232.000000;50.000000;-6.000000;0.812952;0.000000;0.000000;0.000000;0.000000;0.000000;0.812952
4712;232.000000;50.000000;-2.000000;3.604317;0.000000;0.000000;0.000000;0.000000;0.000000;3.604317
4713;232.000000;50.000000;2.000000;6.395683;0.000000;0.000000;0.000000;0.000000;0.000000;6.395683
4714;232.000000;50.000000;6.000000;9.187048;0.000000;0.000000;0.000000;0.000000;0.000000;9.187048
4715;232.000000;50.000000;10.000000;11.978413;0.000000;0.000000;0.000000;0.000000;0.000000;11.978413
4716;232.000000;50.000000;14.000000;14.769779;0.000000;0.000000;0.000000;0.000000;0.000000;14.769779
4717;232.000000;50.000000;18.000000;17.561144;0.000000;0.000000;0.000000;0.000000;0.000000;17.561144
4718;232.000000;50.000000;22.000000;20.352510;0.000000;0.000000;0.000000;0.000000;0.000000;20.352510
4719;232.000000;50.000000;26.000000;23.143875;0.000000;0.000000;0.000000;0.000000;0.000000;23.143875
4720;232.000000;50.000000;30.000000;25.935240;0.000000;0.000000;0.000000;0.000000;0.000000;25.935240
4721;236.000000;-50.000000;-30.000000;-15.436782;0.000000;0.000000;0.000000;0.000000;0.000000;15.436782
4722;236.000000;-50.000000;-26.000000;-12.711878;0.000000;0.000000;0.000000;0.000000;0.000000;12.711878
4723;236.000000;-50.000000;-22.000000;-9.986974;0.000000;0.000000;0.000000;0.000000;0.000000;9.986974
4724;236.000000;-50.000000;-18.000000;-7.262069;0.000000;0.000000;0.000000;0.000000;0.000000;7.262069
4725;236.000000;-50.000000;-14.000000;-4.537165;0.000000;0.000000;0.000000;0.000000;0.000000;4.537165
4726;236.000000;-50.000000;-10.000000;-1.812261;0.000000;0.000000;0.000000;0.000000;0.000000;1.812261
4727;236.000000;-50.000000;-6.000000;0.912644;0.000000;0.000000;0.000000;0.000000;0.000000;0.912644
4728;236.000000;-50.000000;-2.000000;3.637548;0.000000;0.000000;0.000000;0.000000;0.000000;3.637548
4729;236.000000;-50.000000;2.000000;6.362452;0.000000;0.000000;0.000000;0.000000;0.000000;6.362452
4730;236.000000;-50.000000;6.000000;9.087356;0.000000;0.000000;0.000000;0.000000;0.000000;9.087356
4731;236.000000;-50.000000;10.000000;11.812261;0.000000;0.000000;0.000000;0.000000;0.000000;11.812261
4732;236.000000;-50.000000;14.000000;14.537165;0.000000;0.000000;0.000000;0.000000;0.000000;14.537165
4733;236.000000;-50.000000;18.000000;17.262069;0.000000;0.000000;0.000000;0.000000;0.000000;17.262069
4734;236.000000;-50.000000;22.000000;19.986974;0.000000;0.000000;0.000000;0.000000;0.000000;19.986974
4735;236.000000;-50.000000;26.000000;22.711878;0.000000;0.000000;0.000000;0.000000;0.000000;22.711878
4736;236.000000;-50.000000;30.000000;25.436782;0.000000;0.000000;0.000000;0.000000;0.000000;25.436782
4737;236.000000;-46.000000;-30.000000;-15.436782;0.000000;0.000000;0.000000;0.000000;0.000000;15.436782
4738;236.000000;-46.000000;30.000000;25.436782;0.000000;0.000000;0.000000;0.000000;0.000000;25.436782
4739;236.000000;-42.000000;-30.000000;-15.436782;0.000000;0.000000;0.000000;0.000000;0.000000;15.436782
4740;236.000000;-42.000000;30.000000;25.436782;0.000000;0.000000;0.000000;0.000000;0.000000;25.436782
4741;236.000000;-38.000000;-30.000000;-15.436782;0.000000;0.000000;0.000000;0.000000;0.000000;15.436782
4742;236.000000;-38.000000;30.000000;25.436782;0.000000;0.000000;0.000000;0.000000;0.000000;25.436782
4743;236.000000;-34.000000;-30.000000;-15.436782;0.000000;0.000000;0.000000;0.000000;0.000000;15.436782
4744;236.000000;-34.000000;30.000000;25.436782;0.000000;0.000000;0.000000;0.000000;0.000000;25.436782
4745;236.000000;-30.000000;-30.000000;-15.436782;0.000000;0.000000;0.000000;0.000000;0.000000;15.436782
4746;236.000000;-30.000000;30.000000;25.436782;0.000000;0.000000;0.000000;0.000000;0.000000;25.436782
4747;236.000000;-26.000000;-30.000000;-15.436782;0.000000;0.000000;0.000000;0.000000;0.000000;15.436782
4748;236.000000;-26.000000;30.000000;25.436782;0.000000;0.000000;0.000000;0.000000;0.000000;25.436782
4749;236.000000;-22.000000;-30.000000;-15.436782;0.000000;0.000000;0.000000;0.000000;0.000000;15.436782
4750;236.000000;-22.000000;30.000000;25.436782;0.000000;0.000000;0.000000;0.000000;0.000000;25.436782
4751;236.000000;-18.000000;-30.000000;-15.436782;0.000000;0.000000;0.000000;0.000000;0.000000;15.436782
4752;236.000000;-18.000000;30.000000;25.436782;0.000000;0.000000;0.000000;0.000000;0.000000;25.436782
4753;236.000000;-14.000000;-30.000000;-15.436782;0.000000;0.000000;0.000000;0.000000;0.000000;15.436782
4754;236.000000;-14.000000;30.000000;25.436782;0.000000;0.000000;0.000000;0.000000;0.000000;25.436782
4755;236.000000;-10.000000;-30.000000;-15.436782;0.000000;0.000000;0.000000;0.000000;0.000000;15.436782
4756;236.000000;-10.000000;30.000000;25.436782;0.000000;0.000000;0.000000;0.000000;0.000000;25.436782
4757;236.000000;-6.000000;-30.000000;-15.436782;0.000000;0.000000;0.000000;0.000000;0.000000;15.436782
4758;236.000000;-6.000000;30.000000;25.436782;0.000000;0.000000;0.000000;0.000000;0.000000;25.436782
4759;236.000000;-2.000000;-30.000000;-15.436782;0.000000;0.000000;0.000000;0.000000;0.000000;15.436782
4760;236.000000;-2.000000;30.000000;25.436782;0.000000;0.000000;0.000000;0.000000;0.000000;25.436782
4761;236.000000;2.000000;-30.000000;-15.436782;0.000000;0.000000;0.000000;0.000000;0.000000;15.436782
4762;236.000000;2.000000;30.000000;25.436782;0.000000;0.000000;0.000000;0.000000;0.000000;25.436782
4763;236.000000;6.000000;-30.000000;-15.436782;0.000000;0.000000;0.000000;0.000000;0.000000;15.436782
4764;236.000000;6.000000;30.000000;25.436782;0.000000;0.000000;0.000000;0.000000;0.000000;25.436782
4765;236.000000;10.000000;-30.000000;-15.436782;0.000000;0.000000;0.000000;0.000000;0.000000;15.436782
4766;236.000000;10.000000;30.000000;25.436782;0.000000;0.000000;0.000000;0.000000;0.000000;25.436782
4767;236.000000;14.000000;-30.000000;-15.436782;0.000000;0.000000;0.000000;0.000000;0.000000;15.436782
4768;236.000000;14.000000;30.000000;25.436782;0.000000;0.000000;0.000000;0.000000;0.000000;25.436782
4769;236.000000;18.000000;-30.000000;-15.436782;0.000000;0.000000;0.000000;0.000000;0.000000;15.436782
4770;236.000000;18.000000;30.000000;25.436782;0.000000;0.000000;0.000000;0.000000;0.000000;25.436782
4771;236.000000;22.000000;-30.000000;-15.436782;0.000000;0.000000;0.000000;0.000000;0.000000;15.436782
4772;236.000000;22.000000;30.000000;25.436782;0.000000;0.000000;0.000000;0.000000;0.000000;25.436782
4773;236.000000;26.000000;-30.000000;-15.436782;0.000000;0.000000;0.000000;0.000000;0.000000;15.436782
4774;236.000000;26.000000;30.000000;25.436782;0.000000;0.000000;0.000000;0.000000;0.000000;25.436782
4775;236.000000;30.000000;-30.000000;-15.436782;0.000000;0.000000;0.000000;0.000000;0.000000;15.436782
4776;236.000000;30.000000;30.000000;25.436782;0.000000;0.000000;0.000000;0.000000;0.000000;25.436782
4777;236.000000;34.000000;-30.000000;-15.436782;0.000000;0.000000;0.000000;0.000000;0.000000;15.436782
4778;236.000000;34.000000;30.000000;25.436782;0.000000;0.000000;0.000000;0.000000;0.000000;25.436782
4779;236.000000;38.000000;-30.000000;-15.436782;0.000000;0.000000;0.000000;0.000000;0.000000;15.436782
4780;236.000000;38.000000;30.000000;25.436782;0.000000;0.000000;0.000000;0.000000;0.000000;25.436782
4781;236.000000;42.000000;-30.000000;-15.436782;0.000000;0.000000;0.000000;0.000000;0.000000;15.436782
4782;236.000000;42.000000;30.000000;25.436782;0.000000;0.000000;0.000000;0.000000;0.000000;25.436782
4783;236.000000;46.000000;-30.000000;-15.436782;0.000000;0.000000;0.000000;0.000000;0.000000;15.436782
4784;236.000000;46.000000;30.000000;25.436782;0.000000;0.000000;0.000000;0.000000;0.000000;25.436782
4785;236.000000;50.000000;-30.000000;-15.436782;0.000000;0.000000;0.000000;0.000000;0.000000;15.436782
4786;236.000000;50.000000;-26.000000;-12.711878;0.000000;0.000000;0.000000;0.000000;0.000000;12.711878
4787;236.000000;50.000000;-22.000000;-9.986974;0.000000;0.000000;0.000000;0.000000;0.000000;9.986974
4788;236.000000;50.000000;-18.000000;-7.262069;0.000000;0.000000;0.000000;0.000000;0.000000;7.262069
4789;236.000000;50.000000;-14.000000;-4.537165;0.000000;0.000000;0.000000;0.000000;0.000000;4.537165
4790;236.000000;50.000000;-10.000000;-1.812261;0.000000;0.000000;0.000000;0.000000;0.000000;1.812261
4791;236.000000;50.000000;-6.000000;0.912644;0.000000;0.000000;0.000000;0.000000;0.000000;0.912644
4792;236.000000;50.000000;-2.000000;3.637548;0.000000;0.000000;0.000000;0.000000;0.000000;3.637548
4793;236.000000;50.000000;2.000000;6.362452;0.000000;0.000000;0.000000;0.000000;0.000000;6.362452
4794;236.000000;50.000000;6.000000;9.087356;0.000000;0.000000;0.000000;0.000000;0.000000;9.087356
4795;236.000000;50.000000;10.000000;11.812261;0.000000;0.000000;0.000000;0.000000;0.000000;11.812261
4796;236.000000;50.000000;14.000000;14.537165;0.000000;0.000000;0.000000;0.000000;0.000000;14.537165
4797;236.000000;50.000000;18.000000;17.262069;0.000000;0.000000;0.000000;0.000000;0.000000;17.262069
4798;236.000000;50.000000;22.000000;19.986974;0.000000;0.000000;0.000000;0.000000;0.000000;19.986974
4799;236.000000;50.000000;26.000000;22.711878;0.000000;0.000000;0.000000;0.000000;0.000000;22.711878
4800;236.000000;50.000000;30.000000;25.436782;0.000000;0.000000;0.000000;0.000000;0.000000;25.436782
4801;240.000000;-50.000000;-30.000000;-14.938324;0.000000;0.000000;0.000000;0.000000;0.000000;14.938324
4802;240.000000;-50.000000;-26.000000;-12.279881;0.000000;0.000000;0.000000;0.000000;0.000000;12.279881
4803;240.000000;-50.000000;-22.000000;-9.621438;0.000000;0.000000;0.000000;0.000000;0.000000;9.621438
4804;240.000000;-50.000000;-18.000000;-6.962994;0.000000;0.000000;0.000000;0.000000;0.000000;6.962994
4805;240.000000;-50.000000;-14.000000;-4.304551;0.000000;0.000000;0.000000;0.000000;0.000000;4.304551
4806;240.000000;-50.000000;-10.000000;-1.646108;0.000000;0.000000;0.000000;0.000000;0.000000;1.646108
4807;240.000000;-50.000000;-6.000000;1.012335;0.000000;0.000000;0.000000;0.000000;0.000000;1.012335
4808;240.000000;-50.000000;-2.000000;3.670778;0.000000;0.000000;0.000000;0.000000;0.000000;3.670778
4809;240.000000;-50.000000;2.000000;6.329222;0.000000;0.000000;0.000000;0.000000;0.000000;6.329222
4810;240.000000;-50.000000;6.000000;8.987665;0.000000;0.000000;0.000000;0.000000;0.000000;8.987665
4811;240.000000;-50.000000;10.000000;11.646108;0.000000;0.000000;0.000000;0.000000;0.000000;11.646108
4812;240.000000;-50.000000;14.000000;14.304551;0.000000;0.000000;0.000000;0.000000;0.000000;14.304551
4813;240.000000;-50.000000;18.000000;16.962994;0.000000;0.000000;0.000000;0.000000;0.000000;16.962994
4814;240.000000;-50.000000;22.000000;19.621438;0.000000;0.000000;0.000000;0.000000;0.000000;19.621438
4815;240.000000;-50.000000;26.000000;22.279881;0.000000;0.000000;0.000000;0.000000;0.000000;22.279881
4816;240.000000;-50.000000;30.000000;24.938324;0.000000;0.000000;0.000000;0.000000;0.000000;24.938324
4817;240.000000;-46.000000;-30.000000;-14.938324;0.000000;0.000000;0.000000;0.000000;0.000000;14.938324
4818;240.000000;-46.000000;30.000000;24.938324;0.000000;0.000000;0.000000;0.000000;0.000000;24.938324
4819;240.000000;-42.000000;-30.000000;-14.938324;0.000000;0.000000;0.000000;0.000000;0.000000;14.938324
4820;240.000000;-42.000000;30.000000;24.938324;0.000000;0.000000;0.000000;0.000000;0.000000;24.938324
4821;240.000000;-38.000000;-30.000000;-14.938324;0.000000;0.000000;0.000000;0.000000;0.000000;14.938324
4822;240.000000;-38.000000;30.000000;24.938324;0.000000;0.000000;0.000000;0.000000;0.000000;24.938324
4823;240.000000;-34.000000;-30.000000;-14.938324;0.000000;0.000000;0.000000;0.000000;0.000000;14.938324
4824;240.000000;-34.000000;30.000000;24.938324;0.000000;0.000000;0.000000;0.000000;0.000000;24.938324
4825;240.000000;-30.000000;-30.000000;-14.938324;0.000000;0.000000;0.000000;0.000000;0.000000;14.938324
4826;240.000000;-30.000000;30.000000;24.938324;0.000000;0.000000;0.000000;0.000000;0.000000;24.938324
4827;240.000000;-26.000000;-30.000000;-14.938324;0.000000;0.000000;0.000000;0.000000;0.000000;14.938324
4828;240.000000;-26.000000;30.000000;24.938324;0.000000;0.000000;0.000000;0.000000;0.000000;24.938324
4829;240.000000;-22.000000;-30.000000;-14.938324;0.000000;0.000000;0.000000;0.000000;0.000000;14.938324
4830;240.000000;-22.000000;30.000000;24.938324;0.000000;0.000000;0.000000;0.000000;0.000000;24.938324
4831;240.000000;-18.000000;-30.000000;-14.938324;0.000000;0.000000;0.000000;0.000000;0.000000;14.938324
4832;240.000000;-18.000000;30.000000;24.938324;0.000000;0.000000;0.000000;0.000000;0.000000;24.938324
4833;240.000000;-14.000000;-30.000000;-14.938324;0.000000;0.000000;0.000000;0.000000;0.000000;14.938324
4834;240.000000;-14.000000;30.000000;24.938324;0.000000;0.000000;0.000000;0.000000;0.000000;24.938324
4835;240.000000;-10.000000;-30.000000;-14.938324;0.000000;0.000000;0.000000;0.000000;0.000000;14.938324
4836;240.000000;-10.000000;30.000000;24.938324;0.000000;0.000000;0.000000;0.000000;0.000000;24.938324
4837;240.000000;-6.000000;-30.000000;-14.938324;0.000000;0.000000;0.000000;0.000000;0.000000;14.938324
4838;240.000000;-6.000000;30.000000;24.938324;0.000000;0.000000;0.000000;0.000000;0.000000;24.938324
4839;240.000000;-2.000000;-30.000000;-14.938324;0.000000;0.000000;0.000000;0.000000;0.000000;14.938324
4840;240.000000;-2.000000;30.000000;24.938324;0.000000;0.000000;0.000000;0.000000;0.000000;24.938324
4841;240.000000;2.000000;-30.000000;-14.938324;0.000000;0.000000;0.000000;0.000000;0.000000;14.938324
4842;240.000000;2.000000;30.000000;24.938324;0.000000;0.000000;0.000000;0.000000;0.000000;24.938324
4843;240.000000;6.000000;-30.000000;-14.938324;0.000000;0.000000;0.000000;0.000000;0.000000;14.938324
4844;240.000000;6.000000;30.000000;24.938324;0.000000;0.000000;0.000000;0.000000;0.000000;24.938324
4845;240.000000;10.000000;-30.000000;-14.938324;0.000000;0.000000;0.000000;0.000000;0.000000;14.938324
4846;240.000000;10.000000;30.000000;24.938324;0.000000;0.000000;0.000000;0.000000;0.000000;24.938324
4847;240.000000;14.000000;-30.000000;-14.938324;0.000000;0.000000;0.000000;0.000000;0.000000;14.938324
4848;240.000000;14.000000;30.000000;24.938324;0.000000;0.000000;0.000000;0.000000;0.000000;24.938324
4849;240.000000;18.000000;-30.000000;-14.938324;0.000000;0.000000;0.000000;0.000000;0.000000;14.938324
4850;240.000000;18.000000;30.000000;24.938324;0.000000;0.000000;0.000000;0.000000;0.000000;24.938324
4851;240.000000;22.000000;-30.000000;-14.938324;0.000000;0.000000;0.000000;0.000000;0.000000;14.938324
4852;240.000000;22.000000;30.000000;24.938324;0.000000;0.000000;0.000000;0.000000;0.000000;24.938324
4853;240.000000;26.000000;-30.000000;-14.938324;0.000000;0.000000;0.000000;0.000000;0.000000;14.938324
4854;240.000000;26.000000;30.000000;24.938324;0.000000;0.000000;0.000000;0.000000;0.000000;24.938324
4855;240.000000;30.000000;-30.000000;-14.938324;0.000000;0.000000;0.000000;0.000000;0.000000;14.938324
4856;240.000000;30.000000;30.000000;24.938324;0.000000;0.000000;0.000000;0.000000;0.000000;24.938324
4857;240.000000;34.000000;-30.000000;-14.938324;0.000000;0.000000;0.000000;0.000000;0.000000;14.938324
4858;240.000000;34.000000;30.000000;24.938324;0.000000;0.000000;0.000000;0.000000;0.000000;24.938324
4859;240.000000;38.000000;-30.000000;-14.938324;0.000000;0.000000;0.000000;0.000000;0.000000;14.938324
4860;240.000000;38.000000;30.000000;24.938324;0.000000;0.000000;0.000000;0.000000;0.000000;24.938324
4861;240.000000;42.000000;-30.000000;-14.938324;0.000000;0.000000;0.000000;0.000000;0.000000;14.938324
4862;240.000000;42.000000;30.000000;24.938324;0.000000;0.000000;0.000000;0.000000;0.000000;24.938324
4863;240.000000;46.000000;-30.000000;-14.938324;0.000000;0.000000;0.000000;0.000000;0.000000;14.938324
4864;240.000000;46.000000;30.000000;24.938324;0.000000;0.000000;0.000000;0.000000;0.000000;24.938324
4865;240.000000;50.000000;-30.000000;-14.938324;0.000000;0.000000;0.000000;0.000000;0.000000;14.938324
4866;240.000000;50.000000;-26.000000;-12.279881;0.000000;0.000000;0.000000;0.000000;0.000000;12.279881
4867;240.000000;50.000000;-22.000000;-9.621438;0.000000;0.000000;0.000000;0.000000;0.000000;9.621438
4868;240.000000;50.000000;-18.000000;-6.962994;0.000000;0.000000;0.000000;0.000000;0.000000;6.962994
4869;240.000000;50.000000;-14.000000;-4.304551;0.000000;0.000000;0.000000;0.000000;0.000000;4.304551
4870;240.000000;50.000000;-10.000000;-1.646108;0.000000;0.000000;0.000000;0.000000;0.000000;1.646108
4871;240.000000;50.000000;-6.000000;1.012335;0.000000;0.000000;0.000000;0.000000;0.000000;1.012335
4872;240.000000;50.000000;-2.000000;3.670778;0.000000;0.000000;0.000000;0.000000;0.000000;3.670778
4873;240.000000;50.000000;2.000000;6.329222;0.000000;0.000000;0.000000;0.000000;0.000000;6.329222
4874;240.000000;50.000000;6.000000;8.987665;0.000000;0.000000;0.000000;0.000000;0.000000;8.987665
4875;240.000000;50.000000;10.000000;11.646108;0.000000;0.000000;0.000000;0.000000;0.000000;11.646108
4876;240.000000;50.000000;14.000000;14.304551;0.000000;0.000000;0.000000;0.000000;0.000000;14.304551
4877;240.000000;50.000000;18.000000;16.962994;0.000000;0.000000;0.000000;0.000000;0.000000;16.962994
4878;240.000000;50.000000;22.000000;19.621438;0.000000;0.000000;0.000000;0.000000;0.000000;19.621438
4879;240.000000;50.000000;26.000000;22.279881;0.000000;0.000000;0.000000;0.000000;0.000000;22.279881
4880;240.000000;50.000000;30.000000;24.938324;0.000000;0.000000;0.000000;0.000000;0.000000;24.938324
4881;244.000000;-50.000000;-30.000000;-14.439866;0.000000;0.000000;0.000000;0.000000;0.000000;14.439866
4882;244.000000;-50.000000;-26.000000;-11.847884;0.000000;0.000000;0.000000;0.000000;0.000000;11.847884
4883;244.000000;-50.000000;-22.000000;-9.255902;0.000000;0.000000;0.000000;0.000000;0.000000;9.255902
4884;244.000000;-50.000000;-18.000000;-6.663920;0.000000;0.000000;0.000000;0.000000;0.000000;6.663920
4885;244.000000;-50.000000;-14.000000;-4.071937;0.000000;0.000000;0.000000;0.000000;0.000000;4.071937
4886;244.000000;-50.000000;-10.000000;-1.479955;0.000000;0.000000;0.000000;0.000000;0.000000;1.479955
4887;244.000000;-50.000000;-6.000000;1.112027;0.000000;0.000000;0.000000;0.000000;0.000000;1.112027
4888;244.000000;-50.000000;-2.000000;3.704009;0.000000;0.000000;0.000000;0.000000;0.000000;3.704009
4889;244.000000;-50.000000;2.000000;6.295991;0.000000;0.000000;0.000000;0.000000;0.000000;6.295991
4890;244.000000;-50.000000;6.000000;8.887973;0.000000;0.000000;0.000000;0.000000;0.000000;8.887973
4891;244.000000;-50.000000;10.000000;11.479955;0.000000;0.000000;0.000000;0.000000;0.000000;11.479955
4892;244.000000;-50.000000;14.000000;14.071937;0.000000;0.000000;0.000000;0.000000;0.000000;14.071937
4893;244.000000;-50.000000;18.000000;16.663920;0.000000;0.000000;0.000000;0.000000;0.000000;16.663920
4894;244.000000;-50.000000;22.000000;19.255902;0.000000;0.000000;0.000000;0.000000;0.000000;19.255902
4895;244.000000;-50.000000;26.000000;21.847884;0.000000;0.000000;0.000000;0.000000;0.000000;21.847884
4896;244.000000;-50.000000;30.000000;24.439866;0.000000;0.000000;0.000000;0.000000;0.000000;24.439866
4897;244.000000;-46.000000;-30.000000;-14.439866;0.000000;0.000000;0.000000;0.000000;0.000000;14.439866
4898;244.000000;-46.000000;30.000000;24.439866;0.000000;0.000000;0.000000;0.000000;0.000000;24.439866
4899;244.000000;-42.000000;-30.000000;-14.439866;0.000000;0.000000;0.000000;0.000000;0.000000;14.439866
4900;244.000000;-42.000000;30.000000;24.439866;0.000000;0.000000;0.000000;0.000000;0.000000;24.439866
4901;244.000000;-38.000000;-30.000000;-14.439866;0.000000;0.000000;0.000000;0.000000;0.000000;14.439866
4902;244.000000;-38.000000;30.000000;24.439866;0.000000;0.000000;0.000000;0.000000;0.000000;24.439866
4903;244.000000;-34.000000;-30.000000;-14.439866;0.000000;0.000000;0.000000;0.000000;0.000000;14.439866
4904;244.000000;-34.000000;30.000000;24.439866;0.000000;0.000000;0.000000;0.000000;0.000000;24.439866
4905;244.000000;-30.000000;-30.000000;-14.439866;0.000000;0.000000;0.000000;0.000000;0.000000;14.439866
4906;244.000000;-30.000000;30.000000;24.439866;0.000000;0.000000;0.000000;0.000000;0.000000;24.439866
4907;244.000000;-26.000000;-30.000000;-14.439866;0.000000;0.000000;0.000000;0.000000;0.000000;14.439866
4908;244.000000;-26.000000;30.000000;24.439866;0.000000;0.000000;0.000000;0.000000;0.000000;24.439866
4909;244.000000;-22.000000;-30.000000;-14.439866;0.000000;0.000000;0.000000;0.000000;0.000000;14.439866
4910;244.000000;-22.000000;30.000000;24.439866;0.000000;0.000000;0.000000;0.000000;0.000000;24.439866
4911;244.000000;-18.000000;-30.000000;-14.439866;0.000000;0.000000;0.000000;0.000000;0.000000;14.439866
4912;244.000000;-18.000000;30.000000;24.439866;0.000000;0.000000;0.000000;0.000000;0.000000;24.439866
4913;244.000000;-14.000000;-30.000000;-14.439866;0.000000;0.000000;0.000000;0.000000;0.000000;14.439866
4914;244.000000;-14.000000;30.000000;24.439866;0.000000;0.000000;0.000000;0.000000;0.000000;24.439866
4915;244.000000;-10.000000;-30.000000;-14.439866;0.000000;0.000000;0.000000;0.000000;0.000000;14.439866
4916;244.000000;-10.000000;30.000000;24.439866;0.000000;0.000000;0.000000;0.000000;0.000000;24.439866
4917;244.000000;-6.000000;-30.000000;-14.439866;0.000000;0.000000;0.000000;0.000000;0.000000;14.439866
4918;244.000000;-6.000000;30.000000;24.439866;0.000000;0.000000;0.000000;0.000000;0.000000;24.439866
4919;244.000000;-2.000000;-30.000000;-14.439866;0.000000;0.000000;0.000000;0.000000;0.000000;14.439866
4920;244.000000;-2.000000;30.000000;24.439866;0.000000;0.000000;0.000000;0.000000;0.000000;24.439866
4921;244.000000;2.000000;-30.000000;-14.439866;0.000000;0.000000;0.000000;0.000000;0.000000;14.439866
4922;244.000000;2.000000;30.000000;24.439866;0.000000;0.000000;0.000000;0.000000;0.000000;24.439866
4923;244.000000;6.000000;-30.000000;-14.439866;0.000000;0.000000;0.000000;0.000000;0.000000;14.439866
4924;244.000000;6.000000;30.000000;24.439866;0.000000;0.000000;0.000000;0.000000;0.000000;24.439866
4925;244.000000;10.000000;-30.000000;-14.439866;0.000000;0.000000;0.000000;0.000000;0.000000;14.439866
4926;244.000000;10.000000;30.000000;24.439866;0.000000;0.000000;0.000000;0.000000;0.000000;24.439866
4927;244.000000;14.000000;-30.000000;-14.439866;0.000000;0.000000;0.000000;0.000000;0.000000;14.439866
4928;244.000000;14.000000;30.000000;24.439866;0.000000;0.000000;0.000000;0.000000;0.000000;24.439866
4929;244.000000;18.000000;-30.000000;-14.439866;0.000000;0.000000;0.000000;0.000000;0.000000;14.439866
4930;244.000000;18.000000;30.000000;24.439866;0.000000;0.000000;0.000000;0.000000;0.000000;24.439866
4931;244.000000;22.000000;-30.000000;-14.439866;0.000000;0.000000;0.000000;0.000000;0.000000;14.439866
4932;244.000000;22.000000;30.000000;24.439866;0.000000;0.000000;0.000000;0.000000;0.000000;24.439866
4933;244.000000;26.000000;-30.000000;-14.439866;0.000000;0.000000;0.000000;0.000000;0.000000;14.439866
4934;244.000000;26.000000;30.000000;24.439866;0.000000;0.000000;0.000000;0.000000;0.000000;24.439866
4935;244.000000;30.000000;-30.000000;-14.439866;0.000000;0.000000;0.000000;0.000000;0.000000;14.439866
4936;244.000000;30.000000;30.000000;24.439866;0.000000;0.000000;0.000000;0.000000;0.000000;24.439866
4937;244.000000;34.000000;-30.000000;-14.439866;0.000000;0.000000;0.000000;0.000000;0.000000;14.439866
4938;244.000000;34.000000;30.000000;24.439866;0.000000;0.000000;0.000000;0.000000;0.000000;24.439866
4939;244.000000;38.000000;-30.000000;-14.439866;0.000000;0.000000;0.000000;0.000000;0.000000;14.439866
4940;244.000000;38.000000;30.000000;24.439866;0.000000;0.000000;0.000000;0.000000;0.000000;24.439866
4941;244.000000;42.000000;-30.000000;-14.439866;0.000000;0.000000;0.000000;0.000000;0.000000;14.439866
4942;244.000000;42.000000;30.000000;24.439866;0.000000;0.000000;0.000000;0.000000;0.000000;24.439866
4943;244.000000;46.000000;-30.000000;-14.439866;0.000000;0.000000;0.000000;0.000000;0.000000;14.439866
4944;244.000000;46.000000;30.000000;24.439866;0.000000;0.000000;0.000000;0.000000;0.000000;24.439866
4945;244.000000;50.000000;-30.000000;-14.439866;0.000000;0.000000;0.000000;0.000000;0.000000;14.439866
4946;244.000000;50.000000;-26.000000;-11.847884;0.000000;0.000000;0.000000;0.000000;0.000000;11.847884
4947;244.000000;50.000000;-22.000000;-9.255902;0.000000;0.000000;0.000000;0.000000;0.000000;9.255902
4948;244.000000;50.000000;-18.000000;-6.663920;0.000000;0.000000;0.000000;0.000000;0.000000;6.663920
4949;244.000000;50.000000;-14.000000;-4.071937;0.000000;0.000000;0.000000;0.000000;0.000000;4.071937
4950;244.000000;50.000000;-10.000000;-1.479955;0.000000;0.000000;0.000000;0.000000;0.000000;1.479955
4951;244.000000;50.000000;-6.000000;1.112027;0.000000;0.000000;0.000000;0.000000;0.000000;1.112027
4952;244.000000;50.000000;-2.000000;3.704009;0.000000;0.000000;0.000000;0.000000;0.000000;3.704009
4953;244.000000;50.000000;2.000000;6.295991;0.000000;0.000000;0.000000;0.000000;0.000000;6.295991
4954;244.000000;50.000000;6.000000;8.887973;0.000000;0.000000;0.000000;0.000000;0.000000;8.887973
4955;244.000000;50.000000;10.000000;11.479955;0.000000;0.000000;0.000000;0.000000;0.000000;11.479955
4956;244.000000;50.000000;14.000000;14.071937;0.000000;0.000000;0.000000;0.000000;0.000000;14.071937
4957;244.000000;50.000000;18.000000;16.663920;0.000000;0.000000;0.000000;0.000000;0.000000;16.663920
4958;244.000000;50.000000;22.000000;19.255902;0.000000;0.000000;0.000000;0.000000;0.000000;19.255902
4959;244.000000;50.000000;26.000000;21.847884;0.000000;0.000000;0.000000;0.000000;0.000000;21.847884
4960;244.000000;50.000000;30.000000;24.439866;0.000000;0.000000;0.000000;0.000000;0.000000;24.439866
4961;248.000000;-50.000000;-30.000000;-13.941408;0.000000;0.000000;0.000000;0.000000;0.000000;13.941408
4962;248.000000;-50.000000;-26.000000;-11.415887;0.000000;0.000000;0.000000;0.000000;0.000000;11.415887
4963;248.000000;-50.000000;-22.000000;-8.890366;0.000000;0.000000;0.000000;0.000000;0.000000;8.890366
4964;248.000000;-50.000000;-18.000000;-6.364845;0.000000;0.000000;0.000000;0.000000;0.000000;6.364845
4965;248.000000;-50.000000;-14.000000;-3.839324;0.000000;0.000000;0.000000;0.000000;0.000000;3.839324
4966;248.000000;-50.000000;-10.000000;-1.313803;0.000000;0.000000;0.000000;0.000000;0.000000;1.313803
4967;248.000000;-50.000000;-6.000000;1.211718;0.000000;0.000000;0.000000;0.000000;0.000000;1.211718
4968;248.000000;-50.000000;-2.000000;3.737239;0.000000;0.000000;0.000000;0.000000;0.000000;3.737239
4969;248.000000;-50.000000;2.000000;6.262761;0.000000;0.000000;0.000000;0.000000;0.000000;6.262761
4970;248.000000;-50.000000;6.000000;8.788282;0.000000;0.000000;0.000000;0.000000;0.000000;8.788282
4971;248.000000;-50.000000;10.000000;11.313803;0.000000;0.000000;0.000000;0.000000;0.000000;11.313803
4972;248.000000;-50.000000;14.000000;13.839324;0.000000;0.000000;0.000000;0.000000;0.000000;13.839324
4973;248.000000;-50.000000;18.000000;16.364845;0.000000;0.000000;0.000000;0.000000;0.000000;16.364845
4974;248.000000;-50.000000;22.000000;18.890366;0.000000;0.000000;0.000000;0.000000;0.000000;18.890366
4975;248.000000;-50.000000;26.000000;21.415887;0.000000;0.000000;0.000000;0.000000;0.000000;21.415887
4976;248.000000;-50.000000;30.000000;23.941408;0.000000;0.000000;0.000000;0.000000;0.000000;23.941408
4977;248.000000;-46.000000;-30.000000;-13.941408;0.000000;0.000000;0.000000;0.000000;0.000000;13.941408
4978;248.000000;-46.000000;30.000000;23.941408;0.000000;0.000000;0.000000;0.000000;0.000000;23.941408
4979;248.000000;-42.000000;-30.000000;-13.941408;0.000000;0.000000;0.000000;0.000000;0.000000;13.941408
4980;248.000000;-42.000000;30.000000;23.941408;0.000000;0.000000;0.000000;0.000000;0.000000;23.941408
4981;248.000000;-38.000000;-30.000000;-13.941408;0.000000;0.000000;0.000000;0.000000;0.000000;13.941408
4982;248.000000;-38.000000;30.000000;23.941408;0.000000;0.000000;0.000000;0.000000;0.000000;23.941408
4983;248.000000;-34.000000;-30.000000;-13.941408;0.000000;0.000000;0.000000;0.000000;0.000000;13.941408
4984;248.000000;-34.000000;30.000000;23.941408;0.000000;0.000000;0.000000;0.000000;0.000000;23.941408
4985;248.000000;-30.000000;-30.000000;-13.941408;0.000000;0.000000;0.000000;0.000000;0.000000;13.941408
4986;248.000000;-30.000000;30.000000;23.941408;0.000000;0.000000;0.000000;0.000000;0.000000;23.941408
4987;248.000000;-26.000000;-30.000000;-13.941408;0.000000;0.000000;0.000000;0.000000;0.000000;13.941408
4988;248.000000;-26.000000;30.000000;23.941408;0.000000;0.000000;0.000000;0.000000;0.000000;23.941408
4989;248.000000;-22.000000;-30.000000;-13.941408;0.000000;0.000000;0.000000;0.000000;0.000000;13.941408
4990;248.000000;-22.000000;30.000000;23.941408;0.000000;0.000000;0.000000;0.000000;0.000000;23.941408
4991;248.000000;-18.000000;-30.000000;-13.941408;0.000000;0.000000;0.000000;0.000000;0.000000;13.941408
4992;248.000000;-18.000000;30.000000;23.941408;0.000000;0.000000;0.000000;0.000000;0.000000;23.941408
4993;248.000000;-14.000000;-30.000000;-13.941408;0.000000;0.000000;0.000000;0.000000;0.000000;13.941408
4994;248.000000;-14.000000;30.000000;23.941408;0.000000;0.000000;0.000000;0.000000;0.000000;23.941408
4995;248.000000;-10.000000;-30.000000;-13.941408;0.000000;0.000000;0.000000;0.000000;0.000000;13.941408
4996;248.000000;-10.000000;30.000000;23.941408;0.000000;0.000000;0.000000;0.000000;0.000000;23.941408
4997;248.000000;-6.000000;-30.000000;-13.941408;0.000000;0.000000;0.000000;0.000000;0.000000;13.941408
4998;248.000000;-6.000000;30.000000;23.941408;0.000000;0.000000;0.000000;0.000000;0.000000;23.941408
4999;248.000000;-2.000000;-30.000000;-13.941408;0.000000;0.000000;0.000000;0.000000;0.000000;13.941408
5000;248.000000;-2.000000;30.000000;23.941408;0.000000;0.000000;0.000000;0.000000;0.000000;23.941408
5001;248.000000;2.000000;-30.000000;-13.941408;0.000000;0.000000;0.000000;0.000000;0.000000;13.941408
5002;248.000000;2.000000;30.000000;23.941408;0.000000;0.000000;0.000000;0.000000;0.000000;23.941408
5003;248.000000;6.000000;-30.000000;-13.941408;0.000000;0.000000;0.000000;0.000000;0.000000;13.941408
5004;248.000000;6.000000;30.000000;23.941408;0.000000;0.000000;0.000000;0.000000;0.000000;23.941408
5005;248.000000;10.000000;-30.000000;-13.941408;0.000000;0.000000;0.000000;0.000000;0.000000;13.941408
5006;248.000000;10.000000;30.000000;23.941408;0.000000;0.000000;0.000000;0.000000;0.000000;23.941408
5007;248.000000;14.000000;-30.000000;-13.941408;0.000000;0.000000;0.000000;0.000000;0.000000;13.941408
5008;248.000000;14.000000;30.000000;23.941408;0.000000;0.000000;0.000000;0.000000;0.000000;23.941408
5009;248.000000;18.000000;-30.000000;-13.941408;0.000000;0.000000;0.000000;0.000000;0.000000;13.941408
5010;248.000000;18.000000;30.000000;23.941408;0.000000;0.000000;0.000000;0.000000;0.000000;23.941408
5011;248.000000;22.000000;-30.000000;-13.941408;0.000000;0.000000;0.000000;0.000000;0.000000;13.941408
5012;248.000000;22.000000;30.000000;23.941408;0.000000;0.000000;0.000000;0.000000;0.000000;23.941408
5013;248.000000;26.000000;-30.000000;-13.941408;0.000000;0.000000;0.000000;0.000000;0.000000;13.941408
5014;248.000000;26.000000;30.000000;23.941408;0.000000;0.000000;0.000000;0.000000;0.000000;23.941408
5015;248.000000;30.000000;-30.000000;-13.941408;0.000000;0.000000;0.000000;0.000000;0.000000;13.941408
5016;248.000000;30.000000;30.000000;23.941408;0.000000;0.000000;0.000000;0.000000;0.000000;23.941408
5017;248.000000;34.000000;-30.000000;-13.941408;0.000000;0.000000;0.000000;0.000000;0.000000;13.941408
5018;248.000000;34.000000;30.000000;23.941408;0.000000;0.000000;0.000000;0.000000;0.000000;23.941408
5019;248.000000;38.000000;-30.000000;-13.941408;0.000000;0.000000;0.000000;0.000000;0.000000;13.941408
5020;248.000000;38.000000;30.000000;23.941408;0.000000;0.000000;0.000000;0.000000;0.000000;23.941408
5021;248.000000;42.000000;-30.000000;-13.941408;0.000000;0.000000;0.000000;0.000000;0.000000;13.941408
5022;248.000000;42.000000;30.000000;23.941408;0.000000;0.000000;0.000000;0.000000;0.000000;23.941408
5023;248.000000;46.000000;-30.000000;-13.941408;0.000000;0.000000;0.000000;0.000000;0.000000;13.941408
5024;248.000000;46.000000;30.000000;23.941408;0.000000;0.000000;0.000000;0.000000;0.000000;23.941408
5025;248.000000;50.000000;-30.000000;-13.941408;0.000000;0.000000;0.000000;0.000000;0.000000;13.941408
5026;248.000000;50.000000;-26.000000;-11.415887;0.000000;0.000000;0.000000;0.000000;0.000000;11.415887
5027;248.000000;50.000000;-22.000000;-8.890366;0.000000;0.000000;0.000000;0.000000;0.000000;8.890366
5028;248.000000;50.000000;-18.000000;-6.364845;0.000000;0.000000;0.000000;0.000000;0.000000;6.364845
5029;248.000000;50.000000;-14.000000;-3.839324;0.000000;0.000000;0.000000;0.000000;0.000000;3.839324
5030;248.000000;50.000000;-10.000000;-1.313803;0.000000;0.000000;0.000000;0.000000;0.000000;1.313803
5031;248.000000;50.000000;-6.000000;1.211718;0.000000;0.000000;0.000000;0.000000;0.000000;1.211718
5032;248.000000;50.000000;-2.000000;3.737239;0.000000;0.000000;0.000000;0.000000;0.000000;3.737239
5033;248.000000;50.000000;2.000000;6.262761;0.000000;0.000000;0.000000;0.000000;0.000000;6.262761
5034;248.000000;50.000000;6.000000;8.788282;0.000000;0.000000;0.000000;0.000000;0.000000;8.788282
5035;248.000000;50.000000;10.000000;11.313803;0.000000;0.000000;0.000000;0.000000;0.000000;11.313803
5036;248.000000;50.000000;14.000000;13.839324;0.000000;0.000000;0.000000;0.000000;0.000000;13.839324
5037;248.000000;50.000000;18.000000;16.364845;0.000000;0.000000;0.000000;0.000000;0.000000;16.364845
5038;248.000000;50.000000;22.000000;18.890366;0.000000;0.000000;0.000000;0.000000;0.000000;18.890366
5039;248.000000;50.000000;26.000000;21.415887;0.000000;0.000000;0.000000;0.000000;0.000000;21.415887
5040;248.000000;50.000000;30.000000;23.941408;0.000000;0.000000;0.000000;0.000000;0.000000;23.941408
5041;252.000000;-50.000000;-30.000000;-13.442950;0.000000;0.000000;0.000000;0.000000;0.000000;13.442950
5042;252.000000;-50.000000;-26.000000;-10.983890;0.000000;0.000000;0.000000;0.000000;0.000000;10.983890
5043;252.000000;-50.000000;-22.000000;-8.524830;0.000000;0.000000;0.000000;0.000000;0.000000;8.524830
5044;252.000000;-50.000000;-18.000000;-6.065770;0.000000;0.000000;0.000000;0.000000;0.000000;6.065770
5045;252.000000;-50.000000;-14.000000;-3.606710;0.000000;0.000000;0.000000;0.000000;0.000000;3.606710
5046;252.000000;-50.000000;-10.000000;-1.147650;0.000000;0.000000;0.000000;0.000000;0.000000;1.147650
5047;252.000000;-50.000000;-6.000000;1.311410;0.000000;0.000000;0.000000;0.000000;0.000000;1.311410
5048;252.000000;-50.000000;-2.000000;3.770470;0.000000;0.000000;0.000000;0.000000;0.000000;3.770470
5049;252.000000;-50.000000;2.000000;6.229530;0.000000;0.000000;0.000000;0.000000;0.000000;6.229530
5050;252.000000;-50.000000;6.000000;8.688590;0.000000;0.000000;0.000000;0.000000;0.000000;8.688590
5051;252.000000;-50.000000;10.000000;11.147650;0.000000;0.000000;0.000000;0.000000;0.000000;11.147650
5052;252.000000;-50.000000;14.000000;13.606710;0.000000;0.000000;0.000000;0.000000;0.000000;13.606710
5053;252.000000;-50.000000;18.000000;16.065770;0.000000;0.000000;0.000000;0.000000;0.000000;16.065770
5054;252.000000;-50.000000;22.000000;18.524830;0.000000;0.000000;0.000000;0.000000;0.000000;18.524830
5055;252.000000;-50.000000;26.000000;20.983890;0.000000;0.000000;0.000000;0.000000;0.000000;20.983890
5056;252.000000;-50.000000;30.000000;23.442950;0.000000;0.000000;0.000000;0.000000;0.000000;23.442950
5057;252.000000;-46.000000;-30.000000;-13.442950;0.000000;0.000000;0.000000;0.000000;0.000000;13.442950
5058;252.000000;-46.000000;30.000000;23.442950;0.000000;0.000000;0.000000;0.000000;0.000000;23.442950
5059;252.000000;-42.000000;-30.000000;-13.442950;0.000000;0.000000;0.000000;0.000000;0.000000;13.442950
5060;252.000000;-42.000000;30.000000;23.442950;0.000000;0.000000;0.000000;0.000000;0.000000;23.442950
5061;252.000000;-38.000000;-30.000000;-13.442950;0.000000;0.000000;0.000000;0.000000;0.000000;13.442950
5062;252.000000;-38.000000;30.000000;23.442950;0.000000;0.000000;0.000000;0.000000;0.000000;23.442950
5063;252.000000;-34.000000;-30.000000;-13.442950;0.000000;0.000000;0.000000;0.000000;0.000000;13.442950
5064;252.000000;-34.000000;30.000000;23.442950;0.000000;0.000000;0.000000;0.000000;0.000000;23.442950
5065;252.000000;-30.000000;-30.000000;-13.442950;0.000000;0.000000;0.000000;0.000000;0.000000;13.442950
5066;252.000000;-30.000000;30.000000;23.442950;0.000000;0.000000;0.000000;0.000000;0.000000;23.442950
5067;252.000000;-26.000000;-30.000000;-13.442950;0.000000;0.000000;0.000000;0.000000;0.000000;13.442950
5068;252.000000;-26.000000;30.000000;23.442950;0.000000;0.000000;0.000000;0.000000;0.000000;23.442950
5069;252.000000;-22.000000;-30.000000;-13.442950;0.000000;0.000000;0.000000;0.000000;0.000000;13.442950
5070;252.000000;-22.000000;30.000000;23.442950;0.000000;0.000000;0.000000;0.000000;0.000000;23.442950
5071;252.000000;-18.000000;-30.000000;-13.442950;0.000000;0.000000;0.000000;0.000000;0.000000;13.442950
5072;252.000000;-18.000000;30.000000;23.442950;0.000000;0.000000;0.000000;0.000000;0.000000;23.442950
5073;252.000000;-14.000000;-30.000000;-13.442950;0.000000;0.000000;0.000000;0.000000;0.000000;13.442950
5074;252.000000;-14.000000;30.000000;23.442950;0.000000;0.000000;0.000000;0.000000;0.000000;23.442950
5075;252.000000;-10.000000;-30.000000;-13.442950;0.000000;0.000000;0.000000;0.000000;0.000000;13.442950
5076;252.000000;-10.000000;30.000000;23.442950;0.000000;0.000000;0.000000;0.000000;0.000000;23.442950
5077;252.000000;-6.000000;-30.000000;-13.442950;0.000000;0.000000;0.000000;0.000000;0.000000;13.442950
5078;252.000000;-6.000000;30.000000;23.442950;0.000000;0.000000;0.000000;0.000000;0.000000;23.442950
5079;252.000000;-2.000000;-30.000000;-13.442950;0.000000;0.000000;0.000000;0.000000;0.000000;13.442950
5080;252.000000;-2.000000;30.000000;23.442950;0.000000;0.000000;0.000000;0.000000;0.000000;23.442950
5081;252.000000;2.000000;-30.000000;-13.442950;0.000000;0.000000;0.000000;0.000000;0.000000;13.442950
5082;252.000000;2.000000;30.000000;23.442950;0.000000;0.000000;0.000000;0.000000;0.000000;23.442950
5083;252.000000;6.000000;-30.000000;-13.442950;0.000000;0.000000;0.000000;0.000000;0.000000;13.442950
5084;252.000000;6.000000;30.000000;23.442950;0.000000;0.000000;0.000000;0.000000;0.000000;23.442950
5085;252.000000;10.000000;-30.000000;-13.442950;0.000000;0.000000;0.000000;0.000000;0.000000;13.442950
5086;252.000000;10.000000;30.000000;23.442950;0.000000;0.000000;0.000000;0.000000;0.000000;23.442950
5087;252.000000;14.000000;-30.000000;-13.442950;0.000000;0.000000;0.000000;0.000000;0.000000;13.442950
5088;252.000000;14.000000;30.000000;23.442950;0.000000;0.000000;0.000000;0.000000;0.000000;23.442950
5089;252.000000;18.000000;-30.000000;-13.442950;0.000000;0.000000;0.000000;0.000000;0.000000;13.442950
5090;252.000000;18.000000;30.000000;23.442950;0.000000;0.000000;0.000000;0.000000;0.000000;23.442950
5091;252.000000;22.000000;-30.000000;-13.442950;0.000000;0.000000;0.000000;0.000000;0.000000;13.442950
5092;252.000000;22.000000;30.000000;23.442950;0.000000;0.000000;0.000000;0.000000;0.000000;23.442950
5093;252.000000;26.000000;-30.000000;-13.442950;0.000000;0.000000;0.000000;0.000000;0.000000;13.442950
5094;252.000000;26.000000;30.000000;23.442950;0.000000;0.000000;0.000000;0.000000;0.000000;23.442950
5095;252.000000;30.000000;-30.000000;-13.442950;0.000000;0.000000;0.000000;0.000000;0.000000;13.442950
5096;252.000000;30.000000;30.000000;23.442950;0.000000;0.000000;0.000000;0.000000;0.000000;23.442950
5097;252.000000;34.000000;-30.000000;-13.442950;0.000000;0.000000;0.000000;0.000000;0.000000;13.442950
5098;252.000000;34.000000;30.000000;23.442950;0.000000;0.000000;0.000000;0.000000;0.000000;23.442950
5099;252.000000;38.000000;-30.000000;-13.442950;0.000000;0.000000;0.000000;0.000000;0.000000;13.442950
5100;252.000000;38.000000;30.000000;23.442950;0.000000;0.000000;0.000000;0.000000;0.000000;23.442950
5101;252.000000;42.000000;-30.000000;-13.442950;0.000000;0.000000;0.000000;0.000000;0.000000;13.442950
5102;252.000000;42.000000;30.000000;23.442950;0.000000;0.000000;0.000000;0.000000;0.000000;23.442950
5103;252.000000;46.000000;-30.000000;-13.442950;0.000000;0.000000;0.000000;0.000000;0.000000;13.442950
5104;252.000000;46.000000;30.000000;23.442950;0.000000;0.000000;0.000000;0.000000;0.000000;23.442950
5105;252.000000;50.000000;-30.000000;-13.442950;0.000000;0.000000;0.000000;0.000000;0.000000;13.442950
5106;252.000000;50.000000;-26.000000;-10.983890;0.000000;0.000000;0.000000;0.000000;0.000000;10.983890
5107;252.000000;50.000000;-22.000000;-8.524830;0.000000;0.000000;0.000000;0.000000;0.000000;8.524830
5108;252.000000;50.000000;-18.000000;-6.065770;0.000000;0.000000;0.000000;0.000000;0.000000;6.065770
5109;252.000000;50.000000;-14.000000;-3.606710;0.000000;0.000000;0.000000;0.000000;0.000000;3.606710
5110;252.000000;50.000000;-10.000000;-1.147650;0.000000;0.000000;0.000000;0.000000;0.000000;1.147650
5111;252.000000;50.000000;-6.000000;1.311410;0.000000;0.000000;0.000000;0.000000;0.000000;1.311410
5112;252.000000;50.000000;-2.000000;3.770470;0.000000;0.000000;0.000000;0.000000;0.000000;3.770470
5113;252.000000;50.000000;2.000000;6.229530;0.000000;0.000000;0.000000;0.000000;0.000000;6.229530
5114;252.000000;50.000000;6.000000;8.688590;0.000000;0.000000;0.000000;0.000000;0.000000;8.688590
5115;252.000000;50.000000;10.000000;11.147650;0.000000;0.000000;0.000000;0.000000;0.000000;11.147650
5116;252.000000;50.000000;14.000000;13.606710;0.000000;0.000000;0.000000;0.000000;0.000000;13.606710
5117;252.000000;50.000000;18.000000;16.065770;0.000000;0.000000;0.000000;0.000000;0.000000;16.065770
5118;252.000000;50.000000;22.000000;18.524830;0.000000;0.000000;0.000000;0.000000;0.000000;18.524830
5119;252.000000;50.000000;26.000000;20.983890;0.000000;0.000000;0.000000;0.000000;0.000000;20.983890
5120;252.000000;50.000000;30.000000;23.442950;0.000000;0.000000;0.000000;0.000000;0.000000;23.442950
5121;256.000000;-50.000000;-30.000000;-12.944492;0.000000;0.000000;0.000000;0.000000;0.000000;12.944492
5122;256.000000;-50.000000;-26.000000;-10.551893;0.000000;0.000000;0.000000;0.000000;0.000000;10.551893
5123;256.000000;-50.000000;-22.000000;-8.159294;0.000000;0.000000;0.000000;0.000000;0.000000;8.159294
5124;256.000000;-50.000000;-18.000000;-5.766695;0.000000;0.000000;0.000000;0.000000;0.000000;5.766695
5125;256.000000;-50.000000;-14.000000;-3.374096;0.000000;0.000000;0.000000;0.000000;0.000000;3.374096
5126;256.000000;-50.000000;-10.000000;-0.981497;0.000000;0.000000;0.000000;0.000000;0.000000;0.981497
5127;256.000000;-50.000000;-6.000000;1.411102;0.000000;0.000000;0.000000;0.000000;0.000000;1.411102
5128;256.000000;-50.000000;-2.000000;3.803701;0.000000;0.000000;0.000000;0.000000;0.000000;3.803701
5129;256.000000;-50.000000;2.000000;6.196299;0.000000;0.000000;0.000000;0.000000;0.000000;6.196299
5130;256.000000;-50.000000;6.000000;8.588898;0.000000;0.000000;0.000000;0.000000;0.000000;8.588898
5131;256.000000;-50.000000;10.000000;10.981497;0.000000;0.000000;0.000000;0.000000;0.000000;10.981497
5132;256.000000;-50.000000;14.000000;13.374096;0.000000;0.000000;0.000000;0.000000;0.000000;13.374096
5133;256.000000;-50.000000;18.000000;15.766695;0.000000;0.000000;0.000000;0.000000;0.000000;15.766695
5134;256.000000;-50.000000;22.000000;18.159294;0.000000;0.000000;0.000000;0.000000;0.000000;18.159294
5135;256.000000;-50.000000;26.000000;20.551893;0.000000;0.000000;0.000000;0.000000;0.000000;20.551893
5136;256.000000;-50.000000;30.000000;22.944492;0.000000;0.000000;0.000000;0.000000;0.000000;22.944492
5137;256.000000;-46.000000;-30.000000;-12.944492;0.000000;0.000000;0.000000;0.000000;0.000000;12.944492
5138;256.000000;-46.000000;30.000000;22.944492;0.000000;0.000000;0.000000;0.000000;0.000000;22.944492
5139;256.000000;-42.000000;-30.000000;-12.944492;0.000000;0.000000;0.000000;0.000000;0.000000;12.944492
5140;256.000000;-42.000000;30.000000;22.944492;0.000000;0.000000;0.000000;0.000000;0.000000;22.944492
5141;256.000000;-38.000000;-30.000000;-12.944492;0.000000;0.000000;0.000000;0.000000;0.000000;12.944492
5142;256.000000;-38.000000;30.000000;22.944492;0.000000;0.000000;0.000000;0.000000;0.000000;22.944492
5143;256.000000;-34.000000;-30.000000;-12.944492;0.000000;0.000000;0.000000;0.000000;0.000000;12.944492
5144;256.000000;-34.000000;30.000000;22.944492;0.000000;0.000000;0.000000;0.000000;0.000000;22.944492
5145;256.000000;-30.000000;-30.000000;-12.944492;0.000000;0.000000;0.000000;0.000000;0.000000;12.944492
5146;256.000000;-30.000000;30.000000;22.944492;0.000000;0.000000;0.000000;0.000000;0.000000;22.944492
5147;256.000000;-26.000000;-30.000000;-12.944492;0.000000;0.000000;0.000000;0.000000;0.000000;12.944492
5148;256.000000;-26.000000;30.000000;22.944492;0.000000;0.000000;0.000000;0.000000;0.000000;22.944492
5149;256.000000;-22.000000;-30.000000;-12.944492;0.000000;0.000000;0.000000;0.000000;0.000000;12.944492
5150;256.000000;-22.000000;30.000000;22.944492;0.000000;0.000000;0.000000;0.000000;0.000000;22.944492
5151;256.000000;-18.000000;-30.000000;-12.944492;0.000000;0.000000;0.000000;0.000000;0.000000;12.944492
5152;256.000000;-18.000000;30.000000;22.944492;0.000000;0.000000;0.000000;0.000000;0.000000;22.944492
5153;256.000000;-14.000000;-30.000000;-12.944492;0.000000;0.000000;0.000000;0.000000;0.000000;12.944492
5154;256.000000;-14.000000;30.000000;22.944492;0.000000;0.000000;0.000000;0.000000;0.000000;22.944492
5155;256.000000;-10.000000;-30.000000;-12.944492;0.000000;0.000000;0.000000;0.000000;0.000000;12.944492
5156;256.000000;-10.000000;30.000000;22.944492;0.000000;0.000000;0.000000;0.000000;0.000000;22.944492
5157;256.000000;-6.000000;-30.000000;-12.944492;0.000000;0.000000;0.000000;0.000000;0.000000;12.944492
5158;256.000000;-6.000000;30.000000;22.944492;0.000000;0.000000;0.000000;0.000000;0.000000;22.944492
5159;256.000000;-2.000000;-30.000000;-12.944492;0.000000;0.000000;0.000000;0.000000;0.000000;12.944492
5160;256.000000;-2.000000;30.000000;22.944492;0.000000;0.000000;0.000000;0.000000;0.000000;22.944492
5161;256.000000;2.000000;-30.000000;-12.944492;0.000000;0.000000;0.000000;0.000000;0.000000;12.944492
5162;256.000000;2.000000;30.000000;22.944492;0.000000;0.000000;0.000000;0.000000;0.000000;22.944492
5163;256.000000;6.000000;-30.000000;-12.944492;0.000000;0.000000;0.000000;0.000000;0.000000;12.944492
5164;256.000000;6.000000;30.000000;22.944492;0.000000;0.000000;0.000000;0.000000;0.000000;22.944492
5165;256.000000;10.000000;-30.000000;-12.944492;0.000000;0.000000;0.000000;0.000000;0.000000;12.944492
5166;256.000000;10.000000;30.000000;22.944492;0.000000;0.000000;0.000000;0.000000;0.000000;22.944492
5167;256.000000;14.000000;-30.000000;-12.944492;0.000000;0.000000;0.000000;0.000000;0.000000;12.944492
5168;256.000000;14.000000;30.000000;22.944492;0.000000;0.000000;0.000000;0.000000;0.000000;22.944492
5169;256.000000;18.000000;-30.000000;-12.944492;0.000000;0.000000;0.000000;0.000000;0.000000;12.944492
5170;256.000000;18.000000;30.000000;22.944492;0.000000;0.000000;0.000000;0.000000;0.000000;22.944492
5171;256.000000;22.000000;-30.000000;-12.944492;0.000000;0.000000;0.000000;0.000000;0.000000;12.944492
5172;256.000000;22.000000;30.000000;22.944492;0.000000;0.000000;0.000000;0.000000;0.000000;22.944492
5173;256.000000;26.000000;-30.000000;-12.944492;0.000000;0.000000;0.000000;0.000000;0.000000;12.944492
5174;256.000000;26.000000;30.000000;22.944492;0.000000;0.000000;0.000000;0.000000;0.000000;22.944492
5175;256.000000;30.000000;-30.000000;-12.944492;0.000000;0.000000;0.000000;0.000000;0.000000;12.944492
5176;256.000000;30.000000;30.000000;22.944492;0.000000;0.000000;0.000000;0.000000;0.000000;22.944492
5177;256.000000;34.000000;-30.000000;-12.944492;0.000000;0.000000;0.000000;0.000000;0.000000;12.944492
5178;256.000000;34.000000;30.000000;22.944492;0.000000;0.000000;0.000000;0.000000;0.000000;22.944492
5179;256.000000;38.000000;-30.000000;-12.944492;0.000000;0.000000;0.000000;0.000000;0.000000;12.944492
5180;256.000000;38.000000;30.000000;22.944492;0.000000;0.000000;0.000000;0.000000;0.000000;22.944492
5181;256.000000;42.000000;-30.000000;-12.944492;0.000000;0.000000;0.000000;0.000000;0.000000;12.944492
5182;256.000000;42.000000;30.000000;22.944492;0.000000;0.000000;0.000000;0.000000;0.000000;22.944492
5183;256.000000;46.000000;-30.000000;-12.944492;0.000000;0.000000;0.000000;0.000000;0.000000;12.944492
5184;256.000000;46.000000;30.000000;22.944492;0.000000;0.000000;0.000000;0.000000;0.000000;22.944492
5185;256.000000;50.000000;-30.000000;-12.944492;0.000000;0.000000;0.000000;0.000000;0.000000;12.944492
5186;256.000000;50.000000;-26.000000;-10.551893;0.000000;0.000000;0.000000;0.000000;0.000000;10.551893
5187;256.000000;50.000000;-22.000000;-8.159294;0.000000;0.000000;0.000000;0.000000;0.000000;8.159294
5188;256.000000;50.000000;-18.000000;-5.766695;0.000000;0.000000;0.000000;0.000000;0.000000;5.766695
5189;256.000000;50.000000;-14.000000;-3.374096;0.000000;0.000000;0.000000;0.000000;0.000000;3.374096
5190;256.000000;50.000000;-10.000000;-0.981497;0.000000;0.000000;0.000000;0.000000;0.000000;0.981497
5191;256.000000;50.000000;-6.000000;1.411102;0.000000;0.000000;0.000000;0.000000;0.000000;1.411102
5192;256.000000;50.000000;-2.000000;3.803701;0.000000;0.000000;0.000000;0.000000;0.000000;3.803701
5193;256.000000;50.000000;2.000000;6.196299;0.000000;0.000000;0.000000;0.000000;0.000000;6.196299
5194;256.000000;50.000000;6.000000;8.588898;0.000000;0.000000;0.000000;0.000000;0.000000;8.588898
5195;256.000000;50.000000;10.000000;10.981497;0.000000;0.000000;0.000000;0.000000;0.000000;10.981497
5196;256.000000;50.000000;14.000000;13.374096;0.000000;0.000000;0.000000;0.000000;0.000000;13.374096
5197;256.000000;50.000000;18.000000;15.766695;0.000000;0.000000;0.000000;0.000000;0.000000;15.766695
5198;256.000000;50.000000;22.000000;18.159294;0.000000;0.000000;0.000000;0.000000;0.000000;18.159294
5199;256.000000;50.000000;26.000000;20.551893;0.000000;0.000000;0.000000;0.000000;0.000000;20.551893
5200;256.000000;50.000000;30.000000;22.944492;0.000000;0.000000;0.000000;0.000000;0.000000;22.944492
5201;260.000000;-50.000000;-30.000000;-12.446034;0.000000;0.000000;0.000000;0.000000;0.000000;12.446034
5202;260.000000;-50.000000;-26.000000;-10.119896;0.000000;0.000000;0.000000;0.000000;0.000000;10.119896
5203;260.000000;-50.000000;-22.000000;-7.793758;0.000000;0.000000;0.000000;0.000000;0.000000;7.793758
5204;260.000000;-50.000000;-18.000000;-5.467620;0.000000;0.000000;0.000000;0.000000;0.000000;5.467620
5205;260.000000;-50.000000;-14.000000;-3.141482;0.000000;0.000000;0.000000;0.000000;0.000000;3.141482
5206;260.000000;-50.000000;-10.000000;-0.815345;0.000000;0.000000;0.000000;0.000000;0.000000;0.815345
5207;260.000000;-50.000000;-6.000000;1.510793;0.000000;0.000000;0.000000;0.000000;0.000000;1.510793
5208;260.000000;-50.000000;-2.000000;3.836931;0.000000;0.000000;0.000000;0.000000;0.000000;3.836931
5209;260.000000;-50.000000;2.000000;6.163069;0.000000;0.000000;0.000000;0.000000;0.000000;6.163069
5210;260.000000;-50.000000;6.000000;8.489207;0.000000;0.000000;0.000000;0.000000;0.000000;8.489207
5211;260.000000;-50.000000;10.000000;10.815345;0.000000;0.000000;0.000000;0.000000;0.000000;10.815345
5212;260.000000;-50.000000;14.000000;13.141482;0.000000;0.000000;0.000000;0.000000;0.000000;13.141482
5213;260.000000;-50.000000;18.000000;15.467620;0.000000;0.000000;0.000000;0.000000;0.000000;15.467620
5214;260.000000;-50.000000;22.000000;17.793758;0.000000;0.000000;0.000000;0.000000;0.000000;17.793758
5215;260.000000;-50.000000;26.000000;20.119896;0.000000;0.000000;0.000000;0.000000;0.000000;20.119896
5216;260.000000;-50.000000;30.000000;22.446034;0.000000;0.000000;0.000000;0.000000;0.000000;22.446034
5217;260.000000;-46.000000;-30.000000;-12.446034;0.000000;0.000000;0.000000;0.000000;0.000000;12.446034
5218;260.000000;-46.000000;30.000000;22.446034;0.000000;0.000000;0.000000;0.000000;0.000000;22.446034
5219;260.000000;-42.000000;-30.000000;-12.446034;0.000000;0.000000;0.000000;0.000000;0.000000;12.446034
5220;260.000000;-42.000000;30.000000;22.446034;0.000000;0.000000;0.000000;0.000000;0.000000;22.446034
5221;260.000000;-38.000000;-30.000000;-12.446034;0.000000;0.000000;0.000000;0.000000;0.000000;12.446034
5222;260.000000;-38.000000;30.000000;22.446034;0.000000;0.000000;0.000000;0.000000;0.000000;22.446034
5223;260.000000;-34.000000;-30.000000;-12.446034;0.000000;0.000000;0.000000;0.000000;0.000000;12.446034
5224;260.000000;-34.000000;30.000000;22.446034;0.000000;0.000000;0.000000;0.000000;0.000000;22.446034
5225;260.000000;-30.000000;-30.000000;-12.446034;0.000000;0.000000;0.000000;0.000000;0.000000;12.446034
5226;260.000000;-30.000000;30.000000;22.446034;0.000000;0.000000;0.000000;0.000000;0.000000;22.446034
5227;260.000000;-26.000000;-30.000000;-12.446034;0.000000;0.000000;0.000000;0.000000;0.000000;12.446034
5228;260.000000;-26.000000;30.000000;22.446034;0.000000;0.000000;0.000000;0.000000;0.000000;22.446034
5229;260.000000;-22.000000;-30.000000;-12.446034;0.000000;0.000000;0.000000;0.000000;0.000000;12.446034
5230;260.000000;-22.000000;30.000000;22.446034;0.000000;0.000000;0.000000;0.000000;0.000000;22.446034
5231;260.000000;-18.000000;-30.000000;-12.446034;0.000000;0.000000;0.000000;0.000000;0.000000;12.446034
5232;260.000000;-18.000000;30.000000;22.446034;0.000000;0.000000;0.000000;0.000000;0.000000;22.446034
5233;260.000000;-14.000000;-30.000000;-12.446034;0.000000;0.000000;0.000000;0.000000;0.000000;12.446034
5234;260.000000;-14.000000;30.000000;22.446034;0.000000;0.000000;0.000000;0.000000;0.000000;22.446034
5235;260.000000;-10.000000;-30.000000;-12.446034;0.000000;0.000000;0.000000;0.000000;0.000000;12.446034
5236;260.000000;-10.000000;30.000000;22.446034;0.000000;0.000000;0.000000;0.000000;0.000000;22.446034
5237;260.000000;-6.000000;-30.000000;-12.446034;0.000000;0.000000;0.000000;0.000000;0.000000;12.446034
5238;260.000000;-6.000000;30.000000;22.446034;0.000000;0.000000;0.000000;0.000000;0.000000;22.446034
5239;260.000000;-2.000000;-30.000000;-12.446034;0.000000;0.000000;0.000000;0.000000;0.000000;12.446034
5240;260.000000;-2.000000;30.000000;22.446034;0.000000;0.000000;0.000000;0.000000;0.000000;22.446034
5241;260.000000;2.000000;-30.000000;-12.446034;0.000000;0.000000;0.000000;0.000000;0.000000;12.446034
5242;260.000000;2.000000;30.000000;22.446034;0.000000;0.000000;0.000000;0.000000;0.000000;22.446034
5243;260.000000;6.000000;-30.000000;-12.446034;0.000000;0.000000;0.000000;0.000000;0.000000;12.446034
5244;260.000000;6.000000;30.000000;22.446034;0.000000;0.000000;0.000000;0.000000;0.000000;22.446034
5245;260.000000;10.000000;-30.000000;-12.446034;0.000000;0.000000;0.000000;0.000000;0.000000;12.446034
5246;260.000000;10.000000;30.000000;22.446034;0.000000;0.000000;0.000000;0.000000;0.000000;22.446034
5247;260.000000;14.000000;-30.000000;-12.446034;0.000000;0.000000;0.000000;0.000000;0.000000;12.446034
5248;260.000000;14.000000;30.000000;22.446034;0.000000;0.000000;0.000000;0.000000;0.000000;22.446034
5249;260.000000;18.000000;-30.000000;-12.446034;0.000000;0.000000;0.000000;0.000000;0.000000;12.446034
5250;260.000000;18.000000;30.000000;22.446034;0.000000;0.000000;0.000000;0.000000;0.000000;22.446034
5251;260.000000;22.000000;-30.000000;-12.446034;0.000000;0.000000;0.000000;0.000000;0.000000;12.446034
5252;260.000000;22.000000;30.000000;22.446034;0.000000;0.000000;0.000000;0.000000;0.000000;22.446034
5253;260.000000;26.000000;-30.000000;-12.446034;0.000000;0.000000;0.000000;0.000000;0.000000;12.446034
5254;260.000000;26.000000;30.000000;22.446034;0.000000;0.000000;0.000000;0.000000;0.000000;22.446034
5255;260.000000;30.000000;-30.000000;-12.446034;0.000000;0.000000;0.000000;0.000000;0.000000;12.446034
5256;260.000000;30.000000;30.000000;22.446034;0.000000;0.000000;0.000000;0.000000;0.000000;22.446034
5257;260.000000;34.000000;-30.000000;-12.446034;0.000000;0.000000;0.000000;0.000000;0.000000;12.446034
5258;260.000000;34.000000;30.000000;22.446034;0.000000;0.000000;0.000000;0.000000;0.000000;22.446034
5259;260.000000;38.000000;-30.000000;-12.446034;0.000000;0.000000;0.000000;0.000000;0.000000;12.446034
5260;260.000000;38.000000;30.000000;22.446034;0.000000;0.000000;0.000000;0.000000;0.000000;22.446034
5261;260.000000;42.000000;-30.000000;-12.446034;0.000000;0.000000;0.000000;0.000000;0.000000;12.446034
5262;260.000000;42.000000;30.000000;22.446034;0.000000;0.000000;0.000000;0.000000;0.000000;22.446034
5263;260.000000;46.000000;-30.000000;-12.446034;0.000000;0.000000;0.000000;0.000000;0.000000;12.446034
5264;260.000000;46.000000;30.000000;22.446034;0.000000;0.000000;0.000000;0.000000;0.000000;22.446034
5265;260.000000;50.000000;-30.000000;-12.446034;0.000000;0.000000;0.000000;0.000000;0.000000;12.446034
5266;260.000000;50.000000;-26.000000;-10.119896;0.000000;0.000000;0.000000;0.000000;0.000000;10.119896
5267;260.000000;50.000000;-22.000000;-7.793758;0.000000;0.000000;0.000000;0.000000;0.000000;7.793758
5268;260.000000;50.000000;-18.000000;-5.467620;0.000000;0.000000;0.000000;0.000000;0.000000;5.467620
5269;260.000000;50.000000;-14.000000;-3.141482;0.000000;0.000000;0.000000;0.000000;0.000000;3.141482
5270;260.000000;50.000000;-10.000000;-0.815345;0.000000;0.000000;0.000000;0.000000;0.000000;0.815345
5271;260.000000;50.000000;-6.000000;1.510793;0.000000;0.000000;0.000000;0.000000;0.000000;1.510793
5272;260.000000;50.000000;-2.000000;3.836931;0.000000;0.000000;0.000000;0.000000;0.000000;3.836931
5273;260.000000;50.000000;2.000000;6.163069;0.000000;0.000000;0.000000;0.000000;0.000000;6.163069
5274;260.000000;50.000000;6.000000;8.489207;0.000000;0.000000;0.000000;0.000000;0.000000;8.489207
5275;260.000000;50.000000;10.000000;10.815345;0.000000;0.000000;0.000000;0.000000;0.000000;10.815345
5276;260.000000;50.000000;14.000000;13.141482;0.000000;0.000000;0.000000;0.000000;0.000000;13.141482
5277;260.000000;50.000000;18.000000;15.467620;0.000000;0.000000;0.000000;0.000000;0.000000;15.467620
5278;260.000000;50.000000;22.000000;17.793758;0.000000;0.000000;0.000000;0.000000;0.000000;17.793758
5279;260.000000;50.000000;26.000000;20.119896;0.000000;0.000000;0.000000;0.000000;0.000000;20.119896
5280;260.000000;50.000000;30.000000;22.446034;0.000000;0.000000;0.000000;0.000000;0.000000;22.446034
5281;264.000000;-50.000000;-30.000000;-11.947575;0.000000;0.000000;0.000000;0.000000;0.000000;11.947575
5282;264.000000;-50.000000;-26.000000;-9.687899;0.000000;0.000000;0.000000;0.000000;0.000000;9.687899
5283;264.000000;-50.000000;-22.000000;-7.428222;0.000000;0.000000;0.000000;0.000000;0.000000;7.428222
5284;264.000000;-50.000000;-18.000000;-5.168545;0.000000;0.000000;0.000000;0.000000;0.000000;5.168545
5285;264.000000;-50.000000;-14.000000;-2.908869;0.000000;0.000000;0.000000;0.000000;0.000000;2.908869
5286;264.000000;-50.000000;-10.000000;-0.649192;0.000000;0.000000;0.000000;0.000000;0.000000;0.649192
5287;264.000000;-50.000000;-6.000000;1.610485;0.000000;0.000000;0.000000;0.000000;0.000000;1.610485
5288;264.000000;-50.000000;-2.000000;3.870162;0.000000;0.000000;0.000000;0.000000;0.000000;3.870162
5289;264.000000;-50.000000;2.000000;6.129838;0.000000;0.000000;0.000000;0.000000;0.000000;6.129838
5290;264.000000;-50.000000;6.000000;8.389515;0.000000;0.000000;0.000000;0.000000;0.000000;8.389515
5291;264.000000;-50.000000;10.000000;10.649192;0.000000;0.000000;0.000000;0.000000;0.000000;10.649192
5292;264.000000;-50.000000;14.000000;12.908869;0.000000;0.000000;0.000000;0.000000;0.000000;12.908869
5293;264.000000;-50.000000;18.000000;15.168545;0.000000;0.000000;0.000000;0.000000;0.000000;15.168545
5294;264.000000;-50.000000;22.000000;17.428222;0.000000;0.000000;0.000000;0.000000;0.000000;17.428222
5295;264.000000;-50.000000;26.000000;19.687899;0.000000;0.000000;0.000000;0.000000;0.000000;19.687899
5296;264.000000;-50.000000;30.000000;21.947575;0.000000;0.000000;0.000000;0.000000;0.000000;21.947575
5297;264.000000;-46.000000;-30.000000;-11.947575;0.000000;0.000000;0.000000;0.000000;0.000000;11.947575
5298;264.000000;-46.000000;30.000000;21.947575;0.000000;0.000000;0.000000;0.000000;0.000000;21.947575
5299;264.000000;-42.000000;-30.000000;-11.947575;0.000000;0.000000;0.000000;0.000000;0.000000;11.947575
5300;264.000000;-42.000000;30.000000;21.947575;0.000000;0.000000;0.000000;0.000000;0.000000;21.947575
5301;264.000000;-38.000000;-30.000000;-11.947575;0.000000;0.000000;0.000000;0.000000;0.000000;11.947575
5302;264.000000;-38.000000;30.000000;21.947575;0.000000;0.000000;0.000000;0.000000;0.000000;21.947575
5303;264.000000;-34.000000;-30.000000;-11.947575;0.000000;0.000000;0.000000;0.000000;0.000000;11.947575
5304;264.000000;-34.000000;30.000000;21.947575;0.000000;0.000000;0.000000;0.000000;0.000000;21.947575
5305;264.000000;-30.000000;-30.000000;-11.947575;0.000000;0.000000;0.000000;0.000000;0.000000;11.947575
5306;264.000000;-30.000000;30.000000;21.947575;0.000000;0.000000;0.000000;0.000000;0.000000;21.947575
5307;264.000000;-26.000000;-30.000000;-11.947575;0.000000;0.000000;0.000000;0.000000;0.000000;11.947575
5308;264.000000;-26.000000;30.000000;21.947575;0.000000;0.000000;0.000000;0.000000;0.000000;21.947575
5309;264.000000;-22.000000;-30.000000;-11.947575;0.000000;0.000000;0.000000;0.000000;0.000000;11.947575
5310;264.000000;-22.000000;30.000000;21.947575;0.000000;0.000000;0.000000;0.000000;0.000000;21.947575
5311;264.000000;-18.000000;-30.000000;-11.947575;0.000000;0.000000;0.000000;0.000000;0.000000;11.947575
5312;264.000000;-18.000000;30.000000;21.947575;0.000000;0.000000;0.000000;0.000000;0.000000;21.947575
5313;264.000000;-14.000000;-30.000000;-11.947575;0.000000;0.000000;0.000000;0.000000;0.000000;11.947575
5314;264.000000;-14.000000;30.000000;21.947575;0.000000;0.000000;0.000000;0.000000;0.000000;21.947575
5315;264.000000;-10.000000;-30.000000;-11.947575;0.000000;0.000000;0.000000;0.000000;0.000000;11.947575
5316;264.000000;-10.000000;30.000000;21.947575;0.000000;0.000000;0.000000;0.000000;0.000000;21.947575
5317;264.000000;-6.000000;-30.000000;-11.947575;0.000000;0.000000;0.000000;0.000000;0.000000;11.947575
5318;264.000000;-6.000000;30.000000;21.947575;0.000000;0.000000;0.000000;0.000000;0.000000;21.947575
5319;264.000000;-2.000000;-30.000000;-11.947575;0.000000;0.000000;0.000000;0.000000;0.000000;11.947575
5320;264.000000;-2.000000;30.000000;21.947575;0.000000;0.000000;0.000000;0.000000;0.000000;21.947575
5321;264.000000;2.000000;-30.000000;-11.947575;0.000000;0.000000;0.000000;0.000000;0.000000;11.947575
5322;264.000000;2.000000;30.000000;21.947575;0.000000;0.000000;0.000000;0.000000;0.000000;21.947575
5323;264.000000;6.000000;-30.000000;-11.947575;0.000000;0.000000;0.000000;0.000000;0.000000;11.947575
5324;264.000000;6.000000;30.000000;21.947575;0.000000;0.000000;0.000000;0.000000;0.000000;21.947575
5325;264.000000;10.000000;-30.000000;-11.947575;0.000000;0.000000;0.000000;0.000000;0.000000;11.947575
5326;264.000000;10.000000;30.000000;21.947575;0.000000;0.000000;0.000000;0.000000;0.000000;21.947575
5327;264.000000;14.000000;-30.000000;-11.947575;0.000000;0.000000;0.000000;0.000000;0.000000;11.947575
5328;264.000000;14.000000;30.000000;21.947575;0.000000;0.000000;0.000000;0.000000;0.000000;21.947575
5329;264.000000;18.000000;-30.000000;-11.947575;0.000000;0.000000;0.000000;0.000000;0.000000;11.947575
5330;264.000000;18.000000;30.000000;21.947575;0.000000;0.000000;0.000000;0.000000;0.000000;21.947575
5331;264.000000;22.000000;-30.000000;-11.947575;0.000000;0.000000;0.000000;0.000000;0.000000;11.947575
5332;264.000000;22.000000;30.000000;21.947575;0.000000;0.000000;0.000000;0.000000;0.000000;21.947575
5333;264.000000;26.000000;-30.000000;-11.947575;0.000000;0.000000;0.000000;0.000000;0.000000;11.947575
5334;264.000000;26.000000;30.000000;21.947575;0.000000;0.000000;0.000000;0.000000;0.000000;21.947575
5335;264.000000;30.000000;-30.000000;-11.947575;0.000000;0.000000;0.000000;0.000000;0.000000;11.947575
5336;264.000000;30.000000;30.000000;21.947575;0.000000;0.000000;0.000000;0.000000;0.000000;21.947575
5337;264.000000;34.000000;-30.000000;-11.947575;0.000000;0.000000;0.000000;0.000000;0.000000;11.947575
5338;264.000000;34.000000;30.000000;21.947575;0.000000;0.000000;0.000000;0.000000;0.000000;21.947575
5339;264.000000;38.000000;-30.000000;-11.947575;0.000000;0.000000;0.000000;0.000000;0.000000;11.947575
5340;264.000000;38.000000;30.000000;21.947575;0.000000;0.000000;0.000000;0.000000;0.000000;21.947575
5341;264.000000;42.000000;-30.000000;-11.947575;0.000000;0.000000;0.000000;0.000000;0.000000;11.947575
5342;264.000000;42.000000;30.000000;21.947575;0.000000;0.000000;0.000000;0.000000;0.000000;21.947575
5343;264.000000;46.000000;-30.000000;-11.947575;0.000000;0.000000;0.000000;0.000000;0.000000;11.947575
5344;264.000000;46.000000;30.000000;21.947575;0.000000;0.000000;0.000000;0.000000;0.000000;21.947575
5345;264.000000;50.000000;-30.000000;-11.947575;0.000000;0.000000;0.000000;0.000000;0.000000;11.947575
5346;264.000000;50.000000;-26.000000;-9.687899;0.000000;0.000000;0.000000;0.000000;0.000000;9.687899
5347;264.000000;50.000000;-22.000000;-7.428222;0.000000;0.000000;0.000000;0.000000;0.000000;7.428222
5348;264.000000;50.000000;-18.000000;-5.168545;0.000000;0.000000;0.000000;0.000000;0.000000;5.168545
5349;264.000000;50.000000;-14.000000;-2.908869;0.000000;0.000000;0.000000;0.000000;0.000000;2.908869
5350;264.000000;50.000000;-10.000000;-0.649192;0.000000;0.000000;0.000000;0.000000;0.000000;0.649192
5351;264.000000;50.000000;-6.000000;1.610485;0.000000;0.000000;0.000000;0.000000;0.000000;1.610485
5352;264.000000;50.000000;-2.000000;3.870162;0.000000;0.000000;0.000000;0.000000;0.000000;3.870162
5353;264.000000;50.000000;2.000000;6.129838;0.000000;0.000000;0.000000;0.000000;0.000000;6.129838
5354;264.000000;50.000000;6.000000;8.389515;0.000000;0.000000;0.000000;0.000000;0.000000;8.389515
5355;264.000000;50.000000;10.000000;10.649192;0.000000;0.000000;0.000000;0.000000;0.000000;10.649192
5356;264.000000;50.000000;14.000000;12.908869;0.000000;0.000000;0.000000;0.000000;0.000000;12.908869
5357;264.000000;50.000000;18.000000;15.168545;0.000000;0.000000;0.000000;0.000000;0.000000;15.168545
5358;264.000000;50.000000;22.000000;17.428222;0.000000;0.000000;0.000000;0.000000;0.000000;17.428222
5359;264.000000;50.000000;26.000000;19.687899;0.000000;0.000000;0.000000;0.000000;0.000000;19.687899
5360;264.000000;50.000000;30.000000;21.947575;0.000000;0.000000;0.000000;0.000000;0.000000;21.947575
5361;268.000000;-50.000000;-30.000000;-11.449117;0.000000;0.000000;0.000000;0.000000;0.000000;11.449117
5362;268.000000;-50.000000;-26.000000;-9.255902;0.000000;0.000000;0.000000;0.000000;0.000000;9.255902
5363;268.000000;-50.000000;-22.000000;-7.062686;0.000000;0.000000;0.000000;0.000000;0.000000;7.062686
5364;268.000000;-50.000000;-18.000000;-4.869470;0.000000;0.000000;0.000000;0.000000;0.000000;4.869470
5365;268.000000;-50.000000;-14.000000;-2.676255;0.000000;0.000000;0.000000;0.000000;0.000000;2.676255
5366;268.000000;-50.000000;-10.000000;-0.483039;0.000000;0.000000;0.000000;0.000000;0.000000;0.483039
5367;268.000000;-50.000000;-6.000000;1.710177;0.000000;0.000000;0.000000;0.000000;0.000000;1.710177
5368;268.000000;-50.000000;-2.000000;3.903392;0.000000;0.000000;0.000000;0.000000;0.000000;3.903392
5369;268.000000;-50.000000;2.000000;6.096608;0.000000;0.000000;0.000000;0.000000;0.000000;6.096608
5370;268.000000;-50.000000;6.000000;8.289823;0.000000;0.000000;0.000000;0.000000;0.000000;8.289823
5371;268.000000;-50.000000;10.000000;10.483039;0.000000;0.000000;0.000000;0.000000;0.000000;10.483039
5372;268.000000;-50.000000;14.000000;12.676255;0.000000;0.000000;0.000000;0.000000;0.000000;12.676255
5373;268.000000;-50.000000;18.000000;14.869470;0.000000;0.000000;0.000000;0.000000;0.000000;14.869470
5374;268.000000;-50.000000;22.000000;17.062686;0.000000;0.000000;0.000000;0.000000;0.000000;17.062686
5375;268.000000;-50.000000;26.000000;19.255902;0.000000;0.000000;0.000000;0.000000;0.000000;19.255902
5376;268.000000;-50.000000;30.000000;21.449117;0.000000;0.000000;0.000000;0.000000;0.000000;21.449117
5377;268.000000;-46.000000;-30.000000;-11.449117;0.000000;0.000000;0.000000;0.000000;0.000000;11.449117
5378;268.000000;-46.000000;30.000000;21.449117;0.000000;0.000000;0.000000;0.000000;0.000000;21.449117
5379;268.000000;-42.000000;-30.000000;-11.449117;0.000000;0.000000;0.000000;0.000000;0.000000;11.449117
5380;268.000000;-42.000000;30.000000;21.449117;0.000000;0.000000;0.000000;0.000000;0.000000;21.449117
5381;268.000000;-38.000000;-30.000000;-11.449117;0.000000;0.000000;0.000000;0.000000;0.000000;11.449117
5382;268.000000;-38.000000;30.000000;21.449117;0.000000;0.000000;0.000000;0.000000;0.000000;21.449117
5383;268.000000;-34.000000;-30.000000;-11.449117;0.000000;0.000000;0.000000;0.000000;0.000000;11.449117
5384;268.000000;-34.000000;30.000000;21.449117;0.000000;0.000000;0.000000;0.000000;0.000000;21.449117
5385;268.000000;-30.000000;-30.000000;-11.449117;0.000000;0.000000;0.000000;0.000000;0.000000;11.449117
5386;268.000000;-30.000000;30.000000;21.449117;0.000000;0.000000;0.000000;0.000000;0.000000;21.449117
5387;268.000000;-26.000000;-30.000000;-11.449117;0.000000;0.000000;0.000000;0.000000;0.000000;11.449117
5388;268.000000;-26.000000;30.000000;21.449117;0.000000;0.000000;0.000000;0.000000;0.000000;21.449117
5389;268.000000;-22.000000;-30.000000;-11.449117;0.000000;0.000000;0.000000;0.000000;0.000000;11.449117
5390;268.000000;-22.000000;30.000000;21.449117;0.000000;0.000000;0.000000;0.000000;0.000000;21.449117
5391;268.000000;-18.000000;-30.000000;-11.449117;0.000000;0.000000;0.000000;0.000000;0.000000;11.449117
5392;268.000000;-18.000000;30.000000;21.449117;0.000000;0.000000;0.000000;0.000000;0.000000;21.449117
5393;268.000000;-14.000000;-30.000000;-11.449117;0.000000;0.000000;0.000000;0.000000;0.000000;11.449117
5394;268.000000;-14.000000;30.000000;21.449117;0.000000;0.000000;0.000000;0.000000;0.000000;21.449117
5395;268.000000;-10.000000;-30.000000;-11.449117;0.000000;0.000000;0.000000;0.000000;0.000000;11.449117
5396;268.000000;-10.000000;30.000000;21.449117;0.000000;0.000000;0.000000;0.000000;0.000000;21.449117
5397;268.000000;-6.000000;-30.000000;-11.449117;0.000000;0.000000;0.000000;0.000000;0.000000;11.449117
5398;268.000000;-6.000000;30.000000;21.449117;0.000000;0.000000;0.000000;0.000000;0.000000;21.449117
5399;268.000000;-2.000000;-30.000000;-11.449117;0.000000;0.000000;0.000000;0.000000;0.000000;11.449117
5400;268.000000;-2.000000;30.000000;21.449117;0.000000;0.000000;0.000000;0.000000;0.000000;21.449117
5401;268.000000;2.000000;-30.000000;-11.449117;0.000000;0.000000;0.000000;0.000000;0.000000;11.449117
5402;268.000000;2.000000;30.000000;21.449117;0.000000;0.000000;0.000000;0.000000;0.000000;21.449117
5403;268.000000;6.000000;-30.000000;-11.449117;0.000000;0.000000;0.000000;0.000000;0.000000;11.449117
5404;268.000000;6.000000;30.000000;21.449117;0.000000;0.000000;0.000000;0.000000;0.000000;21.449117
5405;268.000000;10.000000;-30.000000;-11.449117;0.000000;0.000000;0.000000;0.000000;0.000000;11.449117
5406;268.000000;10.000000;30.000000;21.449117;0.000000;0.000000;0.000000;0.000000;0.000000;21.449117
5407;268.000000;14.000000;-30.000000;-11.449117;0.000000;0.000000;0.000000;0.000000;0.000000;11.449117
5408;268.000000;14.000000;30.000000;21.449117;0.000000;0.000000;0.000000;0.000000;0.000000;21.449117
5409;268.000000;18.000000;-30.000000;-11.449117;0.000000;0.000000;0.000000;0.000000;0.000000;11.449117
5410;268.000000;18.000000;30.000000;21.449117;0.000000;0.000000;0.000000;0.000000;0.000000;21.449117
5411;268.000000;22.000000;-30.000000;-11.449117;0.000000;0.000000;0.000000;0.000000;0.000000;11.449117
5412;268.000000;22.000000;30.000000;21.449117;0.000000;0.000000;0.000000;0.000000;0.000000;21.449117
5413;268.000000;26.000000;-30.000000;-11.449117;0.000000;0.000000;0.000000;0.000000;0.000000;11.449117
5414;268.000000;26.000000;30.000000;21.449117;0.000000;0.000000;0.000000;0.000000;0.000000;21.449117
5415;268.000000;30.000000;-30.000000;-11.449117;0.000000;0.000000;0.000000;0.000000;0.000000;11.449117
5416;268.000000;30.000000;30.000000;21.449117;0.000000;0.000000;0.000000;0.000000;0.000000;21.449117
5417;268.000000;34.000000;-30.000000;-11.449117;0.000000;0.000000;0.000000;0.000000;0.000000;11.449117
5418;268.000000;34.000000;30.000000;21.449117;0.000000;0.000000;0.000000;0.000000;0.000000;21.449117
5419;268.000000;38.000000;-30.000000;-11.449117;0.000000;0.000000;0.000000;0.000000;0.000000;11.449117
5420;268.000000;38.000000;30.000000;21.449117;0.000000;0.000000;0.000000;0.000000;0.000000;21.449117
5421;268.000000;42.000000;-30.000000;-11.449117;0.000000;0.000000;0.000000;0.000000;0.000000;11.449117
5422;268.000000;42.000000;30.000000;21.449117;0.000000;0.000000;0.000000;0.000000;0.000000;21.449117
5423;268.000000;46.000000;-30.000000;-11.449117;0.000000;0.000000;0.000000;0.000000;0.000000;11.449117
5424;268.000000;46.000000;30.000000;21.449117;0.000000;0.000000;0.000000;0.000000;0.000000;21.449117
5425;268.000000;50.000000;-30.000000;-11.449117;0.000000;0.000000;0.000000;0.000000;0.000000;11.449117
5426;268.000000;50.000000;-26.000000;-9.255902;0.000000;0.000000;0.000000;0.000000;0.000000;9.255902
5427;268.000000;50.000000;-22.000000;-7.062686;0.000000;0.000000;0.000000;0.000000;0.000000;7.062686
5428;268.000000;50.000000;-18.000000;-4.869470;0.000000;0.000000;0.000000;0.000000;0.000000;4.869470
5429;268.000000;50.000000;-14.000000;-2.676255;0.000000;0.000000;0.000000;0.000000;0.000000;2.676255
5430;268.000000;50.000000;-10.000000;-0.483039;0.000000;0.000000;0.000000;0.000000;0.000000;0.483039
5431;268.000000;50.000000;-6.000000;1.710177;0.000000;0.000000;0.000000;0.000000;0.000000;1.710177
5432;268.000000;50.000000;-2.000000;3.903392;0.000000;0.000000;0.000000;0.000000;0.000000;3.903392
5433;268.000000;50.000000;2.000000;6.096608;0.000000;0.000000;0.000000;0.000000;0.000000;6.096608
5434;268.000000;50.000000;6.000000;8.289823;0.000000;0.000000;0.000000;0.000000;0.000000;8.289823
5435;268.000000;50.000000;10.000000;10.483039;0.000000;0.000000;0.000000;0.000000;0.000000;10.483039
5436;268.000000;50.000000;14.000000;12.676255;0.000000;0.000000;0.000000;0.000000;0.000000;12.676255
5437;268.000000;50.000000;18.000000;14.869470;0.000000;0.000000;0.000000;0.000000;0.000000;14.869470
5438;268.000000;50.000000;22.000000;17.062686;0.000000;0.000000;0.000000;0.000000;0.000000;17.062686
5439;268.000000;50.000000;26.000000;19.255902;0.000000;0.000000;0.000000;0.000000;0.000000;19.255902
5440;268.000000;50.000000;30.000000;21.449117;0.000000;0.000000;0.000000;0.000000;0.000000;21.449117
5441;272.000000;-50.000000;-30.000000;-10.950659;0.000000;0.000000;0.000000;0.000000;0.000000;10.950659
5442;272.000000;-50.000000;-26.000000;-8.823905;0.000000;0.000000;0.000000;0.000000;0.000000;8.823905
5443;272.000000;-50.000000;-22.000000;-6.697150;0.000000;0.000000;0.000000;0.000000;0.000000;6.697150
5444;272.000000;-50.000000;-18.000000;-4.570396;0.000000;0.000000;0.000000;0.000000;0.000000;4.570396
5445;272.000000;-50.000000;-14.000000;-2.443641;0.000000;0.000000;0.000000;0.000000;0.000000;2.443641
5446;272.000000;-50.000000;-10.000000;-0.316886;0.000000;0.000000;0.000000;0.000000;0.000000;0.316886
5447;272.000000;-50.000000;-6.000000;1.809868;0.000000;0.000000;0.000000;0.000000;0.000000;1.809868
5448;272.000000;-50.000000;-2.000000;3.936623;0.000000;0.000000;0.000000;0.000000;0.000000;3.936623
5449;272.000000;-50.000000;2.000000;6.063377;0.000000;0.000000;0.000000;0.000000;0.000000;6.063377
5450;272.000000;-50.000000;6.000000;8.190132;0.000000;0.000000;0.000000;0.000000;0.000000;8.190132
5451;272.000000;-50.000000;10.000000;10.316886;0.000000;0.000000;0.000000;0.000000;0.000000;10.316886
5452;272.000000;-50.000000;14.000000;12.443641;0.000000;0.000000;0.000000;0.000000;0.000000;12.443641
5453;272.000000;-50.000000;18.000000;14.570396;0.000000;0.000000;0.000000;0.000000;0.000000;14.570396
5454;272.000000;-50.000000;22.000000;16.697150;0.000000;0.000000;0.000000;0.000000;0.000000;16.697150
5455;272.000000;-50.000000;26.000000;18.823905;0.000000;0.000000;0.000000;0.000000;0.000000;18.823905
5456;272.000000;-50.000000;30.000000;20.950659;0.000000;0.000000;0.000000;0.000000;0.000000;20.950659
5457;272.000000;-46.000000;-30.000000;-10.950659;0.000000;0.000000;0.000000;0.000000;0.000000;10.950659
5458;272.000000;-46.000000;30.000000;20.950659;0.000000;0.000000;0.000000;0.000000;0.000000;20.950659
5459;272.000000;-42.000000;-30.000000;-10.950659;0.000000;0.000000;0.000000;0.000000;0.000000;10.950659
5460;272.000000;-42.000000;30.000000;20.950659;0.000000;0.000000;0.000000;0.000000;0.000000;20.950659
5461;272.000000;-38.000000;-30.000000;-10.950659;0.000000;0.000000;0.000000;0.000000;0.000000;10.950659
5462;272.000000;-38.000000;30.000000;20.950659;0.000000;0.000000;0.000000;0.000000;0.000000;20.950659
5463;272.000000;-34.000000;-30.000000;-10.950659;0.000000;0.000000;0.000000;0.000000;0.000000;10.950659
5464;272.000000;-34.000000;30.000000;20.950659;0.000000;0.000000;0.000000;0.000000;0.000000;20.950659
5465;272.000000;-30.000000;-30.000000;-10.950659;0.000000;0.000000;0.000000;0.000000;0.000000;10.950659
5466;272.000000;-30.000000;30.000000;20.950659;0.000000;0.000000;0.000000;0.000000;0.000000;20.950659
5467;272.000000;-26.000000;-30.000000;-10.950659;0.000000;0.000000;0.000000;0.000000;0.000000;10.950659
5468;272.000000;-26.000000;30.000000;20.950659;0.000000;0.000000;0.000000;0.000000;0.000000;20.950659
5469;272.000000;-22.000000;-30.000000;-10.950659;0.000000;0.000000;0.000000;0.000000;0.000000;10.950659
5470;272.000000;-22.000000;30.000000;20.950659;0.000000;0.000000;0.000000;0.000000;0.000000;20.950659
5471;272.000000;-18.000000;-30.000000;-10.950659;0.000000;0.000000;0.000000;0.000000;0.000000;10.950659
5472;272.000000;-18.000000;30.000000;20.950659;0.000000;0.000000;0.000000;0.000000;0.000000;20.950659
5473;272.000000;-14.000000;-30.000000;-10.950659;0.000000;0.000000;0.000000;0.000000;0.000000;10.950659
5474;272.000000;-14.000000;30.000000;20.950659;0.000000;0.000000;0.000000;0.000000;0.000000;20.950659
5475;272.000000;-10.000000;-30.000000;-10.950659;0.000000;0.000000;0.000000;0.000000;0.000000;10.950659
5476;272.000000;-10.000000;30.000000;20.950659;0.000000;0.000000;0.000000;0.000000;0.000000;20.950659
5477;272.000000;-6.000000;-30.000000;-10.950659;0.000000;0.000000;0.000000;0.000000;0.000000;10.950659
5478;272.000000;-6.000000;30.000000;20.950659;0.000000;0.000000;0.000000;0.000000;0.000000;20.950659
5479;272.000000;-2.000000;-30.000000;-10.950659;0.000000;0.000000;0.000000;0.000000;0.000000;10.950659
5480;272.000000;-2.000000;30.000000;20.950659;0.000000;0.000000;0.000000;0.000000;0.000000;20.950659
5481;272.000000;2.000000;-30.000000;-10.950659;0.000000;0.000000;0.000000;0.000000;0.000000;10.950659
5482;272.000000;2.000000;30.000000;20.950659;0.000000;0.000000;0.000000;0.000000;0.000000;20.950659
5483;272.000000;6.000000;-30.000000;-10.950659;0.000000;0.000000;0.000000;0.000000;0.000000;10.950659
5484;272.000000;6.000000;30.000000;20.950659;0.000000;0.000000;0.000000;0.000000;0.000000;20.950659
5485;272.000000;10.000000;-30.000000;-10.950659;0.000000;0.000000;0.000000;0.000000;0.000000;10.950659
5486;272.000000;10.000000;30.000000;20.950659;0.000000;0.000000;0.000000;0.000000;0.000000;20.950659
5487;272.000000;14.000000;-30.000000;-10.950659;0.000000;0.000000;0.000000;0.000000;0.000000;10.950659
5488;272.000000;14.000000;30.000000;20.950659;0.000000;0.000000;0.000000;0.000000;0.000000;20.950659
5489;272.000000;18.000000;-30.000000;-10.950659;0.000000;0.000000;0.000000;0.000000;0.000000;10.950659
5490;272.000000;18.000000;30.000000;20.950659;0.000000;0.000000;0.000000;0.000000;0.000000;20.950659
5491;272.000000;22.000000;-30.000000;-10.950659;0.000000;0.000000;0.000000;0.000000;0.000000;10.950659
5492;272.000000;22.000000;30.000000;20.950659;0.000000;0.000000;0.000000;0.000000;0.000000;20.950659
5493;272.000000;26.000000;-30.000000;-10.950659;0.000000;0.000000;0.000000;0.000000;0.000000;10.950659
5494;272.000000;26.000000;30.000000;20.950659;0.000000;0.000000;0.000000;0.000000;0.000000;20.950659
5495;272.000000;30.000000;-30.000000;-10.950659;0.000000;0.000000;0.000000;0.000000;0.000000;10.950659
5496;272.000000;30.000000;30.000000;20.950659;0.000000;0.000000;0.000000;0.000000;0.000000;20.950659
5497;272.000000;34.000000;-30.000000;-10.950659;0.000000;0.000000;0.000000;0.000000;0.000000;10.950659
5498;272.000000;34.000000;30.000000;20.950659;0.000000;0.000000;0.000000;0.000000;0.000000;20.950659
5499;272.000000;38.000000;-30.000000;-10.950659;0.000000;0.000000;0.000000;0.000000;0.000000;10.950659
5500;272.000000;38.000000;30.000000;20.950659;0.000000;0.000000;0.000000;0.000000;0.000000;20.950659
5501;272.000000;42.000000;-30.000000;-10.950659;0.000000;0.000000;0.000000;0.000000;0.000000;10.950659
5502;272.000000;42.000000;30.000000;20.950659;0.000000;0.000000;0.000000;0.000000;0.000000;20.950659
5503;272.000000;46.000000;-30.000000;-10.950659;0.000000;0.000000;0.000000;0.000000;0.000000;10.950659
5504;272.000000;46.000000;30.000000;20.950659;0.000000;0.000000;0.000000;0.000000;0.000000;20.950659
5505;272.000000;50.000000;-30.000000;-10.950659;0.000000;0.000000;0.000000;0.000000;0.000000;10.950659
5506;272.000000;50.000000;-26.000000;-8.823905;0.000000;0.000000;0.000000;0.000000;0.000000;8.823905
5507;272.000000;50.000000;-22.000000;-6.697150;0.000000;0.000000;0.000000;0.000000;0.000000;6.697150
5508;272.000000;50.000000;-18.000000;-4.570396;0.000000;0.000000;0.000000;0.000000;0.000000;4.570396
5509;272.000000;50.000000;-14.000000;-2.443641;0.000000;0.000000;0.000000;0.000000;0.000000;2.443641
5510;272.000000;50.000000;-10.000000;-0.316886;0.000000;0.000000;0.000000;0.000000;0.000000;0.316886
5511;272.000000;50.000000;-6.000000;1.809868;0.000000;0.000000;0.000000;0.000000;0.000000;1.809868
5512;272.000000;50.000000;-2.000000;3.936623;0.000000;0.000000;0.000000;0.000000;0.000000;3.936623
5513;272.000000;50.000000;2.000000;6.063377;0.000000;0.000000;0.000000;0.000000;0.000000;6.063377
5514;272.000000;50.000000;6.000000;8.190132;0.000000;0.000000;0.000000;0.000000;0.000000;8.190132
5515;272.000000;50.000000;10.000000;10.316886;0.000000;0.000000;0.000000;0.000000;0.000000;10.316886
5516;272.000000;50.000000;14.000000;12.443641;0.000000;0.000000;0.000000;0.000000;0.000000;12.443641
5517;272.000000;50.000000;18.000000;14.570396;0.000000;0.000000;0.000000;0.000000;0.000000;14.570396
5518;272.000000;50.000000;22.000000;16.697150;0.000000;0.000000;0.000000;0.000000;0.000000;16.697150
5519;272.000000;50.000000;26.000000;18.823905;0.000000;0.000000;0.000000;0.000000;0.000000;18.823905
5520;272.000000;50.000000;30.000000;20.950659;0.000000;0.000000;0.000000;0.000000;0.000000;20.950659
5521;276.000000;-50.000000;-30.000000;-10.452201;0.000000;0.000000;0.000000;0.000000;0.000000;10.452201
5522;276.000000;-50.000000;-26.000000;-8.391908;0.000000;0.000000;0.000000;0.000000;0.000000;8.391908
5523;276.000000;-50.000000;-22.000000;-6.331614;0.000000;0.000000;0.000000;0.000000;0.000000;6.331614
5524;276.000000;-50.000000;-18.000000;-4.271321;0.000000;0.000000;0.000000;0.000000;0.000000;4.271321
5525;276.000000;-50.000000;-14.000000;-2.211027;0.000000;0.000000;0.000000;0.000000;0.000000;2.211027
5526;276.000000;-50.000000;-10.000000;-0.150734;0.000000;0.000000;0.000000;0.000000;0.000000;0.150734
5527;276.000000;-50.000000;-6.000000;1.909560;0.000000;0.000000;0.000000;0.000000;0.000000;1.909560
5528;276.000000;-50.000000;-2.000000;3.969853;0.000000;0.000000;0.000000;0.000000;0.000000;3.969853
5529;276.000000;-50.000000;2.000000;6.030147;0.000000;0.000000;0.000000;0.000000;0.000000;6.030147
5530;276.000000;-50.000000;6.000000;8.090440;0.000000;0.000000;0.000000;0.000000;0.000000;8.090440
5531;276.000000;-50.000000;10.000000;10.150734;0.000000;0.000000;0.000000;0.000000;0.000000;10.150734
5532;276.000000;-50.000000;14.000000;12.211027;0.000000;0.000000;0.000000;0.000000;0.000000;12.211027
5533;276.000000;-50.000000;18.000000;14.271321;0.000000;0.000000;0.000000;0.000000;0.000000;14.271321
5534;276.000000;-50.000000;22.000000;16.331614;0.000000;0.000000;0.000000;0.000000;0.000000;16.331614
5535;276.000000;-50.000000;26.000000;18.391908;0.000000;0.000000;0.000000;0.000000;0.000000;18.391908
5536;276.000000;-50.000000;30.000000;20.452201;0.000000;0.000000;0.000000;0.000000;0.000000;20.452201
5537;276.000000;-46.000000;-30.000000;-10.452201;0.000000;0.000000;0.000000;0.000000;0.000000;10.452201
5538;276.000000;-46.000000;30.000000;20.452201;0.000000;0.000000;0.000000;0.000000;0.000000;20.452201
5539;276.000000;-42.000000;-30.000000;-10.452201;0.000000;0.000000;0.000000;0.000000;0.000000;10.452201
5540;276.000000;-42.000000;30.000000;20.452201;0.000000;0.000000;0.000000;0.000000;0.000000;20.452201
5541;276.000000;-38.000000;-30.000000;-10.452201;0.000000;0.000000;0.000000;0.000000;0.000000;10.452201
5542;276.000000;-38.000000;30.000000;20.452201;0.000000;0.000000;0.000000;0.000000;0.000000;20.452201
5543;276.000000;-34.000000;-30.000000;-10.452201;0.000000;0.000000;0.000000;0.000000;0.000000;10.452201
5544;276.000000;-34.000000;30.000000;20.452201;0.000000;0.000000;0.000000;0.000000;0.000000;20.452201
5545;276.000000;-30.000000;-30.000000;-10.452201;0.000000;0.000000;0.000000;0.000000;0.000000;10.452201
5546;276.000000;-30.000000;30.000000;20.452201;0.000000;0.000000;0.000000;0.000000;0.000000;20.452201
5547;276.000000;-26.000000;-30.000000;-10.452201;0.000000;0.000000;0.000000;0.000000;0.000000;10.452201
5548;276.000000;-26.000000;30.000000;20.452201;0.000000;0.000000;0.000000;0.000000;0.000000;20.452201
5549;276.000000;-22.000000;-30.000000;-10.452201;0.000000;0.000000;0.000000;0.000000;0.000000;10.452201
5550;276.000000;-22.000000;30.000000;20.452201;0.000000;0.000000;0.000000;0.000000;0.000000;20.452201
5551;276.000000;-18.000000;-30.000000;-10.452201;0.000000;0.000000;0.000000;0.000000;0.000000;10.452201
5552;276.000000;-18.000000;30.000000;20.452201;0.000000;0.000000;0.000000;0.000000;0.000000;20.452201
5553;276.000000;-14.000000;-30.000000;-10.452201;0.000000;0.000000;0.000000;0.000000;0.000000;10.452201
5554;276.000000;-14.000000;30.000000;20.452201;0.000000;0.000000;0.000000;0.000000;0.000000;20.452201
5555;276.000000;-10.000000;-30.000000;-10.452201;0.000000;0.000000;0.000000;0.000000;0.000000;10.452201
5556;276.000000;-10.000000;30.000000;20.452201;0.000000;0.000000;0.000000;0.000000;0.000000;20.452201
5557;276.000000;-6.000000;-30.000000;-10.452201;0.000000;0.000000;0.000000;0.000000;0.000000;10.452201
5558;276.000000;-6.000000;30.000000;20.452201;0.000000;0.000000;0.000000;0.000000;0.000000;20.452201
5559;276.000000;-2.000000;-30.000000;-10.452201;0.000000;0.000000;0.000000;0.000000;0.000000;10.452201
5560;276.000000;-2.000000;30.000000;20.452201;0.000000;0.000000;0.000000;0.000000;0.000000;20.452201
5561;276.000000;2.000000;-30.000000;-10.452201;0.000000;0.000000;0.000000;0.000000;0.000000;10.452201
5562;276.000000;2.000000;30.000000;20.452201;0.000000;0.000000;0.000000;0.000000;0.000000;20.452201
5563;276.000000;6.000000;-30.000000;-10.452201;0.000000;0.000000;0.000000;0.000000;0.000000;10.452201
5564;276.000000;6.000000;30.000000;20.452201;0.000000;0.000000;0.000000;0.000000;0.000000;20.452201
5565;276.000000;10.000000;-30.000000;-10.452201;0.000000;0.000000;0.000000;0.000000;0.000000;10.452201
5566;276.000000;10.000000;30.000000;20.452201;0.000000;0.000000;0.000000;0.000000;0.000000;20.452201
5567;276.000000;14.000000;-30.000000;-10.452201;0.000000;0.000000;0.000000;0.000000;0.000000;10.452201
5568;276.000000;14.000000;30.000000;20.452201;0.000000;0.000000;0.000000;0.000000;0.000000;20.452201
5569;276.000000;18.000000;-30.000000;-10.452201;0.000000;0.000000;0.000000;0.000000;0.000000;10.452201
5570;276.000000;18.000000;30.000000;20.452201;0.000000;0.000000;0.000000;0.000000;0.000000;20.452201
5571;276.000000;22.000000;-30.000000;-10.452201;0.000000;0.000000;0.000000;0.000000;0.000000;10.452201
5572;276.000000;22.000000;30.000000;20.452201;0.000000;0.000000;0.000000;0.000000;0.000000;20.452201
5573;276.000000;26.000000;-30.000000;-10.452201;0.000000;0.000000;0.000000;0.000000;0.000000;10.452201
5574;276.000000;26.000000;30.000000;20.452201;0.000000;0.000000;0.000000;0.000000;0.000000;20.452201
5575;276.000000;30.000000;-30.000000;-10.452201;0.000000;0.000000;0.000000;0.000000;0.000000;10.452201
5576;276.000000;30.000000;30.000000;20.452201;0.000000;0.000000;0.000000;0.000000;0.000000;20.452201
5577;276.000000;34.000000;-30.000000;-10.452201;0.000000;0.000000;0.000000;0.000000;0.000000;10.452201
5578;276.000000;34.000000;30.000000;20.452201;0.000000;0.000000;0.000000;0.000000;0.000000;20.452201
5579;276.000000;38.000000;-30.000000;-10.452201;0.000000;0.000000;0.000000;0.000000;0.000000;10.452201
5580;276.000000;38.000000;30.000000;20.452201;0.000000;0.000000;0.000000;0.000000;0.000000;20.452201
5581;276.000000;42.000000;-30.000000;-10.452201;0.000000;0.000000;0.000000;0.000000;0.000000;10.452201
5582;276.000000;42.000000;30.000000;20.452201;0.000000;0.000000;0.000000;0.000000;0.000000;20.452201
5583;276.000000;46.000000;-30.000000;-10.452201;0.000000;0.000000;0.000000;0.000000;0.000000;10.452201
5584;276.000000;46.000000;30.000000;20.452201;0.000000;0.000000;0.000000;0.000000;0.000000;20.452201
5585;276.000000;50.000000;-30.000000;-10.452201;0.000000;0.000000;0.000000;0.000000;0.000000;10.452201
5586;276.000000;50.000000;-26.000000;-8.391908;0.000000;0.000000;0.000000;0.000000;0.000000;8.391908
5587;276.000000;50.000000;-22.000000;-6.331614;0.000000;0.000000;0.000000;0.000000;0.000000;6.331614
5588;276.000000;50.000000;-18.000000;-4.271321;0.000000;0.000000;0.000000;0.000000;0.000000;4.271321
5589;276.000000;50.000000;-14.000000;-2.211027;0.000000;0.000000;0.000000;0.000000;0.000000;2.211027
5590;276.000000;50.000000;-10.000000;-0.150734;0.000000;0.000000;0.000000;0.000000;0.000000;0.150734
5591;276.000000;50.000000;-6.000000;1.909560;0.000000;0.000000;0.000000;0.000000;0.000000;1.909560
5592;276.000000;50.000000;-2.000000;3.969853;0.000000;0.000000;0.000000;0.000000;0.000000;3.969853
5593;276.000000;50.000000;2.000000;6.030147;0.000000;0.000000;0.000000;0.000000;0.000000;6.030147
5594;276.000000;50.000000;6.000000;8.090440;0.000000;0.000000;0.000000;0.000000;0.000000;8.090440
5595;276.000000;50.000000;10.000000;10.150734;0.000000;0.000000;0.000000;0.000000;0.000000;10.150734
5596;276.000000;50.000000;14.000000;12.211027;0.000000;0.000000;0.000000;0.000000;0.000000;12.211027
5597;276.000000;50.000000;18.000000;14.271321;0.000000;0.000000;0.000000;0.000000;0.000000;14.271321
5598;276.000000;50.000000;22.000000;16.331614;0.000000;0.000000;0.000000;0.000000;0.000000;16.331614
5599;276.000000;50.000000;26.000000;18.391908;0.000000;0.000000;0.000000;0.000000;0.000000;18.391908
5600;276.000000;50.000000;30.000000;20.452201;0.000000;0.000000;0.000000;0.000000;0.000000;20.452201
5601;280.000000;-50.000000;-30.000000;-9.953743;0.000000;0.000000;0.000000;0.000000;0.000000;9.953743
5602;280.000000;-50.000000;-26.000000;-7.959911;0.000000;0.000000;0.000000;0.000000;0.000000;7.959911
5603;280.000000;-50.000000;-22.000000;-5.966078;0.000000;0.000000;0.000000;0.000000;0.000000;5.966078
5604;280.000000;-50.000000;-18.000000;-3.972246;0.000000;0.000000;0.000000;0.000000;0.000000;3.972246
5605;280.000000;-50.000000;-14.000000;-1.978413;0.000000;0.000000;0.000000;0.000000;0.000000;1.978413
5606;280.000000;-50.000000;-10.000000;0.015419;0.000000;0.000000;0.000000;0.000000;0.000000;0.015419
5607;280.000000;-50.000000;-6.000000;2.009251;0.000000;0.000000;0.000000;0.000000;0.000000;2.009251
5608;280.000000;-50.000000;-2.000000;4.003084;0.000000;0.000000;0.000000;0.000000;0.000000;4.003084
5609;280.000000;-50.000000;2.000000;5.996916;0.000000;0.000000;0.000000;0.000000;0.000000;5.996916
5610;280.000000;-50.000000;6.000000;7.990749;0.000000;0.000000;0.000000;0.000000;0.000000;7.990749
5611;280.000000;-50.000000;10.000000;9.984581;0.000000;0.000000;0.000000;0.000000;0.000000;9.984581
5612;280.000000;-50.000000;14.000000;11.978413;0.000000;0.000000;0.000000;0.000000;0.000000;11.978413
5613;280.000000;-50.000000;18.000000;13.972246;0.000000;0.000000;0.000000;0.000000;0.000000;13.972246
5614;280.000000;-50.000000;22.000000;15.966078;0.000000;0.000000;0.000000;0.000000;0.000000;15.966078
5615;280.000000;-50.000000;26.000000;17.959911;0.000000;0.000000;0.000000;0.000000;0.000000;17.959911
5616;280.000000;-50.000000;30.000000;19.953743;0.000000;0.000000;0.000000;0.000000;0.000000;19.953743
5617;280.000000;-46.000000;-30.000000;-9.953743;0.000000;0.000000;0.000000;0.000000;0.000000;9.953743
5618;280.000000;-46.000000;30.000000;19.953743;0.000000;0.000000;0.000000;0.000000;0.000000;19.953743
5619;280.000000;-42.000000;-30.000000;-9.953743;0.000000;0.000000;0.000000;0.000000;0.000000;9.953743
5620;280.000000;-42.000000;30.000000;19.953743;0.000000;0.000000;0.000000;0.000000;0.000000;19.953743
5621;280.000000;-38.000000;-30.000000;-9.953743;0.000000;0.000000;0.000000;0.000000;0.000000;9.953743
5622;280.000000;-38.000000;30.000000;19.953743;0.000000;0.000000;0.000000;0.000000;0.000000;19.953743
5623;280.000000;-34.000000;-30.000000;-9.953743;0.000000;0.000000;0.000000;0.000000;0.000000;9.953743
5624;280.000000;-34.000000;30.000000;19.953743;0.000000;0.000000;0.000000;0.000000;0.000000;19.953743
5625;280.000000;-30.000000;-30.000000;-9.953743;0.000000;0.000000;0.000000;0.000000;0.000000;9.953743
5626;280.000000;-30.000000;30.000000;19.953743;0.000000;0.000000;0.000000;0.000000;0.000000;19.953743
5627;280.000000;-26.000000;-30.000000;-9.953743;0.000000;0.000000;0.000000;0.000000;0.000000;9.953743
5628;280.000000;-26.000000;30.000000;19.953743;0.000000;0.000000;0.000000;0.000000;0.000000;19.953743
5629;280.000000;-22.000000;-30.000000;-9.953743;0.000000;0.000000;0.000000;0.000000;0.000000;9.953743
5630;280.000000;-22.000000;30.000000;19.953743;0.000000;0.000000;0.000000;0.000000;0.000000;19.953743
5631;280.000000;-18.000000;-30.000000;-9.953743;0.000000;0.000000;0.000000;0.000000;0.000000;9.953743
5632;280.000000;-18.000000;30.000000;19.953743;0.000000;0.000000;0.000000;0.000000;0.000000;19.953743
5633;280.000000;-14.000000;-30.000000;-9.953743;0.000000;0.000000;0.000000;0.000000;0.000000;9.953743
5634;280.000000;-14.000000;30.000000;19.953743;0.000000;0.000000;0.000000;0.000000;0.000000;19.953743
5635;280.000000;-10.000000;-30.000000;-9.953743;0.000000;0.000000;0.000000;0.000000;0.000000;9.953743
5636;280.000000;-10.000000;30.000000;19.953743;0.000000;0.000000;0.000000;0.000000;0.000000;19.953743
5637;280.000000;-6.000000;-30.000000;-9.953743;0.000000;0.000000;0.000000;0.000000;0.000000;9.953743
5638;280.000000;-6.000000;30.000000;19.953743;0.000000;0.000000;0.000000;0.000000;0.000000;19.953743
5639;280.000000;-2.000000;-30.000000;-9.953743;0.000000;0.000000;0.000000;0.000000;0.000000;9.953743
5640;280.000000;-2.000000;30.000000;19.953743;0.000000;0.000000;0.000000;0.000000;0.000000;19.953743
5641;280.000000;2.000000;-30.000000;-9.953743;0.000000;0.000000;0.000000;0.000000;0.000000;9.953743
5642;280.000000;2.000000;30.000000;19.953743;0.000000;0.000000;0.000000;0.000000;0.000000;19.953743
5643;280.000000;6.000000;-30.000000;-9.953743;0.000000;0.000000;0.000000;0.000000;0.000000;9.953743
5644;280.000000;6.000000;30.000000;19.953743;0.000000;0.000000;0.000000;0.000000;0.000000;19.953743
5645;280.000000;10.000000;-30.000000;-9.953743;0.000000;0.000000;0.000000;0.000000;0.000000;9.953743
5646;280.000000;10.000000;30.000000;19.953743;0.000000;0.000000;0.000000;0.000000;0.000000;19.953743
5647;280.000000;14.000000;-30.000000;-9.953743;0.000000;0.000000;0.000000;0.000000;0.000000;9.953743
5648;280.000000;14.000000;30.000000;19.953743;0.000000;0.000000;0.000000;0.000000;0.000000;19.953743
5649;280.000000;18.000000;-30.000000;-9.953743;0.000000;0.000000;0.000000;0.000000;0.000000;9.953743
5650;280.000000;18.000000;30.000000;19.953743;0.000000;0.000000;0.000000;0.000000;0.000000;19.953743
5651;280.000000;22.000000;-30.000000;-9.953743;0.000000;0.000000;0.000000;0.000000;0.000000;9.953743
5652;280.000000;22.000000;30.000000;19.953743;0.000000;0.000000;0.000000;0.000000;0.000000;19.953743
5653;280.000000;26.000000;-30.000000;-9.953743;0.000000;0.000000;0.000000;0.000000;0.000000;9.953743
5654;280.000000;26.000000;30.000000;19.953743;0.000000;0.000000;0.000000;0.000000;0.000000;19.953743
5655;280.000000;30.000000;-30.000000;-9.953743;0.000000;0.000000;0.000000;0.000000;0.000000;9.953743
5656;280.000000;30.000000;30.000000;19.953743;0.000000;0.000000;0.000000;0.000000;0.000000;19.953743
5657;280.000000;34.000000;-30.000000;-9.953743;0.000000;0.000000;0.000000;0.000000;0.000000;9.953743
5658;280.000000;34.000000;30.000000;19.953743;0.000000;0.000000;0.000000;0.000000;0.000000;19.953743
5659;280.000000;38.000000;-30.000000;-9.953743;0.000000;0.000000;0.000000;0.000000;0.000000;9.953743
5660;280.000000;38.000000;30.000000;19.953743;0.000000;0.000000;0.000000;0.000000;0.000000;19.953743
5661;280.000000;42.000000;-30.000000;-9.953743;0.000000;0.000000;0.000000;0.000000;0.000000;9.953743
5662;280.000000;42.000000;30.000000;19.953743;0.000000;0.000000;0.000000;0.000000;0.000000;19.953743
5663;280.000000;46.000000;-30.000000;-9.953743;0.000000;0.000000;0.000000;0.000000;0.000000;9.953743
5664;280.000000;46.000000;30.000000;19.953743;0.000000;0.000000;0.000000;0.000000;0.000000;19.953743
5665;280.000000;50.000000;-30.000000;-9.953743;0.000000;0.000000;0.000000;0.000000;0.000000;9.953743
5666;280.000000;50.000000;-26.000000;-7.959911;0.000000;0.000000;0.000000;0.000000;0.000000;7.959911
5667;280.000000;50.000000;-22.000000;-5.966078;0.000000;0.000000;0.000000;0.000000;0.000000;5.966078
5668;280.000000;50.000000;-18.000000;-3.972246;0.000000;0.000000;0.000000;0.000000;0.000000;3.972246
5669;280.000000;50.000000;-14.000000;-1.978413;0.000000;0.000000;0.000000;0.000000;0.000000;1.978413
5670;280.000000;50.000000;-10.000000;0.015419;0.000000;0.000000;0.000000;0.000000;0.000000;0.015419
5671;280.000000;50.000000;-6.000000;2.009251;0.000000;0.000000;0.000000;0.000000;0.000000;2.009251
5672;280.000000;50.000000;-2.000000;4.003084;0.000000;0.000000;0.000000;0.000000;0.000000;4.003084
5673;280.000000;50.000000;2.000000;5.996916;0.000000;0.000000;0.000000;0.000000;0.000000;5.996916
5674;280.000000;50.000000;6.000000;7.990749;0.000000;0.000000;0.000000;0.000000;0.000000;7.990749
5675;280.000000;50.000000;10.000000;9.984581;0.000000;0.000000;0.000000;0.000000;0.000000;9.984581
5676;280.000000;50.000000;14.000000;11.978413;0.000000;0.000000;0.000000;0.000000;0.000000;11.978413
5677;280.000000;50.000000;18.000000;13.972246;0.000000;0.000000;0.000000;0.000000;0.000000;13.972246
5678;280.000000;50.000000;22.000000;15.966078;0.000000;0.000000;0.000000;0.000000;0.000000;15.966078
5679;280.000000;50.000000;26.000000;17.959911;0.000000;0.000000;0.000000;0.000000;0.000000;17.959911
5680;280.000000;50.000000;30.000000;19.953743;0.000000;0.000000;0.000000;0.000000;0.000000;19.953743
5681;284.000000;-50.000000;-30.000000;-9.455285;0.000000;0.000000;0.000000;0.000000;0.000000;9.455285
5682;284.000000;-50.000000;-26.000000;-7.527914;0.000000;0.000000;0.000000;0.000000;0.000000;7.527914
5683;284.000000;-50.000000;-22.000000;-5.600542;0.000000;0.000000;0.000000;0.000000;0.000000;5.600542
5684;284.000000;-50.000000;-18.000000;-3.673171;0.000000;0.000000;0.000000;0.000000;0.000000;3.673171
5685;284.000000;-50.000000;-14.000000;-1.745800;0.000000;0.000000;0.000000;0.000000;0.000000;1.745800
5686;284.000000;-50.000000;-10.000000;0.181572;0.000000;0.000000;0.000000;0.000000;0.000000;0.181572
5687;284.000000;-50.000000;-6.000000;2.108943;0.000000;0.000000;0.000000;0.000000;0.000000;2.108943
5688;284.000000;-50.000000;-2.000000;4.036314;0.000000;0.000000;0.000000;0.000000;0.000000;4.036314
5689;284.000000;-50.000000;2.000000;5.963686;0.000000;0.000000;0.000000;0.000000;0.000000;5.963686
5690;284.000000;-50.000000;6.000000;7.891057;0.000000;0.000000;0.000000;0.000000;0.000000;7.891057
5691;284.000000;-50.000000;10.000000;9.818428;0.000000;0.000000;0.000000;0.000000;0.000000;9.818428
5692;284.000000;-50.000000;14.000000;11.745800;0.000000;0.000000;0.000000;0.000000;0.000000;11.745800
5693;284.000000;-50.000000;18.000000;13.673171;0.000000;0.000000;0.000000;0.000000;0.000000;13.673171
5694;284.000000;-50.000000;22.000000;15.600542;0.000000;0.000000;0.000000;0.000000;0.000000;15.600542
5695;284.000000;-50.000000;26.000000;17.527914;0.000000;0.000000;0.000000;0.000000;0.000000;17.527914
5696;284.000000;-50.000000;30.000000;19.455285;0.000000;0.000000;0.000000;0.000000;0.000000;19.455285
5697;284.000000;-46.000000;-30.000000;-9.455285;0.000000;0.000000;0.000000;0.000000;0.000000;9.455285
5698;284.000000;-46.000000;30.000000;19.455285;0.000000;0.000000;0.000000;0.000000;0.000000;19.455285
5699;284.000000;-42.000000;-30.000000;-9.455285;0.000000;0.000000;0.000000;0.000000;0.000000;9.455285
5700;284.000000;-42.000000;30.000000;19.455285;0.000000;0.000000;0.000000;0.000000;0.000000;19.455285
5701;284.000000;-38.000000;-30.000000;-9.455285;0.000000;0.000000;0.000000;0.000000;0.000000;9.455285
5702;284.000000;-38.000000;30.000000;19.455285;0.000000;0.000000;0.000000;0.000000;0.000000;19.455285
5703;284.000000;-34.000000;-30.000000;-9.455285;0.000000;0.000000;0.000000;0.000000;0.000000;9.455285
5704;284.000000;-34.000000;30.000000;19.455285;0.000000;0.000000;0.000000;0.000000;0.000000;19.455285
5705;284.000000;-30.000000;-30.000000;-9.455285;0.000000;0.000000;0.000000;0.000000;0.000000;9.455285
5706;284.000000;-30.000000;30.000000;19.455285;0.000000;0.000000;0.000000;0.000000;0.000000;19.455285
5707;284.000000;-26.000000;-30.000000;-9.455285;0.000000;0.000000;0.000000;0.000000;0.000000;9.455285
5708;284.000000;-26.000000;30.000000;19.455285;0.000000;0.000000;0.000000;0.000000;0.000000;19.455285
5709;284.000000;-22.000000;-30.000000;-9.455285;0.000000;0.000000;0.000000;0.000000;0.000000;9.455285
5710;284.000000;-22.000000;30.000000;19.455285;0.000000;0.000000;0.000000;0.000000;0.000000;19.455285
5711;284.000000;-18.000000;-30.000000;-9.455285;0.000000;0.000000;0.000000;0.000000;0.000000;9.455285
5712;284.000000;-18.000000;30.000000;19.455285;0.000000;0.000000;0.000000;0.000000;0.000000;19.455285
5713;284.000000;-14.000000;-30.000000;-9.455285;0.000000;0.000000;0.000000;0.000000;0.000000;9.455285
5714;284.000000;-14.000000;30.000000;19.455285;0.000000;0.000000;0.000000;0.000000;0.000000;19.455285
5715;284.000000;-10.000000;-30.000000;-9.455285;0.000000;0.000000;0.000000;0.000000;0.000000;9.455285
5716;284.000000;-10.000000;30.000000;19.455285;0.000000;0.000000;0.000000;0.000000;0.000000;19.455285
5717;284.000000;-6.000000;-30.000000;-9.455285;0.000000;0.000000;0.000000;0.000000;0.000000;9.455285
5718;284.000000;-6.000000;30.000000;19.455285;0.000000;0.000000;0.000000;0.000000;0.000000;19.455285
5719;284.000000;-2.000000;-30.000000;-9.455285;0.000000;0.000000;0.000000;0.000000;0.000000;9.455285
5720;284.000000;-2.000000;30.000000;19.455285;0.000000;0.000000;0.000000;0.000000;0.000000;19.455285
5721;284.000000;2.000000;-30.000000;-9.455285;0.000000;0.000000;0.000000;0.000000;0.000000;9.455285
5722;284.000000;2.000000;30.000000;19.455285;0.000000;0.000000;0.000000;0.000000;0.000000;19.455285
5723;284.000000;6.000000;-30.000000;-9.455285;0.000000;0.000000;0.000000;0.000000;0.000000;9.455285
5724;284.000000;6.000000;30.000000;19.455285;0.000000;0.000000;0.000000;0.000000;0.000000;19.455285
5725;284.000000;10.000000;-30.000000;-9.455285;0.000000;0.000000;0.000000;0.000000;0.000000;9.455285
5726;284.000000;10.000000;30.000000;19.455285;0.000000;0.000000;0.000000;0.000000;0.000000;19.455285
5727;284.000000;14.000000;-30.000000;-9.455285;0.000000;0.000000;0.000000;0.000000;0.000000;9.455285
5728;284.000000;14.000000;30.000000;19.455285;0.000000;0.000000;0.000000;0.000000;0.000000;19.455285
5729;284.000000;18.000000;-30.000000;-9.455285;0.000000;0.000000;0.000000;0.000000;0.000000;9.455285
5730;284.000000;18.000000;30.000000;19.455285;0.000000;0.000000;0.000000;0.000000;0.000000;19.455285
5731;284.000000;22.000000;-30.000000;-9.455285;0.000000;0.000000;0.000000;0.000000;0.000000;9.455285
5732;284.000000;22.000000;30.000000;19.455285;0.000000;0.000000;0.000000;0.000000;0.000000;19.455285
5733;284.000000;26.000000;-30.000000;-9.455285;0.000000;0.000000;0.000000;0.000000;0.000000;9.455285
5734;284.000000;26.000000;30.000000;19.455285;0.000000;0.000000;0.000000;0.000000;0.000000;19.455285
5735;284.000000;30.000000;-30.000000;-9.455285;0.000000;0.000000;0.000000;0.000000;0.000000;9.455285
5736;284.000000;30.000000;30.000000;19.455285;0.000000;0.000000;0.000000;0.000000;0.000000;19.455285
5737;284.000000;34.000000;-30.000000;-9.455285;0.000000;0.000000;0.000000;0.000000;0.000000;9.455285
5738;284.000000;34.000000;30.000000;19.455285;0.000000;0.000000;0.000000;0.000000;0.000000;19.455285
5739;284.000000;38.000000;-30.000000;-9.455285;0.000000;0.000000;0.000000;0.000000;0.000000;9.455285
5740;284.000000;38.000000;30.000000;19.455285;0.000000;0.000000;0.000000;0.000000;0.000000;19.455285
5741;284.000000;42.000000;-30.000000;-9.455285;0.000000;0.000000;0.000000;0.000000;0.000000;9.455285
5742;284.000000;42.000000;30.000000;19.455285;0.000000;0.000000;0.000000;0.000000;0.000000;19.455285
5743;284.000000;46.000000;-30.000000;-9.455285;0.000000;0.000000;0.000000;0.000000;0.000000;9.455285
5744;284.000000;46.000000;30.000000;19.455285;0.000000;0.000000;0.000000;0.000000;0.000000;19.455285
5745;284.000000;50.000000;-30.000000;-9.455285;0.000000;0.000000;0.000000;0.000000;0.000000;9.455285
5746;284.000000;50.000000;-26.000000;-7.527914;0.000000;0.000000;0.000000;0.000000;0.000000;7.527914
5747;284.000000;50.000000;-22.000000;-5.600542;0.000000;0.000000;0.000000;0.000000;0.000000;5.600542
5748;284.000000;50.000000;-18.000000;-3.673171;0.000000;0.000000;0.000000;0.000000;0.000000;3.673171
5749;284.000000;50.000000;-14.000000;-1.745800;0.000000;0.000000;0.000000;0.000000;0.000000;1.745800
5750;284.000000;50.000000;-10.000000;0.181572;0.000000;0.000000;0.000000;0.000000;0.000000;0.181572
5751;284.000000;50.000000;-6.000000;2.108943;0.000000;0.000000;0.000000;0.000000;0.000000;2.108943
5752;284.000000;50.000000;-2.000000;4.036314;0.000000;0.000000;0.000000;0.000000;0.000000;4.036314
5753;284.000000;50.000000;2.000000;5.963686;0.000000;0.000000;0.000000;0.000000;0.000000;5.963686
5754;284.000000;50.000000;6.000000;7.891057;0.000000;0.000000;0.000000;0.000000;0.000000;7.891057
5755;284.000000;50.000000;10.000000;9.818428;0.000000;0.000000;0.000000;0.000000;0.000000;9.818428
5756;284.000000;50.000000;14.000000;11.745800;0.000000;0.000000;0.000000;0.000000;0.000000;11.745800
5757;284.000000;50.000000;18.000000;13.673171;0.000000;0.000000;0.000000;0.000000;0.000000;13.673171
5758;284.000000;50.000000;22.000000;15.600542;0.000000;0.000000;0.000000;0.000000;0.000000;15.600542
5759;284.000000;50.000000;26.000000;17.527914;0.000000;0.000000;0.000000;0.000000;0.000000;17.527914
5760;284.000000;50.000000;30.000000;19.455285;0.000000;0.000000;0.000000;0.000000;0.000000;19.455285
5761;288.000000;-50.000000;-30.000000;-8.956827;0.000000;0.000000;0.000000;0.000000;0.000000;8.956827
5762;288.000000;-50.000000;-26.000000;-7.095917;0.000000;0.000000;0.000000;0.000000;0.000000;7.095917
5763;288.000000;-50.000000;-22.000000;-5.235006;0.000000;0.000000;0.000000;0.000000;0.000000;5.235006
5764;288.000000;-50.000000;-18.000000;-3.374096;0.000000;0.000000;0.000000;0.000000;0.000000;3.374096
5765;288.000000;-50.000000;-14.000000;-1.513186;0.000000;0.000000;0.000000;0.000000;0.000000;1.513186
5766;288.000000;-50.000000;-10.000000;0.347724;0.000000;0.000000;0.000000;0.000000;0.000000;0.347724
5767;288.000000;-50.000000;-6.000000;2.208635;0.000000;0.000000;0.000000;0.000000;0.000000;2.208635
5768;288.000000;-50.000000;-2.000000;4.069545;0.000000;0.000000;0.000000;0.000000;0.000000;4.069545
5769;288.000000;-50.000000;2.000000;5.930455;0.000000;0.000000;0.000000;0.000000;0.000000;5.930455
5770;288.000000;-50.000000;6.000000;7.791365;0.000000;0.000000;0.000000;0.000000;0.000000;7.791365
5771;288.000000;-50.000000;10.000000;9.652276;0.000000;0.000000;0.000000;0.000000;0.000000;9.652276
5772;288.000000;-50.000000;14.000000;11.513186;0.000000;0.000000;0.000000;0.000000;0.000000;11.513186
5773;288.000000;-50.000000;18.000000;13.374096;0.000000;0.000000;0.000000;0.000000;0.000000;13.374096
5774;288.000000;-50.000000;22.000000;15.235006;0.000000;0.000000;0.000000;0.000000;0.000000;15.235006
5775;288.000000;-50.000000;26.000000;17.095917;0.000000;0.000000;0.000000;0.000000;0.000000;17.095917
5776;288.000000;-50.000000;30.000000;18.956827;0.000000;0.000000;0.000000;0.000000;0.000000;18.956827
5777;288.000000;-46.000000;-30.000000;-8.956827;0.000000;0.000000;0.000000;0.000000;0.000000;8.956827
5778;288.000000;-46.000000;30.000000;18.956827;0.000000;0.000000;0.000000;0.000000;0.000000;18.956827
5779;288.000000;-42.000000;-30.000000;-8.956827;0.000000;0.000000;0.000000;0.000000;0.000000;8.956827
5780;288.000000;-42.000000;30.000000;18.956827;0.000000;0.000000;0.000000;0.000000;0.000000;18.956827
5781;288.000000;-38.000000;-30.000000;-8.956827;0.000000;0.000000;0.000000;0.000000;0.000000;8.956827
5782;288.000000;-38.000000;30.000000;18.956827;0.000000;0.000000;0.000000;0.000000;0.000000;18.956827
5783;288.000000;-34.000000;-30.000000;-8.956827;0.000000;0.000000;0.000000;0.000000;0.000000;8.956827
5784;288.000000;-34.000000;30.000000;18.956827;0.000000;0.000000;0.000000;0.000000;0.000000;18.956827
5785;288.000000;-30.000000;-30.000000;-8.956827;0.000000;0.000000;0.000000;0.000000;0.000000;8.956827
5786;288.000000;-30.000000;30.000000;18.956827;0.000000;0.000000;0.000000;0.000000;0.000000;18.956827
5787;288.000000;-26.000000;-30.000000;-8.956827;0.000000;0.000000;0.000000;0.000000;0.000000;8.956827
5788;288.000000;-26.000000;30.000000;18.956827;0.000000;0.000000;0.000000;0.000000;0.000000;18.956827
5789;288.000000;-22.000000;-30.000000;-8.956827;0.000000;0.000000;0.000000;0.000000;0.000000;8.956827
5790;288.000000;-22.000000;30.000000;18.956827;0.000000;0.000000;0.000000;0.000000;0.000000;18.956827
5791;288.000000;-18.000000;-30.000000;-8.956827;0.000000;0.000000;0.000000;0.000000;0.000000;8.956827
5792;288.000000;-18.000000;30.000000;18.956827;0.000000;0.000000;0.000000;0.000000;0.000000;18.956827
5793;288.000000;-14.000000;-30.000000;-8.956827;0.000000;0.000000;0.000000;0.000000;0.000000;8.956827
5794;288.000000;-14.000000;30.000000;18.956827;0.000000;0.000000;0.000000;0.000000;0.000000;18.956827
5795;288.000000;-10.000000;-30.000000;-8.956827;0.000000;0.000000;0.000000;0.000000;0.000000;8.956827
5796;288.000000;-10.000000;30.000000;18.956827;0.000000;0.000000;0.000000;0.000000;0.000000;18.956827
5797;288.000000;-6.000000;-30.000000;-8.956827;0.000000;0.000000;0.000000;0.000000;0.000000;8.956827
5798;288.000000;-6.000000;30.000000;18.956827;0.000000;0.000000;0.000000;0.000000;0.000000;18.956827
5799;288.000000;-2.000000;-30.000000;-8.956827;0.000000;0.000000;0.000000;0.000000;0.000000;8.956827
5800;288.000000;-2.000000;30.000000;18.956827;0.000000;0.000000;0.000000;0.000000;0.000000;18.956827
5801;288.000000;2.000000;-30.000000;-8.956827;0.000000;0.000000;0.000000;0.000000;0.000000;8.956827
5802;288.000000;2.000000;30.000000;18.956827;0.000000;0.000000;0.000000;0.000000;0.000000;18.956827
5803;288.000000;6.000000;-30.000000;-8.956827;0.000000;0.000000;0.000000;0.000000;0.000000;8.956827
5804;288.000000;6.000000;30.000000;18.956827;0.000000;0.000000;0.000000;0.000000;0.000000;18.956827
5805;288.000000;10.000000;-30.000000;-8.956827;0.000000;0.000000;0.000000;0.000000;0.000000;8.956827
5806;288.000000;10.000000;30.000000;18.956827;0.000000;0.000000;0.000000;0.000000;0.000000;18.956827
5807;288.000000;14.000000;-30.000000;-8.956827;0.000000;0.000000;0.000000;0.000000;0.000000;8.956827
5808;288.000000;14.000000;30.000000;18.956827;0.000000;0.000000;0.000000;0.000000;0.000000;18.956827
5809;288.000000;18.000000;-30.000000;-8.956827;0.000000;0.000000;0.000000;0.000000;0.000000;8.956827
5810;288.000000;18.000000;30.000000;18.956827;0.000000;0.000000;0.000000;0.000000;0.000000;18.956827
5811;288.000000;22.000000;-30.000000;-8.956827;0.000000;0.000000;0.000000;0.000000;0.000000;8.956827
5812;288.000000;22.000000;30.000000;18.956827;0.000000;0.000000;0.000000;0.000000;0.000000;18.956827
5813;288.000000;26.000000;-30.000000;-8.956827;0.000000;0.000000;0.000000;0.000000;0.000000;8.956827
5814;288.000000;26.000000;30.000000;18.956827;0.000000;0.000000;0.000000;0.000000;0.000000;18.956827
5815;288.000000;30.000000;-30.000000;-8.956827;0.000000;0.000000;0.000000;0.000000;0.000000;8.956827
5816;288.000000;30.000000;30.000000;18.956827;0.000000;0.000000;0.000000;0.000000;0.000000;18.956827
5817;288.000000;34.000000;-30.000000;-8.956827;0.000000;0.000000;0.000000;0.000000;0.000000;8.956827
5818;288.000000;34.000000;30.000000;18.956827;0.000000;0.000000;0.000000;0.000000;0.000000;18.956827
5819;288.000000;38.000000;-30.000000;-8.956827;0.000000;0.000000;0.000000;0.000000;0.000000;8.956827
5820;288.000000;38.000000;30.000000;18.956827;0.000000;0.000000;0.000000;0.000000;0.000000;18.956827
5821;288.000000;42.000000;-30.000000;-8.956827;0.000000;0.000000;0.000000;0.000000;0.000000;8.956827
5822;288.000000;42.000000;30.000000;18.956827;0.000000;0.000000;0.000000;0.000000;0.000000;18.956827
5823;288.000000;46.000000;-30.000000;-8.956827;0.000000;0.000000;0.000000;0.000000;0.000000;8.956827
5824;288.000000;46.000000;30.000000;18.956827;0.000000;0.000000;0.000000;0.000000;0.000000;18.956827
5825;288.000000;50.000000;-30.000000;-8.956827;0.000000;0.000000;0.000000;0.000000;0.000000;8.956827
5826;288.000000;50.000000;-26.000000;-7.095917;0.000000;0.000000;0.000000;0.000000;0.000000;7.095917
5827;288.000000;50.000000;-22.000000;-5.235006;0.000000;0.000000;0.000000;0.000000;0.000000;5.235006
5828;288.000000;50.000000;-18.000000;-3.374096;0.000000;0.000000;0.000000;0.000000;0.000000;3.374096
5829;288.000000;50.000000;-14.000000;-1.513186;0.000000;0.000000;0.000000;0.000000;0.000000;1.513186
5830;288.000000;50.000000;-10.000000;0.347724;0.000000;0.000000;0.000000;0.000000;0.000000;0.347724
5831;288.000000;50.000000;-6.000000;2.208635;0.000000;0.000000;0.000000;0.000000;0.000000;2.208635
5832;288.000000;50.000000;-2.000000;4.069545;0.000000;0.000000;0.000000;0.000000;0.000000;4.069545
5833;288.000000;50.000000;2.000000;5.930455;0.000000;0.000000;0.000000;0.000000;0.000000;5.930455
5834;288.000000;50.000000;6.000000;7.791365;0.000000;0.000000;0.000000;0.000000;0.000000;7.791365
5835;288.000000;50.000000;10.000000;9.652276;0.000000;0.000000;0.000000;0.000000;0.000000;9.652276
5836;288.000000;50.000000;14.000000;11.513186;0.000000;0.000000;0.000000;0.000000;0.000000;11.513186
5837;288.000000;50.000000;18.000000;13.374096;0.000000;0.000000;0.000000;0.000000;0.000000;13.374096
5838;288.000000;50.000000;22.000000;15.235006;0.000000;0.000000;0.000000;0.000000;0.000000;15.235006
5839;288.000000;50.000000;26.000000;17.095917;0.000000;0.000000;0.000000;0.000000;0.000000;17.095917
5840;288.000000;50.000000;30.000000;18.956827;0.000000;0.000000;0.000000;0.000000;0.000000;18.956827
5841;292.000000;-50.000000;-30.000000;-8.458369;0.000000;0.000000;0.000000;0.000000;0.000000;8.458369
5842;292.000000;-50.000000;-26.000000;-6.663920;0.000000;0.000000;0.000000;0.000000;0.000000;6.663920
5843;292.000000;-50.000000;-22.000000;-4.869470;0.000000;0.000000;0.000000;0.000000;0.000000;4.869470
5844;292.000000;-50.000000;-18.000000;-3.075021;0.000000;0.000000;0.000000;0.000000;0.000000;3.075021
5845;292.000000;-50.000000;-14.000000;-1.280572;0.000000;0.000000;0.000000;0.000000;0.000000;1.280572
5846;292.000000;-50.000000;-10.000000;0.513877;0.000000;0.000000;0.000000;0.000000;0.000000;0.513877
5847;292.000000;-50.000000;-6.000000;2.308326;0.000000;0.000000;0.000000;0.000000;0.000000;2.308326
5848;292.000000;-50.000000;-2.000000;4.102775;0.000000;0.000000;0.000000;0.000000;0.000000;4.102775
5849;292.000000;-50.000000;2.000000;5.897225;0.000000;0.000000;0.000000;0.000000;0.000000;5.897225
5850;292.000000;-50.000000;6.000000;7.691674;0.000000;0.000000;0.000000;0.000000;0.000000;7.691674
5851;292.000000;-50.000000;10.000000;9.486123;0.000000;0.000000;0.000000;0.000000;0.000000;9.486123
5852;292.000000;-50.000000;14.000000;11.280572;0.000000;0.000000;0.000000;0.000000;0.000000;11.280572
5853;292.000000;-50.000000;18.000000;13.075021;0.000000;0.000000;0.000000;0.000000;0.000000;13.075021
5854;292.000000;-50.000000;22.000000;14.869470;0.000000;0.000000;0.000000;0.000000;0.000000;14.869470
5855;292.000000;-50.000000;26.000000;16.663920;0.000000;0.000000;0.000000;0.000000;0.000000;16.663920
5856;292.000000;-50.000000;30.000000;18.458369;0.000000;0.000000;0.000000;0.000000;0.000000;18.458369
5857;292.000000;-46.000000;-30.000000;-8.458369;0.000000;0.000000;0.000000;0.000000;0.000000;8.458369
5858;292.000000;-46.000000;30.000000;18.458369;0.000000;0.000000;0.000000;0.000000;0.000000;18.458369
5859;292.000000;-42.000000;-30.000000;-8.458369;0.000000;0.000000;0.000000;0.000000;0.000000;8.458369
5860;292.000000;-42.000000;30.000000;18.458369;0.000000;0.000000;0.000000;0.000000;0.000000;18.458369
5861;292.000000;-38.000000;-30.000000;-8.458369;0.000000;0.000000;0.000000;0.000000;0.000000;8.458369
5862;292.000000;-38.000000;30.000000;18.458369;0.000000;0.000000;0.000000;0.000000;0.000000;18.458369
5863;292.000000;-34.000000;-30.000000;-8.458369;0.000000;0.000000;0.000000;0.000000;0.000000;8.458369
5864;292.000000;-34.000000;30.000000;18.458369;0.000000;0.000000;0.000000;0.000000;0.000000;18.458369
5865;292.000000;-30.000000;-30.000000;-8.458369;0.000000;0.000000;0.000000;0.000000;0.000000;8.458369
5866;292.000000;-30.000000;30.000000;18.458369;0.000000;0.000000;0.000000;0.000000;0.000000;18.458369
5867;292.000000;-26.000000;-30.000000;-8.458369;0.000000;0.000000;0.000000;0.000000;0.000000;8.458369
5868;292.000000;-26.000000;30.000000;18.458369;0.000000;0.000000;0.000000;0.000000;0.000000;18.458369
5869;292.000000;-22.000000;-30.000000;-8.458369;0.000000;0.000000;0.000000;0.000000;0.000000;8.458369
5870;292.000000;-22.000000;30.000000;18.458369;0.000000;0.000000;0.000000;0.000000;0.000000;18.458369
5871;292.000000;-18.000000;-30.000000;-8.458369;0.000000;0.000000;0.000000;0.000000;0.000000;8.458369
5872;292.000000;-18.000000;30.000000;18.458369;0.000000;0.000000;0.000000;0.000000;0.000000;18.458369
5873;292.000000;-14.000000;-30.000000;-8.458369;0.000000;0.000000;0.000000;0.000000;0.000000;8.458369
5874;292.000000;-14.000000;30.000000;18.458369;0.000000;0.000000;0.000000;0.000000;0.000000;18.458369
5875;292.000000;-10.000000;-30.000000;-8.458369;0.000000;0.000000;0.000000;0.000000;0.000000;8.458369
5876;292.000000;-10.000000;30.000000;18.458369;0.000000;0.000000;0.000000;0.000000;0.000000;18.458369
5877;292.000000;-6.000000;-30.000000;-8.458369;0.000000;0.000000;0.000000;0.000000;0.000000;8.458369
5878;292.000000;-6.000000;30.000000;18.458369;0.000000;0.000000;0.000000;0.000000;0.000000;18.458369
5879;292.000000;-2.000000;-30.000000;-8.458369;0.000000;0.000000;0.000000;0.000000;0.000000;8.458369
5880;292.000000;-2.000000;30.000000;18.458369;0.000000;0.000000;0.000000;0.000000;0.000000;18.458369
5881;292.000000;2.000000;-30.000000;-8.458369;0.000000;0.000000;0.000000;0.000000;0.000000;8.458369
5882;292.000000;2.000000;30.000000;18.458369;0.000000;0.000000;0.000000;0.000000;0.000000;18.458369
5883;292.000000;6.000000;-30.000000;-8.458369;0.000000;0.000000;0.000000;0.000000;0.000000;8.458369
5884;292.000000;6.000000;30.000000;18.458369;0.000000;0.000000;0.000000;0.000000;0.000000;18.458369
5885;292.000000;10.000000;-30.000000;-8.458369;0.000000;0.000000;0.000000;0.000000;0.000000;8.458369
5886;292.000000;10.000000;30.000000;18.458369;0.000000;0.000000;0.000000;0.000000;0.000000;18.458369
5887;292.000000;14.000000;-30.000000;-8.458369;0.000000;0.000000;0.000000;0.000000;0.000000;8.458369
5888;292.000000;14.000000;30.000000;18.458369;0.000000;0.000000;0.000000;0.000000;0.000000;18.458369
5889;292.000000;18.000000;-30.000000;-8.458369;0.000000;0.000000;0.000000;0.000000;0.000000;8.458369
5890;292.000000;18.000000;30.000000;18.458369;0.000000;0.000000;0.000000;0.000000;0.000000;18.458369
5891;292.000000;22.000000;-30.000000;-8.458369;0.000000;0.000000;0.000000;0.000000;0.000000;8.458369
5892;292.000000;22.000000;30.000000;18.458369;0.000000;0.000000;0.000000;0.000000;0.000000;18.458369
5893;292.000000;26.000000;-30.000000;-8.458369;0.000000;0.000000;0.000000;0.000000;0.000000;8.458369
5894;292.000000;26.000000;30.000000;18.458369;0.000000;0.000000;0.000000;0.000000;0.000000;18.458369
5895;292.000000;30.000000;-30.000000;-8.458369;0.000000;0.000000;0.000000;0.000000;0.000000;8.458369
5896;292.000000;30.000000;30.000000;18.458369;0.000000;0.000000;0.000000;0.000000;0.000000;18.458369
5897;292.000000;34.000000;-30.000000;-8.458369;0.000000;0.000000;0.000000;0.000000;0.000000;8.458369
5898;292.000000;34.000000;30.000000;18.458369;0.000000;0.000000;0.000000;0.000000;0.000000;18.458369
5899;292.000000;38.000000;-30.000000;-8.458369;0.000000;0.000000;0.000000;0.000000;0.000000;8.458369
5900;292.000000;38.000000;30.000000;18.458369;0.000000;0.000000;0.000000;0.000000;0.000000;18.458369
5901;292.000000;42.000000;-30.000000;-8.458369;0.000000;0.000000;0.000000;0.000000;0.000000;8.458369
5902;292.000000;42.000000;30.000000;18.458369;0.000000;0.000000;0.000000;0.000000;0.000000;18.458369
5903;292.000000;46.000000;-30.000000;-8.458369;0.000000;0.000000;0.000000;0.000000;0.000000;8.458369
5904;292.000000;46.000000;30.000000;18.458369;0.000000;0.000000;0.000000;0.000000;0.000000;18.458369
5905;292.000000;50.000000;-30.000000;-8.458369;0.000000;0.000000;0.000000;0.000000;0.000000;8.458369
5906;292.000000;50.000000;-26.000000;-6.663920;0.000000;0.000000;0.000000;0.000000;0.000000;6.663920
5907;292.000000;50.000000;-22.000000;-4.869470;0.000000;0.000000;0.000000;0.000000;0.000000;4.869470
5908;292.000000;50.000000;-18.000000;-3.075021;0.000000;0.000000;0.000000;0.000000;0.000000;3.075021
5909;292.000000;50.000000;-14.000000;-1.280572;0.000000;0.000000;0.000000;0.000000;0.000000;1.280572
5910;292.000000;50.000000;-10.000000;0.513877;0.000000;0.000000;0.000000;0.000000;0.000000;0.513877
5911;292.000000;50.000000;-6.000000;2.308326;0.000000;0.000000;0.000000;0.000000;0.000000;2.308326
5912;292.000000;50.000000;-2.000000;4.102775;0.000000;0.000000;0.000000;0.000000;0.000000;4.102775
5913;292.000000;50.000000;2.000000;5.897225;0.000000;0.000000;0.000000;0.000000;0.000000;5.897225
5914;292.000000;50.000000;6.000000;7.691674;0.000000;0.000000;0.000000;0.000000;0.000000;7.691674
5915;292.000000;50.000000;10.000000;9.486123;0.000000;0.000000;0.000000;0.000000;0.000000;9.486123
5916;292.000000;50.000000;14.000000;11.280572;0.000000;0.000000;0.000000;0.000000;0.000000;11.280572
5917;292.000000;50.000000;18.000000;13.075021;0.000000;0.000000;0.000000;0.000000;0.000000;13.075021
5918;292.000000;50.000000;22.000000;14.869470;0.000000;0.000000;0.000000;0.000000;0.000000;14.869470
5919;292.000000;50.000000;26.000000;16.663920;0.000000;0.000000;0.000000;0.000000;0.000000;16.663920
5920;292.000000;50.000000;30.000000;18.458369;0.000000;0.000000;0.000000;0.000000;0.000000;18.458369
5921;296.000000;-50.000000;-30.000000;-7.959911;0.000000;0.000000;0.000000;0.000000;0.000000;7.959911
5922;296.000000;-50.000000;-26.000000;-6.231923;0.000000;0.000000;0.000000;0.000000;0.000000;6.231923
5923;296.000000;-50.000000;-22.000000;-4.503934;0.000000;0.000000;0.000000;0.000000;0.000000;4.503934
5924;296.000000;-50.000000;-18.000000;-2.775946;0.000000;0.000000;0.000000;0.000000;0.000000;2.775946
5925;296.000000;-50.000000;-14.000000;-1.047958;0.000000;0.000000;0.000000;0.000000;0.000000;1.047958
5926;296.000000;-50.000000;-10.000000;0.680030;0.000000;0.000000;0.000000;0.000000;0.000000;0.680030
5927;296.000000;-50.000000;-6.000000;2.408018;0.000000;0.000000;0.000000;0.000000;0.000000;2.408018
5928;296.000000;-50.000000;-2.000000;4.136006;0.000000;0.000000;0.000000;0.000000;0.000000;4.136006
5929;296.000000;-50.000000;2.000000;5.863994;0.000000;0.000000;0.000000;0.000000;0.000000;5.863994
5930;296.000000;-50.000000;6.000000;7.591982;0.000000;0.000000;0.000000;0.000000;0.000000;7.591982
5931;296.000000;-50.000000;10.000000;9.319970;0.000000;0.000000;0.000000;0.000000;0.000000;9.319970
5932;296.000000;-50.000000;14.000000;11.047958;0.000000;0.000000;0.000000;0.000000;0.000000;11.047958
5933;296.000000;-50.000000;18.000000;12.775946;0.000000;0.000000;0.000000;0.000000;0.000000;12.775946
5934;296.000000;-50.000000;22.000000;14.503934;0.000000;0.000000;0.000000;0.000000;0.000000;14.503934
5935;296.000000;-50.000000;26.000000;16.231923;0.000000;0.000000;0.000000;0.000000;0.000000;16.231923
5936;296.000000;-50.000000;30.000000;17.959911;0.000000;0.000000;0.000000;0.000000;0.000000;17.959911
5937;296.000000;-46.000000;-30.000000;-7.959911;0.000000;0.000000;0.000000;0.000000;0.000000;7.959911
5938;296.000000;-46.000000;30.000000;17.959911;0.000000;0.000000;0.000000;0.000000;0.000000;17.959911
5939;296.000000;-42.000000;-30.000000;-7.959911;0.000000;0.000000;0.000000;0.000000;0.000000;7.959911
5940;296.000000;-42.000000;30.000000;17.959911;0.000000;0.000000;0.000000;0.000000;0.000000;17.959911
5941;296.000000;-38.000000;-30.000000;-7.959911;0.000000;0.000000;0.000000;0.000000;0.000000;7.959911
5942;296.000000;-38.000000;30.000000;17.959911;0.000000;0.000000;0.000000;0.000000;0.000000;17.959911
5943;296.000000;-34.000000;-30.000000;-7.959911;0.000000;0.000000;0.000000;0.000000;0.000000;7.959911
5944;296.000000;-34.000000;30.000000;17.959911;0.000000;0.000000;0.000000;0.000000;0.000000;17.959911
5945;296.000000;-30.000000;-30.000000;-7.959911;0.000000;0.000000;0.000000;0.000000;0.000000;7.959911
5946;296.000000;-30.000000;30.000000;17.959911;0.000000;0.000000;0.000000;0.000000;0.000000;17.959911
5947;296.000000;-26.000000;-30.000000;-7.959911;0.000000;0.000000;0.000000;0.000000;0.000000;7.959911
5948;296.000000;-26.000000;30.000000;17.959911;0.000000;0.000000;0.000000;0.000000;0.000000;17.959911
5949;296.000000;-22.000000;-30.000000;-7.959911;0.000000;0.000000;0.000000;0.000000;0.000000;7.959911
5950;296.000000;-22.000000;30.000000;17.959911;0.000000;0.000000;0.000000;0.000000;0.000000;17.959911
5951;296.000000;-18.000000;-30.000000;-7.959911;0.000000;0.000000;0.000000;0.000000;0.000000;7.959911
5952;296.000000;-18.000000;30.000000;17.959911;0.000000;0.000000;0.000000;0.000000;0.000000;17.959911
5953;296.000000;-14.000000;-30.000000;-7.959911;0.000000;0.000000;0.000000;0.000000;0.000000;7.959911
5954;296.000000;-14.000000;30.000000;17.959911;0.000000;0.000000;0.000000;0.000000;0.000000;17.959911
5955;296.000000;-10.000000;-30.000000;-7.959911;0.000000;0.000000;0.000000;0.000000;0.000000;7.959911
5956;296.000000;-10.000000;30.000000;17.959911;0.000000;0.000000;0.000000;0.000000;0.000000;17.959911
5957;296.000000;-6.000000;-30.000000;-7.959911;0.000000;0.000000;0.000000;0.000000;0.000000;7.959911
5958;296.000000;-6.000000;30.000000;17.959911;0.000000;0.000000;0.000000;0.000000;0.000000;17.959911
5959;296.000000;-2.000000;-30.000000;-7.959911;0.000000;0.000000;0.000000;0.000000;0.000000;7.959911
5960;296.000000;-2.000000;30.000000;17.959911;0.000000;0.000000;0.000000;0.000000;0.000000;17.959911
5961;296.000000;2.000000;-30.000000;-7.959911;0.000000;0.000000;0.000000;0.000000;0.000000;7.959911
5962;296.000000;2.000000;30.000000;17.959911;0.000000;0.000000;0.000000;0.000000;0.000000;17.959911
5963;296.000000;6.000000;-30.000000;-7.959911;0.000000;0.000000;0.000000;0.000000;0.000000;7.959911
5964;296.000000;6.000000;30.000000;17.959911;0.000000;0.000000;0.000000;0.000000;0.000000;17.959911
5965;296.000000;10.000000;-30.000000;-7.959911;0.000000;0.000000;0.000000;0.000000;0.000000;7.959911
5966;296.000000;10.000000;30.000000;17.959911;0.000000;0.000000;0.000000;0.000000;0.000000;17.959911
5967;296.000000;14.000000;-30.000000;-7.959911;0.000000;0.000000;0.000000;0.000000;0.000000;7.959911
5968;296.000000;14.000000;30.000000;17.959911;0.000000;0.000000;0.000000;0.000000;0.000000;17.959911
5969;296.000000;18.000000;-30.000000;-7.959911;0.000000;0.000000;0.000000;0.000000;0.000000;7.959911
5970;296.000000;18.000000;30.000000;17.959911;0.000000;0.000000;0.000000;0.000000;0.000000;17.959911
5971;296.000000;22.000000;-30.000000;-7.959911;0.000000;0.000000;0.000000;0.000000;0.000000;7.959911
5972;296.000000;22.000000;30.000000;17.959911;0.000000;0.000000;0.000000;0.000000;0.000000;17.959911
5973;296.000000;26.000000;-30.000000;-7.959911;0.000000;0.000000;0.000000;0.000000;0.000000;7.959911
5974;296.000000;26.000000;30.000000;17.959911;0.000000;0.000000;0.000000;0.000000;0.000000;17.959911
5975;296.000000;30.000000;-30.000000;-7.959911;0.000000;0.000000;0.000000;0.000000;0.000000;7.959911
5976;296.000000;30.000000;30.000000;17.959911;0.000000;0.000000;0.000000;0.000000;0.000000;17.959911
5977;296.000000;34.000000;-30.000000;-7.959911;0.000000;0.000000;0.000000;0.000000;0.000000;7.959911
5978;296.000000;34.000000;30.000000;17.959911;0.000000;0.000000;0.000000;0.000000;0.000000;17.959911
5979;296.000000;38.000000;-30.000000;-7.959911;0.000000;0.000000;0.000000;0.000000;0.000000;7.959911
5980;296.000000;38.000000;30.000000;17.959911;0.000000;0.000000;0.000000;0.000000;0.000000;17.959911
5981;296.000000;42.000000;-30.000000;-7.959911;0.000000;0.000000;0.000000;0.000000;0.000000;7.959911
5982;296.000000;42.000000;30.000000;17.959911;0.000000;0.000000;0.000000;0.000000;0.000000;17.959911
5983;296.000000;46.000000;-30.000000;-7.959911;0.000000;0.000000;0.000000;0.000000;0.000000;7.959911
5984;296.000000;46.000000;30.000000;17.959911;0.000000;0.000000;0.000000;0.000000;0.000000;17.959911
5985;296.000000;50.000000;-30.000000;-7.959911;0.000000;0.000000;0.000000;0.000000;0.000000;7.959911
5986;296.000000;50.000000;-26.000000;-6.231923;0.000000;0.000000;0.000000;0.000000;0.000000;6.231923
5987;296.000000;50.000000;-22.000000;-4.503934;0.000000;0.000000;0.000000;0.000000;0.000000;4.503934
5988;296.000000;50.000000;-18.000000;-2.775946;0.000000;0.000000;0.000000;0.000000;0.000000;2.775946
5989;296.000000;50.000000;-14.000000;-1.047958;0.000000;0.000000;0.000000;0.000000;0.000000;1.047958
5990;296.000000;50.000000;-10.000000;0.680030;0.000000;0.000000;0.000000;0.000000;0.000000;0.680030
5991;296.000000;50.000000;-6.000000;2.408018;0.000000;0.000000;0.000000;0.000000;0.000000;2.408018
5992;296.000000;50.000000;-2.000000;4.136006;0.000000;0.000000;0.000000;0.000000;0.000000;4.136006
5993;296.000000;50.000000;2.000000;5.863994;0.000000;0.000000;0.000000;0.000000;0.000000;5.863994
5994;296.000000;50.000000;6.000000;7.591982;0.000000;0.000000;0.000000;0.000000;0.000000;7.591982
5995;296.000000;50.000000;10.000000;9.319970;0.000000;0.000000;0.000000;0.000000;0.000000;9.319970
5996;296.000000;50.000000;14.000000;11.047958;0.000000;0.000000;0.000000;0.000000;0.000000;11.047958
5997;296.000000;50.000000;18.000000;12.775946;0.000000;0.000000;0.000000;0.000000;0.000000;12.775946
5998;296.000000;50.000000;22.000000;14.503934;0.000000;0.000000;0.000000;0.000000;0.000000;14.503934
5999;296.000000;50.000000;26.000000;16.231923;0.000000;0.000000;0.000000;0.000000;0.000000;16.231923
6000;296.000000;50.000000;30.000000;17.959911;0.000000;0.000000;0.000000;0.000000;0.000000;17.959911
6001;300.000000;-50.000000;-30.000000;-7.461453;0.000000;0.000000;0.000000;0.000000;0.000000;7.461453
6002;300.000000;-50.000000;-26.000000;-5.799926;0.000000;0.000000;0.000000;0.000000;0.000000;5.799926
6003;300.000000;-50.000000;-22.000000;-4.138399;0.000000;0.000000;0.000000;0.000000;0.000000;4.138399
6004;300.000000;-50.000000;-18.000000;-2.476872;0.000000;0.000000;0.000000;0.000000;0.000000;2.476872
6005;300.000000;-50.000000;-14.000000;-0.815345;0.000000;0.000000;0.000000;0.000000;0.000000;0.815345
6006;300.000000;-50.000000;-10.000000;0.846182;0.000000;0.000000;0.000000;0.000000;0.000000;0.846182
6007;300.000000;-50.000000;-6.000000;2.507709;0.000000;0.000000;0.000000;0.000000;0.000000;2.507709
6008;300.000000;-50.000000;-2.000000;4.169236;0.000000;0.000000;0.000000;0.000000;0.000000;4.169236
6009;300.000000;-50.000000;2.000000;5.830764;0.000000;0.000000;0.000000;0.000000;0.000000;5.830764
6010;300.000000;-50.000000;6.000000;7.492291;0.000000;0.000000;0.000000;0.000000;0.000000;7.492291
6011;300.000000;-50.000000;10.000000;9.153818;0.000000;0.000000;0.000000;0.000000;0.000000;9.153818
6012;300.000000;-50.000000;14.000000;10.815345;0.000000;0.000000;0.000000;0.000000;0.000000;10.815345
6013;300.000000;-50.000000;18.000000;12.476872;0.000000;0.000000;0.000000;0.000000;0.000000;12.476872
6014;300.000000;-50.000000;22.000000;14.138399;0.000000;0.000000;0.000000;0.000000;0.000000;14.138399
6015;300.000000;-50.000000;26.000000;15.799926;0.000000;0.000000;0.000000;0.000000;0.000000;15.799926
6016;300.000000;-50.000000;30.000000;17.461453;0.000000;0.000000;0.000000;0.000000;0.000000;17.461453
6017;300.000000;-46.000000;-30.000000;-7.461453;0.000000;0.000000;0.000000;0.000000;0.000000;7.461453
6018;300.000000;-46.000000;30.000000;17.461453;0.000000;0.000000;0.000000;0.000000;0.000000;17.461453
6019;300.000000;-42.000000;-30.000000;-7.461453;0.000000;0.000000;0.000000;0.000000;0.000000;7.461453
6020;300.000000;-42.000000;30.000000;17.461453;0.000000;0.000000;0.000000;0.000000;0.000000;17.461453
6021;300.000000;-38.000000;-30.000000;-7.461453;0.000000;0.000000;0.000000;0.000000;0.000000;7.461453
6022;300.000000;-38.000000;30.000000;17.461453;0.000000;0.000000;0.000000;0.000000;0.000000;17.461453
6023;300.000000;-34.000000;-30.000000;-7.461453;0.000000;0.000000;0.000000;0.000000;0.000000;7.461453
6024;300.000000;-34.000000;30.000000;17.461453;0.000000;0.000000;0.000000;0.000000;0.000000;17.461453
6025;300.000000;-30.000000;-30.000000;-7.461453;0.000000;0.000000;0.000000;0.000000;0.000000;7.461453
6026;300.000000;-30.000000;30.000000;17.461453;0.000000;0.000000;0.000000;0.000000;0.000000;17.461453
6027;300.000000;-26.000000;-30.000000;-7.461453;0.000000;0.000000;0.000000;0.000000;0.000000;7.461453
6028;300.000000;-26.000000;30.000000;17.461453;0.000000;0.000000;0.000000;0.000000;0.000000;17.461453
6029;300.000000;-22.000000;-30.000000;-7.461453;0.000000;0.000000;0.000000;0.000000;0.000000;7.461453
6030;300.000000;-22.000000;30.000000;17.461453;0.000000;0.000000;0.000000;0.000000;0.000000;17.461453
6031;300.000000;-18.000000;-30.000000;-7.461453;0.000000;0.000000;0.000000;0.000000;0.000000;7.461453
6032;300.000000;-18.000000;30.000000;17.461453;0.000000;0.000000;0.000000;0.000000;0.000000;17.461453
6033;300.000000;-14.000000;-30.000000;-7.461453;0.000000;0.000000;0.000000;0.000000;0.000000;7.461453
6034;300.000000;-14.000000;30.000000;17.461453;0.000000;0.000000;0.000000;0.000000;0.000000;17.461453
6035;300.000000;-10.000000;-30.000000;-7.461453;0.000000;0.000000;0.000000;0.000000;0.000000;7.461453
6036;300.000000;-10.000000;30.000000;17.461453;0.000000;0.000000;0.000000;0.000000;0.000000;17.461453
6037;300.000000;-6.000000;-30.000000;-7.461453;0.000000;0.000000;0.000000;0.000000;0.000000;7.461453
6038;300.000000;-6.000000;30.000000;17.461453;0.000000;0.000000;0.000000;0.000000;0.000000;17.461453
6039;300.000000;-2.000000;-30.000000;-7.461453;0.000000;0.000000;0.000000;0.000000;0.000000;7.461453
6040;300.000000;-2.000000;30.000000;17.461453;0.000000;0.000000;0.000000;0.000000;0.000000;17.461453
6041;300.000000;2.000000;-30.000000;-7.461453;0.000000;0.000000;0.000000;0.000000;0.000000;7.461453
6042;300.000000;2.000000;30.000000;17.461453;0.000000;0.000000;0.000000;0.000000;0.000000;17.461453
6043;300.000000;6.000000;-30.000000;-7.461453;0.000000;0.000000;0.000000;0.000000;0.000000;7.461453
6044;300.000000;6.000000;30.000000;17.461453;0.000000;0.000000;0.000000;0.000000;0.000000;17.461453
6045;300.000000;10.000000;-30.000000;-7.461453;0.000000;0.000000;0.000000;0.000000;0.000000;7.461453
6046;300.000000;10.000000;30.000000;17.461453;0.000000;0.000000;0.000000;0.000000;0.000000;17.461453
6047;300.000000;14.000000;-30.000000;-7.461453;0.000000;0.000000;0.000000;0.000000;0.000000;7.461453
6048;300.000000;14.000000;30.000000;17.461453;0.000000;0.000000;0.000000;0.000000;0.000000;17.461453
6049;300.000000;18.000000;-30.000000;-7.461453;0.000000;0.000000;0.000000;0.000000;0.000000;7.461453
6050;300.000000;18.000000;30.000000;17.461453;0.000000;0.000000;0.000000;0.000000;0.000000;17.461453
6051;300.000000;22.000000;-30.000000;-7.461453;0.000000;0.000000;0.000000;0.000000;0.000000;7.461453
6052;300.000000;22.000000;30.000000;17.461453;0.000000;0.000000;0.000000;0.000000;0.000000;17.461453
6053;300.000000;26.000000;-30.000000;-7.461453;0.000000;0.000000;0.000000;0.000000;0.000000;7.461453
6054;300.000000;26.000000;30.000000;17.461453;0.000000;0.000000;0.000000;0.000000;0.000000;17.461453
6055;300.000000;30.000000;-30.000000;-7.461453;0.000000;0.000000;0.000000;0.000000;0.000000;7.461453
6056;300.000000;30.000000;30.000000;17.461453;0.000000;0.000000;0.000000;0.000000;0.000000;17.461453
6057;300.000000;34.000000;-30.000000;-7.461453;0.000000;0.000000;0.000000;0.000000;0.000000;7.461453
6058;300.000000;34.000000;30.000000;17.461453;0.000000;0.000000;0.000000;0.000000;0.000000;17.461453
6059;300.000000;38.000000;-30.000000;-7.461453;0.000000;0.000000;0.000000;0.000000;0.000000;7.461453
6060;300.000000;38.000000;30.000000;17.461453;0.000000;0.000000;0.000000;0.000000;0.000000;17.461453
6061;300.000000;42.000000;-30.000000;-7.461453;0.000000;0.000000;0.000000;0.000000;0.000000;7.461453
6062;300.000000;42.000000;30.000000;17.461453;0.000000;0.000000;0.000000;0.000000;0.000000;17.461453
6063;300.000000;46.000000;-30.000000;-7.461453;0.000000;0.000000;0.000000;0.000000;0.000000;7.461453
6064;300.000000;46.000000;30.000000;17.461453;0.000000;0.000000;0.000000;0.000000;0.000000;17.461453
6065;300.000000;50.000000;-30.000000;-7.461453;0.000000;0.000000;0.000000;0.000000;0.000000;7.461453
6066;300.000000;50.000000;-26.000000;-5.799926;0.000000;0.000000;0.000000;0.000000;0.000000;5.799926
6067;300.000000;50.000000;-22.000000;-4.138399;0.000000;0.000000;0.000000;0.000000;0.000000;4.138399
6068;300.000000;50.000000;-18.000000;-2.476872;0.000000;0.000000;0.000000;0.000000;0.000000;2.476872
6069;300.000000;50.000000;-14.000000;-0.815345;0.000000;0.000000;0.000000;0.000000;0.000000;0.815345
6070;300.000000;50.000000;-10.000000;0.846182;0.000000;0.000000;0.000000;0.000000;0.000000;0.846182
6071;300.000000;50.000000;-6.000000;2.507709;0.000000;0.000000;0.000000;0.000000;0.000000;2.507709
6072;300.000000;50.000000;-2.000000;4.169236;0.000000;0.000000;0.000000;0.000000;0.000000;4.169236
6073;300.000000;50.000000;2.000000;5.830764;0.000000;0.000000;0.000000;0.000000;0.000000;5.830764
6074;300.000000;50.000000;6.000000;7.492291;0.000000;0.000000;0.000000;0.000000;0.000000;7.492291
6075;300.000000;50.000000;10.000000;9.153818;0.000000;0.000000;0.000000;0.000000;0.000000;9.153818
6076;300.000000;50.000000;14.000000;10.815345;0.000000;0.000000;0.000000;0.000000;0.000000;10.815345
6077;300.000000;50.000000;18.000000;12.476872;0.000000;0.000000;0.000000;0.000000;0.000000;12.476872
6078;300.000000;50.000000;22.000000;14.138399;0.000000;0.000000;0.000000;0.000000;0.000000;14.138399
6079;300.000000;50.000000;26.000000;15.799926;0.000000;0.000000;0.000000;0.000000;0.000000;15.799926
6080;300.000000;50.000000;30.000000;17.461453;0.000000;0.000000;0.000000;0.000000;0.000000;17.461453
6081;304.000000;-50.000000;-30.000000;-6.962994;0.000000;0.000000;0.000000;0.000000;0.000000;6.962994
6082;304.000000;-50.000000;-26.000000;-5.367929;0.000000;0.000000;0.000000;0.000000;0.000000;5.367929
6083;304.000000;-50.000000;-22.000000;-3.772863;0.000000;0.000000;0.000000;0.000000;0.000000;3.772863
6084;304.000000;-50.000000;-18.000000;-2.177797;0.000000;0.000000;0.000000;0.000000;0.000000;2.177797
6085;304.000000;-50.000000;-14.000000;-0.582731;0.000000;0.000000;0.000000;0.000000;0.000000;0.582731
6086;304.000000;-50.000000;-10.000000;1.012335;0.000000;0.000000;0.000000;0.000000;0.000000;1.012335
6087;304.000000;-50.000000;-6.000000;2.607401;0.000000;0.000000;0.000000;0.000000;0.000000;2.607401
6088;304.000000;-50.000000;-2.000000;4.202467;0.000000;0.000000;0.000000;0.000000;0.000000;4.202467
6089;304.000000;-50.000000;2.000000;5.797533;0.000000;0.000000;0.000000;0.000000;0.000000;5.797533
6090;304.000000;-50.000000;6.000000;7.392599;0.000000;0.000000;0.000000;0.000000;0.000000;7.392599
6091;304.000000;-50.000000;10.000000;8.987665;0.000000;0.000000;0.000000;0.000000;0.000000;8.987665
6092;304.000000;-50.000000;14.000000;10.582731;0.000000;0.000000;0.000000;0.000000;0.000000;10.582731
6093;304.000000;-50.000000;18.000000;12.177797;0.000000;0.000000;0.000000;0.000000;0.000000;12.177797
6094;304.000000;-50.000000;22.000000;13.772863;0.000000;0.000000;0.000000;0.000000;0.000000;13.772863
6095;304.000000;-50.000000;26.000000;15.367929;0.000000;0.000000;0.000000;0.000000;0.000000;15.367929
6096;304.000000;-50.000000;30.000000;16.962994;0.000000;0.000000;0.000000;0.000000;0.000000;16.962994
6097;304.000000;-46.000000;-30.000000;-6.962994;0.000000;0.000000;0.000000;0.000000;0.000000;6.962994
6098;304.000000;-46.000000;30.000000;16.962994;0.000000;0.000000;0.000000;0.000000;0.000000;16.962994
6099;304.000000;-42.000000;-30.000000;-6.962994;0.000000;0.000000;0.000000;0.000000;0.000000;6.962994
6100;304.000000;-42.000000;30.000000;16.962994;0.000000;0.000000;0.000000;0.000000;0.000000;16.962994
6101;304.000000;-38.000000;-30.000000;-6.962994;0.000000;0.000000;0.000000;0.000000;0.000000;6.962994
6102;304.000000;-38.000000;30.000000;16.962994;0.000000;0.000000;0.000000;0.000000;0.000000;16.962994
6103;304.000000;-34.000000;-30.000000;-6.962994;0.000000;0.000000;0.000000;0.000000;0.000000;6.962994
6104;304.000000;-34.000000;30.000000;16.962994;0.000000;0.000000;0.000000;0.000000;0.000000;16.962994
6105;304.000000;-30.000000;-30.000000;-6.962994;0.000000;0.000000;0.000000;0.000000;0.000000;6.962994
6106;304.000000;-30.000000;30.000000;16.962994;0.000000;0.000000;0.000000;0.000000;0.000000;16.962994
6107;304.000000;-26.000000;-30.000000;-6.962994;0.000000;0.000000;0.000000;0.000000;0.000000;6.962994
6108;304.000000;-26.000000;30.000000;16.962994;0.000000;0.000000;0.000000;0.000000;0.000000;16.962994
6109;304.000000;-22.000000;-30.000000;-6.962994;0.000000;0.000000;0.000000;0.000000;0.000000;6.962994
6110;304.000000;-22.000000;30.000000;16.962994;0.000000;0.000000;0.000000;0.000000;0.000000;16.962994
6111;304.000000;-18.000000;-30.000000;-6.962994;0.000000;0.000000;0.000000;0.000000;0.000000;6.962994
6112;304.000000;-18.000000;30.000000;16.962994;0.000000;0.000000;0.000000;0.000000;0.000000;16.962994
6113;304.000000;-14.000000;-30.000000;-6.962994;0.000000;0.000000;0.000000;0.000000;0.000000;6.962994
6114;304.000000;-14.000000;30.000000;16.962994;0.000000;0.000000;0.000000;0.000000;0.000000;16.962994
6115;304.000000;-10.000000;-30.000000;-6.962994;0.000000;0.000000;0.000000;0.000000;0.000000;6.962994
6116;304.000000;-10.000000;30.000000;16.962994;0.000000;0.000000;0.000000;0.000000;0.000000;16.962994
6117;304.000000;-6.000000;-30.000000;-6.962994;0.000000;0.000000;0.000000;0.000000;0.000000;6.962994
6118;304.000000;-6.000000;30.000000;16.962994;0.000000;0.000000;0.000000;0.000000;0.000000;16.962994
6119;304.000000;-2.000000;-30.000000;-6.962994;0.000000;0.000000;0.000000;0.000000;0.000000;6.962994
6120;304.000000;-2.000000;30.000000;16.962994;0.000000;0.000000;0.000000;0.000000;0.000000;16.962994
6121;304.000000;2.000000;-30.000000;-6.962994;0.000000;0.000000;0.000000;0.000000;0.000000;6.962994
6122;304.000000;2.000000;30.000000;16.962994;0.000000;0.000000;0.000000;0.000000;0.000000;16.962994
6123;304.000000;6.000000;-30.000000;-6.962994;0.000000;0.000000;0.000000;0.000000;0.000000;6.962994
6124;304.000000;6.000000;30.000000;16.962994;0.000000;0.000000;0.000000;0.000000;0.000000;16.962994
6125;304.000000;10.000000;-30.000000;-6.962994;0.000000;0.000000;0.000000;0.000000;0.000000;6.962994
6126;304.000000;10.000000;30.000000;16.962994;0.000000;0.000000;0.000000;0.000000;0.000000;16.962994
6127;304.000000;14.000000;-30.000000;-6.962994;0.000000;0.000000;0.000000;0.000000;0.000000;6.962994
6128;304.000000;14.000000;30.000000;16.962994;0.000000;0.000000;0.000000;0.000000;0.000000;16.962994
6129;304.000000;18.000000;-30.000000;-6.962994;0.000000;0.000000;0.000000;0.000000;0.000000;6.962994
6130;304.000000;18.000000;30.000000;16.962994;0.000000;0.000000;0.000000;0.000000;0.000000;16.962994
6131;304.000000;22.000000;-30.000000;-6.962994;0.000000;0.000000;0.000000;0.000000;0.000000;6.962994
6132;304.000000;22.000000;30.000000;16.962994;0.000000;0.000000;0.000000;0.000000;0.000000;16.962994
6133;304.000000;26.000000;-30.000000;-6.962994;0.000000;0.000000;0.000000;0.000000;0.000000;6.962994
6134;304.000000;26.000000;30.000000;16.962994;0.000000;0.000000;0.000000;0.000000;0.000000;16.962994
6135;304.000000;30.000000;-30.000000;-6.962994;0.000000;0.000000;0.000000;0.000000;0.000000;6.962994
6136;304.000000;30.000000;30.000000;16.962994;0.000000;0.000000;0.000000;0.000000;0.000000;16.962994
6137;304.000000;34.000000;-30.000000;-6.962994;0.000000;0.000000;0.000000;0.000000;0.000000;6.962994
6138;304.000000;34.000000;30.000000;16.962994;0.000000;0.000000;0.000000;0.000000;0.000000;16.962994
6139;304.000000;38.000000;-30.000000;-6.962994;0.000000;0.000000;0.000000;0.000000;0.000000;6.962994
6140;304.000000;38.000000;30.000000;16.962994;0.000000;0.000000;0.000000;0.000000;0.000000;16.962994
6141;304.000000;42.000000;-30.000000;-6.962994;0.000000;0.000000;0.000000;0.000000;0.000000;6.962994
6142;304.000000;42.000000;30.000000;16.962994;0.000000;0.000000;0.000000;0.000000;0.000000;16.962994
6143;304.000000;46.000000;-30.000000;-6.962994;0.000000;0.000000;0.000000;0.000000;0.000000;6.962994
6144;304.000000;46.000000;30.000000;16.962994;0.000000;0.000000;0.000000;0.000000;0.000000;16.962994
6145;304.000000;50.000000;-30.000000;-6.962994;0.000000;0.000000;0.000000;0.000000;0.000000;6.962994
6146;304.000000;50.000000;-26.000000;-5.367929;0.000000;0.000000;0.000000;0.000000;0.000000;5.367929
6147;304.000000;50.000000;-22.000000;-3.772863;0.000000;0.000000;0.000000;0.000000;0.000000;3.772863
6148;304.000000;50.000000;-18.000000;-2.177797;0.000000;0.000000;0.000000;0.000000;0.000000;2.177797
6149;304.000000;50.000000;-14.000000;-0.582731;0.000000;0.000000;0.000000;0.000000;0.000000;0.582731
6150;304.000000;50.000000;-10.000000;1.012335;0.000000;0.000000;0.000000;0.000000;0.000000;1.012335
6151;304.000000;50.000000;-6.000000;2.607401;0.000000;0.000000;0.000000;0.000000;0.000000;2.607401
6152;304.000000;50.000000;-2.000000;4.202467;0.000000;0.000000;0.000000;0.000000;0.000000;4.202467
6153;304.000000;50.000000;2.000000;5.797533;0.000000;0.000000;0.000000;0.000000;0.000000;5.797533
6154;304.000000;50.000000;6.000000;7.392599;0.000000;0.000000;0.000000;0.000000;0.000000;7.392599
6155;304.000000;50.000000;10.000000;8.987665;0.000000;0.000000;0.000000;0.000000;0.000000;8.987665
6156;304.000000;50.000000;14.000000;10.582731;0.000000;0.000000;0.000000;0.000000;0.000000;10.582731
6157;304.000000;50.000000;18.000000;12.177797;0.000000;0.000000;0.000000;0.000000;0.000000;12.177797
6158;304.000000;50.000000;22.000000;13.772863;0.000000;0.000000;0.000000;0.000000;0.000000;13.772863
6159;304.000000;50.000000;26.000000;15.367929;0.000000;0.000000;0.000000;0.000000;0.000000;15.367929
6160;304.000000;50.000000;30.000000;16.962994;0.000000;0.000000;0.000000;0.000000;0.000000;16.962994
6161;308.000000;-50.000000;-30.000000;-6.464536;0.000000;0.000000;0.000000;0.000000;0.000000;6.464536
6162;308.000000;-50.000000;-26.000000;-4.935932;0.000000;0.000000;0.000000;0.000000;0.000000;4.935932
6163;308.000000;-50.000000;-22.000000;-3.407327;0.000000;0.000000;0.000000;0.000000;0.000000;3.407327
6164;308.000000;-50.000000;-18.000000;-1.878722;0.000000;0.000000;0.000000;0.000000;0.000000;1.878722
6165;308.000000;-50.000000;-14.000000;-0.350117;0.000000;0.000000;0.000000;0.000000;0.000000;0.350117
6166;308.000000;-50.000000;-10.000000;1.178488;0.000000;0.000000;0.000000;0.000000;0.000000;1.178488
6167;308.000000;-50.000000;-6.000000;2.707093;0.000000;0.000000;0.000000;0.000000;0.000000;2.707093
6168;308.000000;-50.000000;-2.000000;4.235698;0.000000;0.000000;0.000000;0.000000;0.000000;4.235698
6169;308.000000;-50.000000;2.000000;5.764302;0.000000;0.000000;0.000000;0.000000;0.000000;5.764302
6170;308.000000;-50.000000;6.000000;7.292907;0.000000;0.000000;0.000000;0.000000;0.000000;7.292907
6171;308.000000;-50.000000;10.000000;8.821512;0.000000;0.000000;0.000000;0.000000;0.000000;8.821512
6172;308.000000;-50.000000;14.000000;10.350117;0.000000;0.000000;0.000000;0.000000;0.000000;10.350117
6173;308.000000;-50.000000;18.000000;11.878722;0.000000;0.000000;0.000000;0.000000;0.000000;11.878722
6174;308.000000;-50.000000;22.000000;13.407327;0.000000;0.000000;0.000000;0.000000;0.000000;13.407327
6175;308.000000;-50.000000;26.000000;14.935932;0.000000;0.000000;0.000000;0.000000;0.000000;14.935932
6176;308.000000;-50.000000;30.000000;16.464536;0.000000;0.000000;0.000000;0.000000;0.000000;16.464536
6177;308.000000;-46.000000;-30.000000;-6.464536;0.000000;0.000000;0.000000;0.000000;0.000000;6.464536
6178;308.000000;-46.000000;30.000000;16.464536;0.000000;0.000000;0.000000;0.000000;0.000000;16.464536
6179;308.000000;-42.000000;-30.000000;-6.464536;0.000000;0.000000;0.000000;0.000000;0.000000;6.464536
6180;308.000000;-42.000000;30.000000;16.464536;0.000000;0.000000;0.000000;0.000000;0.000000;16.464536
6181;308.000000;-38.000000;-30.000000;-6.464536;0.000000;0.000000;0.000000;0.000000;0.000000;6.464536
6182;308.000000;-38.000000;30.000000;16.464536;0.000000;0.000000;0.000000;0.000000;0.000000;16.464536
6183;308.000000;-34.000000;-30.000000;-6.464536;0.000000;0.000000;0.000000;0.000000;0.000000;6.464536
6184;308.000000;-34.000000;30.000000;16.464536;0.000000;0.000000;0.000000;0.000000;0.000000;16.464536
6185;308.000000;-30.000000;-30.000000;-6.464536;0.000000;0.000000;0.000000;0.000000;0.000000;6.464536
6186;308.000000;-30.000000;30.000000;16.464536;0.000000;0.000000;0.000000;0.000000;0.000000;16.464536
6187;308.000000;-26.000000;-30.000000;-6.464536;0.000000;0.000000;0.000000;0.000000;0.000000;6.464536
6188;308.000000;-26.000000;30.000000;16.464536;0.000000;0.000000;0.000000;0.000000;0.000000;16.464536
6189;308.000000;-22.000000;-30.000000;-6.464536;0.000000;0.000000;0.000000;0.000000;0.000000;6.464536
6190;308.000000;-22.000000;30.000000;16.464536;0.000000;0.000000;0.000000;0.000000;0.000000;16.464536
6191;308.000000;-18.000000;-30.000000;-6.464536;0.000000;0.000000;0.000000;0.000000;0.000000;6.464536
6192;308.000000;-18.000000;30.000000;16.464536;0.000000;0.000000;0.000000;0.000000;0.000000;16.464536
6193;308.000000;-14.000000;-30.000000;-6.464536;0.000000;0.000000;0.000000;0.000000;0.000000;6.464536
6194;308.000000;-14.000000;30.000000;16.464536;0.000000;0.000000;0.000000;0.000000;0.000000;16.464536
6195;308.000000;-10.000000;-30.000000;-6.464536;0.000000;0.000000;0.000000;0.000000;0.000000;6.464536
6196;308.000000;-10.000000;30.000000;16.464536;0.000000;0.000000;0.000000;0.000000;0.000000;16.464536
6197;308.000000;-6.000000;-30.000000;-6.464536;0.000000;0.000000;0.000000;0.000000;0.000000;6.464536
6198;308.000000;-6.000000;30.000000;16.464536;0.000000;0.000000;0.000000;0.000000;0.000000;16.464536
6199;308.000000;-2.000000;-30.000000;-6.464536;0.000000;0.000000;0.000000;0.000000;0.000000;6.464536
6200;308.000000;-2.000000;30.000000;16.464536;0.000000;0.000000;0.000000;0.000000;0.000000;16.464536
6201;308.000000;2.000000;-30.000000;-6.464536;0.000000;0.000000;0.000000;0.000000;0.000000;6.464536
6202;308.000000;2.000000;30.000000;16.464536;0.000000;0.000000;0.000000;0.000000;0.000000;16.464536
6203;308.000000;6.000000;-30.000000;-6.464536;0.000000;0.000000;0.000000;0.000000;0.000000;6.464536
6204;308.000000;6.000000;30.000000;16.464536;0.000000;0.000000;0.000000;0.000000;0.000000;16.464536
6205;308.000000;10.000000;-30.000000;-6.464536;0.000000;0.000000;0.000000;0.000000;0.000000;6.464536
6206;308.000000;10.000000;30.000000;16.464536;0.000000;0.000000;0.000000;0.000000;0.000000;16.464536
6207;308.000000;14.000000;-30.000000;-6.464536;0.000000;0.000000;0.000000;0.000000;0.000000;6.464536
6208;308.000000;14.000000;30.000000;16.464536;0.000000;0.000000;0.000000;0.000000;0.000000;16.464536
6209;308.000000;18.000000;-30.000000;-6.464536;0.000000;0.000000;0.000000;0.000000;0.000000;6.464536
6210;308.000000;18.000000;30.000000;16.464536;0.000000;0.000000;0.000000;0.000000;0.000000;16.464536
6211;308.000000;22.000000;-30.000000;-6.464536;0.000000;0.000000;0.000000;0.000000;0.000000;6.464536
6212;308.000000;22.000000;30.000000;16.464536;0.000000;0.000000;0.000000;0.000000;0.000000;16.464536
6213;308.000000;26.000000;-30.000000;-6.464536;0.000000;0.000000;0.000000;0.000000;0.000000;6.464536
6214;308.000000;26.000000;30.000000;16.464536;0.000000;0.000000;0.000000;0.000000;0.000000;16.464536
6215;308.000000;30.000000;-30.000000;-6.464536;0.000000;0.000000;0.000000;0.000000;0.000000;6.464536
6216;308.000000;30.000000;30.000000;16.464536;0.000000;0.000000;0.000000;0.000000;0.000000;16.464536
6217;308.000000;34.000000;-30.000000;-6.464536;0.000000;0.000000;0.000000;0.000000;0.000000;6.464536
6218;308.000000;34.000000;30.000000;16.464536;0.000000;0.000000;0.000000;0.000000;0.000000;16.464536
6219;308.000000;38.000000;-30.000000;-6.464536;0.000000;0.000000;0.000000;0.000000;0.000000;6.464536
6220;308.000000;38.000000;30.000000;16.464536;0.000000;0.000000;0.000000;0.000000;0.000000;16.464536
6221;308.000000;42.000000;-30.000000;-6.464536;0.000000;0.000000;0.000000;0.000000;0.000000;6.464536
6222;308.000000;42.000000;30.000000;16.464536;0.000000;0.000000;0.000000;0.000000;0.000000;16.464536
6223;308.000000;46.000000;-30.000000;-6.464536;0.000000;0.000000;0.000000;0.000000;0.000000;6.464536
6224;308.000000;46.000000;30.000000;16.464536;0.000000;0.000000;0.000000;0.000000;0.000000;16.464536
6225;308.000000;50.000000;-30.000000;-6.464536;0.000000;0.000000;0.000000;0.000000;0.000000;6.464536
6226;308.000000;50.000000;-26.000000;-4.935932;0.000000;0.000000;0.000000;0.000000;0.000000;4.935932
6227;308.000000;50.000000;-22.000000;-3.407327;0.000000;0.000000;0.000000;0.000000;0.000000;3.407327
6228;308.000000;50.000000;-18.000000;-1.878722;0.000000;0.000000;0.000000;0.000000;0.000000;1.878722
6229;308.000000;50.000000;-14.000000;-0.350117;0.000000;0.000000;0.000000;0.000000;0.000000;0.350117
6230;308.000000;50.000000;-10.000000;1.178488;0.000000;0.000000;0.000000;0.000000;0.000000;1.178488
6231;308.000000;50.000000;-6.000000;2.707093;0.000000;0.000000;0.000000;0.000000;0.000000;2.707093
6232;308.000000;50.000000;-2.000000;4.235698;0.000000;0.000000;0.000000;0.000000;0.000000;4.235698
6233;308.000000;50.000000;2.000000;5.764302;0.000000;0.000000;0.000000;0.000000;0.000000;5.764302
6234;308.000000;50.000000;6.000000;7.292907;0.000000;0.000000;0.000000;0.000000;0.000000;7.292907
6235;308.000000;50.000000;10.000000;8.821512;0.000000;0.000000;0.000000;0.000000;0.000000;8.821512
6236;308.000000;50.000000;14.000000;10.350117;0.000000;0.000000;0.000000;0.000000;0.000000;10.350117
6237;308.000000;50.000000;18.000000;11.878722;0.000000;0.000000;0.000000;0.000000;0.000000;11.878722
6238;308.000000;50.000000;22.000000;13.407327;0.000000;0.000000;0.000000;0.000000;0.000000;13.407327
6239;308.000000;50.000000;26.000000;14.935932;0.000000;0.000000;0.000000;0.000000;0.000000;14.935932
6240;308.000000;50.000000;30.000000;16.464536;0.000000;0.000000;0.000000;0.000000;0.000000;16.464536
6241;312.000000;-50.000000;-30.000000;-5.966078;0.000000;0.000000;0.000000;0.000000;0.000000;5.966078
6242;312.000000;-50.000000;-26.000000;-4.503934;0.000000;0.000000;0.000000;0.000000;0.000000;4.503934
6243;312.000000;-50.000000;-22.000000;-3.041791;0.000000;0.000000;0.000000;0.000000;0.000000;3.041791
6244;312.000000;-50.000000;-18.000000;-1.579647;0.000000;0.000000;0.000000;0.000000;0.000000;1.579647
6245;312.000000;-50.000000;-14.000000;-0.117503;0.000000;0.000000;0.000000;0.000000;0.000000;0.117503
6246;312.000000;-50.000000;-10.000000;1.344641;0.000000;0.000000;0.000000;0.000000;0.000000;1.344641
6247;312.000000;-50.000000;-6.000000;2.806784;0.000000;0.000000;0.000000;0.000000;0.000000;2.806784
6248;312.000000;-50.000000;-2.000000;4.268928;0.000000;0.000000;0.000000;0.000000;0.000000;4.268928
6249;312.000000;-50.000000;2.000000;5.731072;0.000000;0.000000;0.000000;0.000000;0.000000;5.731072
6250;312.000000;-50.000000;6.000000;7.193216;0.000000;0.000000;0.000000;0.000000;0.000000;7.193216
6251;312.000000;-50.000000;10.000000;8.655359;0.000000;0.000000;0.000000;0.000000;0.000000;8.655359
6252;312.000000;-50.000000;14.000000;10.117503;0.000000;0.000000;0.000000;0.000000;0.000000;10.117503
6253;312.000000;-50.000000;18.000000;11.579647;0.000000;0.000000;0.000000;0.000000;0.000000;11.579647
6254;312.000000;-50.000000;22.000000;13.041791;0.000000;0.000000;0.000000;0.000000;0.000000;13.041791
6255;312.000000;-50.000000;26.000000;14.503934;0.000000;0.000000;0.000000;0.000000;0.000000;14.503934
6256;312.000000;-50.000000;30.000000;15.966078;0.000000;0.000000;0.000000;0.000000;0.000000;15.966078
6257;312.000000;-46.000000;-30.000000;-5.966078;0.000000;0.000000;0.000000;0.000000;0.000000;5.966078
6258;312.000000;-46.000000;30.000000;15.966078;0.000000;0.000000;0.000000;0.000000;0.000000;15.966078
6259;312.000000;-42.000000;-30.000000;-5.966078;0.000000;0.000000;0.000000;0.000000;0.000000;5.966078
6260;312.000000;-42.000000;30.000000;15.966078;0.000000;0.000000;0.000000;0.000000;0.000000;15.966078
6261;312.000000;-38.000000;-30.000000;-5.966078;0.000000;0.000000;0.000000;0.000000;0.000000;5.966078
6262;312.000000;-38.000000;30.000000;15.966078;0.000000;0.000000;0.000000;0.000000;0.000000;15.966078
6263;312.000000;-34.000000;-30.000000;-5.966078;0.000000;0.000000;0.000000;0.000000;0.000000;5.966078
6264;312.000000;-34.000000;30.000000;15.966078;0.000000;0.000000;0.000000;0.000000;0.000000;15.966078
6265;312.000000;-30.000000;-30.000000;-5.966078;0.000000;0.000000;0.000000;0.000000;0.000000;5.966078
6266;312.000000;-30.000000;30.000000;15.966078;0.000000;0.000000;0.000000;0.000000;0.000000;15.966078
6267;312.000000;-26.000000;-30.000000;-5.966078;0.000000;0.000000;0.000000;0.000000;0.000000;5.966078
6268;312.000000;-26.000000;30.000000;15.966078;0.000000;0.000000;0.000000;0.000000;0.000000;15.966078
6269;312.000000;-22.000000;-30.000000;-5.966078;0.000000;0.000000;0.000000;0.000000;0.000000;5.966078
6270;312.000000;-22.000000;30.000000;15.966078;0.000000;0.000000;0.000000;0.000000;0.000000;15.966078
6271;312.000000;-18.000000;-30.000000;-5.966078;0.000000;0.000000;0.000000;0.000000;0.000000;5.966078
6272;312.000000;-18.000000;30.000000;15.966078;0.000000;0.000000;0.000000;0.000000;0.000000;15.966078
6273;312.000000;-14.000000;-30.000000;-5.966078;0.000000;0.000000;0.000000;0.000000;0.000000;5.966078
6274;312.000000;-14.000000;30.000000;15.966078;0.000000;0.000000;0.000000;0.000000;0.000000;15.966078
6275;312.000000;-10.000000;-30.000000;-5.966078;0.000000;0.000000;0.000000;0.000000;0.000000;5.966078
6276;312.000000;-10.000000;30.000000;15.966078;0.000000;0.000000;0.000000;0.000000;0.000000;15.966078
6277;312.000000;-6.000000;-30.000000;-5.966078;0.000000;0.000000;0.000000;0.000000;0.000000;5.966078
6278;312.000000;-6.000000;30.000000;15.966078;0.000000;0.000000;0.000000;0.000000;0.000000;15.966078
6279;312.000000;-2.000000;-30.000000;-5.966078;0.000000;0.000000;0.000000;0.000000;0.000000;5.966078
6280;312.000000;-2.000000;30.000000;15.966078;0.000000;0.000000;0.000000;0.000000;0.000000;15.966078
6281;312.000000;2.000000;-30.000000;-5.966078;0.000000;0.000000;0.000000;0.000000;0.000000;5.966078
6282;312.000000;2.000000;30.000000;15.966078;0.000000;0.000000;0.000000;0.000000;0.000000;15.966078
6283;312.000000;6.000000;-30.000000;-5.966078;0.000000;0.000000;0.000000;0.000000;0.000000;5.966078
6284;312.000000;6.000000;30.000000;15.966078;0.000000;0.000000;0.000000;0.000000;0.000000;15.966078
6285;312.000000;10.000000;-30.000000;-5.966078;0.000000;0.000000;0.000000;0.000000;0.000000;5.966078
6286;312.000000;10.000000;30.000000;15.966078;0.000000;0.000000;0.000000;0.000000;0.000000;15.966078
6287;312.000000;14.000000;-30.000000;-5.966078;0.000000;0.000000;0.000000;0.000000;0.000000;5.966078
6288;312.000000;14.000000;30.000000;15.966078;0.000000;0.000000;0.000000;0.000000;0.000000;15.966078
6289;312.000000;18.000000;-30.000000;-5.966078;0.000000;0.000000;0.000000;0.000000;0.000000;5.966078
6290;312.000000;18.000000;30.000000;15.966078;0.000000;0.000000;0.000000;0.000000;0.000000;15.966078
6291;312.000000;22.000000;-30.000000;-5.966078;0.000000;0.000000;0.000000;0.000000;0.000000;5.966078
6292;312.000000;22.000000;30.000000;15.966078;0.000000;0.000000;0.000000;0.000000;0.000000;15.966078
6293;312.000000;26.000000;-30.000000;-5.966078;0.000000;0.000000;0.000000;0.000000;0.000000;5.966078
6294;312.000000;26.000000;30.000000;15.966078;0.000000;0.000000;0.000000;0.000000;0.000000;15.966078
6295;312.000000;30.000000;-30.000000;-5.966078;0.000000;0.000000;0.000000;0.000000;0.000000;5.966078
6296;312.000000;30.000000;30.000000;15.966078;0.000000;0.000000;0.000000;0.000000;0.000000;15.966078
6297;312.000000;34.000000;-30.000000;-5.966078;0.000000;0.000000;0.000000;0.000000;0.000000;5.966078
6298;312.000000;34.000000;30.000000;15.966078;0.000000;0.000000;0.000000;0.000000;0.000000;15.966078
6299;312.000000;38.000000;-30.000000;-5.966078;0.000000;0.000000;0.000000;0.000000;0.000000;5.966078
6300;312.000000;38.000000;30.000000;15.966078;0.000000;0.000000;0.000000;0.000000;0.000000;15.966078
6301;312.000000;42.000000;-30.000000;-5.966078;0.000000;0.000000;0.000000;0.000000;0.000000;5.966078
6302;312.000000;42.000000;30.000000;15.966078;0.000000;0.000000;0.000000;0.000000;0.000000;15.966078
6303;312.000000;46.000000;-30.000000;-5.966078;0.000000;0.000000;0.000000;0.000000;0.000000;5.966078
6304;312.000000;46.000000;30.000000;15.966078;0.000000;0.000000;0.000000;0.000000;0.000000;15.966078
6305;312.000000;50.000000;-30.000000;-5.966078;0.000000;0.000000;0.000000;0.000000;0.000000;5.966078
6306;312.000000;50.000000;-26.000000;-4.503934;0.000000;0.000000;0.000000;0.000000;0.000000;4.503934
6307;312.000000;50.000000;-22.000000;-3.041791;0.000000;0.000000;0.000000;0.000000;0.000000;3.041791
6308;312.000000;50.000000;-18.000000;-1.579647;0.000000;0.000000;0.000000;0.000000;0.000000;1.579647
6309;312.000000;50.000000;-14.000000;-0.117503;0.000000;0.000000;0.000000;0.000000;0.000000;0.117503
6310;312.000000;50.000000;-10.000000;1.344641;0.000000;0.000000;0.000000;0.000000;0.000000;1.344641
6311;312.000000;50.000000;-6.000000;2.806784;0.000000;0.000000;0.000000;0.000000;0.000000;2.806784
6312;312.000000;50.000000;-2.000000;4.268928;0.000000;0.000000;0.000000;0.000000;0.000000;4.268928
6313;312.000000;50.000000;2.000000;5.731072;0.000000;0.000000;0.000000;0.000000;0.000000;5.731072
6314;312.000000;50.000000;6.000000;7.193216;0.000000;0.000000;0.000000;0.000000;0.000000;7.193216
6315;312.000000;50.000000;10.000000;8.655359;0.000000;0.000000;0.000000;0.000000;0.000000;8.655359
6316;312.000000;50.000000;14.000000;10.117503;0.000000;0.000000;0.000000;0.000000;0.000000;10.117503
6317;312.000000;50.000000;18.000000;11.579647;0.000000;0.000000;0.000000;0.000000;0.000000;11.579647
6318;312.000000;50.000000;22.000000;13.041791;0.000000;0.000000;0.000000;0.000000;0.000000;13.041791
6319;312.000000;50.000000;26.000000;14.503934;0.000000;0.000000;0.000000;0.000000;0.000000;14.503934
6320;312.000000;50.000000;30.000000;15.966078;0.000000;0.000000;0.000000;0.000000;0.000000;15.966078
6321;316.000000;-50.000000;-30.000000;-5.467620;0.000000;0.000000;0.000000;0.000000;0.000000;5.467620
6322;316.000000;-50.000000;-26.000000;-4.071937;0.000000;0.000000;0.000000;0.000000;0.000000;4.071937
6323;316.000000;-50.000000;-22.000000;-2.676255;0.000000;0.000000;0.000000;0.000000;0.000000;2.676255
6324;316.000000;-50.000000;-18.000000;-1.280572;0.000000;0.000000;0.000000;0.000000;0.000000;1.280572
6325;316.000000;-50.000000;-14.000000;0.115111;0.000000;0.000000;0.000000;0.000000;0.000000;0.115111
6326;316.000000;-50.000000;-10.000000;1.510793;0.000000;0.000000;0.000000;0.000000;0.000000;1.510793
6327;316.000000;-50.000000;-6.000000;2.906476;0.000000;0.000000;0.000000;0.000000;0.000000;2.906476
6328;316.000000;-50.000000;-2.000000;4.302159;0.000000;0.000000;0.000000;0.000000;0.000000;4.302159
6329;316.000000;-50.000000;2.000000;5.697841;0.000000;0.000000;0.000000;0.000000;0.000000;5.697841
6330;316.000000;-50.000000;6.000000;7.093524;0.000000;0.000000;0.000000;0.000000;0.000000;7.093524
6331;316.000000;-50.000000;10.000000;8.489207;0.000000;0.000000;0.000000;0.000000;0.000000;8.489207
6332;316.000000;-50.000000;14.000000;9.884889;0.000000;0.000000;0.000000;0.000000;0.000000;9.884889
6333;316.000000;-50.000000;18.000000;11.280572;0.000000;0.000000;0.000000;0.000000;0.000000;11.280572
6334;316.000000;-50.000000;22.000000;12.676255;0.000000;0.000000;0.000000;0.000000;0.000000;12.676255
6335;316.000000;-50.000000;26.000000;14.071937;0.000000;0.000000;0.000000;0.000000;0.000000;14.071937
6336;316.000000;-50.000000;30.000000;15.467620;0.000000;0.000000;0.000000;0.000000;0.000000;15.467620
6337;316.000000;-46.000000;-30.000000;-5.467620;0.000000;0.000000;0.000000;0.000000;0.000000;5.467620
6338;316.000000;-46.000000;30.000000;15.467620;0.000000;0.000000;0.000000;0.000000;0.000000;15.467620
6339;316.000000;-42.000000;-30.000000;-5.467620;0.000000;0.000000;0.000000;0.000000;0.000000;5.467620
6340;316.000000;-42.000000;30.000000;15.467620;0.000000;0.000000;0.000000;0.000000;0.000000;15.467620
6341;316.000000;-38.000000;-30.000000;-5.467620;0.000000;0.000000;0.000000;0.000000;0.000000;5.467620
6342;316.000000;-38.000000;30.000000;15.467620;0.000000;0.000000;0.000000;0.000000;0.000000;15.467620
6343;316.000000;-34.000000;-30.000000;-5.467620;0.000000;0.000000;0.000000;0.000000;0.000000;5.467620
6344;316.000000;-34.000000;30.000000;15.467620;0.000000;0.000000;0.000000;0.000000;0.000000;15.467620
6345;316.000000;-30.000000;-30.000000;-5.467620;0.000000;0.000000;0.000000;0.000000;0.000000;5.467620
6346;316.000000;-30.000000;30.000000;15.467620;0.000000;0.000000;0.000000;0.000000;0.000000;15.467620
6347;316.000000;-26.000000;-30.000000;-5.467620;0.000000;0.000000;0.000000;0.000000;0.000000;5.467620
6348;316.000000;-26.000000;30.000000;15.467620;0.000000;0.000000;0.000000;0.000000;0.000000;15.467620
6349;316.000000;-22.000000;-30.000000;-5.467620;0.000000;0.000000;0.000000;0.000000;0.000000;5.467620
6350;316.000000;-22.000000;30.000000;15.467620;0.000000;0.000000;0.000000;0.000000;0.000000;15.467620
6351;316.000000;-18.000000;-30.000000;-5.467620;0.000000;0.000000;0.000000;0.000000;0.000000;5.467620
6352;316.000000;-18.000000;30.000000;15.467620;0.000000;0.000000;0.000000;0.000000;0.000000;15.467620
6353;316.000000;-14.000000;-30.000000;-5.467620;0.000000;0.000000;0.000000;0.000000;0.000000;5.467620
6354;316.000000;-14.000000;30.000000;15.467620;0.000000;0.000000;0.000000;0.000000;0.000000;15.467620
6355;316.000000;-10.000000;-30.000000;-5.467620;0.000000;0.000000;0.000000;0.000000;0.000000;5.467620
6356;316.000000;-10.000000;30.000000;15.467620;0.000000;0.000000;0.000000;0.000000;0.000000;15.467620
6357;316.000000;-6.000000;-30.000000;-5.467620;0.000000;0.000000;0.000000;0.000000;0.000000;5.467620
6358;316.000000;-6.000000;30.000000;15.467620;0.000000;0.000000;0.000000;0.000000;0.000000;15.467620
6359;316.000000;-2.000000;-30.000000;-5.467620;0.000000;0.000000;0.000000;0.000000;0.000000;5.467620
6360;316.000000;-2.000000;30.000000;15.467620;0.000000;0.000000;0.000000;0.000000;0.000000;15.467620
6361;316.000000;2.000000;-30.000000;-5.467620;0.000000;0.000000;0.000000;0.000000;0.000000;5.467620
6362;316.000000;2.000000;30.000000;15.467620;0.000000;0.000000;0.000000;0.000000;0.000000;15.467620
6363;316.000000;6.000000;-30.000000;-5.467620;0.000000;0.000000;0.000000;0.000000;0.000000;5.467620
6364;316.000000;6.000000;30.000000;15.467620;0.000000;0.000000;0.000000;0.000000;0.000000;15.467620
6365;316.000000;10.000000;-30.000000;-5.467620;0.000000;0.000000;0.000000;0.000000;0.000000;5.467620
6366;316.000000;10.000000;30.000000;15.467620;0.000000;0.000000;0.000000;0.000000;0.000000;15.467620
6367;316.000000;14.000000;-30.000000;-5.467620;0.000000;0.000000;0.000000;0.000000;0.000000;5.467620
6368;316.000000;14.000000;30.000000;15.467620;0.000000;0.000000;0.000000;0.000000;0.000000;15.467620
6369;316.000000;18.000000;-30.000000;-5.467620;0.000000;0.000000;0.000000;0.000000;0.000000;5.467620
6370;316.000000;18.000000;30.000000;15.467620;0.000000;0.000000;0.000000;0.000000;0.000000;15.467620
6371;316.000000;22.000000;-30.000000;-5.467620;0.000000;0.000000;0.000000;0.000000;0.000000;5.467620
6372;316.000000;22.000000;30.000000;15.467620;0.000000;0.000000;0.000000;0.000000;0.000000;15.467620
6373;316.000000;26.000000;-30.000000;-5.467620;0.000000;0.000000;0.000000;0.000000;0.000000;5.467620
6374;316.000000;26.000000;30.000000;15.467620;0.000000;0.000000;0.000000;0.000000;0.000000;15.467620
6375;316.000000;30.000000;-30.000000;-5.467620;0.000000;0.000000;0.000000;0.000000;0.000000;5.467620
6376;316.000000;30.000000;30.000000;15.467620;0.000000;0.000000;0.000000;0.000000;0.000000;15.467620
6377;316.000000;34.000000;-30.000000;-5.467620;0.000000;0.000000;0.000000;0.000000;0.000000;5.467620
6378;316.000000;34.000000;30.000000;15.467620;0.000000;0.000000;0.000000;0.000000;0.000000;15.467620
6379;316.000000;38.000000;-30.000000;-5.467620;0.000000;0.000000;0.000000;0.000000;0.000000;5.467620
6380;316.000000;38.000000;30.000000;15.467620;0.000000;0.000000;0.000000;0.000000;0.000000;15.467620
6381;316.000000;42.000000;-30.000000;-5.467620;0.000000;0.000000;0.000000;0.000000;0.000000;5.467620
6382;316.000000;42.000000;30.000000;15.467620;0.000000;0.000000;0.000000;0.000000;0.000000;15.467620
6383;316.000000;46.000000;-30.000000;-5.467620;0.000000;0.000000;0.000000;0.000000;0.000000;5.467620
6384;316.000000;46.000000;30.000000;15.467620;0.000000;0.000000;0.000000;0.000000;0.000000;15.467620
6385;316.000000;50.000000;-30.000000;-5.467620;0.000000;0.000000;0.000000;0.000000;0.000000;5.467620
6386;316.000000;50.000000;-26.000000;-4.071937;0.000000;0.000000;0.000000;0.000000;0.000000;4.071937
6387;316.000000;50.000000;-22.000000;-2.676255;0.000000;0.000000;0.000000;0.000000;0.000000;2.676255
6388;316.000000;50.000000;-18.000000;-1.280572;0.000000;0.000000;0.000000;0.000000;0.000000;1.280572
6389;316.000000;50.000000;-14.000000;0.115111;0.000000;0.000000;0.000000;0.000000;0.000000;0.115111
6390;316.000000;50.000000;-10.000000;1.510793;0.000000;0.000000;0.000000;0.000000;0.000000;1.510793
6391;316.000000;50.000000;-6.000000;2.906476;0.000000;0.000000;0.000000;0.000000;0.000000;2.906476
6392;316.000000;50.000000;-2.000000;4.302159;0.000000;0.000000;0.000000;0.000000;0.000000;4.302159
6393;316.000000;50.000000;2.000000;5.697841;0.000000;0.000000;0.000000;0.000000;0.000000;5.697841
6394;316.000000;50.000000;6.000000;7.093524;0.000000;0.000000;0.000000;0.000000;0.000000;7.093524
6395;316.000000;50.000000;10.000000;8.489207;0.000000;0.000000;0.000000;0.000000;0.000000;8.489207
6396;316.000000;50.000000;14.000000;9.884889;0.000000;0.000000;0.000000;0.000000;0.000000;9.884889
6397;316.000000;50.000000;18.000000;11.280572;0.000000;0.000000;0.000000;0.000000;0.000000;11.280572
6398;316.000000;50.000000;22.000000;12.676255;0.000000;0.000000;0.000000;0.000000;0.000000;12.676255
6399;316.000000;50.000000;26.000000;14.071937;0.000000;0.000000;0.000000;0.000000;0.000000;14.071937
6400;316.000000;50.000000;30.000000;15.467620;0.000000;0.000000;0.000000;0.000000;0.000000;15.467620
6401;320.000000;-50.000000;-30.000000;-4.969162;0.000000;0.000000;0.000000;0.000000;0.000000;4.969162
6402;320.000000;-50.000000;-26.000000;-3.639940;0.000000;0.000000;0.000000;0.000000;0.000000;3.639940
6403;320.000000;-50.000000;-22.000000;-2.310719;0.000000;0.000000;0.000000;0.000000;0.000000;2.310719
6404;320.000000;-50.000000;-18.000000;-0.981497;0.000000;0.000000;0.000000;0.000000;0.000000;0.981497
6405;320.000000;-50.000000;-14.000000;0.347724;0.000000;0.000000;0.000000;0.000000;0.000000;0.347724
6406;320.000000;-50.000000;-10.000000;1.676946;0.000000;0.000000;0.000000;0.000000;0.000000;1.676946
6407;320.000000;-50.000000;-6.000000;3.006168;0.000000;0.000000;0.000000;0.000000;0.000000;3.006168
6408;320.000000;-50.000000;-2.000000;4.335389;0.000000;0.000000;0.000000;0.000000;0.000000;4.335389
6409;320.000000;-50.000000;2.000000;5.664611;0.000000;0.000000;0.000000;0.000000;0.000000;5.664611
6410;320.000000;-50.000000;6.000000;6.993832;0.000000;0.000000;0.000000;0.000000;0.000000;6.993832
6411;320.000000;-50.000000;10.000000;8.323054;0.000000;0.000000;0.000000;0.000000;0.000000;8.323054
6412;320.000000;-50.000000;14.000000;9.652276;0.000000;0.000000;0.000000;0.000000;0.000000;9.652276
6413;320.000000;-50.000000;18.000000;10.981497;0.000000;0.000000;0.000000;0.000000;0.000000;10.981497
6414;320.000000;-50.000000;22.000000;12.310719;0.000000;0.000000;0.000000;0.000000;0.000000;12.310719
6415;320.000000;-50.000000;26.000000;13.639940;0.000000;0.000000;0.000000;0.000000;0.000000;13.639940
6416;320.000000;-50.000000;30.000000;14.969162;0.000000;0.000000;0.000000;0.000000;0.000000;14.969162
6417;320.000000;-46.000000;-30.000000;-4.969162;0.000000;0.000000;0.000000;0.000000;0.000000;4.969162
6418;320.000000;-46.000000;30.000000;14.969162;0.000000;0.000000;0.000000;0.000000;0.000000;14.969162
6419;320.000000;-42.000000;-30.000000;-4.969162;0.000000;0.000000;0.000000;0.000000;0.000000;4.969162
6420;320.000000;-42.000000;30.000000;14.969162;0.000000;0.000000;0.000000;0.000000;0.000000;14.969162
6421;320.000000;-38.000000;-30.000000;-4.969162;0.000000;0.000000;0.000000;0.000000;0.000000;4.969162
6422;320.000000;-38.000000;30.000000;14.969162;0.000000;0.000000;0.000000;0.000000;0.000000;14.969162
6423;320.000000;-34.000000;-30.000000;-4.969162;0.000000;0.000000;0.000000;0.000000;0.000000;4.969162
6424;320.000000;-34.000000;30.000000;14.969162;0.000000;0.000000;0.000000;0.000000;0.000000;14.969162
6425;320.000000;-30.000000;-30.000000;-4.969162;0.000000;0.000000;0.000000;0.000000;0.000000;4.969162
6426;320.000000;-30.000000;30.000000;14.969162;0.000000;0.000000;0.000000;0.000000;0.000000;14.969162
6427;320.000000;-26.000000;-30.000000;-4.969162;0.000000;0.000000;0.000000;0.000000;0.000000;4.969162
6428;320.000000;-26.000000;30.000000;14.969162;0.000000;0.000000;0.000000;0.000000;0.000000;14.969162
6429;320.000000;-22.000000;-30.000000;-4.969162;0.000000;0.000000;0.000000;0.000000;0.000000;4.969162
6430;320.000000;-22.000000;30.000000;14.969162;0.000000;0.000000;0.000000;0.000000;0.000000;14.969162
6431;320.000000;-18.000000;-30.000000;-4.969162;0.000000;0.000000;0.000000;0.000000;0.000000;4.969162
6432;320.000000;-18.000000;30.000000;14.969162;0.000000;0.000000;0.000000;0.000000;0.000000;14.969162
6433;320.000000;-14.000000;-30.000000;-4.969162;0.000000;0.000000;0.000000;0.000000;0.000000;4.969162
6434;320.000000;-14.000000;30.000000;14.969162;0.000000;0.000000;0.000000;0.000000;0.000000;14.969162
6435;320.000000;-10.000000;-30.000000;-4.969162;0.000000;0.000000;0.000000;0.000000;0.000000;4.969162
6436;320.000000;-10.000000;30.000000;14.969162;0.000000;0.000000;0.000000;0.000000;0.000000;14.969162
6437;320.000000;-6.000000;-30.000000;-4.969162;0.000000;0.000000;0.000000;0.000000;0.000000;4.969162
6438;320.000000;-6.000000;30.000000;14.969162;0.000000;0.000000;0.000000;0.000000;0.000000;14.969162
6439;320.000000;-2.000000;-30.000000;-4.969162;0.000000;0.000000;0.000000;0.000000;0.000000;4.969162
6440;320.000000;-2.000000;30.000000;14.969162;0.000000;0.000000;0.000000;0.000000;0.000000;14.969162
6441;320.000000;2.000000;-30.000000;-4.969162;0.000000;0.000000;0.000000;0.000000;0.000000;4.969162
6442;320.000000;2.000000;30.000000;14.969162;0.000000;0.000000;0.000000;0.000000;0.000000;14.969162
6443;320.000000;6.000000;-30.000000;-4.969162;0.000000;0.000000;0.000000;0.000000;0.000000;4.969162
6444;320.000000;6.000000;30.000000;14.969162;0.000000;0.000000;0.000000;0.000000;0.000000;14.969162
6445;320.000000;10.000000;-30.000000;-4.969162;0.000000;0.000000;0.000000;0.000000;0.000000;4.969162
6446;320.000000;10.000000;30.000000;14.969162;0.000000;0.000000;0.000000;0.000000;0.000000;14.969162
6447;320.000000;14.000000;-30.000000;-4.969162;0.000000;0.000000;0.000000;0.000000;0.000000;4.969162
6448;320.000000;14.000000;30.000000;14.969162;0.000000;0.000000;0.000000;0.000000;0.000000;14.969162
6449;320.000000;18.000000;-30.000000;-4.969162;0.000000;0.000000;0.000000;0.000000;0.000000;4.969162
6450;320.000000;18.000000;30.000000;14.969162;0.000000;0.000000;0.000000;0.000000;0.000000;14.969162
6451;320.000000;22.000000;-30.000000;-4.969162;0.000000;0.000000;0.000000;0.000000;0.000000;4.969162
6452;320.000000;22.000000;30.000000;14.969162;0.000000;0.000000;0.000000;0.000000;0.000000;14.969162
6453;320.000000;26.000000;-30.000000;-4.969162;0.000000;0.000000;0.000000;0.000000;0.000000;4.969162
6454;320.000000;26.000000;30.000000;14.969162;0.000000;0.000000;0.000000;0.000000;0.000000;14.969162
6455;320.000000;30.000000;-30.000000;-4.969162;0.000000;0.000000;0.000000;0.000000;0.000000;4.969162
6456;320.000000;30.000000;30.000000;14.969162;0.000000;0.000000;0.000000;0.000000;0.000000;14.969162
6457;320.000000;34.000000;-30.000000;-4.969162;0.000000;0.000000;0.000000;0.000000;0.000000;4.969162
6458;320.000000;34.000000;30.000000;14.969162;0.000000;0.000000;0.000000;0.000000;0.000000;14.969162
6459;320.000000;38.000000;-30.000000;-4.969162;0.000000;0.000000;0.000000;0.000000;0.000000;4.969162
6460;320.000000;38.000000;30.000000;14.969162;0.000000;0.000000;0.000000;0.000000;0.000000;14.969162
6461;320.000000;42.000000;-30.000000;-4.969162;0.000000;0.000000;0.000000;0.000000;0.000000;4.969162
6462;320.000000;42.000000;30.000000;14.969162;0.000000;0.000000;0.000000;0.000000;0.000000;14.969162
6463;320.000000;46.000000;-30.000000;-4.969162;0.000000;0.000000;0.000000;0.000000;0.000000;4.969162
6464;320.000000;46.000000;30.000000;14.969162;0.000000;0.000000;0.000000;0.000000;0.000000;14.969162
6465;320.000000;50.000000;-30.000000;-4.969162;0.000000;0.000000;0.000000;0.000000;0.000000;4.969162
6466;320.000000;50.000000;-26.000000;-3.639940;0.000000;0.000000;0.000000;0.000000;0.000000;3.639940
6467;320.000000;50.000000;-22.000000;-2.310719;0.000000;0.000000;0.000000;0.000000;0.000000;2.310719
6468;320.000000;50.000000;-18.000000;-0.981497;0.000000;0.000000;0.000000;0.000000;0.000000;0.981497
6469;320.000000;50.000000;-14.000000;0.347724;0.000000;0.000000;0.000000;0.000000;0.000000;0.347724
6470;320.000000;50.000000;-10.000000;1.676946;0.000000;0.000000;0.000000;0.000000;0.000000;1.676946
6471;320.000000;50.000000;-6.000000;3.006168;0.000000;0.000000;0.000000;0.000000;0.000000;3.006168
6472;320.000000;50.000000;-2.000000;4.335389;0.000000;0.000000;0.000000;0.000000;0.000000;4.335389
6473;320.000000;50.000000;2.000000;5.664611;0.000000;0.000000;0.000000;0.000000;0.000000;5.664611
6474;320.000000;50.000000;6.000000;6.993832;0.000000;0.000000;0.000000;0.000000;0.000000;6.993832
6475;320.000000;50.000000;10.000000;8.323054;0.000000;0.000000;0.000000;0.000000;0.000000;8.323054
6476;320.000000;50.000000;14.000000;9.652276;0.000000;0.000000;0.000000;0.000000;0.000000;9.652276
6477;320.000000;50.000000;18.000000;10.981497;0.000000;0.000000;0.000000;0.000000;0.000000;10.981497
6478;320.000000;50.000000;22.000000;12.310719;0.000000;0.000000;0.000000;0.000000;0.000000;12.310719
6479;320.000000;50.000000;26.000000;13.639940;0.000000;0.000000;0.000000;0.000000;0.000000;13.639940
6480;320.000000;50.000000;30.000000;14.969162;0.000000;0.000000;0.000000;0.000000;0.000000;14.969162
6481;324.000000;-50.000000;-30.000000;-4.470704;0.000000;0.000000;0.000000;0.000000;0.000000;4.470704
6482;324.000000;-50.000000;-26.000000;-3.207943;0.000000;0.000000;0.000000;0.000000;0.000000;3.207943
6483;324.000000;-50.000000;-22.000000;-1.945183;0.000000;0.000000;0.000000;0.000000;0.000000;1.945183
6484;324.000000;-50.000000;-18.000000;-0.682422;0.000000;0.000000;0.000000;0.000000;0.000000;0.682422
6485;324.000000;-50.000000;-14.000000;0.580338;0.000000;0.000000;0.000000;0.000000;0.000000;0.580338
6486;324.000000;-50.000000;-10.000000;1.843099;0.000000;0.000000;0.000000;0.000000;0.000000;1.843099
6487;324.000000;-50.000000;-6.000000;3.105859;0.000000;0.000000;0.000000;0.000000;0.000000;3.105859
6488;324.000000;-50.000000;-2.000000;4.368620;0.000000;0.000000;0.000000;0.000000;0.000000;4.368620
6489;324.000000;-50.000000;2.000000;5.631380;0.000000;0.000000;0.000000;0.000000;0.000000;5.631380
6490;324.000000;-50.000000;6.000000;6.894141;0.000000;0.000000;0.000000;0.000000;0.000000;6.894141
6491;324.000000;-50.000000;10.000000;8.156901;0.000000;0.000000;0.000000;0.000000;0.000000;8.156901
6492;324.000000;-50.000000;14.000000;9.419662;0.000000;0.000000;0.000000;0.000000;0.000000;9.419662
6493;324.000000;-50.000000;18.000000;10.682422;0.000000;0.000000;0.000000;0.000000;0.000000;10.682422
6494;324.000000;-50.000000;22.000000;11.945183;0.000000;0.000000;0.000000;0.000000;0.000000;11.945183
6495;324.000000;-50.000000;26.000000;13.207943;0.000000;0.000000;0.000000;0.000000;0.000000;13.207943
6496;324.000000;-50.000000;30.000000;14.470704;0.000000;0.000000;0.000000;0.000000;0.000000;14.470704
6497;324.000000;-46.000000;-30.000000;-4.470704;0.000000;0.000000;0.000000;0.000000;0.000000;4.470704
6498;324.000000;-46.000000;30.000000;14.470704;0.000000;0.000000;0.000000;0.000000;0.000000;14.470704
6499;324.000000;-42.000000;-30.000000;-4.470704;0.000000;0.000000;0.000000;0.000000;0.000000;4.470704
6500;324.000000;-42.000000;30.000000;14.470704;0.000000;0.000000;0.000000;0.000000;0.000000;14.470704
6501;324.000000;-38.000000;-30.000000;-4.470704;0.000000;0.000000;0.000000;0.000000;0.000000;4.470704
6502;324.000000;-38.000000;30.000000;14.470704;0.000000;0.000000;0.000000;0.000000;0.000000;14.470704
6503;324.000000;-34.000000;-30.000000;-4.470704;0.000000;0.000000;0.000000;0.000000;0.000000;4.470704
6504;324.000000;-34.000000;30.000000;14.470704;0.000000;0.000000;0.000000;0.000000;0.000000;14.470704
6505;324.000000;-30.000000;-30.000000;-4.470704;0.000000;0.000000;0.000000;0.000000;0.000000;4.470704
6506;324.000000;-30.000000;30.000000;14.470704;0.000000;0.000000;0.000000;0.000000;0.000000;14.470704
6507;324.000000;-26.000000;-30.000000;-4.470704;0.000000;0.000000;0.000000;0.000000;0.000000;4.470704
6508;324.000000;-26.000000;30.000000;14.470704;0.000000;0.000000;0.000000;0.000000;0.000000;14.470704
6509;324.000000;-22.000000;-30.000000;-4.470704;0.000000;0.000000;0.000000;0.000000;0.000000;4.470704
6510;324.000000;-22.000000;30.000000;14.470704;0.000000;0.000000;0.000000;0.000000;0.000000;14.470704
6511;324.000000;-18.000000;-30.000000;-4.470704;0.000000;0.000000;0.000000;0.000000;0.000000;4.470704
6512;324.000000;-18.000000;30.000000;14.470704;0.000000;0.000000;0.000000;0.000000;0.000000;14.470704
6513;324.000000;-14.000000;-30.000000;-4.470704;0.000000;0.000000;0.000000;0.000000;0.000000;4.470704
6514;324.000000;-14.000000;30.000000;14.470704;0.000000;0.000000;0.000000;0.000000;0.000000;14.470704
6515;324.000000;-10.000000;-30.000000;-4.470704;0.000000;0.000000;0.000000;0.000000;0.000000;4.470704
6516;324.000000;-10.000000;30.000000;14.470704;0.000000;0.000000;0.000000;0.000000;0.000000;14.470704
6517;324.000000;-6.000000;-30.000000;-4.470704;0.000000;0.000000;0.000000;0.000000;0.000000;4.470704
6518;324.000000;-6.000000;30.000000;14.470704;0.000000;0.000000;0.000000;0.000000;0.000000;14.470704
6519;324.000000;-2.000000;-30.000000;-4.470704;0.000000;0.000000;0.000000;0.000000;0.000000;4.470704
6520;324.000000;-2.000000;30.000000;14.470704;0.000000;0.000000;0.000000;0.000000;0.000000;14.470704
6521;324.000000;2.000000;-30.000000;-4.470704;0.000000;0.000000;0.000000;0.000000;0.000000;4.470704
6522;324.000000;2.000000;30.000000;14.470704;0.000000;0.000000;0.000000;0.000000;0.000000;14.470704
6523;324.000000;6.000000;-30.000000;-4.470704;0.000000;0.000000;0.000000;0.000000;0.000000;4.470704
6524;324.000000;6.000000;30.000000;14.470704;0.000000;0.000000;0.000000;0.000000;0.000000;14.470704
6525;324.000000;10.000000;-30.000000;-4.470704;0.000000;0.000000;0.000000;0.000000;0.000000;4.470704
6526;324.000000;10.000000;30.000000;14.470704;0.000000;0.000000;0.000000;0.000000;0.000000;14.470704
6527;324.000000;14.000000;-30.000000;-4.470704;0.000000;0.000000;0.000000;0.000000;0.000000;4.470704
6528;324.000000;14.000000;30.000000;14.470704;0.000000;0.000000;0.000000;0.000000;0.000000;14.470704
6529;324.000000;18.000000;-30.000000;-4.470704;0.000000;0.000000;0.000000;0.000000;0.000000;4.470704
6530;324.000000;18.000000;30.000000;14.470704;0.000000;0.000000;0.000000;0.000000;0.000000;14.470704
6531;324.000000;22.000000;-30.000000;-4.470704;0.000000;0.000000;0.000000;0.000000;0.000000;4.470704
6532;324.000000;22.000000;30.000000;14.470704;0.000000;0.000000;0.000000;0.000000;0.000000;14.470704
6533;324.000000;26.000000;-30.000000;-4.470704;0.000000;0.000000;0.000000;0.000000;0.000000;4.470704
6534;324.000000;26.000000;30.000000;14.470704;0.000000;0.000000;0.000000;0.000000;0.000000;14.470704
6535;324.000000;30.000000;-30.000000;-4.470704;0.000000;0.000000;0.000000;0.000000;0.000000;4.470704
6536;324.000000;30.000000;30.000000;14.470704;0.000000;0.000000;0.000000;0.000000;0.000000;14.470704
6537;324.000000;34.000000;-30.000000;-4.470704;0.000000;0.000000;0.000000;0.000000;0.000000;4.470704
6538;324.000000;34.000000;30.000000;14.470704;0.000000;0.000000;0.000000;0.000000;0.000000;14.470704
6539;324.000000;38.000000;-30.000000;-4.470704;0.000000;0.000000;0.000000;0.000000;0.000000;4.470704
6540;324.000000;38.000000;30.000000;14.470704;0.000000;0.000000;0.000000;0.000000;0.000000;14.470704
6541;324.000000;42.000000;-30.000000;-4.470704;0.000000;0.000000;0.000000;0.000000;0.000000;4.470704
6542;324.000000;42.000000;30.000000;14.470704;0.000000;0.000000;0.000000;0.000000;0.000000;14.470704
6543;324.000000;46.000000;-30.000000;-4.470704;0.000000;0.000000;0.000000;0.000000;0.000000;4.470704
6544;324.000000;46.000000;30.000000;14.470704;0.000000;0.000000;0.000000;0.000000;0.000000;14.470704
6545;324.000000;50.000000;-30.000000;-4.470704;0.000000;0.000000;0.000000;0.000000;0.000000;4.470704
6546;324.000000;50.000000;-26.000000;-3.207943;0.000000;0.000000;0.000000;0.000000;0.000000;3.207943
6547;324.000000;50.000000;-22.000000;-1.945183;0.000000;0.000000;0.000000;0.000000;0.000000;1.945183
6548;324.000000;50.000000;-18.000000;-0.682422;0.000000;0.000000;0.000000;0.000000;0.000000;0.682422
6549;324.000000;50.000000;-14.000000;0.580338;0.000000;0.000000;0.000000;0.000000;0.000000;0.580338
6550;324.000000;50.000000;-10.000000;1.843099;0.000000;0.000000;0.000000;0.000000;0.000000;1.843099
6551;324.000000;50.000000;-6.000000;3.105859;0.000000;0.000000;0.000000;0.000000;0.000000;3.105859
6552;324.000000;50.000000;-2.000000;4.368620;0.000000;0.000000;0.000000;0.000000;0.000000;4.368620
6553;324.000000;50.000000;2.000000;5.631380;0.000000;0.000000;0.000000;0.000000;0.000000;5.631380
6554;324.000000;50.000000;6.000000;6.894141;0.000000;0.000000;0.000000;0.000000;0.000000;6.894141
6555;324.000000;50.000000;10.000000;8.156901;0.000000;0.000000;0.000000;0.000000;0.000000;8.156901
6556;324.000000;50.000000;14.000000;9.419662;0.000000;0.000000;0.000000;0.000000;0.000000;9.419662
6557;324.000000;50.000000;18.000000;10.682422;0.000000;0.000000;0.000000;0.000000;0.000000;10.682422
6558;324.000000;50.000000;22.000000;11.945183;0.000000;0.000000;0.000000;0.000000;0.000000;11.945183
6559;324.000000;50.000000;26.000000;13.207943;0.000000;0.000000;0.000000;0.000000;0.000000;13.207943
6560;324.000000;50.000000;30.000000;14.470704;0.000000;0.000000;0.000000;0.000000;0.000000;14.470704
6561;328.000000;-50.000000;-30.000000;-3.972246;0.000000;0.000000;0.000000;0.000000;0.000000;3.972246
6562;328.000000;-50.000000;-26.000000;-2.775946;0.000000;0.000000;0.000000;0.000000;0.000000;2.775946
6563;328.000000;-50.000000;-22.000000;-1.579647;0.000000;0.000000;0.000000;0.000000;0.000000;1.579647
6564;328.000000;-50.000000;-18.000000;-0.383348;0.000000;0.000000;0.000000;0.000000;0.000000;0.383348
6565;328.000000;-50.000000;-14.000000;0.812952;0.000000;0.000000;0.000000;0.000000;0.000000;0.812952
6566;328.000000;-50.000000;-10.000000;2.009251;0.000000;0.000000;0.000000;0.000000;0.000000;2.009251
6567;328.000000;-50.000000;-6.000000;3.205551;0.000000;0.000000;0.000000;0.000000;0.000000;3.205551
6568;328.000000;-50.000000;-2.000000;4.401850;0.000000;0.000000;0.000000;0.000000;0.000000;4.401850
6569;328.000000;-50.000000;2.000000;5.598150;0.000000;0.000000;0.000000;0.000000;0.000000;5.598150
6570;328.000000;-50.000000;6.000000;6.794449;0.000000;0.000000;0.000000;0.000000;0.000000;6.794449
6571;328.000000;-50.000000;10.000000;7.990749;0.000000;0.000000;0.000000;0.000000;0.000000;7.990749
6572;328.000000;-50.000000;14.000000;9.187048;0.000000;0.000000;0.000000;0.000000;0.000000;9.187048
6573;328.000000;-50.000000;18.000000;10.383348;0.000000;0.000000;0.000000;0.000000;0.000000;10.383348
6574;328.000000;-50.000000;22.000000;11.579647;0.000000;0.000000;0.000000;0.000000;0.000000;11.579647
6575;328.000000;-50.000000;26.000000;12.775946;0.000000;0.000000;0.000000;0.000000;0.000000;12.775946
6576;328.000000;-50.000000;30.000000;13.972246;0.000000;0.000000;0.000000;0.000000;0.000000;13.972246
6577;328.000000;-46.000000;-30.000000;-3.972246;0.000000;0.000000;0.000000;0.000000;0.000000;3.972246
6578;328.000000;-46.000000;30.000000;13.972246;0.000000;0.000000;0.000000;0.000000;0.000000;13.972246
6579;328.000000;-42.000000;-30.000000;-3.972246;0.000000;0.000000;0.000000;0.000000;0.000000;3.972246
6580;328.000000;-42.000000;30.000000;13.972246;0.000000;0.000000;0.000000;0.000000;0.000000;13.972246
6581;328.000000;-38.000000;-30.000000;-3.972246;0.000000;0.000000;0.000000;0.000000;0.000000;3.972246
6582;328.000000;-38.000000;30.000000;13.972246;0.000000;0.000000;0.000000;0.000000;0.000000;13.972246
6583;328.000000;-34.000000;-30.000000;-3.972246;0.000000;0.000000;0.000000;0.000000;0.000000;3.972246
6584;328.000000;-34.000000;30.000000;13.972246;0.000000;0.000000;0.000000;0.000000;0.000000;13.972246
6585;328.000000;-30.000000;-30.000000;-3.972246;0.000000;0.000000;0.000000;0.000000;0.000000;3.972246
6586;328.000000;-30.000000;30.000000;13.972246;0.000000;0.000000;0.000000;0.000000;0.000000;13.972246
6587;328.000000;-26.000000;-30.000000;-3.972246;0.000000;0.000000;0.000000;0.000000;0.000000;3.972246
6588;328.000000;-26.000000;30.000000;13.972246;0.000000;0.000000;0.000000;0.000000;0.000000;13.972246
6589;328.000000;-22.000000;-30.000000;-3.972246;0.000000;0.000000;0.000000;0.000000;0.000000;3.972246
6590;328.000000;-22.000000;30.000000;13.972246;0.000000;0.000000;0.000000;0.000000;0.000000;13.972246
6591;328.000000;-18.000000;-30.000000;-3.972246;0.000000;0.000000;0.000000;0.000000;0.000000;3.972246
6592;328.000000;-18.000000;30.000000;13.972246;0.000000;0.000000;0.000000;0.000000;0.000000;13.972246
6593;328.000000;-14.000000;-30.000000;-3.972246;0.000000;0.000000;0.000000;0.000000;0.000000;3.972246
6594;328.000000;-14.000000;30.000000;13.972246;0.000000;0.000000;0.000000;0.000000;0.000000;13.972246
6595;328.000000;-10.000000;-30.000000;-3.972246;0.000000;0.000000;0.000000;0.000000;0.000000;3.972246
6596;328.000000;-10.000000;30.000000;13.972246;0.000000;0.000000;0.000000;0.000000;0.000000;13.972246
6597;328.000000;-6.000000;-30.000000;-3.972246;0.000000;0.000000;0.000000;0.000000;0.000000;3.972246
6598;328.000000;-6.000000;30.000000;13.972246;0.000000;0.000000;0.000000;0.000000;0.000000;13.972246
6599;328.000000;-2.000000;-30.000000;-3.972246;0.000000;0.000000;0.000000;0.000000;0.000000;3.972246
6600;328.000000;-2.000000;30.000000;13.972246;0.000000;0.000000;0.000000;0.000000;0.000000;13.972246
6601;328.000000;2.000000;-30.000000;-3.972246;0.000000;0.000000;0.000000;0.000000;0.000000;3.972246
6602;328.000000;2.000000;30.000000;13.972246;0.000000;0.000000;0.000000;0.000000;0.000000;13.972246
6603;328.000000;6.000000;-30.000000;-3.972246;0.000000;0.000000;0.000000;0.000000;0.000000;3.972246
6604;328.000000;6.000000;30.000000;13.972246;0.000000;0.000000;0.000000;0.000000;0.000000;13.972246
6605;328.000000;10.000000;-30.000000;-3.972246;0.000000;0.000000;0.000000;0.000000;0.000000;3.972246
6606;328.000000;10.000000;30.000000;13.972246;0.000000;0.000000;0.000000;0.000000;0.000000;13.972246
6607;328.000000;14.000000;-30.000000;-3.972246;0.000000;0.000000;0.000000;0.000000;0.000000;3.972246
6608;328.000000;14.000000;30.000000;13.972246;0.000000;0.000000;0.000000;0.000000;0.000000;13.972246
6609;328.000000;18.000000;-30.000000;-3.972246;0.000000;0.000000;0.000000;0.000000;0.000000;3.972246
6610;328.000000;18.000000;30.000000;13.972246;0.000000;0.000000;0.000000;0.000000;0.000000;13.972246
6611;328.000000;22.000000;-30.000000;-3.972246;0.000000;0.000000;0.000000;0.000000;0.000000;3.972246
6612;328.000000;22.000000;30.000000;13.972246;0.000000;0.000000;0.000000;0.000000;0.000000;13.972246
6613;328.000000;26.000000;-30.000000;-3.972246;0.000000;0.000000;0.000000;0.000000;0.000000;3.972246
6614;328.000000;26.000000;30.000000;13.972246;0.000000;0.000000;0.000000;0.000000;0.000000;13.972246
6615;328.000000;30.000000;-30.000000;-3.972246;0.000000;0.000000;0.000000;0.000000;0.000000;3.972246
6616;328.000000;30.000000;30.000000;13.972246;0.000000;0.000000;0.000000;0.000000;0.000000;13.972246
6617;328.000000;34.000000;-30.000000;-3.972246;0.000000;0.000000;0.000000;0.000000;0.000000;3.972246
6618;328.000000;34.000000;30.000000;13.972246;0.000000;0.000000;0.000000;0.000000;0.000000;13.972246
6619;328.000000;38.000000;-30.000000;-3.972246;0.000000;0.000000;0.000000;0.000000;0.000000;3.972246
6620;328.000000;38.000000;30.000000;13.972246;0.000000;0.000000;0.000000;0.000000;0.000000;13.972246
6621;328.000000;42.000000;-30.000000;-3.972246;0.000000;0.000000;0.000000;0.000000;0.000000;3.972246
6622;328.000000;42.000000;30.000000;13.972246;0.000000;0.000000;0.000000;0.000000;0.000000;13.972246
6623;328.000000;46.000000;-30.000000;-3.972246;0.000000;0.000000;0.000000;0.000000;0.000000;3.972246
6624;328.000000;46.000000;30.000000;13.972246;0.000000;0.000000;0.000000;0.000000;0.000000;13.972246
6625;328.000000;50.000000;-30.000000;-3.972246;0.000000;0.000000;0.000000;0.000000;0.000000;3.972246
6626;328.000000;50.000000;-26.000000;-2.775946;0.000000;0.000000;0.000000;0.000000;0.000000;2.775946
6627;328.000000;50.000000;-22.000000;-1.579647;0.000000;0.000000;0.000000;0.000000;0.000000;1.579647
6628;328.000000;50.000000;-18.000000;-0.383348;0.000000;0.000000;0.000000;0.000000;0.000000;0.383348
6629;328.000000;50.000000;-14.000000;0.812952;0.000000;0.000000;0.000000;0.000000;0.000000;0.812952
6630;328.000000;50.000000;-10.000000;2.009251;0.000000;0.000000;0.000000;0.000000;0.000000;2.009251
6631;328.000000;50.000000;-6.000000;3.205551;0.000000;0.000000;0.000000;0.000000;0.000000;3.205551
6632;328.000000;50.000000;-2.000000;4.401850;0.000000;0.000000;0.000000;0.000000;0.000000;4.401850
6633;328.000000;50.000000;2.000000;5.598150;0.000000;0.000000;0.000000;0.000000;0.000000;5.598150
6634;328.000000;50.000000;6.000000;6.794449;0.000000;0.000000;0.000000;0.000000;0.000000;6.794449
6635;328.000000;50.000000;10.000000;7.990749;0.000000;0.000000;0.000000;0.000000;0.000000;7.990749
6636;328.000000;50.000000;14.000000;9.187048;0.000000;0.000000;0.000000;0.000000;0.000000;9.187048
6637;328.000000;50.000000;18.000000;10.383348;0.000000;0.000000;0.000000;0.000000;0.000000;10.383348
6638;328.000000;50.000000;22.000000;11.579647;0.000000;0.000000;0.000000;0.000000;0.000000;11.579647
6639;328.000000;50.000000;26.000000;12.775946;0.000000;0.000000;0.000000;0.000000;0.000000;12.775946
6640;328.000000;50.000000;30.000000;13.972246;0.000000;0.000000;0.000000;0.000000;0.000000;13.972246
6641;332.000000;-50.000000;-30.000000;-3.473788;0.000000;0.000000;0.000000;0.000000;0.000000;3.473788
6642;332.000000;-50.000000;-26.000000;-2.343949;0.000000;0.000000;0.000000;0.000000;0.000000;2.343949
6643;332.000000;-50.000000;-22.000000;-1.214111;0.000000;0.000000;0.000000;0.000000;0.000000;1.214111
6644;332.000000;-50.000000;-18.000000;-0.084273;0.000000;0.000000;0.000000;0.000000;0.000000;0.084273
6645;332.000000;-50.000000;-14.000000;1.045566;0.000000;0.000000;0.000000;0.000000;0.000000;1.045566
6646;332.000000;-50.000000;-10.000000;2.175404;0.000000;0.000000;0.000000;0.000000;0.000000;2.175404
6647;332.000000;-50.000000;-6.000000;3.305242;0.000000;0.000000;0.000000;0.000000;0.000000;3.305242
6648;332.000000;-50.000000;-2.000000;4.435081;0.000000;0.000000;0.000000;0.000000;0.000000;4.435081
6649;332.000000;-50.000000;2.000000;5.564919;0.000000;0.000000;0.000000;0.000000;0.000000;5.564919
6650;332.000000;-50.000000;6.000000;6.694758;0.000000;0.000000;0.000000;0.000000;0.000000;6.694758
6651;332.000000;-50.000000;10.000000;7.824596;0.000000;0.000000;0.000000;0.000000;0.000000;7.824596
6652;332.000000;-50.000000;14.000000;8.954434;0.000000;0.000000;0.000000;0.000000;0.000000;8.954434
6653;332.000000;-50.000000;18.000000;10.084273;0.000000;0.000000;0.000000;0.000000;0.000000;10.084273
6654;332.000000;-50.000000;22.000000;11.214111;0.000000;0.000000;0.000000;0.000000;0.000000;11.214111
6655;332.000000;-50.000000;26.000000;12.343949;0.000000;0.000000;0.000000;0.000000;0.000000;12.343949
6656;332.000000;-50.000000;30.000000;13.473788;0.000000;0.000000;0.000000;0.000000;0.000000;13.473788
6657;332.000000;-46.000000;-30.000000;-3.473788;0.000000;0.000000;0.000000;0.000000;0.000000;3.473788
6658;332.000000;-46.000000;30.000000;13.473788;0.000000;0.000000;0.000000;0.000000;0.000000;13.473788
6659;332.000000;-42.000000;-30.000000;-3.473788;0.000000;0.000000;0.000000;0.000000;0.000000;3.473788
6660;332.000000;-42.000000;30.000000;13.473788;0.000000;0.000000;0.000000;0.000000;0.000000;13.473788
6661;332.000000;-38.000000;-30.000000;-3.473788;0.000000;0.000000;0.000000;0.000000;0.000000;3.473788
6662;332.000000;-38.000000;30.000000;13.473788;0.000000;0.000000;0.000000;0.000000;0.000000;13.473788
6663;332.000000;-34.000000;-30.000000;-3.473788;0.000000;0.000000;0.000000;0.000000;0.000000;3.473788
6664;332.000000;-34.000000;30.000000;13.473788;0.000000;0.000000;0.000000;0.000000;0.000000;13.473788
6665;332.000000;-30.000000;-30.000000;-3.473788;0.000000;0.000000;0.000000;0.000000;0.000000;3.473788
6666;332.000000;-30.000000;30.000000;13.473788;0.000000;0.000000;0.000000;0.000000;0.000000;13.473788
6667;332.000000;-26.000000;-30.000000;-3.473788;0.000000;0.000000;0.000000;0.000000;0.000000;3.473788
6668;332.000000;-26.000000;30.000000;13.473788;0.000000;0.000000;0.000000;0.000000;0.000000;13.473788
6669;332.000000;-22.000000;-30.000000;-3.473788;0.000000;0.000000;0.000000;0.000000;0.000000;3.473788
6670;332.000000;-22.000000;30.000000;13.473788;0.000000;0.000000;0.000000;0.000000;0.000000;13.473788
6671;332.000000;-18.000000;-30.000000;-3.473788;0.000000;0.000000;0.000000;0.000000;0.000000;3.473788
6672;332.000000;-18.000000;30.000000;13.473788;0.000000;0.000000;0.000000;0.000000;0.000000;13.473788
6673;332.000000;-14.000000;-30.000000;-3.473788;0.000000;0.000000;0.000000;0.000000;0.000000;3.473788
6674;332.000000;-14.000000;30.000000;13.473788;0.000000;0.000000;0.000000;0.000000;0.000000;13.473788
6675;332.000000;-10.000000;-30.000000;-3.473788;0.000000;0.000000;0.000000;0.000000;0.000000;3.473788
6676;332.000000;-10.000000;30.000000;13.473788;0.000000;0.000000;0.000000;0.000000;0.000000;13.473788
6677;332.000000;-6.000000;-30.000000;-3.473788;0.000000;0.000000;0.000000;0.000000;0.000000;3.473788
6678;332.000000;-6.000000;30.000000;13.473788;0.000000;0.000000;0.000000;0.000000;0.000000;13.473788
6679;332.000000;-2.000000;-30.000000;-3.473788;0.000000;0.000000;0.000000;0.000000;0.000000;3.473788
6680;332.000000;-2.000000;30.000000;13.473788;0.000000;0.000000;0.000000;0.000000;0.000000;13.473788
6681;332.000000;2.000000;-30.000000;-3.473788;0.000000;0.000000;0.000000;0.000000;0.000000;3.473788
6682;332.000000;2.000000;30.000000;13.473788;0.000000;0.000000;0.000000;0.000000;0.000000;13.473788
6683;332.000000;6.000000;-30.000000;-3.473788;0.000000;0.000000;0.000000;0.000000;0.000000;3.473788
6684;332.000000;6.000000;30.000000;13.473788;0.000000;0.000000;0.000000;0.000000;0.000000;13.473788
6685;332.000000;10.000000;-30.000000;-3.473788;0.000000;0.000000;0.000000;0.000000;0.000000;3.473788
6686;332.000000;10.000000;30.000000;13.473788;0.000000;0.000000;0.000000;0.000000;0.000000;13.473788
6687;332.000000;14.000000;-30.000000;-3.473788;0.000000;0.000000;0.000000;0.000000;0.000000;3.473788
6688;332.000000;14.000000;30.000000;13.473788;0.000000;0.000000;0.000000;0.000000;0.000000;13.473788
6689;332.000000;18.000000;-30.000000;-3.473788;0.000000;0.000000;0.000000;0.000000;0.000000;3.473788
6690;332.000000;18.000000;30.000000;13.473788;0.000000;0.000000;0.000000;0.000000;0.000000;13.473788
6691;332.000000;22.000000;-30.000000;-3.473788;0.000000;0.000000;0.000000;0.000000;0.000000;3.473788
6692;332.000000;22.000000;30.000000;13.473788;0.000000;0.000000;0.000000;0.000000;0.000000;13.473788
6693;332.000000;26.000000;-30.000000;-3.473788;0.000000;0.000000;0.000000;0.000000;0.000000;3.473788
6694;332.000000;26.000000;30.000000;13.473788;0.000000;0.000000;0.000000;0.000000;0.000000;13.473788
6695;332.000000;30.000000;-30.000000;-3.473788;0.000000;0.000000;0.000000;0.000000;0.000000;3.473788
6696;332.000000;30.000000;30.000000;13.473788;0.000000;0.000000;0.000000;0.000000;0.000000;13.473788
6697;332.000000;34.000000;-30.000000;-3.473788;0.000000;0.000000;0.000000;0.000000;0.000000;3.473788
6698;332.000000;34.000000;30.000000;13.473788;0.000000;0.000000;0.000000;0.000000;0.000000;13.473788
6699;332.000000;38.000000;-30.000000;-3.473788;0.000000;0.000000;0.000000;0.000000;0.000000;3.473788
6700;332.000000;38.000000;30.000000;13.473788;0.000000;0.000000;0.000000;0.000000;0.000000;13.473788
6701;332.000000;42.000000;-30.000000;-3.473788;0.000000;0.000000;0.000000;0.000000;0.000000;3.473788
6702;332.000000;42.000000;30.000000;13.473788;0.000000;0.000000;0.000000;0.000000;0.000000;13.473788
6703;332.000000;46.000000;-30.000000;-3.473788;0.000000;0.000000;0.000000;0.000000;0.000000;3.473788
6704;332.000000;46.000000;30.000000;13.473788;0.000000;0.000000;0.000000;0.000000;0.000000;13.473788
6705;332.000000;50.000000;-30.000000;-3.473788;0.000000;0.000000;0.000000;0.000000;0.000000;3.473788
6706;332.000000;50.000000;-26.000000;-2.343949;0.000000;0.000000;0.000000;0.000000;0.000000;2.343949
6707;332.000000;50.000000;-22.000000;-1.214111;0.000000;0.000000;0.000000;0.000000;0.000000;1.214111
6708;332.000000;50.000000;-18.000000;-0.084273;0.000000;0.000000;0.000000;0.000000;0.000000;0.084273
6709;332.000000;50.000000;-14.000000;1.045566;0.000000;0.000000;0.000000;0.000000;0.000000;1.045566
6710;332.000000;50.000000;-10.000000;2.175404;0.000000;0.000000;0.000000;0.000000;0.000000;2.175404
6711;332.000000;50.000000;-6.000000;3.305242;0.000000;0.000000;0.000000;0.000000;0.000000;3.305242
6712;332.000000;50.000000;-2.000000;4.435081;0.000000;0.000000;0.000000;0.000000;0.000000;4.435081
6713;332.000000;50.000000;2.000000;5.564919;0.000000;0.000000;0.000000;0.000000;0.000000;5.564919
6714;332.000000;50.000000;6.000000;6.694758;0.000000;0.000000;0.000000;0.000000;0.000000;6.694758
6715;332.000000;50.000000;10.000000;7.824596;0.000000;0.000000;0.000000;0.000000;0.000000;7.824596
6716;332.000000;50.000000;14.000000;8.954434;0.000000;0.000000;0.000000;0.000000;0.000000;8.954434
6717;332.000000;50.000000;18.000000;10.084273;0.000000;0.000000;0.000000;0.000000;0.000000;10.084273
6718;332.000000;50.000000;22.000000;11.214111;0.000000;0.000000;0.000000;0.000000;0.000000;11.214111
6719;332.000000;50.000000;26.000000;12.343949;0.000000;0.000000;0.000000;0.000000;0.000000;12.343949
6720;332.000000;50.000000;30.000000;13.473788;0.000000;0.000000;0.000000;0.000000;0.000000;13.473788
6721;336.000000;-50.000000;-30.000000;-2.975330;0.000000;0.000000;0.000000;0.000000;0.000000;2.975330
6722;336.000000;-50.000000;-26.000000;-1.911952;0.000000;0.000000;0.000000;0.000000;0.000000;1.911952
6723;336.000000;-50.000000;-22.000000;-0.848575;0.000000;0.000000;0.000000;0.000000;0.000000;0.848575
6724;336.000000;-50.000000;-18.000000;0.214802;0.000000;0.000000;0.000000;0.000000;0.000000;0.214802
6725;336.000000;-50.000000;-14.000000;1.278179;0.000000;0.000000;0.000000;0.000000;0.000000;1.278179
6726;336.000000;-50.000000;-10.000000;2.341557;0.000000;0.000000;0.000000;0.000000;0.000000;2.341557
6727;336.000000;-50.000000;-6.000000;3.404934;0.000000;0.000000;0.000000;0.000000;0.000000;3.404934
6728;336.000000;-50.000000;-2.000000;4.468311;0.000000;0.000000;0.000000;0.000000;0.000000;4.468311
6729;336.000000;-50.000000;2.000000;5.531689;0.000000;0.000000;0.000000;0.000000;0.000000;5.531689
6730;336.000000;-50.000000;6.000000;6.595066;0.000000;0.000000;0.000000;0.000000;0.000000;6.595066
6731;336.000000;-50.000000;10.000000;7.658443;0.000000;0.000000;0.000000;0.000000;0.000000;7.658443
6732;336.000000;-50.000000;14.000000;8.721821;0.000000;0.000000;0.000000;0.000000;0.000000;8.721821
6733;336.000000;-50.000000;18.000000;9.785198;0.000000;0.000000;0.000000;0.000000;0.000000;9.785198
6734;336.000000;-50.000000;22.000000;10.848575;0.000000;0.000000;0.000000;0.000000;0.000000;10.848575
6735;336.000000;-50.000000;26.000000;11.911952;0.000000;0.000000;0.000000;0.000000;0.000000;11.911952
6736;336.000000;-50.000000;30.000000;12.975330;0.000000;0.000000;0.000000;0.000000;0.000000;12.975330
6737;336.000000;-46.000000;-30.000000;-2.975330;0.000000;0.000000;0.000000;0.000000;0.000000;2.975330
6738;336.000000;-46.000000;30.000000;12.975330;0.000000;0.000000;0.000000;0.000000;0.000000;12.975330
6739;336.000000;-42.000000;-30.000000;-2.975330;0.000000;0.000000;0.000000;0.000000;0.000000;2.975330
6740;336.000000;-42.000000;30.000000;12.975330;0.000000;0.000000;0.000000;0.000000;0.000000;12.975330
6741;336.000000;-38.000000;-30.000000;-2.975330;0.000000;0.000000;0.000000;0.000000;0.000000;2.975330
6742;336.000000;-38.000000;30.000000;12.975330;0.000000;0.000000;0.000000;0.000000;0.000000;12.975330
6743;336.000000;-34.000000;-30.000000;-2.975330;0.000000;0.000000;0.000000;0.000000;0.000000;2.975330
6744;336.000000;-34.000000;30.000000;12.975330;0.000000;0.000000;0.000000;0.000000;0.000000;12.975330
6745;336.000000;-30.000000;-30.000000;-2.975330;0.000000;0.000000;0.000000;0.000000;0.000000;2.975330
6746;336.000000;-30.000000;30.000000;12.975330;0.000000;0.000000;0.000000;0.000000;0.000000;12.975330
6747;336.000000;-26.000000;-30.000000;-2.975330;0.000000;0.000000;0.000000;0.000000;0.000000;2.975330
6748;336.000000;-26.000000;30.000000;12.975330;0.000000;0.000000;0.000000;0.000000;0.000000;12.975330
6749;336.000000;-22.000000;-30.000000;-2.975330;0.000000;0.000000;0.000000;0.000000;0.000000;2.975330
6750;336.000000;-22.000000;30.000000;12.975330;0.000000;0.000000;0.000000;0.000000;0.000000;12.975330
6751;336.000000;-18.000000;-30.000000;-2.975330;0.000000;0.000000;0.000000;0.000000;0.000000;2.975330
6752;336.000000;-18.000000;30.000000;12.975330;0.000000;0.000000;0.000000;0.000000;0.000000;12.975330
6753;336.000000;-14.000000;-30.000000;-2.975330;0.000000;0.000000;0.000000;0.000000;0.000000;2.975330
6754;336.000000;-14.000000;30.000000;12.975330;0.000000;0.000000;0.000000;0.000000;0.000000;12.975330
6755;336.000000;-10.000000;-30.000000;-2.975330;0.000000;0.000000;0.000000;0.000000;0.000000;2.975330
6756;336.000000;-10.000000;30.000000;12.975330;0.000000;0.000000;0.000000;0.000000;0.000000;12.975330
6757;336.000000;-6.000000;-30.000000;-2.975330;0.000000;0.000000;0.000000;0.000000;0.000000;2.975330
6758;336.000000;-6.000000;30.000000;12.975330;0.000000;0.000000;0.000000;0.000000;0.000000;12.975330
6759;336.000000;-2.000000;-30.000000;-2.975330;0.000000;0.000000;0.000000;0.000000;0.000000;2.975330
6760;336.000000;-2.000000;30.000000;12.975330;0.000000;0.000000;0.000000;0.000000;0.000000;12.975330
6761;336.000000;2.000000;-30.000000;-2.975330;0.000000;0.000000;0.000000;0.000000;0.000000;2.975330
6762;336.000000;2.000000;30.000000;12.975330;0.000000;0.000000;0.000000;0.000000;0.000000;12.975330
6763;336.000000;6.000000;-30.000000;-2.975330;0.000000;0.000000;0.000000;0.000000;0.000000;2.975330
6764;336.000000;6.000000;30.000000;12.975330;0.000000;0.000000;0.000000;0.000000;0.000000;12.975330
6765;336.000000;10.000000;-30.000000;-2.975330;0.000000;0.000000;0.000000;0.000000;0.000000;2.975330
6766;336.000000;10.000000;30.000000;12.975330;0.000000;0.000000;0.000000;0.000000;0.000000;12.975330
6767;336.000000;14.000000;-30.000000;-2.975330;0.000000;0.000000;0.000000;0.000000;0.000000;2.975330
6768;336.000000;14.000000;30.000000;12.975330;0.000000;0.000000;0.000000;0.000000;0.000000;12.975330
6769;336.000000;18.000000;-30.000000;-2.975330;0.000000;0.000000;0.000000;0.000000;0.000000;2.975330
6770;336.000000;18.000000;30.000000;12.975330;0.000000;0.000000;0.000000;0.000000;0.000000;12.975330
6771;336.000000;22.000000;-30.000000;-2.975330;0.000000;0.000000;0.000000;0.000000;0.000000;2.975330
6772;336.000000;22.000000;30.000000;12.975330;0.000000;0.000000;0.000000;0.000000;0.000000;12.975330
6773;336.000000;26.000000;-30.000000;-2.975330;0.000000;0.000000;0.000000;0.000000;0.000000;2.975330
6774;336.000000;26.000000;30.000000;12.975330;0.000000;0.000000;0.000000;0.000000;0.000000;12.975330
6775;336.000000;30.000000;-30.000000;-2.975330;0.000000;0.000000;0.000000;0.000000;0.000000;2.975330
6776;336.000000;30.000000;30.000000;12.975330;0.000000;0.000000;0.000000;0.000000;0.000000;12.975330
6777;336.000000;34.000000;-30.000000;-2.975330;0.000000;0.000000;0.000000;0.000000;0.000000;2.975330
6778;336.000000;34.000000;30.000000;12.975330;0.000000;0.000000;0.000000;0.000000;0.000000;12.975330
6779;336.000000;38.000000;-30.000000;-2.975330;0.000000;0.000000;0.000000;0.000000;0.000000;2.975330
6780;336.000000;38.000000;30.000000;12.975330;0.000000;0.000000;0.000000;0.000000;0.000000;12.975330
6781;336.000000;42.000000;-30.000000;-2.975330;0.000000;0.000000;0.000000;0.000000;0.000000;2.975330
6782;336.000000;42.000000;30.000000;12.975330;0.000000;0.000000;0.000000;0.000000;0.000000;12.975330
6783;336.000000;46.000000;-30.000000;-2.975330;0.000000;0.000000;0.000000;0.000000;0.000000;2.975330
6784;336.000000;46.000000;30.000000;12.975330;0.000000;0.000000;0.000000;0.000000;0.000000;12.975330
6785;336.000000;50.000000;-30.000000;-2.975330;0.000000;0.000000;0.000000;0.000000;0.000000;2.975330
6786;336.000000;50.000000;-26.000000;-1.911952;0.000000;0.000000;0.000000;0.000000;0.000000;1.911952
6787;336.000000;50.000000;-22.000000;-0.848575;0.000000;0.000000;0.000000;0.000000;0.000000;0.848575
6788;336.000000;50.000000;-18.000000;0.214802;0.000000;0.000000;0.000000;0.000000;0.000000;0.214802
6789;336.000000;50.000000;-14.000000;1.278179;0.000000;0.000000;0.000000;0.000000;0.000000;1.278179
6790;336.000000;50.000000;-10.000000;2.341557;0.000000;0.000000;0.000000;0.000000;0.000000;2.341557
6791;336.000000;50.000000;-6.000000;3.404934;0.000000;0.000000;0.000000;0.000000;0.000000;3.404934
6792;336.000000;50.000000;-2.000000;4.468311;0.000000;0.000000;0.000000;0.000000;0.000000;4.468311
6793;336.000000;50.000000;2.000000;5.531689;0.000000;0.000000;0.000000;0.000000;0.000000;5.531689
6794;336.000000;50.000000;6.000000;6.595066;0.000000;0.000000;0.000000;0.000000;0.000000;6.595066
6795;336.000000;50.000000;10.000000;7.658443;0.000000;0.000000;0.000000;0.000000;0.000000;7.658443
6796;336.000000;50.000000;14.000000;8.721821;0.000000;0.000000;0.000000;0.000000;0.000000;8.721821
6797;336.000000;50.000000;18.000000;9.785198;0.000000;0.000000;0.000000;0.000000;0.000000;9.785198
6798;336.000000;50.000000;22.000000;10.848575;0.000000;0.000000;0.000000;0.000000;0.000000;10.848575
6799;336.000000;50.000000;26.000000;11.911952;0.000000;0.000000;0.000000;0.000000;0.000000;11.911952
6800;336.000000;50.000000;30.000000;12.975330;0.000000;0.000000;0.000000;0.000000;0.000000;12.975330
6801;340.000000;-50.000000;-30.000000;-2.476872;0.000000;0.000000;0.000000;0.000000;0.000000;2.476872
6802;340.000000;-50.000000;-26.000000;-1.479955;0.000000;0.000000;0.000000;0.000000;0.000000;1.479955
6803;340.000000;-50.000000;-22.000000;-0.483039;0.000000;0.000000;0.000000;0.000000;0.000000;0.483039
6804;340.000000;-50.000000;-18.000000;0.513877;0.000000;0.000000;0.000000;0.000000;0.000000;0.513877
6805;340.000000;-50.000000;-14.000000;1.510793;0.000000;0.000000;0.000000;0.000000;0.000000;1.510793
6806;340.000000;-50.000000;-10.000000;2.507709;0.000000;0.000000;0.000000;0.000000;0.000000;2.507709
6807;340.000000;-50.000000;-6.000000;3.504626;0.000000;0.000000;0.000000;0.000000;0.000000;3.504626
6808;340.000000;-50.000000;-2.000000;4.501542;0.000000;0.000000;0.000000;0.000000;0.000000;4.501542
6809;340.000000;-50.000000;2.000000;5.498458;0.000000;0.000000;0.000000;0.000000;0.000000;5.498458
6810;340.000000;-50.000000;6.000000;6.495374;0.000000;0.000000;0.000000;0.000000;0.000000;6.495374
6811;340.000000;-50.000000;10.000000;7.492291;0.000000;0.000000;0.000000;0.000000;0.000000;7.492291
6812;340.000000;-50.000000;14.000000;8.489207;0.000000;0.000000;0.000000;0.000000;0.000000;8.489207
6813;340.000000;-50.000000;18.000000;9.486123;0.000000;0.000000;0.000000;0.000000;0.000000;9.486123
6814;340.000000;-50.000000;22.000000;10.483039;0.000000;0.000000;0.000000;0.000000;0.000000;10.483039
6815;340.000000;-50.000000;26.000000;11.479955;0.000000;0.000000;0.000000;0.000000;0.000000;11.479955
6816;340.000000;-50.000000;30.000000;12.476872;0.000000;0.000000;0.000000;0.000000;0.000000;12.476872
6817;340.000000;-46.000000;-30.000000;-2.476872;0.000000;0.000000;0.000000;0.000000;0.000000;2.476872
6818;340.000000;-46.000000;30.000000;12.476872;0.000000;0.000000;0.000000;0.000000;0.000000;12.476872
6819;340.000000;-42.000000;-30.000000;-2.476872;0.000000;0.000000;0.000000;0.000000;0.000000;2.476872
6820;340.000000;-42.000000;30.000000;12.476872;0.000000;0.000000;0.000000;0.000000;0.000000;12.476872
6821;340.000000;-38.000000;-30.000000;-2.476872;0.000000;0.000000;0.000000;0.000000;0.000000;2.476872
6822;340.000000;-38.000000;30.000000;12.476872;0.000000;0.000000;0.000000;0.000000;0.000000;12.476872
6823;340.000000;-34.000000;-30.000000;-2.476872;0.000000;0.000000;0.000000;0.000000;0.000000;2.476872
6824;340.000000;-34.000000;30.000000;12.476872;0.000000;0.000000;0.000000;0.000000;0.000000;12.476872
6825;340.000000;-30.000000;-30.000000;-2.476872;0.000000;0.000000;0.000000;0.000000;0.000000;2.476872
6826;340.000000;-30.000000;30.000000;12.476872;0.000000;0.000000;0.000000;0.000000;0.000000;12.476872
6827;340.000000;-26.000000;-30.000000;-2.476872;0.000000;0.000000;0.000000;0.000000;0.000000;2.476872
6828;340.000000;-26.000000;30.000000;12.476872;0.000000;0.000000;0.000000;0.000000;0.000000;12.476872
6829;340.000000;-22.000000;-30.000000;-2.476872;0.000000;0.000000;0.000000;0.000000;0.000000;2.476872
6830;340.000000;-22.000000;30.000000;12.476872;0.000000;0.000000;0.000000;0.000000;0.000000;12.476872
6831;340.000000;-18.000000;-30.000000;-2.476872;0.000000;0.000000;0.000000;0.000000;0.000000;2.476872
6832;340.000000;-18.000000;30.000000;12.476872;0.000000;0.000000;0.000000;0.000000;0.000000;12.476872
6833;340.000000;-14.000000;-30.000000;-2.476872;0.000000;0.000000;0.000000;0.000000;0.000000;2.476872
6834;340.000000;-14.000000;30.000000;12.476872;0.000000;0.000000;0.000000;0.000000;0.000000;12.476872
6835;340.000000;-10.000000;-30.000000;-2.476872;0.000000;0.000000;0.000000;0.000000;0.000000;2.476872
6836;340.000000;-10.000000;30.000000;12.476872;0.000000;0.000000;0.000000;0.000000;0.000000;12.476872
6837;340.000000;-6.000000;-30.000000;-2.476872;0.000000;0.000000;0.000000;0.000000;0.000000;2.476872
6838;340.000000;-6.000000;30.000000;12.476872;0.000000;0.000000;0.000000;0.000000;0.000000;12.476872
6839;340.000000;-2.000000;-30.000000;-2.476872;0.000000;0.000000;0.000000;0.000000;0.000000;2.476872
6840;340.000000;-2.000000;30.000000;12.476872;0.000000;0.000000;0.000000;0.000000;0.000000;12.476872
6841;340.000000;2.000000;-30.000000;-2.476872;0.000000;0.000000;0.000000;0.000000;0.000000;2.476872
6842;340.000000;2.000000;30.000000;12.476872;0.000000;0.000000;0.000000;0.000000;0.000000;12.476872
6843;340.000000;6.000000;-30.000000;-2.476872;0.000000;0.000000;0.000000;0.000000;0.000000;2.476872
6844;340.000000;6.000000;30.000000;12.476872;0.000000;0.000000;0.000000;0.000000;0.000000;12.476872
6845;340.000000;10.000000;-30.000000;-2.476872;0.000000;0.000000;0.000000;0.000000;0.000000;2.476872
6846;340.000000;10.000000;30.000000;12.476872;0.000000;0.000000;0.000000;0.000000;0.000000;12.476872
6847;340.000000;14.000000;-30.000000;-2.476872;0.000000;0.000000;0.000000;0.000000;0.000000;2.476872
6848;340.000000;14.000000;30.000000;12.476872;0.000000;0.000000;0.000000;0.000000;0.000000;12.476872
6849;340.000000;18.000000;-30.000000;-2.476872;0.000000;0.000000;0.000000;0.000000;0.000000;2.476872
6850;340.000000;18.000000;30.000000;12.476872;0.000000;0.000000;0.000000;0.000000;0.000000;12.476872
6851;340.000000;22.000000;-30.000000;-2.476872;0.000000;0.000000;0.000000;0.000000;0.000000;2.476872
6852;340.000000;22.000000;30.000000;12.476872;0.000000;0.000000;0.000000;0.000000;0.000000;12.476872
6853;340.000000;26.000000;-30.000000;-2.476872;0.000000;0.000000;0.000000;0.000000;0.000000;2.476872
6854;340.000000;26.000000;30.000000;12.476872;0.000000;0.000000;0.000000;0.000000;0.000000;12.476872
6855;340.000000;30.000000;-30.000000;-2.476872;0.000000;0.000000;0.000000;0.000000;0.000000;2.476872
6856;340.000000;30.000000;30.000000;12.476872;0.000000;0.000000;0.000000;0.000000;0.000000;12.476872
6857;340.000000;34.000000;-30.000000;-2.476872;0.000000;0.000000;0.000000;0.000000;0.000000;2.476872
6858;340.000000;34.000000;30.000000;12.476872;0.000000;0.000000;0.000000;0.000000;0.000000;12.476872
6859;340.000000;38.000000;-30.000000;-2.476872;0.000000;0.000000;0.000000;0.000000;0.000000;2.476872
6860;340.000000;38.000000;30.000000;12.476872;0.000000;0.000000;0.000000;0.000000;0.000000;12.476872
6861;340.000000;42.000000;-30.000000;-2.476872;0.000000;0.000000;0.000000;0.000000;0.000000;2.476872
6862;340.000000;42.000000;30.000000;12.476872;0.000000;0.000000;0.000000;0.000000;0.000000;12.476872
6863;340.000000;46.000000;-30.000000;-2.476872;0.000000;0.000000;0.000000;0.000000;0.000000;2.476872
6864;340.000000;46.000000;30.000000;12.476872;0.000000;0.000000;0.000000;0.000000;0.000000;12.476872
6865;340.000000;50.000000;-30.000000;-2.476872;0.000000;0.000000;0.000000;0.000000;0.000000;2.476872
6866;340.000000;50.000000;-26.000000;-1.479955;0.000000;0.000000;0.000000;0.000000;0.000000;1.479955
6867;340.000000;50.000000;-22.000000;-0.483039;0.000000;0.000000;0.000000;0.000000;0.000000;0.483039
6868;340.000000;50.000000;-18.000000;0.513877;0.000000;0.000000;0.000000;0.000000;0.000000;0.513877
6869;340.000000;50.000000;-14.000000;1.510793;0.000000;0.000000;0.000000;0.000000;0.000000;1.510793
6870;340.000000;50.000000;-10.000000;2.507709;0.000000;0.000000;0.000000;0.000000;0.000000;2.507709
6871;340.000000;50.000000;-6.000000;3.504626;0.000000;0.000000;0.000000;0.000000;0.000000;3.504626
6872;340.000000;50.000000;-2.000000;4.501542;0.000000;0.000000;0.000000;0.000000;0.000000;4.501542
6873;340.000000;50.000000;2.000000;5.498458;0.000000;0.000000;0.000000;0.000000;0.000000;5.498458
6874;340.000000;50.000000;6.000000;6.495374;0.000000;0.000000;0.000000;0.000000;0.000000;6.495374
6875;340.000000;50.000000;10.000000;7.492291;0.000000;0.000000;0.000000;0.000000;0.000000;7.492291
6876;340.000000;50.000000;14.000000;8.489207;0.000000;0.000000;0.000000;0.000000;0.000000;8.489207
6877;340.000000;50.000000;18.000000;9.486123;0.000000;0.000000;0.000000;0.000000;0.000000;9.486123
6878;340.000000;50.000000;22.000000;10.483039;0.000000;0.000000;0.000000;0.000000;0.000000;10.483039
6879;340.000000;50.000000;26.000000;11.479955;0.000000;0.000000;0.000000;0.000000;0.000000;11.479955
6880;340.000000;50.000000;30.000000;12.476872;0.000000;0.000000;0.000000;0.000000;0.000000;12.476872
6881;344.000000;-50.000000;-30.000000;-1.978413;0.000000;0.000000;0.000000;0.000000;0.000000;1.978413
6882;344.000000;-50.000000;-26.000000;-1.047958;0.000000;0.000000;0.000000;0.000000;0.000000;1.047958
6883;344.000000;-50.000000;-22.000000;-0.117503;0.000000;0.000000;0.000000;0.000000;0.000000;0.117503
6884;344.000000;-50.000000;-18.000000;0.812952;0.000000;0.000000;0.000000;0.000000;0.000000;0.812952
6885;344.000000;-50.000000;-14.000000;1.743407;0.000000;0.000000;0.000000;0.000000;0.000000;1.743407
6886;344.000000;-50.000000;-10.000000;2.673862;0.000000;0.000000;0.000000;0.000000;0.000000;2.673862
6887;344.000000;-50.000000;-6.000000;3.604317;0.000000;0.000000;0.000000;0.000000;0.000000;3.604317
6888;344.000000;-50.000000;-2.000000;4.534772;0.000000;0.000000;0.000000;0.000000;0.000000;4.534772
6889;344.000000;-50.000000;2.000000;5.465228;0.000000;0.000000;0.000000;0.000000;0.000000;5.465228
6890;344.000000;-50.000000;6.000000;6.395683;0.000000;0.000000;0.000000;0.000000;0.000000;6.395683
6891;344.000000;-50.000000;10.000000;7.326138;0.000000;0.000000;0.000000;0.000000;0.000000;7.326138
6892;344.000000;-50.000000;14.000000;8.256593;0.000000;0.000000;0.000000;0.000000;0.000000;8.256593
6893;344.000000;-50.000000;18.000000;9.187048;0.000000;0.000000;0.000000;0.000000;0.000000;9.187048
6894;344.000000;-50.000000;22.000000;10.117503;0.000000;0.000000;0.000000;0.000000;0.000000;10.117503
6895;344.000000;-50.000000;26.000000;11.047958;0.000000;0.000000;0.000000;0.000000;0.000000;11.047958
6896;344.000000;-50.000000;30.000000;11.978413;0.000000;0.000000;0.000000;0.000000;0.000000;11.978413
6897;344.000000;-46.000000;-30.000000;-1.978413;0.000000;0.000000;0.000000;0.000000;0.000000;1.978413
6898;344.000000;-46.000000;30.000000;11.978413;0.000000;0.000000;0.000000;0.000000;0.000000;11.978413
6899;344.000000;-42.000000;-30.000000;-1.978413;0.000000;0.000000;0.000000;0.000000;0.000000;1.978413
6900;344.000000;-42.000000;30.000000;11.978413;0.000000;0.000000;0.000000;0.000000;0.000000;11.978413
6901;344.000000;-38.000000;-30.000000;-1.978413;0.000000;0.000000;0.000000;0.000000;0.000000;1.978413
6902;344.000000;-38.000000;30.000000;11.978413;0.000000;0.000000;0.000000;0.000000;0.000000;11.978413
6903;344.000000;-34.000000;-30.000000;-1.978413;0.000000;0.000000;0.000000;0.000000;0.000000;1.978413
6904;344.000000;-34.000000;30.000000;11.978413;0.000000;0.000000;0.000000;0.000000;0.000000;11.978413
6905;344.000000;-30.000000;-30.000000;-1.978413;0.000000;0.000000;0.000000;0.000000;0.000000;1.978413
6906;344.000000;-30.000000;30.000000;11.978413;0.000000;0.000000;0.000000;0.000000;0.000000;11.978413
6907;344.000000;-26.000000;-30.000000;-1.978413;0.000000;0.000000;0.000000;0.000000;0.000000;1.978413
6908;344.000000;-26.000000;30.000000;11.978413;0.000000;0.000000;0.000000;0.000000;0.000000;11.978413
6909;344.000000;-22.000000;-30.000000;-1.978413;0.000000;0.000000;0.000000;0.000000;0.000000;1.978413
6910;344.000000;-22.000000;30.000000;11.978413;0.000000;0.000000;0.000000;0.000000;0.000000;11.978413
6911;344.000000;-18.000000;-30.000000;-1.978413;0.000000;0.000000;0.000000;0.000000;0.000000;1.978413
6912;344.000000;-18.000000;30.000000;11.978413;0.000000;0.000000;0.000000;0.000000;0.000000;11.978413
6913;344.000000;-14.000000;-30.000000;-1.978413;0.000000;0.000000;0.000000;0.000000;0.000000;1.978413
6914;344.000000;-14.000000;30.000000;11.978413;0.000000;0.000000;0.000000;0.000000;0.000000;11.978413
6915;344.000000;-10.000000;-30.000000;-1.978413;0.000000;0.000000;0.000000;0.000000;0.000000;1.978413
6916;344.000000;-10.000000;30.000000;11.978413;0.000000;0.000000;0.000000;0.000000;0.000000;11.978413
6917;344.000000;-6.000000;-30.000000;-1.978413;0.000000;0.000000;0.000000;0.000000;0.000000;1.978413
6918;344.000000;-6.000000;30.000000;11.978413;0.000000;0.000000;0.000000;0.000000;0.000000;11.978413
6919;344.000000;-2.000000;-30.000000;-1.978413;0.000000;0.000000;0.000000;0.000000;0.000000;1.978413
6920;344.000000;-2.000000;30.000000;11.978413;0.000000;0.000000;0.000000;0.000000;0.000000;11.978413
6921;344.000000;2.000000;-30.000000;-1.978413;0.000000;0.000000;0.000000;0.000000;0.000000;1.978413
6922;344.000000;2.000000;30.000000;11.978413;0.000000;0.000000;0.000000;0.000000;0.000000;11.978413
6923;344.000000;6.000000;-30.000000;-1.978413;0.000000;0.000000;0.000000;0.000000;0.000000;1.978413
6924;344.000000;6.000000;30.000000;11.978413;0.000000;0.000000;0.000000;0.000000;0.000000;11.978413
6925;344.000000;10.000000;-30.000000;-1.978413;0.000000;0.000000;0.000000;0.000000;0.000000;1.978413
6926;344.000000;10.000000;30.000000;11.978413;0.000000;0.000000;0.000000;0.000000;0.000000;11.978413
6927;344.000000;14.000000;-30.000000;-1.978413;0.000000;0.000000;0.000000;0.000000;0.000000;1.978413
6928;344.000000;14.000000;30.000000;11.978413;0.000000;0.000000;0.000000;0.000000;0.000000;11.978413
6929;344.000000;18.000000;-30.000000;-1.978413;0.000000;0.000000;0.000000;0.000000;0.000000;1.978413
6930;344.000000;18.000000;30.000000;11.978413;0.000000;0.000000;0.000000;0.000000;0.000000;11.978413
6931;344.000000;22.000000;-30.000000;-1.978413;0.000000;0.000000;0.000000;0.000000;0.000000;1.978413
6932;344.000000;22.000000;30.000000;11.978413;0.000000;0.000000;0.000000;0.000000;0.000000;11.978413
6933;344.000000;26.000000;-30.000000;-1.978413;0.000000;0.000000;0.000000;0.000000;0.000000;1.978413
6934;344.000000;26.000000;30.000000;11.978413;0.000000;0.000000;0.000000;0.000000;0.000000;11.978413
6935;344.000000;30.000000;-30.000000;-1.978413;0.000000;0.000000;0.000000;0.000000;0.000000;1.978413
6936;344.000000;30.000000;30.000000;11.978413;0.000000;0.000000;0.000000;0.000000;0.000000;11.978413
6937;344.000000;34.000000;-30.000000;-1.978413;0.000000;0.000000;0.000000;0.000000;0.000000;1.978413
6938;344.000000;34.000000;30.000000;11.978413;0.000000;0.000000;0.000000;0.000000;0.000000;11.978413
6939;344.000000;38.000000;-30.000000;-1.978413;0.000000;0.000000;0.000000;0.000000;0.000000;1.978413
6940;344.000000;38.000000;30.000000;11.978413;0.000000;0.000000;0.000000;0.000000;0.000000;11.978413
6941;344.000000;42.000000;-30.000000;-1.978413;0.000000;0.000000;0.000000;0.000000;0.000000;1.978413
6942;344.000000;42.000000;30.000000;11.978413;0.000000;0.000000;0.000000;0.000000;0.000000;11.978413
6943;344.000000;46.000000;-30.000000;-1.978413;0.000000;0.000000;0.000000;0.000000;0.000000;1.978413
6944;344.000000;46.000000;30.000000;11.978413;0.000000;0.000000;0.000000;0.000000;0.000000;11.978413
6945;344.000000;50.000000;-30.000000;-1.978413;0.000000;0.000000;0.000000;0.000000;0.000000;1.978413
6946;344.000000;50.000000;-26.000000;-1.047958;0.000000;0.000000;0.000000;0.000000;0.000000;1.047958
6947;344.000000;50.000000;-22.000000;-0.117503;0.000000;0.000000;0.000000;0.000000;0.000000;0.117503
6948;344.000000;50.000000;-18.000000;0.812952;0.000000;0.000000;0.000000;0.000000;0.000000;0.812952
6949;344.000000;50.000000;-14.000000;1.743407;0.000000;0.000000;0.000000;0.000000;0.000000;1.743407
6950;344.000000;50.000000;-10.000000;2.673862;0.000000;0.000000;0.000000;0.000000;0.000000;2.673862
6951;344.000000;50.000000;-6.000000;3.604317;0.000000;0.000000;0.000000;0.000000;0.000000;3.604317
6952;344.000000;50.000000;-2.000000;4.534772;0.000000;0.000000;0.000000;0.000000;0.000000;4.534772
6953;344.000000;50.000000;2.000000;5.465228;0.000000;0.000000;0.000000;0.000000;0.000000;5.465228
6954;344.000000;50.000000;6.000000;6.395683;0.000000;0.000000;0.000000;0.000000;0.000000;6.395683
6955;344.000000;50.000000;10.000000;7.326138;0.000000;0.000000;0.000000;0.000000;0.000000;7.326138
6956;344.000000;50.000000;14.000000;8.256593;0.000000;0.000000;0.000000;0.000000;0.000000;8.256593
6957;344.000000;50.000000;18.000000;9.187048;0.000000;0.000000;0.000000;0.000000;0.000000;9.187048
6958;344.000000;50.000000;22.000000;10.117503;0.000000;0.000000;0.000000;0.000000;0.000000;10.117503
6959;344.000000;50.000000;26.000000;11.047958;0.000000;0.000000;0.000000;0.000000;0.000000;11.047958
6960;344.000000;50.000000;30.000000;11.978413;0.000000;0.000000;0.000000;0.000000;0.000000;11.978413
6961;348.000000;-50.000000;-30.000000;-1.479955;0.000000;0.000000;0.000000;0.000000;0.000000;1.479955
6962;348.000000;-50.000000;-26.000000;-0.615961;0.000000;0.000000;0.000000;0.000000;0.000000;0.615961
6963;348.000000;-50.000000;-22.000000;0.248033;0.000000;0.000000;0.000000;0.000000;0.000000;0.248033
6964;348.000000;-50.000000;-18.000000;1.112027;0.000000;0.000000;0.000000;0.000000;0.000000;1.112027
6965;348.000000;-50.000000;-14.000000;1.976021;0.000000;0.000000;0.000000;0.000000;0.000000;1.976021
6966;348.000000;-50.000000;-10.000000;2.840015;0.000000;0.000000;0.000000;0.000000;0.000000;2.840015
6967;348.000000;-50.000000;-6.000000;3.704009;0.000000;0.000000;0.000000;0.000000;0.000000;3.704009
6968;348.000000;-50.000000;-2.000000;4.568003;0.000000;0.000000;0.000000;0.000000;0.000000;4.568003
6969;348.000000;-50.000000;2.000000;5.431997;0.000000;0.000000;0.000000;0.000000;0.000000;5.431997
6970;348.000000;-50.000000;6.000000;6.295991;0.000000;0.000000;0.000000;0.000000;0.000000;6.295991
6971;348.000000;-50.000000;10.000000;7.159985;0.000000;0.000000;0.000000;0.000000;0.000000;7.159985
6972;348.000000;-50.000000;14.000000;8.023979;0.000000;0.000000;0.000000;0.000000;0.000000;8.023979
6973;348.000000;-50.000000;18.000000;8.887973;0.000000;0.000000;0.000000;0.000000;0.000000;8.887973
6974;348.000000;-50.000000;22.000000;9.751967;0.000000;0.000000;0.000000;0.000000;0.000000;9.751967
6975;348.000000;-50.000000;26.000000;10.615961;0.000000;0.000000;0.000000;0.000000;0.000000;10.615961
6976;348.000000;-50.000000;30.000000;11.479955;0.000000;0.000000;0.000000;0.000000;0.000000;11.479955
6977;348.000000;-46.000000;-30.000000;-1.479955;0.000000;0.000000;0.000000;0.000000;0.000000;1.479955
6978;348.000000;-46.000000;30.000000;11.479955;0.000000;0.000000;0.000000;0.000000;0.000000;11.479955
6979;348.000000;-42.000000;-30.000000;-1.479955;0.000000;0.000000;0.000000;0.000000;0.000000;1.479955
6980;348.000000;-42.000000;30.000000;11.479955;0.000000;0.000000;0.000000;0.000000;0.000000;11.479955
6981;348.000000;-38.000000;-30.000000;-1.479955;0.000000;0.000000;0.000000;0.000000;0.000000;1.479955
6982;348.000000;-38.000000;30.000000;11.479955;0.000000;0.000000;0.000000;0.000000;0.000000;11.479955
6983;348.000000;-34.000000;-30.000000;-1.479955;0.000000;0.000000;0.000000;0.000000;0.000000;1.479955
6984;348.000000;-34.000000;30.000000;11.479955;0.000000;0.000000;0.000000;0.000000;0.000000;11.479955
6985;348.000000;-30.000000;-30.000000;-1.479955;0.000000;0.000000;0.000000;0.000000;0.000000;1.479955
6986;348.000000;-30.000000;30.000000;11.479955;0.000000;0.000000;0.000000;0.000000;0.000000;11.479955
6987;348.000000;-26.000000;-30.000000;-1.479955;0.000000;0.000000;0.000000;0.000000;0.000000;1.479955
6988;348.000000;-26.000000;30.000000;11.479955;0.000000;0.000000;0.000000;0.000000;0.000000;11.479955
6989;348.000000;-22.000000;-30.000000;-1.479955;0.000000;0.000000;0.000000;0.000000;0.000000;1.479955
6990;348.000000;-22.000000;30.000000;11.479955;0.000000;0.000000;0.000000;0.000000;0.000000;11.479955
6991;348.000000;-18.000000;-30.000000;-1.479955;0.000000;0.000000;0.000000;0.000000;0.000000;1.479955
6992;348.000000;-18.000000;30.000000;11.479955;0.000000;0.000000;0.000000;0.000000;0.000000;11.479955
6993;348.000000;-14.000000;-30.000000;-1.479955;0.000000;0.000000;0.000000;0.000000;0.000000;1.479955
6994;348.000000;-14.000000;30.000000;11.479955;0.000000;0.000000;0.000000;0.000000;0.000000;11.479955
6995;348.000000;-10.000000;-30.000000;-1.479955;0.000000;0.000000;0.000000;0.000000;0.000000;1.479955
6996;348.000000;-10.000000;30.000000;11.479955;0.000000;0.000000;0.000000;0.000000;0.000000;11.479955
6997;348.000000;-6.000000;-30.000000;-1.479955;0.000000;0.000000;0.000000;0.000000;0.000000;1.479955
6998;348.000000;-6.000000;30.000000;11.479955;0.000000;0.000000;0.000000;0.000000;0.000000;11.479955
6999;348.000000;-2.000000;-30.000000;-1.479955;0.000000;0.000000;0.000000;0.000000;0.000000;1.479955
7000;348.000000;-2.000000;30.000000;11.479955;0.000000;0.000000;0.000000;0.000000;0.000000;11.479955
7001;348.000000;2.000000;-30.000000;-1.479955;0.000000;0.000000;0.000000;0.000000;0.000000;1.479955
7002;348.000000;2.000000;30.000000;11.479955;0.000000;0.000000;0.000000;0.000000;0.000000;11.479955
7003;348.000000;6.000000;-30.000000;-1.479955;0.000000;0.000000;0.000000;0.000000;0.000000;1.479955
7004;348.000000;6.000000;30.000000;11.479955;0.000000;0.000000;0.000000;0.000000;0.000000;11.479955
7005;348.000000;10.000000;-30.000000;-1.479955;0.000000;0.000000;0.000000;0.000000;0.000000;1.479955
7006;348.000000;10.000000;30.000000;11.479955;0.000000;0.000000;0.000000;0.000000;0.000000;11.479955
7007;348.000000;14.000000;-30.000000;-1.479955;0.000000;0.000000;0.000000;0.000000;0.000000;1.479955
7008;348.000000;14.000000;30.000000;11.479955;0.000000;0.000000;0.000000;0.000000;0.000000;11.479955
7009;348.000000;18.000000;-30.000000;-1.479955;0.000000;0.000000;0.000000;0.000000;0.000000;1.479955
7010;348.000000;18.000000;30.000000;11.479955;0.000000;0.000000;0.000000;0.000000;0.000000;11.479955
7011;348.000000;22.000000;-30.000000;-1.479955;0.000000;0.000000;0.000000;0.000000;0.000000;1.479955
7012;348.000000;22.000000;30.000000;11.479955;0.000000;0.000000;0.000000;0.000000;0.000000;11.479955
7013;348.000000;26.000000;-30.000000;-1.479955;0.000000;0.000000;0.000000;0.000000;0.000000;1.479955
7014;348.000000;26.000000;30.000000;11.479955;0.000000;0.000000;0.000000;0.000000;0.000000;11.479955
7015;348.000000;30.000000;-30.000000;-1.479955;0.000000;0.000000;0.000000;0.000000;0.000000;1.479955
7016;348.000000;30.000000;30.000000;11.479955;0.000000;0.000000;0.000000;0.000000;0.000000;11.479955
7017;348.000000;34.000000;-30.000000;-1.479955;0.000000;0.000000;0.000000;0.000000;0.000000;1.479955
7018;348.000000;34.000000;30.000000;11.479955;0.000000;0.000000;0.000000;0.000000;0.000000;11.479955
7019;348.000000;38.000000;-30.000000;-1.479955;0.000000;0.000000;0.000000;0.000000;0.000000;1.479955
7020;348.000000;38.000000;30.000000;11.479955;0.000000;0.000000;0.000000;0.000000;0.000000;11.479955
7021;348.000000;42.000000;-30.000000;-1.479955;0.000000;0.000000;0.000000;0.000000;0.000000;1.479955
7022;348.000000;42.000000;30.000000;11.479955;0.000000;0.000000;0.000000;0.000000;0.000000;11.479955
7023;348.000000;46.000000;-30.000000;-1.479955;0.000000;0.000000;0.000000;0.000000;0.000000;1.479955
7024;348.000000;46.000000;30.000000;11.479955;0.000000;0.000000;0.000000;0.000000;0.000000;11.479955
7025;348.000000;50.000000;-30.000000;-1.479955;0.000000;0.000000;0.000000;0.000000;0.000000;1.479955
7026;348.000000;50.000000;-26.000000;-0.615961;0.000000;0.000000;0.000000;0.000000;0.000000;0.615961
7027;348.000000;50.000000;-22.000000;0.248033;0.000000;0.000000;0.000000;0.000000;0.000000;0.248033
7028;348.000000;50.000000;-18.000000;1.112027;0.000000;0.000000;0.000000;0.000000;0.000000;1.112027
7029;348.000000;50.000000;-14.000000;1.976021;0.000000;0.000000;0.000000;0.000000;0.000000;1.976021
7030;348.000000;50.000000;-10.000000;2.840015;0.000000;0.000000;0.000000;0.000000;0.000000;2.840015
7031;348.000000;50.000000;-6.000000;3.704009;0.000000;0.000000;0.000000;0.000000;0.000000;3.704009
7032;348.000000;50.000000;-2.000000;4.568003;0.000000;0.000000;0.000000;0.000000;0.000000;4.568003
7033;348.000000;50.000000;2.000000;5.431997;0.000000;0.000000;0.000000;0.000000;0.000000;5.431997
7034;348.000000;50.000000;6.000000;6.295991;0.000000;0.000000;0.000000;0.000000;0.000000;6.295991
7035;348.000000;50.000000;10.000000;7.159985;0.000000;0.000000;0.000000;0.000000;0.000000;7.159985
7036;348.000000;50.000000;14.000000;8.023979;0.000000;0.000000;0.000000;0.000000;0.000000;8.023979
7037;348.000000;50.000000;18.000000;8.887973;0.000000;0.000000;0.000000;0.000000;0.000000;8.887973
7038;348.000000;50.000000;22.000000;9.751967;0.000000;0.000000;0.000000;0.000000;0.000000;9.751967
7039;348.000000;50.000000;26.000000;10.615961;0.000000;0.000000;0.000000;0.000000;0.000000;10.615961
7040;348.000000;50.000000;30.000000;11.479955;0.000000;0.000000;0.000000;0.000000;0.000000;11.479955
7041;352.000000;-50.000000;-30.000000;-0.981497;0.000000;0.000000;0.000000;0.000000;0.000000;0.981497
7042;352.000000;-50.000000;-26.000000;-0.183964;0.000000;0.000000;0.000000;0.000000;0.000000;0.183964
7043;352.000000;-50.000000;-22.000000;0.613569;0.000000;0.000000;0.000000;0.000000;0.000000;0.613569
7044;352.000000;-50.000000;-18.000000;1.411102;0.000000;0.000000;0.000000;0.000000;0.000000;1.411102
7045;352.000000;-50.000000;-14.000000;2.208635;0.000000;0.000000;0.000000;0.000000;0.000000;2.208635
7046;352.000000;-50.000000;-10.000000;3.006168;0.000000;0.000000;0.000000;0.000000;0.000000;3.006168
7047;352.000000;-50.000000;-6.000000;3.803701;0.000000;0.000000;0.000000;0.000000;0.000000;3.803701
7048;352.000000;-50.000000;-2.000000;4.601234;0.000000;0.000000;0.000000;0.000000;0.000000;4.601234
7049;352.000000;-50.000000;2.000000;5.398766;0.000000;0.000000;0.000000;0.000000;0.000000;5.398766
7050;352.000000;-50.000000;6.000000;6.196299;0.000000;0.000000;0.000000;0.000000;0.000000;6.196299
7051;352.000000;-50.000000;10.000000;6.993832;0.000000;0.000000;0.000000;0.000000;0.000000;6.993832
7052;352.000000;-50.000000;14.000000;7.791365;0.000000;0.000000;0.000000;0.000000;0.000000;7.791365
7053;352.000000;-50.000000;18.000000;8.588898;0.000000;0.000000;0.000000;0.000000;0.000000;8.588898
7054;352.000000;-50.000000;22.000000;9.386431;0.000000;0.000000;0.000000;0.000000;0.000000;9.386431
7055;352.000000;-50.000000;26.000000;10.183964;0.000000;0.000000;0.000000;0.000000;0.000000;10.183964
7056;352.000000;-50.000000;30.000000;10.981497;0.000000;0.000000;0.000000;0.000000;0.000000;10.981497
7057;352.000000;-46.000000;-30.000000;-0.981497;0.000000;0.000000;0.000000;0.000000;0.000000;0.981497
7058;352.000000;-46.000000;30.000000;10.981497;0.000000;0.000000;0.000000;0.000000;0.000000;10.981497
7059;352.000000;-42.000000;-30.000000;-0.981497;0.000000;0.000000;0.000000;0.000000;0.000000;0.981497
7060;352.000000;-42.000000;30.000000;10.981497;0.000000;0.000000;0.000000;0.000000;0.000000;10.981497
7061;352.000000;-38.000000;-30.000000;-0.981497;0.000000;0.000000;0.000000;0.000000;0.000000;0.981497
7062;352.000000;-38.000000;30.000000;10.981497;0.000000;0.000000;0.000000;0.000000;0.000000;10.981497
7063;352.000000;-34.000000;-30.000000;-0.981497;0.000000;0.000000;0.000000;0.000000;0.000000;0.981497
7064;352.000000;-34.000000;30.000000;10.981497;0.000000;0.000000;0.000000;0.000000;0.000000;10.981497
7065;352.000000;-30.000000;-30.000000;-0.981497;0.000000;0.000000;0.000000;0.000000;0.000000;0.981497
7066;352.000000;-30.000000;30.000000;10.981497;0.000000;0.000000;0.000000;0.000000;0.000000;10.981497
7067;352.000000;-26.000000;-30.000000;-0.981497;0.000000;0.000000;0.000000;0.000000;0.000000;0.981497
7068;352.000000;-26.000000;30.000000;10.981497;0.000000;0.000000;0.000000;0.000000;0.000000;10.981497
7069;352.000000;-22.000000;-30.000000;-0.981497;0.000000;0.000000;0.000000;0.000000;0.000000;0.981497
7070;352.000000;-22.000000;30.000000;10.981497;0.000000;0.000000;0.000000;0.000000;0.000000;10.981497
7071;352.000000;-18.000000;-30.000000;-0.981497;0.000000;0.000000;0.000000;0.000000;0.000000;0.981497
7072;352.000000;-18.000000;30.000000;10.981497;0.000000;0.000000;0.000000;0.000000;0.000000;10.981497
7073;352.000000;-14.000000;-30.000000;-0.981497;0.000000;0.000000;0.000000;0.000000;0.000000;0.981497
7074;352.000000;-14.000000;30.000000;10.981497;0.000000;0.000000;0.000000;0.000000;0.000000;10.981497
7075;352.000000;-10.000000;-30.000000;-0.981497;0.000000;0.000000;0.000000;0.000000;0.000000;0.981497
7076;352.000000;-10.000000;30.000000;10.981497;0.000000;0.000000;0.000000;0.000000;0.000000;10.981497
7077;352.000000;-6.000000;-30.000000;-0.981497;0.000000;0.000000;0.000000;0.000000;0.000000;0.981497
7078;352.000000;-6.000000;30.000000;10.981497;0.000000;0.000000;0.000000;0.000000;0.000000;10.981497
7079;352.000000;-2.000000;-30.000000;-0.981497;0.000000;0.000000;0.000000;0.000000;0.000000;0.981497
7080;352.000000;-2.000000;30.000000;10.981497;0.000000;0.000000;0.000000;0.000000;0.000000;10.981497
7081;352.000000;2.000000;-30.000000;-0.981497;0.000000;0.000000;0.000000;0.000000;0.000000;0.981497
7082;352.000000;2.000000;30.000000;10.981497;0.000000;0.000000;0.000000;0.000000;0.000000;10.981497
7083;352.000000;6.000000;-30.000000;-0.981497;0.000000;0.000000;0.000000;0.000000;0.000000;0.981497
7084;352.000000;6.000000;30.000000;10.981497;0.000000;0.000000;0.000000;0.000000;0.000000;10.981497
7085;352.000000;10.000000;-30.000000;-0.981497;0.000000;0.000000;0.000000;0.000000;0.000000;0.981497
7086;352.000000;10.000000;30.000000;10.981497;0.000000;0.000000;0.000000;0.000000;0.000000;10.981497
7087;352.000000;14.000000;-30.000000;-0.981497;0.000000;0.000000;0.000000;0.000000;0.000000;0.981497
7088;352.000000;14.000000;30.000000;10.981497;0.000000;0.000000;0.000000;0.000000;0.000000;10.981497
7089;352.000000;18.000000;-30.000000;-0.981497;0.000000;0.000000;0.000000;0.000000;0.000000;0.981497
7090;352.000000;18.000000;30.000000;10.981497;0.000000;0.000000;0.000000;0.000000;0.000000;10.981497
7091;352.000000;22.000000;-30.000000;-0.981497;0.000000;0.000000;0.000000;0.000000;0.000000;0.981497
7092;352.000000;22.000000;30.000000;10.981497;0.000000;0.000000;0.000000;0.000000;0.000000;10.981497
7093;352.000000;26.000000;-30.000000;-0.981497;0.000000;0.000000;0.000000;0.000000;0.000000;0.981497
7094;352.000000;26.000000;30.000000;10.981497;0.000000;0.000000;0.000000;0.000000;0.000000;10.981497
7095;352.000000;30.000000;-30.000000;-0.981497;0.000000;0.000000;0.000000;0.000000;0.000000;0.981497
7096;352.000000;30.000000;30.000000;10.981497;0.000000;0.000000;0.000000;0.000000;0.000000;10.981497
7097;352.000000;34.000000;-30.000000;-0.981497;0.000000;0.000000;0.000000;0.000000;0.000000;0.981497
7098;352.000000;34.000000;30.000000;10.981497;0.000000;0.000000;0.000000;0.000000;0.000000;10.981497
7099;352.000000;38.000000;-30.000000;-0.981497;0.000000;0.000000;0.000000;0.000000;0.000000;0.981497
7100;352.000000;38.000000;30.000000;10.981497;0.000000;0.000000;0.000000;0.000000;0.000000;10.981497
7101;352.000000;42.000000;-30.000000;-0.981497;0.000000;0.000000;0.000000;0.000000;0.000000;0.981497
7102;352.000000;42.000000;30.000000;10.981497;0.000000;0.000000;0.000000;0.000000;0.000000;10.981497
7103;352.000000;46.000000;-30.000000;-0.981497;0.000000;0.000000;0.000000;0.000000;0.000000;0.981497
7104;352.000000;46.000000;30.000000;10.981497;0.000000;0.000000;0.000000;0.000000;0.000000;10.981497
7105;352.000000;50.000000;-30.000000;-0.981497;0.000000;0.000000;0.000000;0.000000;0.000000;0.981497
7106;352.000000;50.000000;-26.000000;-0.183964;0.000000;0.000000;0.000000;0.000000;0.000000;0.183964
7107;352.000000;50.000000;-22.000000;0.613569;0.000000;0.000000;0.000000;0.000000;0.000000;0.613569
7108;352.000000;50.000000;-18.000000;1.411102;0.000000;0.000000;0.000000;0.000000;0.000000;1.411102
7109;352.000000;50.000000;-14.000000;2.208635;0.000000;0.000000;0.000000;0.000000;0.000000;2.208635
7110;352.000000;50.000000;-10.000000;3.006168;0.000000;0.000000;0.000000;0.000000;0.000000;3.006168
7111;352.000000;50.000000;-6.000000;3.803701;0.000000;0.000000;0.000000;0.000000;0.000000;3.803701
7112;352.000000;50.000000;-2.000000;4.601234;0.000000;0.000000;0.000000;0.000000;0.000000;4.601234
7113;352.000000;50.000000;2.000000;5.398766;0.000000;0.000000;0.000000;0.000000;0.000000;5.398766
7114;352.000000;50.000000;6.000000;6.196299;0.000000;0.000000;0.000000;0.000000;0.000000;6.196299
7115;352.000000;50.000000;10.000000;6.993832;0.000000;0.000000;0.000000;0.000000;0.000000;6.993832
7116;352.000000;50.000000;14.000000;7.791365;0.000000;0.000000;0.000000;0.000000;0.000000;7.791365
7117;352.000000;50.000000;18.000000;8.588898;0.000000;0.000000;0.000000;0.000000;0.000000;8.588898
7118;352.000000;50.000000;22.000000;9.386431;0.000000;0.000000;0.000000;0.000000;0.000000;9.386431
7119;352.000000;50.000000;26.000000;10.183964;0.000000;0.000000;0.000000;0.000000;0.000000;10.183964
7120;352.000000;50.000000;30.000000;10.981497;0.000000;0.000000;0.000000;0.000000;0.000000;10.981497
7121;356.000000;-50.000000;-30.000000;-0.483039;0.000000;0.000000;0.000000;0.000000;0.000000;0.483039
7122;356.000000;-50.000000;-26.000000;0.248033;0.000000;0.000000;0.000000;0.000000;0.000000;0.248033
7123;356.000000;-50.000000;-22.000000;0.979105;0.000000;0.000000;0.000000;0.000000;0.000000;0.979105
7124;356.000000;-50.000000;-18.000000;1.710177;0.000000;0.000000;0.000000;0.000000;0.000000;1.710177
7125;356.000000;-50.000000;-14.000000;2.441248;0.000000;0.000000;0.000000;0.000000;0.000000;2.441248
7126;356.000000;-50.000000;-10.000000;3.172320;0.000000;0.000000;0.000000;0.000000;0.000000;3.172320
7127;356.000000;-50.000000;-6.000000;3.903392;0.000000;0.000000;0.000000;0.000000;0.000000;3.903392
7128;356.000000;-50.000000;-2.000000;4.634464;0.000000;0.000000;0.000000;0.000000;0.000000;4.634464
7129;356.000000;-50.000000;2.000000;5.365536;0.000000;0.000000;0.000000;0.000000;0.000000;5.365536
7130;356.000000;-50.000000;6.000000;6.096608;0.000000;0.000000;0.000000;0.000000;0.000000;6.096608
7131;356.000000;-50.000000;10.000000;6.827680;0.000000;0.000000;0.000000;0.000000;0.000000;6.827680
7132;356.000000;-50.000000;14.000000;7.558752;0.000000;0.000000;0.000000;0.000000;0.000000;7.558752
7133;356.000000;-50.000000;18.000000;8.289823;0.000000;0.000000;0.000000;0.000000;0.000000;8.289823
7134;356.000000;-50.000000;22.000000;9.020895;0.000000;0.000000;0.000000;0.000000;0.000000;9.020895
7135;356.000000;-50.000000;26.000000;9.751967;0.000000;0.000000;0.000000;0.000000;0.000000;9.751967
7136;356.000000;-50.000000;30.000000;10.483039;0.000000;0.000000;0.000000;0.000000;0.000000;10.483039
7137;356.000000;-46.000000;-30.000000;-0.483039;0.000000;0.000000;0.000000;0.000000;0.000000;0.483039
7138;356.000000;-46.000000;30.000000;10.483039;0.000000;0.000000;0.000000;0.000000;0.000000;10.483039
7139;356.000000;-42.000000;-30.000000;-0.483039;0.000000;0.000000;0.000000;0.000000;0.000000;0.483039
7140;356.000000;-42.000000;30.000000;10.483039;0.000000;0.000000;0.000000;0.000000;0.000000;10.483039
7141;356.000000;-38.000000;-30.000000;-0.483039;0.000000;0.000000;0.000000;0.000000;0.000000;0.483039
7142;356.000000;-38.000000;30.000000;10.483039;0.000000;0.000000;0.000000;0.000000;0.000000;10.483039
7143;356.000000;-34.000000;-30.000000;-0.483039;0.000000;0.000000;0.000000;0.000000;0.000000;0.483039
7144;356.000000;-34.000000;30.000000;10.483039;0.000000;0.000000;0.000000;0.000000;0.000000;10.483039
7145;356.000000;-30.000000;-30.000000;-0.483039;0.000000;0.000000;0.000000;0.000000;0.000000;0.483039
7146;356.000000;-30.000000;30.000000;10.483039;0.000000;0.000000;0.000000;0.000000;0.000000;10.483039
7147;356.000000;-26.000000;-30.000000;-0.483039;0.000000;0.000000;0.000000;0.000000;0.000000;0.483039
7148;356.000000;-26.000000;30.000000;10.483039;0.000000;0.000000;0.000000;0.000000;0.000000;10.483039
7149;356.000000;-22.000000;-30.000000;-0.483039;0.000000;0.000000;0.000000;0.000000;0.000000;0.483039
7150;356.000000;-22.000000;30.000000;10.483039;0.000000;0.000000;0.000000;0.000000;0.000000;10.483039
7151;356.000000;-18.000000;-30.000000;-0.483039;0.000000;0.000000;0.000000;0.000000;0.000000;0.483039
7152;356.000000;-18.000000;30.000000;10.483039;0.000000;0.000000;0.000000;0.000000;0.000000;10.483039
7153;356.000000;-14.000000;-30.000000;-0.483039;0.000000;0.000000;0.000000;0.000000;0.000000;0.483039
7154;356.000000;-14.000000;30.000000;10.483039;0.000000;0.000000;0.000000;0.000000;0.000000;10.483039
7155;356.000000;-10.000000;-30.000000;-0.483039;0.000000;0.000000;0.000000;0.000000;0.000000;0.483039
7156;356.000000;-10.000000;30.000000;10.483039;0.000000;0.000000;0.000000;0.000000;0.000000;10.483039
7157;356.000000;-6.000000;-30.000000;-0.483039;0.000000;0.000000;0.000000;0.000000;0.000000;0.483039
7158;356.000000;-6.000000;30.000000;10.483039;0.000000;0.000000;0.000000;0.000000;0.000000;10.483039
7159;356.000000;-2.000000;-30.000000;-0.483039;0.000000;0.000000;0.000000;0.000000;0.000000;0.483039
7160;356.000000;-2.000000;30.000000;10.483039;0.000000;0.000000;0.000000;0.000000;0.000000;10.483039
7161;356.000000;2.000000;-30.000000;-0.483039;0.000000;0.000000;0.000000;0.000000;0.000000;0.483039
7162;356.000000;2.000000;30.000000;10.483039;0.000000;0.000000;0.000000;0.000000;0.000000;10.483039
7163;356.000000;6.000000;-30.000000;-0.483039;0.000000;0.000000;0.000000;0.000000;0.000000;0.483039
7164;356.000000;6.000000;30.000000;10.483039;0.000000;0.000000;0.000000;0.000000;0.000000;10.483039
7165;356.000000;10.000000;-30.000000;-0.483039;0.000000;0.000000;0.000000;0.000000;0.000000;0.483039
7166;356.000000;10.000000;30.000000;10.483039;0.000000;0.000000;0.000000;0.000000;0.000000;10.483039
7167;356.000000;14.000000;-30.000000;-0.483039;0.000000;0.000000;0.000000;0.000000;0.000000;0.483039
7168;356.000000;14.000000;30.000000;10.483039;0.000000;0.000000;0.000000;0.000000;0.000000;10.483039
7169;356.000000;18.000000;-30.000000;-0.483039;0.000000;0.000000;0.000000;0.000000;0.000000;0.483039
7170;356.000000;18.000000;30.000000;10.483039;0.000000;0.000000;0.000000;0.000000;0.000000;10.483039
7171;356.000000;22.000000;-30.000000;-0.483039;0.000000;0.000000;0.000000;0.000000;0.000000;0.483039
7172;356.000000;22.000000;30.000000;10.483039;0.000000;0.000000;0.000000;0.000000;0.000000;10.483039
7173;356.000000;26.000000;-30.000000;-0.483039;0.000000;0.000000;0.000000;0.000000;0.000000;0.483039
7174;356.000000;26.000000;30.000000;10.483039;0.000000;0.000000;0.000000;0.000000;0.000000;10.483039
7175;356.000000;30.000000;-30.000000;-0.483039;0.000000;0.000000;0.000000;0.000000;0.000000;0.483039
7176;356.000000;30.000000;30.000000;10.483039;0.000000;0.000000;0.000000;0.000000;0.000000;10.483039
7177;356.000000;34.000000;-30.000000;-0.483039;0.000000;0.000000;0.000000;0.000000;0.000000;0.483039
7178;356.000000;34.000000;30.000000;10.483039;0.000000;0.000000;0.000000;0.000000;0.000000;10.483039
7179;356.000000;38.000000;-30.000000;-0.483039;0.000000;0.000000;0.000000;0.000000;0.000000;0.483039
7180;356.000000;38.000000;30.000000;10.483039;0.000000;0.000000;0.000000;0.000000;0.000000;10.483039
7181;356.000000;42.000000;-30.000000;-0.483039;0.000000;0.000000;0.000000;0.000000;0.000000;0.483039
7182;356.000000;42.000000;30.000000;10.483039;0.000000;0.000000;0.000000;0.000000;0.000000;10.483039
7183;356.000000;46.000000;-30.000000;-0.483039;0.000000;0.000000;0.000000;0.000000;0.000000;0.483039
7184;356.000000;46.000000;30.000000;10.483039;0.000000;0.000000;0.000000;0.000000;0.000000;10.483039
7185;356.000000;50.000000;-30.000000;-0.483039;0.000000;0.000000;0.000000;0.000000;0.000000;0.483039
7186;356.000000;50.000000;-26.000000;0.248033;0.000000;0.000000;0.000000;0.000000;0.000000;0.248033
7187;356.000000;50.000000;-22.000000;0.979105;0.000000;0.000000;0.000000;0.000000;0.000000;0.979105
7188;356.000000;50.000000;-18.000000;1.710177;0.000000;0.000000;0.000000;0.000000;0.000000;1.710177
7189;356.000000;50.000000;-14.000000;2.441248;0.000000;0.000000;0.000000;0.000000;0.000000;2.441248
7190;356.000000;50.000000;-10.000000;3.172320;0.000000;0.000000;0.000000;0.000000;0.000000;3.172320
7191;356.000000;50.000000;-6.000000;3.903392;0.000000;0.000000;0.000000;0.000000;0.000000;3.903392
7192;356.000000;50.000000;-2.000000;4.634464;0.000000;0.000000;0.000000;0.000000;0.000000;4.634464
7193;356.000000;50.000000;2.000000;5.365536;0.000000;0.000000;0.000000;0.000000;0.000000;5.365536
7194;356.000000;50.000000;6.000000;6.096608;0.000000;0.000000;0.000000;0.000000;0.000000;6.096608
7195;356.000000;50.000000;10.000000;6.827680;0.000000;0.000000;0.000000;0.000000;0.000000;6.827680
7196;356.000000;50.000000;14.000000;7.558752;0.000000;0.000000;0.000000;0.000000;0.000000;7.558752
7197;356.000000;50.000000;18.000000;8.289823;0.000000;0.000000;0.000000;0.000000;0.000000;8.289823
7198;356.000000;50.000000;22.000000;9.020895;0.000000;0.000000;0.000000;0.000000;0.000000;9.020895
7199;356.000000;50.000000;26.000000;9.751967;0.000000;0.000000;0.000000;0.000000;0.000000;9.751967
7200;356.000000;50.000000;30.000000;10.483039;0.000000;0.000000;0.000000;0.000000;0.000000;10.483039
7201;360.000000;-50.000000;-30.000000;0.015419;0.000000;0.000000;0.000000;0.000000;0.000000;0.015419
7202;360.000000;-50.000000;-26.000000;0.680030;0.000000;0.000000;0.000000;0.000000;0.000000;0.680030
7203;360.000000;-50.000000;-22.000000;1.344641;0.000000;0.000000;0.000000;0.000000;0.000000;1.344641
7204;360.000000;-50.000000;-18.000000;2.009251;0.000000;0.000000;0.000000;0.000000;0.000000;2.009251
7205;360.000000;-50.000000;-14.000000;2.673862;0.000000;0.000000;0.000000;0.000000;0.000000;2.673862
7206;360.000000;-50.000000;-10.000000;3.338473;0.000000;0.000000;0.000000;0.000000;0.000000;3.338473
7207;360.000000;-50.000000;-6.000000;4.003084;0.000000;0.000000;0.000000;0.000000;0.000000;4.003084
7208;360.000000;-50.000000;-2.000000;4.667695;0.000000;0.000000;0.000000;0.000000;0.000000;4.667695
7209;360.000000;-50.000000;2.000000;5.332305;0.000000;0.000000;0.000000;0.000000;0.000000;5.332305
7210;360.000000;-50.000000;6.000000;5.996916;0.000000;0.000000;0.000000;0.000000;0.000000;5.996916
7211;360.000000;-50.000000;10.000000;6.661527;0.000000;0.000000;0.000000;0.000000;0.000000;6.661527
7212;360.000000;-50.000000;14.000000;7.326138;0.000000;0.000000;0.000000;0.000000;0.000000;7.326138
7213;360.000000;-50.000000;18.000000;7.990749;0.000000;0.000000;0.000000;0.000000;0.000000;7.990749
7214;360.000000;-50.000000;22.000000;8.655359;0.000000;0.000000;0.000000;0.000000;0.000000;8.655359
7215;360.000000;-50.000000;26.000000;9.319970;0.000000;0.000000;0.000000;0.000000;0.000000;9.319970
7216;360.000000;-50.000000;30.000000;9.984581;0.000000;0.000000;0.000000;0.000000;0.000000;9.984581
7217;360.000000;-46.000000;-30.000000;0.015419;0.000000;0.000000;0.000000;0.000000;0.000000;0.015419
7218;360.000000;-46.000000;30.000000;9.984581;0.000000;0.000000;0.000000;0.000000;0.000000;9.984581
7219;360.000000;-42.000000;-30.000000;0.015419;0.000000;0.000000;0.000000;0.000000;0.000000;0.015419
7220;360.000000;-42.000000;30.000000;9.984581;0.000000;0.000000;0.000000;0.000000;0.000000;9.984581
7221;360.000000;-38.000000;-30.000000;0.015419;0.000000;0.000000;0.000000;0.000000;0.000000;0.015419
7222;360.000000;-38.000000;30.000000;9.984581;0.000000;0.000000;0.000000;0.000000;0.000000;9.984581
7223;360.000000;-34.000000;-30.000000;0.015419;0.000000;0.000000;0.000000;0.000000;0.000000;0.015419
7224;360.000000;-34.000000;30.000000;9.984581;0.000000;0.000000;0.000000;0.000000;0.000000;9.984581
7225;360.000000;-30.000000;-30.000000;0.015419;0.000000;0.000000;0.000000;0.000000;0.000000;0.015419
7226;360.000000;-30.000000;30.000000;9.984581;0.000000;0.000000;0.000000;0.000000;0.000000;9.984581
7227;360.000000;-26.000000;-30.000000;0.015419;0.000000;0.000000;0.000000;0.000000;0.000000;0.015419
7228;360.000000;-26.000000;30.000000;9.984581;0.000000;0.000000;0.000000;0.000000;0.000000;9.984581
7229;360.000000;-22.000000;-30.000000;0.015419;0.000000;0.000000;0.000000;0.000000;0.000000;0.015419
7230;360.000000;-22.000000;30.000000;9.984581;0.000000;0.000000;0.000000;0.000000;0.000000;9.984581
7231;360.000000;-18.000000;-30.000000;0.015419;0.000000;0.000000;0.000000;0.000000;0.000000;0.015419
7232;360.000000;-18.000000;30.000000;9.984581;0.000000;0.000000;0.000000;0.000000;0.000000;9.984581
7233;360.000000;-14.000000;-30.000000;0.015419;0.000000;0.000000;0.000000;0.000000;0.000000;0.015419
7234;360.000000;-14.000000;30.000000;9.984581;0.000000;0.000000;0.000000;0.000000;0.000000;9.984581
7235;360.000000;-10.000000;-30.000000;0.015419;0.000000;0.000000;0.000000;0.000000;0.000000;0.015419
7236;360.000000;-10.000000;30.000000;9.984581;0.000000;0.000000;0.000000;0.000000;0.000000;9.984581
7237;360.000000;-6.000000;-30.000000;0.015419;0.000000;0.000000;0.000000;0.000000;0.000000;0.015419
7238;360.000000;-6.000000;30.000000;9.984581;0.000000;0.000000;0.000000;0.000000;0.000000;9.984581
7239;360.000000;-2.000000;-30.000000;0.015419;0.000000;0.000000;0.000000;0.000000;0.000000;0.015419
7240;360.000000;-2.000000;30.000000;9.984581;0.000000;0.000000;0.000000;0.000000;0.000000;9.984581
7241;360.000000;2.000000;-30.000000;0.015419;0.000000;0.000000;0.000000;0.000000;0.000000;0.015419
7242;360.000000;2.000000;30.000000;9.984581;0.000000;0.000000;0.000000;0.000000;0.000000;9.984581
7243;360.000000;6.000000;-30.000000;0.015419;0.000000;0.000000;0.000000;0.000000;0.000000;0.015419
7244;360.000000;6.000000;30.000000;9.984581;0.000000;0.000000;0.000000;0.000000;0.000000;9.984581
7245;360.000000;10.000000;-30.000000;0.015419;0.000000;0.000000;0.000000;0.000000;0.000000;0.015419
7246;360.000000;10.000000;30.000000;9.984581;0.000000;0.000000;0.000000;0.000000;0.000000;9.984581
7247;360.000000;14.000000;-30.000000;0.015419;0.000000;0.000000;0.000000;0.000000;0.000000;0.015419
7248;360.000000;14.000000;30.000000;9.984581;0.000000;0.000000;0.000000;0.000000;0.000000;9.984581
7249;360.000000;18.000000;-30.000000;0.015419;0.000000;0.000000;0.000000;0.000000;0.000000;0.015419
7250;360.000000;18.000000;30.000000;9.984581;0.000000;0.000000;0.000000;0.000000;0.000000;9.984581
7251;360.000000;22.000000;-30.000000;0.015419;0.000000;0.000000;0.000000;0.000000;0.000000;0.015419
7252;360.000000;22.000000;30.000000;9.984581;0.000000;0.000000;0.000000;0.000000;0.000000;9.984581
7253;360.000000;26.000000;-30.000000;0.015419;0.000000;0.000000;0.000000;0.000000;0.000000;0.015419
7254;360.000000;26.000000;30.000000;9.984581;0.000000;0.000000;0.000000;0.000000;0.000000;9.984581
7255;360.000000;30.000000;-30.000000;0.015419;0.000000;0.000000;0.000000;0.000000;0.000000;0.015419
7256;360.000000;30.000000;30.000000;9.984581;0.000000;0.000000;0.000000;0.000000;0.000000;9.984581
7257;360.000000;34.000000;-30.000000;0.015419;0.000000;0.000000;0.000000;0.000000;0.000000;0.015419
7258;360.000000;34.000000;30.000000;9.984581;0.000000;0.000000;0.000000;0.000000;0.000000;9.984581
7259;360.000000;38.000000;-30.000000;0.015419;0.000000;0.000000;0.000000;0.000000;0.000000;0.015419
7260;360.000000;38.000000;30.000000;9.984581;0.000000;0.000000;0.000000;0.000000;0.000000;9.984581
7261;360.000000;42.000000;-30.000000;0.015419;0.000000;0.000000;0.000000;0.000000;0.000000;0.015419
7262;360.000000;42.000000;30.000000;9.984581;0.000000;0.000000;0.000000;0.000000;0.000000;9.984581
7263;360.000000;46.000000;-30.000000;0.015419;0.000000;0.000000;0.000000;0.000000;0.000000;0.015419
7264;360.000000;46.000000;30.000000;9.984581;0.000000;0.000000;0.000000;0.000000;0.000000;9.984581
7265;360.000000;50.000000;-30.000000;0.015419;0.000000;0.000000;0.000000;0.000000;0.000000;0.015419
7266;360.000000;50.000000;-26.000000;0.680030;0.000000;0.000000;0.000000;0.000000;0.000000;0.680030
7267;360.000000;50.000000;-22.000000;1.344641;0.000000;0.000000;0.000000;0.000000;0.000000;1.344641
7268;360.000000;50.000000;-18.000000;2.009251;0.000000;0.000000;0.000000;0.000000;0.000000;2.009251
7269;360.000000;50.000000;-14.000000;2.673862;0.000000;0.000000;0.000000;0.000000;0.000000;2.673862
7270;360.000000;50.000000;-10.000000;3.338473;0.000000;0.000000;0.000000;0.000000;0.000000;3.338473
7271;360.000000;50.000000;-6.000000;4.003084;0.000000;0.000000;0.000000;0.000000;0.000000;4.003084
7272;360.000000;50.000000;-2.000000;4.667695;0.000000;0.000000;0.000000;0.000000;0.000000;4.667695
7273;360.000000;50.000000;2.000000;5.332305;0.000000;0.000000;0.000000;0.000000;0.000000;5.332305
7274;360.000000;50.000000;6.000000;5.996916;0.000000;0.000000;0.000000;0.000000;0.000000;5.996916
7275;360.000000;50.000000;10.000000;6.661527;0.000000;0.000000;0.000000;0.000000;0.000000;6.661527
7276;360.000000;50.000000;14.000000;7.326138;0.000000;0.000000;0.000000;0.000000;0.000000;7.326138
7277;360.000000;50.000000;18.000000;7.990749;0.000000;0.000000;0.000000;0.000000;0.000000;7.990749
7278;360.000000;50.000000;22.000000;8.655359;0.000000;0.000000;0.000000;0.000000;0.000000;8.655359
7279;360.000000;50.000000;26.000000;9.319970;0.000000;0.000000;0.000000;0.000000;0.000000;9.319970
7280;360.000000;50.000000;30.000000;9.984581;0.000000;0.000000;0.000000;0.000000;0.000000;9.984581
7281;364.000000;-50.000000;-30.000000;0.513877;0.000000;0.000000;0.000000;0.000000;0.000000;0.513877
7282;364.000000;-50.000000;-26.000000;1.112027;0.000000;0.000000;0.000000;0.000000;0.000000;1.112027
7283;364.000000;-50.000000;-22.000000;1.710177;0.000000;0.000000;0.000000;0.000000;0.000000;1.710177
7284;364.000000;-50.000000;-18.000000;2.308326;0.000000;0.000000;0.000000;0.000000;0.000000;2.308326
7285;364.000000;-50.000000;-14.000000;2.906476;0.000000;0.000000;0.000000;0.000000;0.000000;2.906476
7286;364.000000;-50.000000;-10.000000;3.504626;0.000000;0.000000;0.000000;0.000000;0.000000;3.504626
7287;364.000000;-50.000000;-6.000000;4.102775;0.000000;0.000000;0.000000;0.000000;0.000000;4.102775
7288;364.000000;-50.000000;-2.000000;4.700925;0.000000;0.000000;0.000000;0.000000;0.000000;4.700925
7289;364.000000;-50.000000;2.000000;5.299075;0.000000;0.000000;0.000000;0.000000;0.000000;5.299075
7290;364.000000;-50.000000;6.000000;5.897225;0.000000;0.000000;0.000000;0.000000;0.000000;5.897225
7291;364.000000;-50.000000;10.000000;6.495374;0.000000;0.000000;0.000000;0.000000;0.000000;6.495374
7292;364.000000;-50.000000;14.000000;7.093524;0.000000;0.000000;0.000000;0.000000;0.000000;7.093524
7293;364.000000;-50.000000;18.000000;7.691674;0.000000;0.000000;0.000000;0.000000;0.000000;7.691674
7294;364.000000;-50.000000;22.000000;8.289823;0.000000;0.000000;0.000000;0.000000;0.000000;8.289823
7295;364.000000;-50.000000;26.000000;8.887973;0.000000;0.000000;0.000000;0.000000;0.000000;8.887973
7296;364.000000;-50.000000;30.000000;9.486123;0.000000;0.000000;0.000000;0.000000;0.000000;9.486123
7297;364.000000;-46.000000;-30.000000;0.513877;0.000000;0.000000;0.000000;0.000000;0.000000;0.513877
7298;364.000000;-46.000000;30.000000;9.486123;0.000000;0.000000;0.000000;0.000000;0.000000;9.486123
7299;364.000000;-42.000000;-30.000000;0.513877;0.000000;0.000000;0.000000;0.000000;0.000000;0.513877
7300;364.000000;-42.000000;30.000000;9.486123;0.000000;0.000000;0.000000;0.000000;0.000000;9.486123
7301;364.000000;-38.000000;-30.000000;0.513877;0.000000;0.000000;0.000000;0.000000;0.000000;0.513877
7302;364.000000;-38.000000;30.000000;9.486123;0.000000;0.000000;0.000000;0.000000;0.000000;9.486123
7303;364.000000;-34.000000;-30.000000;0.513877;0.000000;0.000000;0.000000;0.000000;0.000000;0.513877
7304;364.000000;-34.000000;30.000000;9.486123;0.000000;0.000000;0.000000;0.000000;0.000000;9.486123
7305;364.000000;-30.000000;-30.000000;0.513877;0.000000;0.000000;0.000000;0.000000;0.000000;0.513877
7306;364.000000;-30.000000;30.000000;9.486123;0.000000;0.000000;0.000000;0.000000;0.000000;9.486123
7307;364.000000;-26.000000;-30.000000;0.513877;0.000000;0.000000;0.000000;0.000000;0.000000;0.513877
7308;364.000000;-26.000000;30.000000;9.486123;0.000000;0.000000;0.000000;0.000000;0.000000;9.486123
7309;364.000000;-22.000000;-30.000000;0.513877;0.000000;0.000000;0.000000;0.000000;0.000000;0.513877
7310;364.000000;-22.000000;30.000000;9.486123;0.000000;0.000000;0.000000;0.000000;0.000000;9.486123
7311;364.000000;-18.000000;-30.000000;0.513877;0.000000;0.000000;0.000000;0.000000;0.000000;0.513877
7312;364.000000;-18.000000;30.000000;9.486123;0.000000;0.000000;0.000000;0.000000;0.000000;9.486123
7313;364.000000;-14.000000;-30.000000;0.513877;0.000000;0.000000;0.000000;0.000000;0.000000;0.513877
7314;364.000000;-14.000000;30.000000;9.486123;0.000000;0.000000;0.000000;0.000000;0.000000;9.486123
7315;364.000000;-10.000000;-30.000000;0.513877;0.000000;0.000000;0.000000;0.000000;0.000000;0.513877
7316;364.000000;-10.000000;30.000000;9.486123;0.000000;0.000000;0.000000;0.000000;0.000000;9.486123
7317;364.000000;-6.000000;-30.000000;0.513877;0.000000;0.000000;0.000000;0.000000;0.000000;0.513877
7318;364.000000;-6.000000;30.000000;9.486123;0.000000;0.000000;0.000000;0.000000;0.000000;9.486123
7319;364.000000;-2.000000;-30.000000;0.513877;0.000000;0.000000;0.000000;0.000000;0.000000;0.513877
7320;364.000000;-2.000000;30.000000;9.486123;0.000000;0.000000;0.000000;0.000000;0.000000;9.486123
7321;364.000000;2.000000;-30.000000;0.513877;0.000000;0.000000;0.000000;0.000000;0.000000;0.513877
7322;364.000000;2.000000;30.000000;9.486123;0.000000;0.000000;0.000000;0.000000;0.000000;9.486123
7323;364.000000;6.000000;-30.000000;0.513877;0.000000;0.000000;0.000000;0.000000;0.000000;0.513877
7324;364.000000;6.000000;30.000000;9.486123;0.000000;0.000000;0.000000;0.000000;0.000000;9.486123
7325;364.000000;10.000000;-30.000000;0.513877;0.000000;0.000000;0.000000;0.000000;0.000000;0.513877
7326;364.000000;10.000000;30.000000;9.486123;0.000000;0.000000;0.000000;0.000000;0.000000;9.486123
7327;364.000000;14.000000;-30.000000;0.513877;0.000000;0.000000;0.000000;0.000000;0.000000;0.513877
7328;364.000000;14.000000;30.000000;9.486123;0.000000;0.000000;0.000000;0.000000;0.000000;9.486123
7329;364.000000;18.000000;-30.000000;0.513877;0.000000;0.000000;0.000000;0.000000;0.000000;0.513877
7330;364.000000;18.000000;30.000000;9.486123;0.000000;0.000000;0.000000;0.000000;0.000000;9.486123
7331;364.000000;22.000000;-30.000000;0.513877;0.000000;0.000000;0.000000;0.000000;0.000000;0.513877
7332;364.000000;22.000000;30.000000;9.486123;0.000000;0.000000;0.000000;0.000000;0.000000;9.486123
7333;364.000000;26.000000;-30.000000;0.513877;0.000000;0.000000;0.000000;0.000000;0.000000;0.513877
7334;364.000000;26.000000;30.000000;9.486123;0.000000;0.000000;0.000000;0.000000;0.000000;9.486123
7335;364.000000;30.000000;-30.000000;0.513877;0.000000;0.000000;0.000000;0.000000;0.000000;0.513877
7336;364.000000;30.000000;30.000000;9.486123;0.000000;0.000000;0.000000;0.000000;0.000000;9.486123
7337;364.000000;34.000000;-30.000000;0.513877;0.000000;0.000000;0.000000;0.000000;0.000000;0.513877
7338;364.000000;34.000000;30.000000;9.486123;0.000000;0.000000;0.000000;0.000000;0.000000;9.486123
7339;364.000000;38.000000;-30.000000;0.513877;0.000000;0.000000;0.000000;0.000000;0.000000;0.513877
7340;364.000000;38.000000;30.000000;9.486123;0.000000;0.000000;0.000000;0.000000;0.000000;9.486123
7341;364.000000;42.000000;-30.000000;0.513877;0.000000;0.000000;0.000000;0.000000;0.000000;0.513877
7342;364.000000;42.000000;30.000000;9.486123;0.000000;0.000000;0.000000;0.000000;0.000000;9.486123
7343;364.000000;46.000000;-30.000000;0.513877;0.000000;0.000000;0.000000;0.000000;0.000000;0.513877
7344;364.000000;46.000000;30.000000;9.486123;0.000000;0.000000;0.000000;0.000000;0.000000;9.486123
7345;364.000000;50.000000;-30.000000;0.513877;0.000000;0.000000;0.000000;0.000000;0.000000;0.513877
7346;364.000000;50.000000;-26.000000;1.112027;0.000000;0.000000;0.000000;0.000000;0.000000;1.112027
7347;364.000000;50.000000;-22.000000;1.710177;0.000000;0.000000;0.000000;0.000000;0.000000;1.710177
7348;364.000000;50.000000;-18.000000;2.308326;0.000000;0.000000;0.000000;0.000000;0.000000;2.308326
7349;364.000000;50.000000;-14.000000;2.906476;0.000000;0.000000;0.000000;0.000000;0.000000;2.906476
7350;364.000000;50.000000;-10.000000;3.504626;0.000000;0.000000;0.000000;0.000000;0.000000;3.504626
7351;364.000000;50.000000;-6.000000;4.102775;0.000000;0.000000;0.000000;0.000000;0.000000;4.102775
7352;364.000000;50.000000;-2.000000;4.700925;0.000000;0.000000;0.000000;0.000000;0.000000;4.700925
7353;364.000000;50.000000;2.000000;5.299075;0.000000;0.000000;0.000000;0.000000;0.000000;5.299075
7354;364.000000;50.000000;6.000000;5.897225;0.000000;0.000000;0.000000;0.000000;0.000000;5.897225
7355;364.000000;50.000000;10.000000;6.495374;0.000000;0.000000;0.000000;0.000000;0.000000;6.495374
7356;364.000000;50.000000;14.000000;7.093524;0.000000;0.000000;0.000000;0.000000;0.000000;7.093524
7357;364.000000;50.000000;18.000000;7.691674;0.000000;0.000000;0.000000;0.000000;0.000000;7.691674
7358;364.000000;50.000000;22.000000;8.289823;0.000000;0.000000;0.000000;0.000000;0.000000;8.289823
7359;364.000000;50.000000;26.000000;8.887973;0.000000;0.000000;0.000000;0.000000;0.000000;8.887973
7360;364.000000;50.000000;30.000000;9.486123;0.000000;0.000000;0.000000;0.000000;0.000000;9.486123
7361;368.000000;-50.000000;-30.000000;1.012335;0.000000;0.000000;0.000000;0.000000;0.000000;1.012335
7362;368.000000;-50.000000;-26.000000;1.544024;0.000000;0.000000;0.000000;0.000000;0.000000;1.544024
7363;368.000000;-50.000000;-22.000000;2.075712;0.000000;0.000000;0.000000;0.000000;0.000000;2.075712
7364;368.000000;-50.000000;-18.000000;2.607401;0.000000;0.000000;0.000000;0.000000;0.000000;2.607401
7365;368.000000;-50.000000;-14.000000;3.139090;0.000000;0.000000;0.000000;0.000000;0.000000;3.139090
7366;368.000000;-50.000000;-10.000000;3.670778;0.000000;0.000000;0.000000;0.000000;0.000000;3.670778
7367;368.000000;-50.000000;-6.000000;4.202467;0.000000;0.000000;0.000000;0.000000;0.000000;4.202467
7368;368.000000;-50.000000;-2.000000;4.734156;0.000000;0.000000;0.000000;0.000000;0.000000;4.734156
7369;368.000000;-50.000000;2.000000;5.265844;0.000000;0.000000;0.000000;0.000000;0.000000;5.265844
7370;368.000000;-50.000000;6.000000;5.797533;0.000000;0.000000;0.000000;0.000000;0.000000;5.797533
7371;368.000000;-50.000000;10.000000;6.329222;0.000000;0.000000;0.000000;0.000000;0.000000;6.329222
7372;368.000000;-50.000000;14.000000;6.860910;0.000000;0.000000;0.000000;0.000000;0.000000;6.860910
7373;368.000000;-50.000000;18.000000;7.392599;0.000000;0.000000;0.000000;0.000000;0.000000;7.392599
7374;368.000000;-50.000000;22.000000;7.924288;0.000000;0.000000;0.000000;0.000000;0.000000;7.924288
7375;368.000000;-50.000000;26.000000;8.455976;0.000000;0.000000;0.000000;0.000000;0.000000;8.455976
7376;368.000000;-50.000000;30.000000;8.987665;0.000000;0.000000;0.000000;0.000000;0.000000;8.987665
7377;368.000000;-46.000000;-30.000000;1.012335;0.000000;0.000000;0.000000;0.000000;0.000000;1.012335
7378;368.000000;-46.000000;30.000000;8.987665;0.000000;0.000000;0.000000;0.000000;0.000000;8.987665
7379;368.000000;-42.000000;-30.000000;1.012335;0.000000;0.000000;0.000000;0.000000;0.000000;1.012335
7380;368.000000;-42.000000;30.000000;8.987665;0.000000;0.000000;0.000000;0.000000;0.000000;8.987665
7381;368.000000;-38.000000;-30.000000;1.012335;0.000000;0.000000;0.000000;0.000000;0.000000;1.012335
7382;368.000000;-38.000000;30.000000;8.987665;0.000000;0.000000;0.000000;0.000000;0.000000;8.987665
7383;368.000000;-34.000000;-30.000000;1.012335;0.000000;0.000000;0.000000;0.000000;0.000000;1.012335
7384;368.000000;-34.000000;30.000000;8.987665;0.000000;0.000000;0.000000;0.000000;0.000000;8.987665
7385;368.000000;-30.000000;-30.000000;1.012335;0.000000;0.000000;0.000000;0.000000;0.000000;1.012335
7386;368.000000;-30.000000;30.000000;8.987665;0.000000;0.000000;0.000000;0.000000;0.000000;8.987665
7387;368.000000;-26.000000;-30.000000;1.012335;0.000000;0.000000;0.000000;0.000000;0.000000;1.012335
7388;368.000000;-26.000000;30.000000;8.987665;0.000000;0.000000;0.000000;0.000000;0.000000;8.987665
7389;368.000000;-22.000000;-30.000000;1.012335;0.000000;0.000000;0.000000;0.000000;0.000000;1.012335
7390;368.000000;-22.000000;30.000000;8.987665;0.000000;0.000000;0.000000;0.000000;0.000000;8.987665
7391;368.000000;-18.000000;-30.000000;1.012335;0.000000;0.000000;0.000000;0.000000;0.000000;1.012335
7392;368.000000;-18.000000;30.000000;8.987665;0.000000;0.000000;0.000000;0.000000;0.000000;8.987665
7393;368.000000;-14.000000;-30.000000;1.012335;0.000000;0.000000;0.000000;0.000000;0.000000;1.012335
7394;368.000000;-14.000000;30.000000;8.987665;0.000000;0.000000;0.000000;0.000000;0.000000;8.987665
7395;368.000000;-10.000000;-30.000000;1.012335;0.000000;0.000000;0.000000;0.000000;0.000000;1.012335
7396;368.000000;-10.000000;30.000000;8.987665;0.000000;0.000000;0.000000;0.000000;0.000000;8.987665
7397;368.000000;-6.000000;-30.000000;1.012335;0.000000;0.000000;0.000000;0.000000;0.000000;1.012335
7398;368.000000;-6.000000;30.000000;8.987665;0.000000;0.000000;0.000000;0.000000;0.000000;8.987665
7399;368.000000;-2.000000;-30.000000;1.012335;0.000000;0.000000;0.000000;0.000000;0.000000;1.012335
7400;368.000000;-2.000000;30.000000;8.987665;0.000000;0.000000;0.000000;0.000000;0.000000;8.987665
7401;368.000000;2.000000;-30.000000;1.012335;0.000000;0.000000;0.000000;0.000000;0.000000;1.012335
7402;368.000000;2.000000;30.000000;8.987665;0.000000;0.000000;0.000000;0.000000;0.000000;8.987665
7403;368.000000;6.000000;-30.000000;1.012335;0.000000;0.000000;0.000000;0.000000;0.000000;1.012335
7404;368.000000;6.000000;30.000000;8.987665;0.000000;0.000000;0.000000;0.000000;0.000000;8.987665
7405;368.000000;10.000000;-30.000000;1.012335;0.000000;0.000000;0.000000;0.000000;0.000000;1.012335
7406;368.000000;10.000000;30.000000;8.987665;0.000000;0.000000;0.000000;0.000000;0.000000;8.987665
7407;368.000000;14.000000;-30.000000;1.012335;0.000000;0.000000;0.000000;0.000000;0.000000;1.012335
7408;368.000000;14.000000;30.000000;8.987665;0.000000;0.000000;0.000000;0.000000;0.000000;8.987665
7409;368.000000;18.000000;-30.000000;1.012335;0.000000;0.000000;0.000000;0.000000;0.000000;1.012335
7410;368.000000;18.000000;30.000000;8.987665;0.000000;0.000000;0.000000;0.000000;0.000000;8.987665
7411;368.000000;22.000000;-30.000000;1.012335;0.000000;0.000000;0.000000;0.000000;0.000000;1.012335
7412;368.000000;22.000000;30.000000;8.987665;0.000000;0.000000;0.000000;0.000000;0.000000;8.987665
7413;368.000000;26.000000;-30.000000;1.012335;0.000000;0.000000;0.000000;0.000000;0.000000;1.012335
7414;368.000000;26.000000;30.000000;8.987665;0.000000;0.000000;0.000000;0.000000;0.000000;8.987665
7415;368.000000;30.000000;-30.000000;1.012335;0.000000;0.000000;0.000000;0.000000;0.000000;1.012335
7416;368.000000;30.000000;30.000000;8.987665;0.000000;0.000000;0.000000;0.000000;0.000000;8.987665
7417;368.000000;34.000000;-30.000000;1.012335;0.000000;0.000000;0.000000;0.000000;0.000000;1.012335
7418;368.000000;34.000000;30.000000;8.987665;0.000000;0.000000;0.000000;0.000000;0.000000;8.987665
7419;368.000000;38.000000;-30.000000;1.012335;0.000000;0.000000;0.000000;0.000000;0.000000;1.012335
7420;368.000000;38.000000;30.000000;8.987665;0.000000;0.000000;0.000000;0.000000;0.000000;8.987665
7421;368.000000;42.000000;-30.000000;1.012335;0.000000;0.000000;0.000000;0.000000;0.000000;1.012335
7422;368.000000;42.000000;30.000000;8.987665;0.000000;0.000000;0.000000;0.000000;0.000000;8.987665
7423;368.000000;46.000000;-30.000000;1.012335;0.000000;0.000000;0.000000;0.000000;0.000000;1.012335
7424;368.000000;46.000000;30.000000;8.987665;0.000000;0.000000;0.000000;0.000000;0.000000;8.987665
7425;368.000000;50.000000;-30.000000;1.012335;0.000000;0.000000;0.000000;0.000000;0.000000;1.012335
7426;368.000000;50.000000;-26.000000;1.544024;0.000000;0.000000;0.000000;0.000000;0.000000;1.544024
7427;368.000000;50.000000;-22.000000;2.075712;0.000000;0.000000;0.000000;0.000000;0.000000;2.075712
7428;368.000000;50.000000;-18.000000;2.607401;0.000000;0.000000;0.000000;0.000000;0.000000;2.607401
7429;368.000000;50.000000;-14.000000;3.139090;0.000000;0.000000;0.000000;0.000000;0.000000;3.139090
7430;368.000000;50.000000;-10.000000;3.670778;0.000000;0.000000;0.000000;0.000000;0.000000;3.670778
7431;368.000000;50.000000;-6.000000;4.202467;0.000000;0.000000;0.000000;0.000000;0.000000;4.202467
7432;368.000000;50.000000;-2.000000;4.734156;0.000000;0.000000;0.000000;0.000000;0.000000;4.734156
7433;368.000000;50.000000;2.000000;5.265844;0.000000;0.000000;0.000000;0.000000;0.000000;5.265844
7434;368.000000;50.000000;6.000000;5.797533;0.000000;0.000000;0.000000;0.000000;0.000000;5.797533
7435;368.000000;50.000000;10.000000;6.329222;0.000000;0.000000;0.000000;0.000000;0.000000;6.329222
7436;368.000000;50.000000;14.000000;6.860910;0.000000;0.000000;0.000000;0.000000;0.000000;6.860910
7437;368.000000;50.000000;18.000000;7.392599;0.000000;0.000000;0.000000;0.000000;0.000000;7.392599
7438;368.000000;50.000000;22.000000;7.924288;0.000000;0.000000;0.000000;0.000000;0.000000;7.924288
7439;368.000000;50.000000;26.000000;8.455976;0.000000;0.000000;0.000000;0.000000;0.000000;8.455976
7440;368.000000;50.000000;30.000000;8.987665;0.000000;0.000000;0.000000;0.000000;0.000000;8.987665
7441;372.000000;-50.000000;-30.000000;1.510793;0.000000;0.000000;0.000000;0.000000;0.000000;1.510793
7442;372.000000;-50.000000;-26.000000;1.976021;0.000000;0.000000;0.000000;0.000000;0.000000;1.976021
7443;372.000000;-50.000000;-22.000000;2.441248;0.000000;0.000000;0.000000;0.000000;0.000000;2.441248
7444;372.000000;-50.000000;-18.000000;2.906476;0.000000;0.000000;0.000000;0.000000;0.000000;2.906476
7445;372.000000;-50.000000;-14.000000;3.371704;0.000000;0.000000;0.000000;0.000000;0.000000;3.371704
7446;372.000000;-50.000000;-10.000000;3.836931;0.000000;0.000000;0.000000;0.000000;0.000000;3.836931
7447;372.000000;-50.000000;-6.000000;4.302159;0.000000;0.000000;0.000000;0.000000;0.000000;4.302159
7448;372.000000;-50.000000;-2.000000;4.767386;0.000000;0.000000;0.000000;0.000000;0.000000;4.767386
7449;372.000000;-50.000000;2.000000;5.232614;0.000000;0.000000;0.000000;0.000000;0.000000;5.232614
7450;372.000000;-50.000000;6.000000;5.697841;0.000000;0.000000;0.000000;0.000000;0.000000;5.697841
7451;372.000000;-50.000000;10.000000;6.163069;0.000000;0.000000;0.000000;0.000000;0.000000;6.163069
7452;372.000000;-50.000000;14.000000;6.628296;0.000000;0.000000;0.000000;0.000000;0.000000;6.628296
7453;372.000000;-50.000000;18.000000;7.093524;0.000000;0.000000;0.000000;0.000000;0.000000;7.093524
7454;372.000000;-50.000000;22.000000;7.558752;0.000000;0.000000;0.000000;0.000000;0.000000;7.558752
7455;372.000000;-50.000000;26.000000;8.023979;0.000000;0.000000;0.000000;0.000000;0.000000;8.023979
7456;372.000000;-50.000000;30.000000;8.489207;0.000000;0.000000;0.000000;0.000000;0.000000;8.489207
7457;372.000000;-46.000000;-30.000000;1.510793;0.000000;0.000000;0.000000;0.000000;0.000000;1.510793
7458;372.000000;-46.000000;30.000000;8.489207;0.000000;0.000000;0.000000;0.000000;0.000000;8.489207
7459;372.000000;-42.000000;-30.000000;1.510793;0.000000;0.000000;0.000000;0.000000;0.000000;1.510793
7460;372.000000;-42.000000;30.000000;8.489207;0.000000;0.000000;0.000000;0.000000;0.000000;8.489207
7461;372.000000;-38.000000;-30.000000;1.510793;0.000000;0.000000;0.000000;0.000000;0.000000;1.510793
7462;372.000000;-38.000000;30.000000;8.489207;0.000000;0.000000;0.000000;0.000000;0.000000;8.489207
7463;372.000000;-34.000000;-30.000000;1.510793;0.000000;0.000000;0.000000;0.000000;0.000000;1.510793
7464;372.000000;-34.000000;30.000000;8.489207;0.000000;0.000000;0.000000;0.000000;0.000000;8.489207
7465;372.000000;-30.000000;-30.000000;1.510793;0.000000;0.000000;0.000000;0.000000;0.000000;1.510793
7466;372.000000;-30.000000;30.000000;8.489207;0.000000;0.000000;0.000000;0.000000;0.000000;8.489207
7467;372.000000;-26.000000;-30.000000;1.510793;0.000000;0.000000;0.000000;0.000000;0.000000;1.510793
7468;372.000000;-26.000000;30.000000;8.489207;0.000000;0.000000;0.000000;0.000000;0.000000;8.489207
7469;372.000000;-22.000000;-30.000000;1.510793;0.000000;0.000000;0.000000;0.000000;0.000000;1.510793
7470;372.000000;-22.000000;30.000000;8.489207;0.000000;0.000000;0.000000;0.000000;0.000000;8.489207
7471;372.000000;-18.000000;-30.000000;1.510793;0.000000;0.000000;0.000000;0.000000;0.000000;1.510793
7472;372.000000;-18.000000;30.000000;8.489207;0.000000;0.000000;0.000000;0.000000;0.000000;8.489207
7473;372.000000;-14.000000;-30.000000;1.510793;0.000000;0.000000;0.000000;0.000000;0.000000;1.510793
7474;372.000000;-14.000000;30.000000;8.489207;0.000000;0.000000;0.000000;0.000000;0.000000;8.489207
7475;372.000000;-10.000000;-30.000000;1.510793;0.000000;0.000000;0.000000;0.000000;0.000000;1.510793
7476;372.000000;-10.000000;30.000000;8.489207;0.000000;0.000000;0.000000;0.000000;0.000000;8.489207
7477;372.000000;-6.000000;-30.000000;1.510793;0.000000;0.000000;0.000000;0.000000;0.000000;1.510793
7478;372.000000;-6.000000;30.000000;8.489207;0.000000;0.000000;0.000000;0.000000;0.000000;8.489207
7479;372.000000;-2.000000;-30.000000;1.510793;0.000000;0.000000;0.000000;0.000000;0.000000;1.510793
7480;372.000000;-2.000000;30.000000;8.489207;0.000000;0.000000;0.000000;0.000000;0.000000;8.489207
7481;372.000000;2.000000;-30.000000;1.510793;0.000000;0.000000;0.000000;0.000000;0.000000;1.510793
7482;372.000000;2.000000;30.000000;8.489207;0.000000;0.000000;0.000000;0.000000;0.000000;8.489207
7483;372.000000;6.000000;-30.000000;1.510793;0.000000;0.000000;0.000000;0.000000;0.000000;1.510793
7484;372.000000;6.000000;30.000000;8.489207;0.000000;0.000000;0.000000;0.000000;0.000000;8.489207
7485;372.000000;10.000000;-30.000000;1.510793;0.000000;0.000000;0.000000;0.000000;0.000000;1.510793
7486;372.000000;10.000000;30.000000;8.489207;0.000000;0.000000;0.000000;0.000000;0.000000;8.489207
7487;372.000000;14.000000;-30.000000;1.510793;0.000000;0.000000;0.000000;0.000000;0.000000;1.510793
7488;372.000000;14.000000;30.000000;8.489207;0.000000;0.000000;0.000000;0.000000;0.000000;8.489207
7489;372.000000;18.000000;-30.000000;1.510793;0.000000;0.000000;0.000000;0.000000;0.000000;1.510793
7490;372.000000;18.000000;30.000000;8.489207;0.000000;0.000000;0.000000;0.000000;0.000000;8.489207
7491;372.000000;22.000000;-30.000000;1.510793;0.000000;0.000000;0.000000;0.000000;0.000000;1.510793
7492;372.000000;22.000000;30.000000;8.489207;0.000000;0.000000;0.000000;0.000000;0.000000;8.489207
7493;372.000000;26.000000;-30.000000;1.510793;0.000000;0.000000;0.000000;0.000000;0.000000;1.510793
7494;372.000000;26.000000;30.000000;8.489207;0.000000;0.000000;0.000000;0.000000;0.000000;8.489207
7495;372.000000;30.000000;-30.000000;1.510793;0.000000;0.000000;0.000000;0.000000;0.000000;1.510793
7496;372.000000;30.000000;30.000000;8.489207;0.000000;0.000000;0.000000;0.000000;0.000000;8.489207
7497;372.000000;34.000000;-30.000000;1.510793;0.000000;0.000000;0.000000;0.000000;0.000000;1.510793
7498;372.000000;34.000000;30.000000;8.489207;0.000000;0.000000;0.000000;0.000000;0.000000;8.489207
7499;372.000000;38.000000;-30.000000;1.510793;0.000000;0.000000;0.000000;0.000000;0.000000;1.510793
7500;372.000000;38.000000;30.000000;8.489207;0.000000;0.000000;0.000000;0.000000;0.000000;8.489207
7501;372.000000;42.000000;-30.000000;1.510793;0.000000;0.000000;0.000000;0.000000;0.000000;1.510793
7502;372.000000;42.000000;30.000000;8.489207;0.000000;0.000000;0.000000;0.000000;0.000000;8.489207
7503;372.000000;46.000000;-30.000000;1.510793;0.000000;0.000000;0.000000;0.000000;0.000000;1.510793
7504;372.000000;46.000000;30.000000;8.489207;0.000000;0.000000;0.000000;0.000000;0.000000;8.489207
7505;372.000000;50.000000;-30.000000;1.510793;0.000000;0.000000;0.000000;0.000000;0.000000;1.510793
7506;372.000000;50.000000;-26.000000;1.976021;0.000000;0.000000;0.000000;0.000000;0.000000;1.976021
7507;372.000000;50.000000;-22.000000;2.441248;0.000000;0.000000;0.000000;0.000000;0.000000;2.441248
7508;372.000000;50.000000;-18.000000;2.906476;0.000000;0.000000;0.000000;0.000000;0.000000;2.906476
7509;372.000000;50.000000;-14.000000;3.371704;0.000000;0.000000;0.000000;0.000000;0.000000;3.371704
7510;372.000000;50.000000;-10.000000;3.836931;0.000000;0.000000;0.000000;0.000000;0.000000;3.836931
7511;372.000000;50.000000;-6.000000;4.302159;0.000000;0.000000;0.000000;0.000000;0.000000;4.302159
7512;372.000000;50.000000;-2.000000;4.767386;0.000000;0.000000;0.000000;0.000000;0.000000;4.767386
7513;372.000000;50.000000;2.000000;5.232614;0.000000;0.000000;0.000000;0.000000;0.000000;5.232614
7514;372.000000;50.000000;6.000000;5.697841;0.000000;0.000000;0.000000;0.000000;0.000000;5.697841
7515;372.000000;50.000000;10.000000;6.163069;0.000000;0.000000;0.000000;0.000000;0.000000;6.163069
7516;372.000000;50.000000;14.000000;6.628296;0.000000;0.000000;0.000000;0.000000;0.000000;6.628296
7517;372.000000;50.000000;18.000000;7.093524;0.000000;0.000000;0.000000;0.000000;0.000000;7.093524
7518;372.000000;50.000000;22.000000;7.558752;0.000000;0.000000;0.000000;0.000000;0.000000;7.558752
7519;372.000000;50.000000;26.000000;8.023979;0.000000;0.000000;0.000000;0.000000;0.000000;8.023979
7520;372.000000;50.000000;30.000000;8.489207;0.000000;0.000000;0.000000;0.000000;0.000000;8.489207
7521;376.000000;-50.000000;-30.000000;2.009251;0.000000;0.000000;0.000000;0.000000;0.000000;2.009251
7522;376.000000;-50.000000;-26.000000;2.408018;0.000000;0.000000;0.000000;0.000000;0.000000;2.408018
7523;376.000000;-50.000000;-22.000000;2.806784;0.000000;0.000000;0.000000;0.000000;0.000000;2.806784
7524;376.000000;-50.000000;-18.000000;3.205551;0.000000;0.000000;0.000000;0.000000;0.000000;3.205551
7525;376.000000;-50.000000;-14.000000;3.604317;0.000000;0.000000;0.000000;0.000000;0.000000;3.604317
7526;376.000000;-50.000000;-10.000000;4.003084;0.000000;0.000000;0.000000;0.000000;0.000000;4.003084
7527;376.000000;-50.000000;-6.000000;4.401850;0.000000;0.000000;0.000000;0.000000;0.000000;4.401850
7528;376.000000;-50.000000;-2.000000;4.800617;0.000000;0.000000;0.000000;0.000000;0.000000;4.800617
7529;376.000000;-50.000000;2.000000;5.199383;0.000000;0.000000;0.000000;0.000000;0.000000;5.199383
7530;376.000000;-50.000000;6.000000;5.598150;0.000000;0.000000;0.000000;0.000000;0.000000;5.598150
7531;376.000000;-50.000000;10.000000;5.996916;0.000000;0.000000;0.000000;0.000000;0.000000;5.996916
7532;376.000000;-50.000000;14.000000;6.395683;0.000000;0.000000;0.000000;0.000000;0.000000;6.395683
7533;376.000000;-50.000000;18.000000;6.794449;0.000000;0.000000;0.000000;0.000000;0.000000;6.794449
7534;376.000000;-50.000000;22.000000;7.193216;0.000000;0.000000;0.000000;0.000000;0.000000;7.193216
7535;376.000000;-50.000000;26.000000;7.591982;0.000000;0.000000;0.000000;0.000000;0.000000;7.591982
7536;376.000000;-50.000000;30.000000;7.990749;0.000000;0.000000;0.000000;0.000000;0.000000;7.990749
7537;376.000000;-46.000000;-30.000000;2.009251;0.000000;0.000000;0.000000;0.000000;0.000000;2.009251
7538;376.000000;-46.000000;30.000000;7.990749;0.000000;0.000000;0.000000;0.000000;0.000000;7.990749
7539;376.000000;-42.000000;-30.000000;2.009251;0.000000;0.000000;0.000000;0.000000;0.000000;2.009251
7540;376.000000;-42.000000;30.000000;7.990749;0.000000;0.000000;0.000000;0.000000;0.000000;7.990749
7541;376.000000;-38.000000;-30.000000;2.009251;0.000000;0.000000;0.000000;0.000000;0.000000;2.009251
7542;376.000000;-38.000000;30.000000;7.990749;0.000000;0.000000;0.000000;0.000000;0.000000;7.990749
7543;376.000000;-34.000000;-30.000000;2.009251;0.000000;0.000000;0.000000;0.000000;0.000000;2.009251
7544;376.000000;-34.000000;30.000000;7.990749;0.000000;0.000000;0.000000;0.000000;0.000000;7.990749
7545;376.000000;-30.000000;-30.000000;2.009251;0.000000;0.000000;0.000000;0.000000;0.000000;2.009251
7546;376.000000;-30.000000;30.000000;7.990749;0.000000;0.000000;0.000000;0.000000;0.000000;7.990749
7547;376.000000;-26.000000;-30.000000;2.009251;0.000000;0.000000;0.000000;0.000000;0.000000;2.009251
7548;376.000000;-26.000000;30.000000;7.990749;0.000000;0.000000;0.000000;0.000000;0.000000;7.990749
7549;376.000000;-22.000000;-30.000000;2.009251;0.000000;0.000000;0.000000;0.000000;0.000000;2.009251
7550;376.000000;-22.000000;30.000000;7.990749;0.000000;0.000000;0.000000;0.000000;0.000000;7.990749
7551;376.000000;-18.000000;-30.000000;2.009251;0.000000;0.000000;0.000000;0.000000;0.000000;2.009251
7552;376.000000;-18.000000;30.000000;7.990749;0.000000;0.000000;0.000000;0.000000;0.000000;7.990749
7553;376.000000;-14.000000;-30.000000;2.009251;0.000000;0.000000;0.000000;0.000000;0.000000;2.009251
7554;376.000000;-14.000000;30.000000;7.990749;0.000000;0.000000;0.000000;0.000000;0.000000;7.990749
7555;376.000000;-10.000000;-30.000000;2.009251;0.000000;0.000000;0.000000;0.000000;0.000000;2.009251
7556;376.000000;-10.000000;30.000000;7.990749;0.000000;0.000000;0.000000;0.000000;0.000000;7.990749
7557;376.000000;-6.000000;-30.000000;2.009251;0.000000;0.000000;0.000000;0.000000;0.000000;2.009251
7558;376.000000;-6.000000;30.000000;7.990749;0.000000;0.000000;0.000000;0.000000;0.000000;7.990749
7559;376.000000;-2.000000;-30.000000;2.009251;0.000000;0.000000;0.000000;0.000000;0.000000;2.009251
7560;376.000000;-2.000000;30.000000;7.990749;0.000000;0.000000;0.000000;0.000000;0.000000;7.990749
7561;376.000000;2.000000;-30.000000;2.009251;0.000000;0.000000;0.000000;0.000000;0.000000;2.009251
7562;376.000000;2.000000;30.000000;7.990749;0.000000;0.000000;0.000000;0.000000;0.000000;7.990749
7563;376.000000;6.000000;-30.000000;2.009251;0.000000;0.000000;0.000000;0.000000;0.000000;2.009251
7564;376.000000;6.000000;30.000000;7.990749;0.000000;0.000000;0.000000;0.000000;0.000000;7.990749
7565;376.000000;10.000000;-30.000000;2.009251;0.000000;0.000000;0.000000;0.000000;0.000000;2.009251
7566;376.000000;10.000000;30.000000;7.990749;0.000000;0.000000;0.000000;0.000000;0.000000;7.990749
7567;376.000000;14.000000;-30.000000;2.009251;0.000000;0.000000;0.000000;0.000000;0.000000;2.009251
7568;376.000000;14.000000;30.000000;7.990749;0.000000;0.000000;0.000000;0.000000;0.000000;7.990749
7569;376.000000;18.000000;-30.000000;2.009251;0.000000;0.000000;0.000000;0.000000;0.000000;2.009251
7570;376.000000;18.000000;30.000000;7.990749;0.000000;0.000000;0.000000;0.000000;0.000000;7.990749
7571;376.000000;22.000000;-30.000000;2.009251;0.000000;0.000000;0.000000;0.000000;0.000000;2.009251
7572;376.000000;22.000000;30.000000;7.990749;0.000000;0.000000;0.000000;0.000000;0.000000;7.990749
7573;376.000000;26.000000;-30.000000;2.009251;0.000000;0.000000;0.000000;0.000000;0.000000;2.009251
7574;376.000000;26.000000;30.000000;7.990749;0.000000;0.000000;0.000000;0.000000;0.000000;7.990749
7575;376.000000;30.000000;-30.000000;2.009251;0.000000;0.000000;0.000000;0.000000;0.000000;2.009251
7576;376.000000;30.000000;30.000000;7.990749;0.000000;0.000000;0.000000;0.000000;0.000000;7.990749
7577;376.000000;34.000000;-30.000000;2.009251;0.000000;0.000000;0.000000;0.000000;0.000000;2.009251
7578;376.000000;34.000000;30.000000;7.990749;0.000000;0.000000;0.000000;0.000000;0.000000;7.990749
7579;376.000000;38.000000;-30.000000;2.009251;0.000000;0.000000;0.000000;0.000000;0.000000;2.009251
7580;376.000000;38.000000;30.000000;7.990749;0.000000;0.000000;0.000000;0.000000;0.000000;7.990749
7581;376.000000;42.000000;-30.000000;2.009251;0.000000;0.000000;0.000000;0.000000;0.000000;2.009251
7582;376.000000;42.000000;30.000000;7.990749;0.000000;0.000000;0.000000;0.000000;0.000000;7.990749
7583;376.000000;46.000000;-30.000000;2.009251;0.000000;0.000000;0.000000;0.000000;0.000000;2.009251
7584;376.000000;46.000000;30.000000;7.990749;0.000000;0.000000;0.000000;0.000000;0.000000;7.990749
7585;376.000000;50.000000;-30.000000;2.009251;0.000000;0.000000;0.000000;0.000000;0.000000;2.009251
7586;376.000000;50.000000;-26.000000;2.408018;0.000000;0.000000;0.000000;0.000000;0.000000;2.408018
7587;376.000000;50.000000;-22.000000;2.806784;0.000000;0.000000;0.000000;0.000000;0.000000;2.806784
7588;376.000000;50.000000;-18.000000;3.205551;0.000000;0.000000;0.000000;0.000000;0.000000;3.205551
7589;376.000000;50.000000;-14.000000;3.604317;0.000000;0.000000;0.000000;0.000000;0.000000;3.604317
7590;376.000000;50.000000;-10.000000;4.003084;0.000000;0.000000;0.000000;0.000000;0.000000;4.003084
7591;376.000000;50.000000;-6.000000;4.401850;0.000000;0.000000;0.000000;0.000000;0.000000;4.401850
7592;376.000000;50.000000;-2.000000;4.800617;0.000000;0.000000;0.000000;0.000000;0.000000;4.800617
7593;376.000000;50.000000;2.000000;5.199383;0.000000;0.000000;0.000000;0.000000;0.000000;5.199383
7594;376.000000;50.000000;6.000000;5.598150;0.000000;0.000000;0.000000;0.000000;0.000000;5.598150
7595;376.000000;50.000000;10.000000;5.996916;0.000000;0.000000;0.000000;0.000000;0.000000;5.996916
7596;376.000000;50.000000;14.000000;6.395683;0.000000;0.000000;0.000000;0.000000;0.000000;6.395683
7597;376.000000;50.000000;18.000000;6.794449;0.000000;0.000000;0.000000;0.000000;0.000000;6.794449
7598;376.000000;50.000000;22.000000;7.193216;0.000000;0.000000;0.000000;0.000000;0.000000;7.193216
7599;376.000000;50.000000;26.000000;7.591982;0.000000;0.000000;0.000000;0.000000;0.000000;7.591982
7600;376.000000;50.000000;30.000000;7.990749;0.000000;0.000000;0.000000;0.000000;0.000000;7.990749
7601;380.000000;-50.000000;-30.000000;2.507709;0.000000;0.000000;0.000000;0.000000;0.000000;2.507709
7602;380.000000;-50.000000;-26.000000;2.840015;0.000000;0.000000;0.000000;0.000000;0.000000;2.840015
7603;380.000000;-50.000000;-22.000000;3.172320;0.000000;0.000000;0.000000;0.000000;0.000000;3.172320
7604;380.000000;-50.000000;-18.000000;3.504626;0.000000;0.000000;0.000000;0.000000;0.000000;3.504626
7605;380.000000;-50.000000;-14.000000;3.836931;0.000000;0.000000;0.000000;0.000000;0.000000;3.836931
7606;380.000000;-50.000000;-10.000000;4.169236;0.000000;0.000000;0.000000;0.000000;0.000000;4.169236
7607;380.000000;-50.000000;-6.000000;4.501542;0.000000;0.000000;0.000000;0.000000;0.000000;4.501542
7608;380.000000;-50.000000;-2.000000;4.833847;0.000000;0.000000;0.000000;0.000000;0.000000;4.833847
7609;380.000000;-50.000000;2.000000;5.166153;0.000000;0.000000;0.000000;0.000000;0.000000;5.166153
7610;380.000000;-50.000000;6.000000;5.498458;0.000000;0.000000;0.000000;0.000000;0.000000;5.498458
7611;380.000000;-50.000000;10.000000;5.830764;0.000000;0.000000;0.000000;0.000000;0.000000;5.830764
7612;380.000000;-50.000000;14.000000;6.163069;0.000000;0.000000;0.000000;0.000000;0.000000;6.163069
7613;380.000000;-50.000000;18.000000;6.495374;0.000000;0.000000;0.000000;0.000000;0.000000;6.495374
7614;380.000000;-50.000000;22.000000;6.827680;0.000000;0.000000;0.000000;0.000000;0.000000;6.827680
7615;380.000000;-50.000000;26.000000;7.159985;0.000000;0.000000;0.000000;0.000000;0.000000;7.159985
7616;380.000000;-50.000000;30.000000;7.492291;0.000000;0.000000;0.000000;0.000000;0.000000;7.492291
7617;380.000000;-46.000000;-30.000000;2.507709;0.000000;0.000000;0.000000;0.000000;0.000000;2.507709
7618;380.000000;-46.000000;30.000000;7.492291;0.000000;0.000000;0.000000;0.000000;0.000000;7.492291
7619;380.000000;-42.000000;-30.000000;2.507709;0.000000;0.000000;0.000000;0.000000;0.000000;2.507709
7620;380.000000;-42.000000;30.000000;7.492291;0.000000;0.000000;0.000000;0.000000;0.000000;7.492291
7621;380.000000;-38.000000;-30.000000;2.507709;0.000000;0.000000;0.000000;0.000000;0.000000;2.507709
7622;380.000000;-38.000000;30.000000;7.492291;0.000000;0.000000;0.000000;0.000000;0.000000;7.492291
7623;380.000000;-34.000000;-30.000000;2.507709;0.000000;0.000000;0.000000;0.000000;0.000000;2.507709
7624;380.000000;-34.000000;30.000000;7.492291;0.000000;0.000000;0.000000;0.000000;0.000000;7.492291
7625;380.000000;-30.000000;-30.000000;2.507709;0.000000;0.000000;0.000000;0.000000;0.000000;2.507709
7626;380.000000;-30.000000;30.000000;7.492291;0.000000;0.000000;0.000000;0.000000;0.000000;7.492291
7627;380.000000;-26.000000;-30.000000;2.507709;0.000000;0.000000;0.000000;0.000000;0.000000;2.507709
7628;380.000000;-26.000000;30.000000;7.492291;0.000000;0.000000;0.000000;0.000000;0.000000;7.492291
7629;380.000000;-22.000000;-30.000000;2.507709;0.000000;0.000000;0.000000;0.000000;0.000000;2.507709
7630;380.000000;-22.000000;30.000000;7.492291;0.000000;0.000000;0.000000;0.000000;0.000000;7.492291
7631;380.000000;-18.000000;-30.000000;2.507709;0.000000;0.000000;0.000000;0.000000;0.000000;2.507709
7632;380.000000;-18.000000;30.000000;7.492291;0.000000;0.000000;0.000000;0.000000;0.000000;7.492291
7633;380.000000;-14.000000;-30.000000;2.507709;0.000000;0.000000;0.000000;0.000000;0.000000;2.507709
7634;380.000000;-14.000000;30.000000;7.492291;0.000000;0.000000;0.000000;0.000000;0.000000;7.492291
7635;380.000000;-10.000000;-30.000000;2.507709;0.000000;0.000000;0.000000;0.000000;0.000000;2.507709
7636;380.000000;-10.000000;30.000000;7.492291;0.000000;0.000000;0.000000;0.000000;0.000000;7.492291
7637;380.000000;-6.000000;-30.000000;2.507709;0.000000;0.000000;0.000000;0.000000;0.000000;2.507709
7638;380.000000;-6.000000;30.000000;7.492291;0.000000;0.000000;0.000000;0.000000;0.000000;7.492291
7639;380.000000;-2.000000;-30.000000;2.507709;0.000000;0.000000;0.000000;0.000000;0.000000;2.507709
7640;380.000000;-2.000000;30.000000;7.492291;0.000000;0.000000;0.000000;0.000000;0.000000;7.492291
7641;380.000000;2.000000;-30.000000;2.507709;0.000000;0.000000;0.000000;0.000000;0.000000;2.507709
7642;380.000000;2.000000;30.000000;7.492291;0.000000;0.000000;0.000000;0.000000;0.000000;7.492291
7643;380.000000;6.000000;-30.000000;2.507709;0.000000;0.000000;0.000000;0.000000;0.000000;2.507709
7644;380.000000;6.000000;30.000000;7.492291;0.000000;0.000000;0.000000;0.000000;0.000000;7.492291
7645;380.000000;10.000000;-30.000000;2.507709;0.000000;0.000000;0.000000;0.000000;0.000000;2.507709
7646;380.000000;10.000000;30.000000;7.492291;0.000000;0.000000;0.000000;0.000000;0.000000;7.492291
7647;380.000000;14.000000;-30.000000;2.507709;0.000000;0.000000;0.000000;0.000000;0.000000;2.507709
7648;380.000000;14.000000;30.000000;7.492291;0.000000;0.000000;0.000000;0.000000;0.000000;7.492291
7649;380.000000;18.000000;-30.000000;2.507709;0.000000;0.000000;0.000000;0.000000;0.000000;2.507709
7650;380.000000;18.000000;30.000000;7.492291;0.000000;0.000000;0.000000;0.000000;0.000000;7.492291
7651;380.000000;22.000000;-30.000000;2.507709;0.000000;0.000000;0.000000;0.000000;0.000000;2.507709
7652;380.000000;22.000000;30.000000;7.492291;0.000000;0.000000;0.000000;0.000000;0.000000;7.492291
7653;380.000000;26.000000;-30.000000;2.507709;0.000000;0.000000;0.000000;0.000000;0.000000;2.507709
7654;380.000000;26.000000;30.000000;7.492291;0.000000;0.000000;0.000000;0.000000;0.000000;7.492291
7655;380.000000;30.000000;-30.000000;2.507709;0.000000;0.000000;0.000000;0.000000;0.000000;2.507709
7656;380.000000;30.000000;30.000000;7.492291;0.000000;0.000000;0.000000;0.000000;0.000000;7.492291
7657;380.000000;34.000000;-30.000000;2.507709;0.000000;0.000000;0.000000;0.000000;0.000000;2.507709
7658;380.000000;34.000000;30.000000;7.492291;0.000000;0.000000;0.000000;0.000000;0.000000;7.492291
7659;380.000000;38.000000;-30.000000;2.507709;0.000000;0.000000;0.000000;0.000000;0.000000;2.507709
7660;380.000000;38.000000;30.000000;7.492291;0.000000;0.000000;0.000000;0.000000;0.000000;7.492291
7661;380.000000;42.000000;-30.000000;2.507709;0.000000;0.000000;0.000000;0.000000;0.000000;2.507709
7662;380.000000;42.000000;30.000000;7.492291;0.000000;0.000000;0.000000;0.000000;0.000000;7.492291
7663;380.000000;46.000000;-30.000000;2.507709;0.000000;0.000000;0.000000;0.000000;0.000000;2.507709
7664;380.000000;46.000000;30.000000;7.492291;0.000000;0.000000;0.000000;0.000000;0.000000;7.492291
7665;380.000000;50.000000;-30.000000;2.507709;0.000000;0.000000;0.000000;0.000000;0.000000;2.507709
7666;380.000000;50.000000;-26.000000;2.840015;0.000000;0.000000;0.000000;0.000000;0.000000;2.840015
7667;380.000000;50.000000;-22.000000;3.172320;0.000000;0.000000;0.000000;0.000000;0.000000;3.172320
7668;380.000000;50.000000;-18.000000;3.504626;0.000000;0.000000;0.000000;0.000000;0.000000;3.504626
7669;380.000000;50.000000;-14.000000;3.836931;0.000000;0.000000;0.000000;0.000000;0.000000;3.836931
7670;380.000000;50.000000;-10.000000;4.169236;0.000000;0.000000;0.000000;0.000000;0.000000;4.169236
7671;380.000000;50.000000;-6.000000;4.501542;0.000000;0.000000;0.000000;0.000000;0.000000;4.501542
7672;380.000000;50.000000;-2.000000;4.833847;0.000000;0.000000;0.000000;0.000000;0.000000;4.833847
7673;380.000000;50.000000;2.000000;5.166153;0.000000;0.000000;0.000000;0.000000;0.000000;5.166153
7674;380.000000;50.000000;6.000000;5.498458;0.000000;0.000000;0.000000;0.000000;0.000000;5.498458
7675;380.000000;50.000000;10.000000;5.830764;0.000000;0.000000;0.000000;0.000000;0.000000;5.830764
7676;380.000000;50.000000;14.000000;6.163069;0.000000;0.000000;0.000000;0.000000;0.000000;6.163069
7677;380.000000;50.000000;18.000000;6.495374;0.000000;0.000000;0.000000;0.000000;0.000000;6.495374
7678;380.000000;50.000000;22.000000;6.827680;0.000000;0.000000;0.000000;0.000000;0.000000;6.827680
7679;380.000000;50.000000;26.000000;7.159985;0.000000;0.000000;0.000000;0.000000;0.000000;7.159985
7680;380.000000;50.000000;30.000000;7.492291;0.000000;0.000000;0.000000;0.000000;0.000000;7.492291
7681;384.000000;-50.000000;-30.000000;3.006168;0.000000;0.000000;0.000000;0.000000;0.000000;3.006168
7682;384.000000;-50.000000;-26.000000;3.272012;0.000000;0.000000;0.000000;0.000000;0.000000;3.272012
7683;384.000000;-50.000000;-22.000000;3.537856;0.000000;0.000000;0.000000;0.000000;0.000000;3.537856
7684;384.000000;-50.000000;-18.000000;3.803701;0.000000;0.000000;0.000000;0.000000;0.000000;3.803701
7685;384.000000;-50.000000;-14.000000;4.069545;0.000000;0.000000;0.000000;0.000000;0.000000;4.069545
7686;384.000000;-50.000000;-10.000000;4.335389;0.000000;0.000000;0.000000;0.000000;0.000000;4.335389
7687;384.000000;-50.000000;-6.000000;4.601234;0.000000;0.000000;0.000000;0.000000;0.000000;4.601234
7688;384.000000;-50.000000;-2.000000;4.867078;0.000000;0.000000;0.000000;0.000000;0.000000;4.867078
7689;384.000000;-50.000000;2.000000;5.132922;0.000000;0.000000;0.000000;0.000000;0.000000;5.132922
7690;384.000000;-50.000000;6.000000;5.398766;0.000000;0.000000;0.000000;0.000000;0.000000;5.398766
7691;384.000000;-50.000000;10.000000;5.664611;0.000000;0.000000;0.000000;0.000000;0.000000;5.664611
7692;384.000000;-50.000000;14.000000;5.930455;0.000000;0.000000;0.000000;0.000000;0.000000;5.930455
7693;384.000000;-50.000000;18.000000;6.196299;0.000000;0.000000;0.000000;0.000000;0.000000;6.196299
7694;384.000000;-50.000000;22.000000;6.462144;0.000000;0.000000;0.000000;0.000000;0.000000;6.462144
7695;384.000000;-50.000000;26.000000;6.727988;0.000000;0.000000;0.000000;0.000000;0.000000;6.727988
7696;384.000000;-50.000000;30.000000;6.993832;0.000000;0.000000;0.000000;0.000000;0.000000;6.993832
7697;384.000000;-46.000000;-30.000000;3.006168;0.000000;0.000000;0.000000;0.000000;0.000000;3.006168
7698;384.000000;-46.000000;30.000000;6.993832;0.000000;0.000000;0.000000;0.000000;0.000000;6.993832
7699;384.000000;-42.000000;-30.000000;3.006168;0.000000;0.000000;0.000000;0.000000;0.000000;3.006168
7700;384.000000;-42.000000;30.000000;6.993832;0.000000;0.000000;0.000000;0.000000;0.000000;6.993832
7701;384.000000;-38.000000;-30.000000;3.006168;0.000000;0.000000;0.000000;0.000000;0.000000;3.006168
7702;384.000000;-38.000000;30.000000;6.993832;0.000000;0.000000;0.000000;0.000000;0.000000;6.993832
7703;384.000000;-34.000000;-30.000000;3.006168;0.000000;0.000000;0.000000;0.000000;0.000000;3.006168
7704;384.000000;-34.000000;30.000000;6.993832;0.000000;0.000000;0.000000;0.000000;0.000000;6.993832
7705;384.000000;-30.000000;-30.000000;3.006168;0.000000;0.000000;0.000000;0.000000;0.000000;3.006168
7706;384.000000;-30.000000;30.000000;6.993832;0.000000;0.000000;0.000000;0.000000;0.000000;6.993832
7707;384.000000;-26.000000;-30.000000;3.006168;0.000000;0.000000;0.000000;0.000000;0.000000;3.006168
7708;384.000000;-26.000000;30.000000;6.993832;0.000000;0.000000;0.000000;0.000000;0.000000;6.993832
7709;384.000000;-22.000000;-30.000000;3.006168;0.000000;0.000000;0.000000;0.000000;0.000000;3.006168
7710;384.000000;-22.000000;30.000000;6.993832;0.000000;0.000000;0.000000;0.000000;0.000000;6.993832
7711;384.000000;-18.000000;-30.000000;3.006168;0.000000;0.000000;0.000000;0.000000;0.000000;3.006168
7712;384.000000;-18.000000;30.000000;6.993832;0.000000;0.000000;0.000000;0.000000;0.000000;6.993832
7713;384.000000;-14.000000;-30.000000;3.006168;0.000000;0.000000;0.000000;0.000000;0.000000;3.006168
7714;384.000000;-14.000000;30.000000;6.993832;0.000000;0.000000;0.000000;0.000000;0.000000;6.993832
7715;384.000000;-10.000000;-30.000000;3.006168;0.000000;0.000000;0.000000;0.000000;0.000000;3.006168
7716;384.000000;-10.000000;30.000000;6.993832;0.000000;0.000000;0.000000;0.000000;0.000000;6.993832
7717;384.000000;-6.000000;-30.000000;3.006168;0.000000;0.000000;0.000000;0.000000;0.000000;3.006168
7718;384.000000;-6.000000;30.000000;6.993832;0.000000;0.000000;0.000000;0.000000;0.000000;6.993832
7719;384.000000;-2.000000;-30.000000;3.006168;0.000000;0.000000;0.000000;0.000000;0.000000;3.006168
7720;384.000000;-2.000000;30.000000;6.993832;0.000000;0.000000;0.000000;0.000000;0.000000;6.993832
7721;384.000000;2.000000;-30.000000;3.006168;0.000000;0.000000;0.000000;0.000000;0.000000;3.006168
7722;384.000000;2.000000;30.000000;6.993832;0.000000;0.000000;0.000000;0.000000;0.000000;6.993832
7723;384.000000;6.000000;-30.000000;3.006168;0.000000;0.000000;0.000000;0.000000;0.000000;3.006168
7724;384.000000;6.000000;30.000000;6.993832;0.000000;0.000000;0.000000;0.000000;0.000000;6.993832
7725;384.000000;10.000000;-30.000000;3.006168;0.000000;0.000000;0.000000;0.000000;0.000000;3.006168
7726;384.000000;10.000000;30.000000;6.993832;0.000000;0.000000;0.000000;0.000000;0.000000;6.993832
7727;384.000000;14.000000;-30.000000;3.006168;0.000000;0.000000;0.000000;0.000000;0.000000;3.006168
7728;384.000000;14.000000;30.000000;6.993832;0.000000;0.000000;0.000000;0.000000;0.000000;6.993832
7729;384.000000;18.000000;-30.000000;3.006168;0.000000;0.000000;0.000000;0.000000;0.000000;3.006168
7730;384.000000;18.000000;30.000000;6.993832;0.000000;0.000000;0.000000;0.000000;0.000000;6.993832
7731;384.000000;22.000000;-30.000000;3.006168;0.000000;0.000000;0.000000;0.000000;0.000000;3.006168
7732;384.000000;22.000000;30.000000;6.993832;0.000000;0.000000;0.000000;0.000000;0.000000;6.993832
7733;384.000000;26.000000;-30.000000;3.006168;0.000000;0.000000;0.000000;0.000000;0.000000;3.006168
7734;384.000000;26.000000;30.000000;6.993832;0.000000;0.000000;0.000000;0.000000;0.000000;6.993832
7735;384.000000;30.000000;-30.000000;3.006168;0.000000;0.000000;0.000000;0.000000;0.000000;3.006168
7736;384.000000;30.000000;30.000000;6.993832;0.000000;0.000000;0.000000;0.000000;0.000000;6.993832
7737;384.000000;34.000000;-30.000000;3.006168;0.000000;0.000000;0.000000;0.000000;0.000000;3.006168
7738;384.000000;34.000000;30.000000;6.993832;0.000000;0.000000;0.000000;0.000000;0.000000;6.993832
7739;384.000000;38.000000;-30.000000;3.006168;0.000000;0.000000;0.000000;0.000000;0.000000;3.006168
7740;384.000000;38.000000;30.000000;6.993832;0.000000;0.000000;0.000000;0.000000;0.000000;6.993832
7741;384.000000;42.000000;-30.000000;3.006168;0.000000;0.000000;0.000000;0.000000;0.000000;3.006168
7742;384.000000;42.000000;30.000000;6.993832;0.000000;0.000000;0.000000;0.000000;0.000000;6.993832
7743;384.000000;46.000000;-30.000000;3.006168;0.000000;0.000000;0.000000;0.000000;0.000000;3.006168
7744;384.000000;46.000000;30.000000;6.993832;0.000000;0.000000;0.000000;0.000000;0.000000;6.993832
7745;384.000000;50.000000;-30.000000;3.006168;0.000000;0.000000;0.000000;0.000000;0.000000;3.006168
7746;384.000000;50.000000;-26.000000;3.272012;0.000000;0.000000;0.000000;0.000000;0.000000;3.272012
7747;384.000000;50.000000;-22.000000;3.537856;0.000000;0.000000;0.000000;0.000000;0.000000;3.537856
7748;384.000000;50.000000;-18.000000;3.803701;0.000000;0.000000;0.000000;0.000000;0.000000;3.803701
7749;384.000000;50.000000;-14.000000;4.069545;0.000000;0.000000;0.000000;0.000000;0.000000;4.069545
7750;384.000000;50.000000;-10.000000;4.335389;0.000000;0.000000;0.000000;0.000000;0.000000;4.335389
7751;384.000000;50.000000;-6.000000;4.601234;0.000000;0.000000;0.000000;0.000000;0.000000;4.601234
7752;384.000000;50.000000;-2.000000;4.867078;0.000000;0.000000;0.000000;0.000000;0.000000;4.867078
7753;384.000000;50.000000;2.000000;5.132922;0.000000;0.000000;0.000000;0.000000;0.000000;5.132922
7754;384.000000;50.000000;6.000000;5.398766;0.000000;0.000000;0.000000;0.000000;0.000000;5.398766
7755;384.000000;50.000000;10.000000;5.664611;0.000000;0.000000;0.000000;0.000000;0.000000;5.664611
7756;384.000000;50.000000;14.000000;5.930455;0.000000;0.000000;0.000000;0.000000;0.000000;5.930455
7757;384.000000;50.000000;18.000000;6.196299;0.000000;0.000000;0.000000;0.000000;0.000000;6.196299
7758;384.000000;50.000000;22.000000;6.462144;0.000000;0.000000;0.000000;0.000000;0.000000;6.462144
7759;384.000000;50.000000;26.000000;6.727988;0.000000;0.000000;0.000000;0.000000;0.000000;6.727988
7760;384.000000;50.000000;30.000000;6.993832;0.000000;0.000000;0.000000;0.000000;0.000000;6.993832
7761;388.000000;-50.000000;-30.000000;3.504626;0.000000;0.000000;0.000000;0.000000;0.000000;3.504626
7762;388.000000;-50.000000;-26.000000;3.704009;0.000000;0.000000;0.000000;0.000000;0.000000;3.704009
7763;388.000000;-50.000000;-22.000000;3.903392;0.000000;0.000000;0.000000;0.000000;0.000000;3.903392
7764;388.000000;-50.000000;-18.000000;4.102775;0.000000;0.000000;0.000000;0.000000;0.000000;4.102775
7765;388.000000;-50.000000;-14.000000;4.302159;0.000000;0.000000;0.000000;0.000000;0.000000;4.302159
7766;388.000000;-50.000000;-10.000000;4.501542;0.000000;0.000000;0.000000;0.000000;0.000000;4.501542
7767;388.000000;-50.000000;-6.000000;4.700925;0.000000;0.000000;0.000000;0.000000;0.000000;4.700925
7768;388.000000;-50.000000;-2.000000;4.900308;0.000000;0.000000;0.000000;0.000000;0.000000;4.900308
7769;388.000000;-50.000000;2.000000;5.099692;0.000000;0.000000;0.000000;0.000000;0.000000;5.099692
7770;388.000000;-50.000000;6.000000;5.299075;0.000000;0.000000;0.000000;0.000000;0.000000;5.299075
7771;388.000000;-50.000000;10.000000;5.498458;0.000000;0.000000;0.000000;0.000000;0.000000;5.498458
7772;388.000000;-50.000000;14.000000;5.697841;0.000000;0.000000;0.000000;0.000000;0.000000;5.697841
7773;388.000000;-50.000000;18.000000;5.897225;0.000000;0.000000;0.000000;0.000000;0.000000;5.897225
7774;388.000000;-50.000000;22.000000;6.096608;0.000000;0.000000;0.000000;0.000000;0.000000;6.096608
7775;388.000000;-50.000000;26.000000;6.295991;0.000000;0.000000;0.000000;0.000000;0.000000;6.295991
7776;388.000000;-50.000000;30.000000;6.495374;0.000000;0.000000;0.000000;0.000000;0.000000;6.495374
7777;388.000000;-46.000000;-30.000000;3.504626;0.000000;0.000000;0.000000;0.000000;0.000000;3.504626
7778;388.000000;-46.000000;30.000000;6.495374;0.000000;0.000000;0.000000;0.000000;0.000000;6.495374
7779;388.000000;-42.000000;-30.000000;3.504626;0.000000;0.000000;0.000000;0.000000;0.000000;3.504626
7780;388.000000;-42.000000;30.000000;6.495374;0.000000;0.000000;0.000000;0.000000;0.000000;6.495374
7781;388.000000;-38.000000;-30.000000;3.504626;0.000000;0.000000;0.000000;0.000000;0.000000;3.504626
7782;388.000000;-38.000000;30.000000;6.495374;0.000000;0.000000;0.000000;0.000000;0.000000;6.495374
7783;388.000000;-34.000000;-30.000000;3.504626;0.000000;0.000000;0.000000;0.000000;0.000000;3.504626
7784;388.000000;-34.000000;30.000000;6.495374;0.000000;0.000000;0.000000;0.000000;0.000000;6.495374
7785;388.000000;-30.000000;-30.000000;3.504626;0.000000;0.000000;0.000000;0.000000;0.000000;3.504626
7786;388.000000;-30.000000;30.000000;6.495374;0.000000;0.000000;0.000000;0.000000;0.000000;6.495374
7787;388.000000;-26.000000;-30.000000;3.504626;0.000000;0.000000;0.000000;0.000000;0.000000;3.504626
7788;388.000000;-26.000000;30.000000;6.495374;0.000000;0.000000;0.000000;0.000000;0.000000;6.495374
7789;388.000000;-22.000000;-30.000000;3.504626;0.000000;0.000000;0.000000;0.000000;0.000000;3.504626
7790;388.000000;-22.000000;30.000000;6.495374;0.000000;0.000000;0.000000;0.000000;0.000000;6.495374
7791;388.000000;-18.000000;-30.000000;3.504626;0.000000;0.000000;0.000000;0.000000;0.000000;3.504626
7792;388.000000;-18.000000;30.000000;6.495374;0.000000;0.000000;0.000000;0.000000;0.000000;6.495374
7793;388.000000;-14.000000;-30.000000;3.504626;0.000000;0.000000;0.000000;0.000000;0.000000;3.504626
7794;388.000000;-14.000000;30.000000;6.495374;0.000000;0.000000;0.000000;0.000000;0.000000;6.495374
7795;388.000000;-10.000000;-30.000000;3.504626;0.000000;0.000000;0.000000;0.000000;0.000000;3.504626
7796;388.000000;-10.000000;30.000000;6.495374;0.000000;0.000000;0.000000;0.000000;0.000000;6.495374
7797;388.000000;-6.000000;-30.000000;3.504626;0.000000;0.000000;0.000000;0.000000;0.000000;3.504626
7798;388.000000;-6.000000;30.000000;6.495374;0.000000;0.000000;0.000000;0.000000;0.000000;6.495374
7799;388.000000;-2.000000;-30.000000;3.504626;0.000000;0.000000;0.000000;0.000000;0.000000;3.504626
7800;388.000000;-2.000000;30.000000;6.495374;0.000000;0.000000;0.000000;0.000000;0.000000;6.495374
7801;388.000000;2.000000;-30.000000;3.504626;0.000000;0.000000;0.000000;0.000000;0.000000;3.504626
7802;388.000000;2.000000;30.000000;6.495374;0.000000;0.000000;0.000000;0.000000;0.000000;6.495374
7803;388.000000;6.000000;-30.000000;3.504626;0.000000;0.000000;0.000000;0.000000;0.000000;3.504626
7804;388.000000;6.000000;30.000000;6.495374;0.000000;0.000000;0.000000;0.000000;0.000000;6.495374
7805;388.000000;10.000000;-30.000000;3.504626;0.000000;0.000000;0.000000;0.000000;0.000000;3.504626
7806;388.000000;10.000000;30.000000;6.495374;0.000000;0.000000;0.000000;0.000000;0.000000;6.495374
7807;388.000000;14.000000;-30.000000;3.504626;0.000000;0.000000;0.000000;0.000000;0.000000;3.504626
7808;388.000000;14.000000;30.000000;6.495374;0.000000;0.000000;0.000000;0.000000;0.000000;6.495374
7809;388.000000;18.000000;-30.000000;3.504626;0.000000;0.000000;0.000000;0.000000;0.000000;3.504626
7810;388.000000;18.000000;30.000000;6.495374;0.000000;0.000000;0.000000;0.000000;0.000000;6.495374
7811;388.000000;22.000000;-30.000000;3.504626;0.000000;0.000000;0.000000;0.000000;0.000000;3.504626
7812;388.000000;22.000000;30.000000;6.495374;0.000000;0.000000;0.000000;0.000000;0.000000;6.495374
7813;388.000000;26.000000;-30.000000;3.504626;0.000000;0.000000;0.000000;0.000000;0.000000;3.504626
7814;388.000000;26.000000;30.000000;6.495374;0.000000;0.000000;0.000000;0.000000;0.000000;6.495374
7815;388.000000;30.000000;-30.000000;3.504626;0.000000;0.000000;0.000000;0.000000;0.000000;3.504626
7816;388.000000;30.000000;30.000000;6.495374;0.000000;0.000000;0.000000;0.000000;0.000000;6.495374
7817;388.000000;34.000000;-30.000000;3.504626;0.000000;0.000000;0.000000;0.000000;0.000000;3.504626
7818;388.000000;34.000000;30.000000;6.495374;0.000000;0.000000;0.000000;0.000000;0.000000;6.495374
7819;388.000000;38.000000;-30.000000;3.504626;0.000000;0.000000;0.000000;0.000000;0.000000;3.504626
7820;388.000000;38.000000;30.000000;6.495374;0.000000;0.000000;0.000000;0.000000;0.000000;6.495374
7821;388.000000;42.000000;-30.000000;3.504626;0.000000;0.000000;0.000000;0.000000;0.000000;3.504626
7822;388.000000;42.000000;30.000000;6.495374;0.000000;0.000000;0.000000;0.000000;0.000000;6.495374
7823;388.000000;46.000000;-30.000000;3.504626;0.000000;0.000000;0.000000;0.000000;0.000000;3.504626
7824;388.000000;46.000000;30.000000;6.495374;0.000000;0.000000;0.000000;0.000000;0.000000;6.495374
7825;388.000000;50.000000;-30.000000;3.504626;0.000000;0.000000;0.000000;0.000000;0.000000;3.504626
7826;388.000000;50.000000;-26.000000;3.704009;0.000000;0.000000;0.000000;0.000000;0.000000;3.704009
7827;388.000000;50.000000;-22.000000;3.903392;0.000000;0.000000;0.000000;0.000000;0.000000;3.903392
7828;388.000000;50.000000;-18.000000;4.102775;0.000000;0.000000;0.000000;0.000000;0.000000;4.102775
7829;388.000000;50.000000;-14.000000;4.302159;0.000000;0.000000;0.000000;0.000000;0.000000;4.302159
7830;388.000000;50.000000;-10.000000;4.501542;0.000000;0.000000;0.000000;0.000000;0.000000;4.501542
7831;388.000000;50.000000;-6.000000;4.700925;0.000000;0.000000;0.000000;0.000000;0.000000;4.700925
7832;388.000000;50.000000;-2.000000;4.900308;0.000000;0.000000;0.000000;0.000000;0.000000;4.900308
7833;388.000000;50.000000;2.000000;5.099692;0.000000;0.000000;0.000000;0.000000;0.000000;5.099692
7834;388.000000;50.000000;6.000000;5.299075;0.000000;0.000000;0.000000;0.000000;0.000000;5.299075
7835;388.000000;50.000000;10.000000;5.498458;0.000000;0.000000;0.000000;0.000000;0.000000;5.498458
7836;388.000000;50.000000;14.000000;5.697841;0.000000;0.000000;0.000000;0.000000;0.000000;5.697841
7837;388.000000;50.000000;18.000000;5.897225;0.000000;0.000000;0.000000;0.000000;0.000000;5.897225
7838;388.000000;50.000000;22.000000;6.096608;0.000000;0.000000;0.000000;0.000000;0.000000;6.096608
7839;388.000000;50.000000;26.000000;6.295991;0.000000;0.000000;0.000000;0.000000;0.000000;6.295991
7840;388.000000;50.000000;30.000000;6.495374;0.000000;0.000000;0.000000;0.000000;0.000000;6.495374
7841;392.000000;-50.000000;-30.000000;4.003084;0.000000;0.000000;0.000000;0.000000;0.000000;4.003084
7842;392.000000;-50.000000;-26.000000;4.136006;0.000000;0.000000;0.000000;0.000000;0.000000;4.136006
7843;392.000000;-50.000000;-22.000000;4.268928;0.000000;0.000000;0.000000;0.000000;0.000000;4.268928
7844;392.000000;-50.000000;-18.000000;4.401850;0.000000;0.000000;0.000000;0.000000;0.000000;4.401850
7845;392.000000;-50.000000;-14.000000;4.534772;0.000000;0.000000;0.000000;0.000000;0.000000;4.534772
7846;392.000000;-50.000000;-10.000000;4.667695;0.000000;0.000000;0.000000;0.000000;0.000000;4.667695
7847;392.000000;-50.000000;-6.000000;4.800617;0.000000;0.000000;0.000000;0.000000;0.000000;4.800617
7848;392.000000;-50.000000;-2.000000;4.933539;0.000000;0.000000;0.000000;0.000000;0.000000;4.933539
7849;392.000000;-50.000000;2.000000;5.066461;0.000000;0.000000;0.000000;0.000000;0.000000;5.066461
7850;392.000000;-50.000000;6.000000;5.199383;0.000000;0.000000;0.000000;0.000000;0.000000;5.199383
7851;392.000000;-50.000000;10.000000;5.332305;0.000000;0.000000;0.000000;0.000000;0.000000;5.332305
7852;392.000000;-50.000000;14.000000;5.465228;0.000000;0.000000;0.000000;0.000000;0.000000;5.465228
7853;392.000000;-50.000000;18.000000;5.598150;0.000000;0.000000;0.000000;0.000000;0.000000;5.598150
7854;392.000000;-50.000000;22.000000;5.731072;0.000000;0.000000;0.000000;0.000000;0.000000;5.731072
7855;392.000000;-50.000000;26.000000;5.863994;0.000000;0.000000;0.000000;0.000000;0.000000;5.863994
7856;392.000000;-50.000000;30.000000;5.996916;0.000000;0.000000;0.000000;0.000000;0.000000;5.996916
7857;392.000000;-46.000000;-30.000000;4.003084;0.000000;0.000000;0.000000;0.000000;0.000000;4.003084
7858;392.000000;-46.000000;30.000000;5.996916;0.000000;0.000000;0.000000;0.000000;0.000000;5.996916
7859;392.000000;-42.000000;-30.000000;4.003084;0.000000;0.000000;0.000000;0.000000;0.000000;4.003084
7860;392.000000;-42.000000;30.000000;5.996916;0.000000;0.000000;0.000000;0.000000;0.000000;5.996916
7861;392.000000;-38.000000;-30.000000;4.003084;0.000000;0.000000;0.000000;0.000000;0.000000;4.003084
7862;392.000000;-38.000000;30.000000;5.996916;0.000000;0.000000;0.000000;0.000000;0.000000;5.996916
7863;392.000000;-34.000000;-30.000000;4.003084;0.000000;0.000000;0.000000;0.000000;0.000000;4.003084
7864;392.000000;-34.000000;30.000000;5.996916;0.000000;0.000000;0.000000;0.000000;0.000000;5.996916
7865;392.000000;-30.000000;-30.000000;4.003084;0.000000;0.000000;0.000000;0.000000;0.000000;4.003084
7866;392.000000;-30.000000;30.000000;5.996916;0.000000;0.000000;0.000000;0.000000;0.000000;5.996916
7867;392.000000;-26.000000;-30.000000;4.003084;0.000000;0.000000;0.000000;0.000000;0.000000;4.003084
7868;392.000000;-26.000000;30.000000;5.996916;0.000000;0.000000;0.000000;0.000000;0.000000;5.996916
7869;392.000000;-22.000000;-30.000000;4.003084;0.000000;0.000000;0.000000;0.000000;0.000000;4.003084
7870;392.000000;-22.000000;30.000000;5.996916;0.000000;0.000000;0.000000;0.000000;0.000000;5.996916
7871;392.000000;-18.000000;-30.000000;4.003084;0.000000;0.000000;0.000000;0.000000;0.000000;4.003084
7872;392.000000;-18.000000;30.000000;5.996916;0.000000;0.000000;0.000000;0.000000;0.000000;5.996916
7873;392.000000;-14.000000;-30.000000;4.003084;0.000000;0.000000;0.000000;0.000000;0.000000;4.003084
7874;392.000000;-14.000000;30.000000;5.996916;0.000000;0.000000;0.000000;0.000000;0.000000;5.996916
7875;392.000000;-10.000000;-30.000000;4.003084;0.000000;0.000000;0.000000;0.000000;0.000000;4.003084
7876;392.000000;-10.000000;30.000000;5.996916;0.000000;0.000000;0.000000;0.000000;0.000000;5.996916
7877;392.000000;-6.000000;-30.000000;4.003084;0.000000;0.000000;0.000000;0.000000;0.000000;4.003084
7878;392.000000;-6.000000;30.000000;5.996916;0.000000;0.000000;0.000000;0.000000;0.000000;5.996916
7879;392.000000;-2.000000;-30.000000;4.003084;0.000000;0.000000;0.000000;0.000000;0.000000;4.003084
7880;392.000000;-2.000000;30.000000;5.996916;0.000000;0.000000;0.000000;0.000000;0.000000;5.996916
7881;392.000000;2.000000;-30.000000;4.003084;0.000000;0.000000;0.000000;0.000000;0.000000;4.003084
7882;392.000000;2.000000;30.000000;5.996916;0.000000;0.000000;0.000000;0.000000;0.000000;5.996916
7883;392.000000;6.000000;-30.000000;4.003084;0.000000;0.000000;0.000000;0.000000;0.000000;4.003084
7884;392.000000;6.000000;30.000000;5.996916;0.000000;0.000000;0.000000;0.000000;0.000000;5.996916
7885;392.000000;10.000000;-30.000000;4.003084;0.000000;0.000000;0.000000;0.000000;0.000000;4.003084
7886;392.000000;10.000000;30.000000;5.996916;0.000000;0.000000;0.000000;0.000000;0.000000;5.996916
7887;392.000000;14.000000;-30.000000;4.003084;0.000000;0.000000;0.000000;0.000000;0.000000;4.003084
7888;392.000000;14.000000;30.000000;5.996916;0.000000;0.000000;0.000000;0.000000;0.000000;5.996916
7889;392.000000;18.000000;-30.000000;4.003084;0.000000;0.000000;0.000000;0.000000;0.000000;4.003084
7890;392.000000;18.000000;30.000000;5.996916;0.000000;0.000000;0.000000;0.000000;0.000000;5.996916
7891;392.000000;22.000000;-30.000000;4.003084;0.000000;0.000000;0.000000;0.000000;0.000000;4.003084
7892;392.000000;22.000000;30.000000;5.996916;0.000000;0.000000;0.000000;0.000000;0.000000;5.996916
7893;392.000000;26.000000;-30.000000;4.003084;0.000000;0.000000;0.000000;0.000000;0.000000;4.003084
7894;392.000000;26.000000;30.000000;5.996916;0.000000;0.000000;0.000000;0.000000;0.000000;5.996916
7895;392.000000;30.000000;-30.000000;4.003084;0.000000;0.000000;0.000000;0.000000;0.000000;4.003084
7896;392.000000;30.000000;30.000000;5.996916;0.000000;0.000000;0.000000;0.000000;0.000000;5.996916
7897;392.000000;34.000000;-30.000000;4.003084;0.000000;0.000000;0.000000;0.000000;0.000000;4.003084
7898;392.000000;34.000000;30.000000;5.996916;0.000000;0.000000;0.000000;0.000000;0.000000;5.996916
7899;392.000000;38.000000;-30.000000;4.003084;0.000000;0.000000;0.000000;0.000000;0.000000;4.003084
7900;392.000000;38.000000;30.000000;5.996916;0.000000;0.000000;0.000000;0.000000;0.000000;5.996916
7901;392.000000;42.000000;-30.000000;4.003084;0.000000;0.000000;0.000000;0.000000;0.000000;4.003084
7902;392.000000;42.000000;30.000000;5.996916;0.000000;0.000000;0.000000;0.000000;0.000000;5.996916
7903;392.000000;46.000000;-30.000000;4.003084;0.000000;0.000000;0.000000;0.000000;0.000000;4.003084
7904;392.000000;46.000000;30.000000;5.996916;0.000000;0.000000;0.000000;0.000000;0.000000;5.996916
7905;392.000000;50.000000;-30.000000;4.003084;0.000000;0.000000;0.000000;0.000000;0.000000;4.003084
7906;392.000000;50.000000;-26.000000;4.136006;0.000000;0.000000;0.000000;0.000000;0.000000;4.136006
7907;392.000000;50.000000;-22.000000;4.268928;0.000000;0.000000;0.000000;0.000000;0.000000;4.268928
7908;392.000000;50.000000;-18.000000;4.401850;0.000000;0.000000;0.000000;0.000000;0.000000;4.401850
7909;392.000000;50.000000;-14.000000;4.534772;0.000000;0.000000;0.000000;0.000000;0.000000;4.534772
7910;392.000000;50.000000;-10.000000;4.667695;0.000000;0.000000;0.000000;0.000000;0.000000;4.667695
7911;392.000000;50.000000;-6.000000;4.800617;0.000000;0.000000;0.000000;0.000000;0.000000;4.800617
7912;392.000000;50.000000;-2.000000;4.933539;0.000000;0.000000;0.000000;0.000000;0.000000;4.933539
7913;392.000000;50.000000;2.000000;5.066461;0.000000;0.000000;0.000000;0.000000;0.000000;5.066461
7914;392.000000;50.000000;6.000000;5.199383;0.000000;0.000000;0.000000;0.000000;0.000000;5.199383
7915;392.000000;50.000000;10.000000;5.332305;0.000000;0.000000;0.000000;0.000000;0.000000;5.332305
7916;392.000000;50.000000;14.000000;5.465228;0.000000;0.000000;0.000000;0.000000;0.000000;5.465228
7917;392.000000;50.000000;18.000000;5.598150;0.000000;0.000000;0.000000;0.000000;0.000000;5.598150
7918;392.000000;50.000000;22.000000;5.731072;0.000000;0.000000;0.000000;0.000000;0.000000;5.731072
7919;392.000000;50.000000;26.000000;5.863994;0.000000;0.000000;0.000000;0.000000;0.000000;5.863994
7920;392.000000;50.000000;30.000000;5.996916;0.000000;0.000000;0.000000;0.000000;0.000000;5.996916
7921;396.000000;-50.000000;-30.000000;4.501542;0.000000;0.000000;0.000000;0.000000;0.000000;4.501542
7922;396.000000;-50.000000;-26.000000;4.568003;0.000000;0.000000;0.000000;0.000000;0.000000;4.568003
7923;396.000000;-50.000000;-22.000000;4.634464;0.000000;0.000000;0.000000;0.000000;0.000000;4.634464
7924;396.000000;-50.000000;-18.000000;4.700925;0.000000;0.000000;0.000000;0.000000;0.000000;4.700925
7925;396.000000;-50.000000;-14.000000;4.767386;0.000000;0.000000;0.000000;0.000000;0.000000;4.767386
7926;396.000000;-50.000000;-10.000000;4.833847;0.000000;0.000000;0.000000;0.000000;0.000000;4.833847
7927;396.000000;-50.000000;-6.000000;4.900308;0.000000;0.000000;0.000000;0.000000;0.000000;4.900308
7928;396.000000;-50.000000;-2.000000;4.966769;0.000000;0.000000;0.000000;0.000000;0.000000;4.966769
7929;396.000000;-50.000000;2.000000;5.033231;0.000000;0.000000;0.000000;0.000000;0.000000;5.033231
7930;396.000000;-50.000000;6.000000;5.099692;0.000000;0.000000;0.000000;0.000000;0.000000;5.099692
7931;396.000000;-50.000000;10.000000;5.166153;0.000000;0.000000;0.000000;0.000000;0.000000;5.166153
7932;396.000000;-50.000000;14.000000;5.232614;0.000000;0.000000;0.000000;0.000000;0.000000;5.232614
7933;396.000000;-50.000000;18.000000;5.299075;0.000000;0.000000;0.000000;0.000000;0.000000;5.299075
7934;396.000000;-50.000000;22.000000;5.365536;0.000000;0.000000;0.000000;0.000000;0.000000;5.365536
7935;396.000000;-50.000000;26.000000;5.431997;0.000000;0.000000;0.000000;0.000000;0.000000;5.431997
7936;396.000000;-50.000000;30.000000;5.498458;0.000000;0.000000;0.000000;0.000000;0.000000;5.498458
7937;396.000000;-46.000000;-30.000000;4.501542;0.000000;0.000000;0.000000;0.000000;0.000000;4.501542
7938;396.000000;-46.000000;30.000000;5.498458;0.000000;0.000000;0.000000;0.000000;0.000000;5.498458
7939;396.000000;-42.000000;-30.000000;4.501542;0.000000;0.000000;0.000000;0.000000;0.000000;4.501542
7940;396.000000;-42.000000;30.000000;5.498458;0.000000;0.000000;0.000000;0.000000;0.000000;5.498458
7941;396.000000;-38.000000;-30.000000;4.501542;0.000000;0.000000;0.000000;0.000000;0.000000;4.501542
7942;396.000000;-38.000000;30.000000;5.498458;0.000000;0.000000;0.000000;0.000000;0.000000;5.498458
7943;396.000000;-34.000000;-30.000000;4.501542;0.000000;0.000000;0.000000;0.000000;0.000000;4.501542
7944;396.000000;-34.000000;30.000000;5.498458;0.000000;0.000000;0.000000;0.000000;0.000000;5.498458
7945;396.000000;-30.000000;-30.000000;4.501542;0.000000;0.000000;0.000000;0.000000;0.000000;4.501542
7946;396.000000;-30.000000;30.000000;5.498458;0.000000;0.000000;0.000000;0.000000;0.000000;5.498458
7947;396.000000;-26.000000;-30.000000;4.501542;0.000000;0.000000;0.000000;0.000000;0.000000;4.501542
7948;396.000000;-26.000000;30.000000;5.498458;0.000000;0.000000;0.000000;0.000000;0.000000;5.498458
7949;396.000000;-22.000000;-30.000000;4.501542;0.000000;0.000000;0.000000;0.000000;0.000000;4.501542
7950;396.000000;-22.000000;30.000000;5.498458;0.000000;0.000000;0.000000;0.000000;0.000000;5.498458
7951;396.000000;-18.000000;-30.000000;4.501542;0.000000;0.000000;0.000000;0.000000;0.000000;4.501542
7952;396.000000;-18.000000;30.000000;5.498458;0.000000;0.000000;0.000000;0.000000;0.000000;5.498458
7953;396.000000;-14.000000;-30.000000;4.501542;0.000000;0.000000;0.000000;0.000000;0.000000;4.501542
7954;396.000000;-14.000000;30.000000;5.498458;0.000000;0.000000;0.000000;0.000000;0.000000;5.498458
7955;396.000000;-10.000000;-30.000000;4.501542;0.000000;0.000000;0.000000;0.000000;0.000000;4.501542
7956;396.000000;-10.000000;30.000000;5.498458;0.000000;0.000000;0.000000;0.000000;0.000000;5.498458
7957;396.000000;-6.000000;-30.000000;4.501542;0.000000;0.000000;0.000000;0.000000;0.000000;4.501542
7958;396.000000;-6.000000;30.000000;5.498458;0.000000;0.000000;0.000000;0.000000;0.000000;5.498458
7959;396.000000;-2.000000;-30.000000;4.501542;0.000000;0.000000;0.000000;0.000000;0.000000;4.501542
7960;396.000000;-2.000000;30.000000;5.498458;0.000000;0.000000;0.000000;0.000000;0.000000;5.498458
7961;396.000000;2.000000;-30.000000;4.501542;0.000000;0.000000;0.000000;0.000000;0.000000;4.501542
7962;396.000000;2.000000;30.000000;5.498458;0.000000;0.000000;0.000000;0.000000;0.000000;5.498458
7963;396.000000;6.000000;-30.000000;4.501542;0.000000;0.000000;0.000000;0.000000;0.000000;4.501542
7964;396.000000;6.000000;30.000000;5.498458;0.000000;0.000000;0.000000;0.000000;0.000000;5.498458
7965;396.000000;10.000000;-30.000000;4.501542;0.000000;0.000000;0.000000;0.000000;0.000000;4.501542
7966;396.000000;10.000000;30.000000;5.498458;0.000000;0.000000;0.000000;0.000000;0.000000;5.498458
7967;396.000000;14.000000;-30.000000;4.501542;0.000000;0.000000;0.000000;0.000000;0.000000;4.501542
7968;396.000000;14.000000;30.000000;5.498458;0.000000;0.000000;0.000000;0.000000;0.000000;5.498458
7969;396.000000;18.000000;-30.000000;4.501542;0.000000;0.000000;0.000000;0.000000;0.000000;4.501542
7970;396.000000;18.000000;30.000000;5.498458;0.000000;0.000000;0.000000;0.000000;0.000000;5.498458
7971;396.000000;22.000000;-30.000000;4.501542;0.000000;0.000000;0.000000;0.000000;0.000000;4.501542
7972;396.000000;22.000000;30.000000;5.498458;0.000000;0.000000;0.000000;0.000000;0.000000;5.498458
7973;396.000000;26.000000;-30.000000;4.501542;0.000000;0.000000;0.000000;0.000000;0.000000;4.501542
7974;396.000000;26.000000;30.000000;5.498458;0.000000;0.000000;0.000000;0.000000;0.000000;5.498458
7975;396.000000;30.000000;-30.000000;4.501542;0.000000;0.000000;0.000000;0.000000;0.000000;4.501542
7976;396.000000;30.000000;30.000000;5.498458;0.000000;0.000000;0.000000;0.000000;0.000000;5.498458
7977;396.000000;34.000000;-30.000000;4.501542;0.000000;0.000000;0.000000;0.000000;0.000000;4.501542
7978;396.000000;34.000000;30.000000;5.498458;0.000000;0.000000;0.000000;0.000000;0.000000;5.498458
7979;396.000000;38.000000;-30.000000;4.501542;0.000000;0.000000;0.000000;0.000000;0.000000;4.501542
7980;396.000000;38.000000;30.000000;5.498458;0.000000;0.000000;0.000000;0.000000;0.000000;5.498458
7981;396.000000;42.000000;-30.000000;4.501542;0.000000;0.000000;0.000000;0.000000;0.000000;4.501542
7982;396.000000;42.000000;30.000000;5.498458;0.000000;0.000000;0.000000;0.000000;0.000000;5.498458
7983;396.000000;46.000000;-30.000000;4.501542;0.000000;0.000000;0.000000;0.000000;0.000000;4.501542
7984;396.000000;46.000000;30.000000;5.498458;0.000000;0.000000;0.000000;0.000000;0.000000;5.498458
7985;396.000000;50.000000;-30.000000;4.501542;0.000000;0.000000;0.000000;0.000000;0.000000;4.501542
7986;396.000000;50.000000;-26.000000;4.568003;0.000000;0.000000;0.000000;0.000000;0.000000;4.568003
7987;396.000000;50.000000;-22.000000;4.634464;0.000000;0.000000;0.000000;0.000000;0.000000;4.634464
7988;396.000000;50.000000;-18.000000;4.700925;0.000000;0.000000;0.000000;0.000000;0.000000;4.700925
7989;396.000000;50.000000;-14.000000;4.767386;0.000000;0.000000;0.000000;0.000000;0.000000;4.767386
7990;396.000000;50.000000;-10.000000;4.833847;0.000000;0.000000;0.000000;0.000000;0.000000;4.833847
7991;396.000000;50.000000;-6.000000;4.900308;0.000000;0.000000;0.000000;0.000000;0.000000;4.900308
7992;396.000000;50.000000;-2.000000;4.966769;0.000000;0.000000;0.000000;0.000000;0.000000;4.966769
7993;396.000000;50.000000;2.000000;5.033231;0.000000;0.000000;0.000000;0.000000;0.000000;5.033231
7994;396.000000;50.000000;6.000000;5.099692;0.000000;0.000000;0.000000;0.000000;0.000000;5.099692
7995;396.000000;50.000000;10.000000;5.166153;0.000000;0.000000;0.000000;0.000000;0.000000;5.166153
7996;396.000000;50.000000;14.000000;5.232614;0.000000;0.000000;0.000000;0.000000;0.000000;5.232614
7997;396.000000;50.000000;18.000000;5.299075;0.000000;0.000000;0.000000;0.000000;0.000000;5.299075
7998;396.000000;50.000000;22.000000;5.365536;0.000000;0.000000;0.000000;0.000000;0.000000;5.365536
7999;396.000000;50.000000;26.000000;5.431997;0.000000;0.000000;0.000000;0.000000;0.000000;5.431997
8000;396.000000;50.000000;30.000000;5.498458;0.000000;0.000000;0.000000;0.000000;0.000000;5.498458
8001;400.000000;-50.000000;-30.000000;5.000000;0.000000;0.000000;0.000000;0.000000;0.000000;5.000000
8002;400.000000;-50.000000;-26.000000;5.000000;0.000000;0.000000;0.000000;0.000000;0.000000;5.000000
8003;400.000000;-50.000000;-22.000000;5.000000;0.000000;0.000000;0.000000;0.000000;0.000000;5.000000
8004;400.000000;-50.000000;-18.000000;5.000000;0.000000;0.000000;0.000000;0.000000;0.000000;5.000000
8005;400.000000;-50.000000;-14.000000;5.000000;0.000000;0.000000;0.000000;0.000000;0.000000;5.000000
8006;400.000000;-50.000000;-10.000000;5.000000;0.000000;0.000000;0.000000;0.000000;0.000000;5.000000
8007;400.000000;-50.000000;-6.000000;5.000000;0.000000;0.000000;0.000000;0.000000;0.000000;5.000000
8008;400.000000;-50.000000;-2.000000;5.000000;0.000000;0.000000;0.000000;0.000000;0.000000;5.000000
8009;400.000000;-50.000000;2.000000;5.000000;0.000000;0.000000;0.000000;0.000000;0.000000;5.000000
8010;400.000000;-50.000000;6.000000;5.000000;0.000000;0.000000;0.000000;0.000000;0.000000;5.000000
8011;400.000000;-50.000000;10.000000;5.000000;0.000000;0.000000;0.000000;0.000000;0.000000;5.000000
8012;400.000000;-50.000000;14.000000;5.000000;0.000000;0.000000;0.000000;0.000000;0.000000;5.000000
8013;400.000000;-50.000000;18.000000;5.000000;0.000000;0.000000;0.000000;0.000000;0.000000;5.000000
8014;400.000000;-50.000000;22.000000;5.000000;0.000000;0.000000;0.000000;0.000000;0.000000;5.000000
8015;400.000000;-50.000000;26.000000;5.000000;0.000000;0.000000;0.000000;0.000000;0.000000;5.000000
8016;400.000000;-50.000000;30.000000;5.000000;0.000000;0.000000;0.000000;0.000000;0.000000;5.000000
8017;400.000000;-46.000000;-30.000000;5.000000;0.000000;0.000000;0.000000;0.000000;0.000000;5.000000
8018;400.000000;-46.000000;30.000000;5.000000;0.000000;0.000000;0.000000;0.000000;0.000000;5.000000
8019;400.000000;-42.000000;-30.000000;5.000000;0.000000;0.000000;0.000000;0.000000;0.000000;5.000000
8020;400.000000;-42.000000;30.000000;5.000000;0.000000;0.000000;0.000000;0.000000;0.000000;5.000000
8021;400.000000;-38.000000;-30.000000;5.000000;0.000000;0.000000;0.000000;0.000000;0.000000;5.000000
8022;400.000000;-38.000000;30.000000;5.000000;0.000000;0.000000;0.000000;0.000000;0.000000;5.000000
8023;400.000000;-34.000000;-30.000000;5.000000;0.000000;0.000000;0.000000;0.000000;0.000000;5.000000
8024;400.000000;-34.000000;30.000000;5.000000;0.000000;0.000000;0.000000;0.000000;0.000000;5.000000
8025;400.000000;-30.000000;-30.000000;5.000000;0.000000;0.000000;0.000000;0.000000;0.000000;5.000000
8026;400.000000;-30.000000;30.000000;5.000000;0.000000;0.000000;0.000000;0.000000;0.000000;5.000000
8027;400.000000;-26.000000;-30.000000;5.000000;0.000000;0.000000;0.000000;0.000000;0.000000;5.000000
8028;400.000000;-26.000000;30.000000;5.000000;0.000000;0.000000;0.000000;0.000000;0.000000;5.000000
8029;400.000000;-22.000000;-30.000000;5.000000;0.000000;0.000000;0.000000;0.000000;0.000000;5.000000
8030;400.000000;-22.000000;30.000000;5.000000;0.000000;0.000000;0.000000;0.000000;0.000000;5.000000
8031;400.000000;-18.000000;-30.000000;5.000000;0.000000;0.000000;0.000000;0.000000;0.000000;5.000000
8032;400.000000;-18.000000;30.000000;5.000000;0.000000;0.000000;0.000000;0.000000;0.000000;5.000000
8033;400.000000;-14.000000;-30.000000;5.000000;0.000000;0.000000;0.000000;0.000000;0.000000;5.000000
8034;400.000000;-14.000000;30.000000;5.000000;0.000000;0.000000;0.000000;0.000000;0.000000;5.000000
8035;400.000000;-10.000000;-30.000000;5.000000;0.000000;0.000000;0.000000;0.000000;0.000000;5.000000
8036;400.000000;-10.000000;30.000000;5.000000;0.000000;0.000000;0.000000;0.000000;0.000000;5.000000
8037;400.000000;-6.000000;-30.000000;5.000000;0.000000;0.000000;0.000000;0.000000;0.000000;5.000000
8038;400.000000;-6.000000;30.000000;5.000000;0.000000;0.000000;0.000000;0.000000;0.000000;5.000000
8039;400.000000;-2.000000;-30.000000;5.000000;0.000000;0.000000;0.000000;0.000000;0.000000;5.000000
8040;400.000000;-2.000000;30.000000;5.000000;0.000000;0.000000;0.000000;0.000000;0.000000;5.000000
8041;400.000000;2.000000;-30.000000;5.000000;0.000000;0.000000;0.000000;0.000000;0.000000;5.000000
8042;400.000000;2.000000;30.000000;5.000000;0.000000;0.000000;0.000000;0.000000;0.000000;5.000000
8043;400.000000;6.000000;-30.000000;5.000000;0.000000;0.000000;0.000000;0.000000;0.000000;5.000000
8044;400.000000;6.000000;30.000000;5.000000;0.000000;0.000000;0.000000;0.000000;0.000000;5.000000
8045;400.000000;10.000000;-30.000000;5.000000;0.000000;0.000000;0.000000;0.000000;0.000000;5.000000
8046;400.000000;10.000000;30.000000;5.000000;0.000000;0.000000;0.000000;0.000000;0.000000;5.000000
8047;400.000000;14.000000;-30.000000;5.000000;0.000000;0.000000;0.000000;0.000000;0.000000;5.000000
8048;400.000000;14.000000;30.000000;5.000000;0.000000;0.000000;0.000000;0.000000;0.000000;5.000000
8049;400.000000;18.000000;-30.000000;5.000000;0.000000;0.000000;0.000000;0.000000;0.000000;5.000000
8050;400.000000;18.000000;30.000000;5.000000;0.000000;0.000000;0.000000;0.000000;0.000000;5.000000
8051;400.000000;22.000000;-30.000000;5.000000;0.000000;0.000000;0.000000;0.000000;0.000000;5.000000
8052;400.000000;22.000000;30.000000;5.000000;0.000000;0.000000;0.000000;0.000000;0.000000;5.000000
8053;400.000000;26.000000;-30.000000;5.000000;0.000000;0.000000;0.000000;0.000000;0.000000;5.000000
8054;400.000000;26.000000;30.000000;5.000000;0.000000;0.000000;0.000000;0.000000;0.000000;5.000000
8055;400.000000;30.000000;-30.000000;5.000000;0.000000;0.000000;0.000000;0.000000;0.000000;5.000000
8056;400.000000;30.000000;30.000000;5.000000;0.000000;0.000000;0.000000;0.000000;0.000000;5.000000
8057;400.000000;34.000000;-30.000000;5.000000;0.000000;0.000000;0.000000;0.000000;0.000000;5.000000
8058;400.000000;34.000000;30.000000;5.000000;0.000000;0.000000;0.000000;0.000000;0.000000;5.000000
8059;400.000000;38.000000;-30.000000;5.000000;0.000000;0.000000;0.000000;0.000000;0.000000;5.000000
8060;400.000000;38.000000;30.000000;5.000000;0.000000;0.000000;0.000000;0.000000;0.000000;5.000000
8061;400.000000;42.000000;-30.000000;5.000000;0.000000;0.000000;0.000000;0.000000;0.000000;5.000000
8062;400.000000;42.000000;30.000000;5.000000;0.000000;0.000000;0.000000;0.000000;0.000000;5.000000
8063;400.000000;46.000000;-30.000000;5.000000;0.000000;0.000000;0.000000;0.000000;0.000000;5.000000
8064;400.000000;46.000000;30.000000;5.000000;0.000000;0.000000;0.000000;0.000000;0.000000;5.000000
8065;400.000000;50.000000;-30.000000;5.000000;0.000000;0.000000;0.000000;0.000000;0.000000;5.000000
8066;400.000000;50.000000;-26.000000;5.000000;0.000000;0.000000;0.000000;0.000000;0.000000;5.000000
8067;400.000000;50.000000;-22.000000;5.000000;0.000000;0.000000;0.000000;0.000000;0.000000;5.000000
8068;400.000000;50.000000;-18.000000;5.000000;0.000000;0.000000;0.000000;0.000000;0.000000;5.000000
8069;400.000000;50.000000;-14.000000;5.000000;0.000000;0.000000;0.000000;0.000000;0.000000;5.000000
8070;400.000000;50.000000;-10.000000;5.000000;0.000000;0.000000;0.000000;0.000000;0.000000;5.000000
8071;400.000000;50.000000;-6.000000;5.000000;0.000000;0.000000;0.000000;0.000000;0.000000;5.000000
8072;400.000000;50.000000;-2.000000;5.000000;0.000000;0.000000;0.000000;0.000000;0.000000;5.000000
8073;400.000000;50.000000;2.000000;5.000000;0.000000;0.000000;0.000000;0.000000;0.000000;5.000000
8074;400.000000;50.000000;6.000000;5.000000;0.000000;0.000000;0.000000;0.000000;0.000000;5.000000
8075;400.000000;50.000000;10.000000;5.000000;0.000000;0.000000;0.000000;0.000000;0.000000;5.000000
8076;400.000000;50.000000;14.000000;5.000000;0.000000;0.000000;0.000000;0.000000;0.000000;5.000000
8077;400.000000;50.000000;18.000000;5.000000;0.000000;0.000000;0.000000;0.000000;0.000000;5.000000
8078;400.000000;50.000000;22.000000;5.000000;0.000000;0.000000;0.000000;0.000000;0.000000;5.000000
8079;400.000000;50.000000;26.000000;5.000000;0.000000;0.000000;0.000000;0.000000;0.000000;5.000000
8080;400.000000;50.000000;30.000000;5.000000;0.000000;0.000000;0.000000;0.000000;0.000000;5.000000
;;;;;;;;;;
