Node ID;X Coord;Y Coord;Z Coord;Stress XX;Stress YY;Stress ZZ;Stress XY;Stress YZ;Stress ZX;Von Mises
1;0.000000;-50.000000;-30.000000;-99.691621;0.000000;0.000000;0.000000;0.000000;0.000000;99.691621
2;0.000000;-50.000000;-26.000000;-86.399405;0.000000;0.000000;0.000000;0.000000;0.000000;86.399405
3;0.000000;-50.000000;-22.000000;-73.107188;0.000000;0.000000;0.000000;0.000000;0.000000;73.107188
4;0.000000;-50.000000;-18.000000;-59.814972;0.000000;0.000000;0.000000;0.000000;0.000000;59.814972
5;0.000000;-50.000000;-14.000000;-46.522756;0.000000;0.000000;0.000000;0.000000;0.000000;46.522756
6;0.000000;-50.000000;-10.000000;-33.230540;0.000000;0.000000;0.000000;0.000000;0.000000;33.230540
7;0.000000;-50.000000;-6.000000;-19.938324;0.000000;0.000000;0.000000;0.000000;0.000000;19.938324
8;0.000000;-50.000000;-2.000000;-6.646108;0.000000;0.000000;0.000000;0.000000;0.000000;6.646108
9;0.000000;-50.000000;2.000000;6.646108;0.000000;0.000000;0.000000;0.000000;0.000000;6.646108
10;0.000000;-50.000000;6.000000;19.938324;0.000000;0.000000;0.000000;0.000000;0.000000;19.938324
11;0.000000;-50.000000;10.000000;33.230540;0.000000;0.000000;0.000000;0.000000;0.000000;33.230540
12;0.000000;-50.000000;14.000000;46.522756;0.000000;0.000000;0.000000;0.000000;0.000000;46.522756
13;0.000000;-50.000000;18.000000;59.814972;0.000000;0.000000;0.000000;0.000000;0.000000;59.814972
14;0.000000;-50.000000;22.000000;73.107188;0.000000;0.000000;0.000000;0.000000;0.000000;73.107188
15;0.000000;-50.000000;26.000000;86.399405;0.000000;0.000000;0.000000;0.000000;0.000000;86.399405
16;0.000000;-50.000000;30.000000;99.691621;0.000000;0.000000;0.000000;0.000000;0.000000;99.691621
17;0.000000;-46.000000;-30.000000;-99.691621;0.000000;0.000000;0.000000;0.000000;0.000000;99.691621
18;0.000000;-46.000000;30.000000;99.691621;0.000000;0.000000;0.000000;0.000000;0.000000;99.691621
19;0.000000;-42.000000;-30.000000;-99.691621;0.000000;0.000000;0.000000;0.000000;0.000000;99.691621
20;0.000000;-42.000000;30.000000;99.691621;0.000000;0.000000;0.000000;0.000000;0.000000;99.691621
21;0.000000;-38.000000;-30.000000;-99.691621;0.000000;0.000000;0.000000;0.000000;0.000000;99.691621
22;0.000000;-38.000000;30.000000;99.691621;0.000000;0.000000;0.000000;0.000000;0.000000;99.691621
23;0.000000;-34.000000;-30.000000;-99.691621;0.000000;0.000000;0.000000;0.000000;0.000000;99.691621
24;0.000000;-34.000000;30.000000;99.691621;0.000000;0.000000;0.000000;0.000000;0.000000;99.691621
25;0.000000;-30.000000;-30.000000;-99.691621;0.000000;0.000000;0.000000;0.000000;0.000000;99.691621
26;0.000000;-30.000000;30.000000;99.691621;0.000000;0.000000;0.000000;0.000000;0.000000;99.691621
27;0.000000;-26.000000;-30.000000;-99.691621;0.000000;0.000000;0.000000;0.000000;0.000000;99.691621
28;0.000000;-26.000000;30.000000;99.691621;0.000000;0.000000;0.000000;0.000000;0.000000;99.691621
29;0.000000;-22.000000;-30.000000;-99.691621;0.000000;0.000000;0.000000;0.000000;0.000000;99.691621
30;0.000000;-22.000000;30.000000;99.691621;0.000000;0.000000;0.000000;0.000000;0.000000;99.691621
31;0.000000;-18.000000;-30.000000;-99.691621;0.000000;0.000000;0.000000;0.000000;0.000000;99.691621
32;0.000000;-18.000000;30.000000;99.691621;0.000000;0.000000;0.000000;0.000000;0.000000;99.691621
33;0.000000;-14.000000;-30.000000;-99.691621;0.000000;0.000000;0.000000;0.000000;0.000000;99.691621
34;0.000000;-14.000000;30.000000;99.691621;0.000000;0.000000;0.000000;0.000000;0.000000;99.691621
35;0.000000;-10.000000;-30.000000;-99.691621;0.000000;0.000000;0.000000;0.000000;0.000000;99.691621
36;0.000000;-10.000000;30.000000;99.691621;0.000000;0.000000;0.000000;0.000000;0.000000;99.691621
37;0.000000;-6.000000;-30.000000;-99.691621;0.000000;0.000000;0.000000;0.000000;0.000000;99.691621
38;0.000000;-6.000000;30.000000;99.691621;0.000000;0.000000;0.000000;0.000000;0.000000;99.691621
39;0.000000;-2.000000;-30.000000;-99.691621;0.000000;0.000000;0.000000;0.000000;0.000000;99.691621
40;0.000000;-2.000000;30.000000;99.691621;0.000000;0.000000;0.000000;0.000000;0.000000;99.691621
41;0.000000;2.000000;-30.000000;-99.691621;0.000000;0.000000;0.000000;0.000000;0.000000;99.691621
42;0.000000;2.000000;30.000000;99.691621;0.000000;0.000000;0.000000;0.000000;0.000000;99.691621
43;0.000000;6.000000;-30.000000;-99.691621;0.000000;0.000000;0.000000;0.000000;0.000000;99.691621
44;0.000000;6.000000;30.000000;99.691621;0.000000;0.000000;0.000000;0.000000;0.000000;99.691621
45;0.000000;10.000000;-30.000000;-99.691621;0.000000;0.000000;0.000000;0.000000;0.000000;99.691621
46;0.000000;10.000000;30.000000;99.691621;0.000000;0.000000;0.000000;0.000000;0.000000;99.691621
47;0.000000;14.000000;-30.000000;-99.691621;0.000000;0.000000;0.000000;0.000000;0.000000;99.691621
48;0.000000;14.000000;30.000000;99.691621;0.000000;0.000000;0.000000;0.000000;0.000000;99.691621
49;0.000000;18.000000;-30.000000;-99.691621;0.000000;0.000000;0.000000;0.000000;0.000000;99.691621
50;0.000000;18.000000;30.000000;99.691621;0.000000;0.000000;0.000000;0.000000;0.000000;99.691621
51;0.000000;22.000000;-30.000000;-99.691621;0.000000;0.000000;0.000000;0.000000;0.000000;99.691621
52;0.000000;22.000000;30.000000;99.691621;0.000000;0.000000;0.000000;0.000000;0.000000;99.691621
53;0.000000;26.000000;-30.000000;-99.691621;0.000000;0.000000;0.000000;0.000000;0.000000;99.691621
54;0.000000;26.000000;30.000000;99.691621;0.000000;0.000000;0.000000;0.000000;0.000000;99.691621
55;0.000000;30.000000;-30.000000;-99.691621;0.000000;0.000000;0.000000;0.000000;0.000000;99.691621
56;0.000000;30.000000;30.000000;99.691621;0.000000;0.000000;0.000000;0.000000;0.000000;99.691621
57;0.000000;34.000000;-30.000000;-99.691621;0.000000;0.000000;0.000000;0.000000;0.000000;99.691621
58;0.000000;34.000000;30.000000;99.691621;0.000000;0.000000;0.000000;0.000000;0.000000;99.691621
59;0.000000;38.000000;-30.000000;-99.691621;0.000000;0.000000;0.000000;0.000000;0.000000;99.691621
60;0.000000;38.000000;30.000000;99.691621;0.000000;0.000000;0.000000;0.000000;0.000000;99.691621
61;0.000000;42.000000;-30.000000;-99.691621;0.000000;0.000000;0.000000;0.000000;0.000000;99.691621
62;0.000000;42.000000;30.000000;99.691621;0.000000;0.000000;0.000000;0.000000;0.000000;99.691621
63;0.000000;46.000000;-30.000000;-99.691621;0.000000;0.000000;0.000000;0.000000;0.000000;99.691621
64;0.000000;46.000000;30.000000;99.691621;0.000000;0.000000;0.000000;0.000000;0.000000;99.691621
65;0.000000;50.000000;-30.000000;-99.691621;0.000000;0.000000;0.000000;0.000000;0.000000;99.691621
66;0.000000;50.000000;-26.000000;-86.399405;0.000000;0.000000;0.000000;0.000000;0.000000;86.399405
67;0.000000;50.000000;-22.000000;-73.107188;0.000000;0.000000;0.000000;0.000000;0.000000;73.107188
68;0.000000;50.000000;-18.000000;-59.814972;0.000000;0.000000;0.000000;0.000000;0.000000;59.814972
69;0.000000;50.000000;-14.000000;-46.522756;0.000000;0.000000;0.000000;0.000000;0.000000;46.522756
70;0.000000;50.000000;-10.000000;-33.230540;0.000000;0.000000;0.000000;0.000000;0.000000;33.230540
71;0.000000;50.000000;-6.000000;-19.938324;0.000000;0.000000;0.000000;0.000000;0.000000;19.938324
72;0.000000;50.000000;-2.000000;-6.646108;0.000000;0.000000;0.000000;0.000000;0.000000;6.646108
73;0.000000;50.000000;2.000000;6.646108;0.000000;0.000000;0.000000;0.000000;0.000000;6.646108
74;0.000000;50.000000;6.000000;19.938324;0.000000;0.000000;0.000000;0.000000;0.000000;19.938324
75;0.000000;50.000000;10.000000;33.230540;0.000000;0.000000;0.000000;0.000000;0.000000;33.230540
76;0.000000;50.000000;14.000000;46.522756;0.000000;0.000000;0.000000;0.000000;0.000000;46.522756
77;0.000000;50.000000;18.000000;59.814972;0.000000;0.000000;0.000000;0.000000;0.000000;59.814972
78;0.000000;50.000000;22.000000;73.107188;0.000000;0.000000;0.000000;0.000000;0.000000;73.107188
79;0.000000;50.000000;26.000000;86.399405;0.000000;0.000000;0.000000;0.000000;0.000000;86.399405
80;0.000000;50.000000;30.000000;99.691621;0.000000;0.000000;0.000000;0.000000;0.000000;99.691621
81;4.000000;-50.000000;-30.000000;-98.694704;0.000000;0.000000;0.000000;0.000000;0.000000;98.694704
82;4.000000;-50.000000;-26.000000;-85.535410;0.000000;0.000000;0.000000;0.000000;0.000000;85.535410
83;4.000000;-50.000000;-22.000000;-72.376117;0.000000;0.000000;0.000000;0.000000;0.000000;72.376117
84;4.000000;-50.000000;-18.000000;-59.216823;0.000000;0.000000;0.000000;0.000000;0.000000;59.216823
85;4.000000;-50.000000;-14.000000;-46.057529;0.000000;0.000000;0.000000;0.000000;0.000000;46.057529
86;4.000000;-50.000000;-10.000000;-32.898235;0.000000;0.000000;0.000000;0.000000;0.000000;32.898235
87;4.000000;-50.000000;-6.000000;-19.738941;0.000000;0.000000;0.000000;0.000000;0.000000;19.738941
88;4.000000;-50.000000;-2.000000;-6.579647;0.000000;0.000000;0.000000;0.000000;0.000000;6.579647
89;4.000000;-50.000000;2.000000;6.579647;0.000000;0.000000;0.000000;0.000000;0.000000;6.579647
90;4.000000;-50.000000;6.000000;19.738941;0.000000;0.000000;0.000000;0.000000;0.000000;19.738941
91;4.000000;-50.000000;10.000000;32.898235;0.000000;0.000000;0.000000;0.000000;0.000000;32.898235
92;4.000000;-50.000000;14.000000;46.057529;0.000000;0.000000;0.000000;0.000000;0.000000;46.057529
93;4.000000;-50.000000;18.000000;59.216823;0.000000;0.000000;0.000000;0.000000;0.000000;59.216823
94;4.000000;-50.000000;22.000000;72.376117;0.000000;0.000000;0.000000;0.000000;0.000000;72.376117
95;4.000000;-50.000000;26.000000;85.535410;0.000000;0.000000;0.000000;0.000000;0.000000;85.535410
96;4.000000;-50.000000;30.000000;98.694704;0.000000;0.000000;0.000000;0.000000;0.000000;98.694704
97;4.000000;-46.000000;-30.000000;-98.694704;0.000000;0.000000;0.000000;0.000000;0.000000;98.694704
98;4.000000;-46.000000;30.000000;98.694704;0.000000;0.000000;0.000000;0.000000;0.000000;98.694704
99;4.000000;-42.000000;-30.000000;-98.694704;0.000000;0.000000;0.000000;0.000000;0.000000;98.694704
100;4.000000;-42.000000;30.000000;98.694704;0.000000;0.000000;0.000000;0.000000;0.000000;98.694704
101;4.000000;-38.000000;-30.000000;-98.694704;0.000000;0.000000;0.000000;0.000000;0.000000;98.694704
102;4.000000;-38.000000;30.000000;98.694704;0.000000;0.000000;0.000000;0.000000;0.000000;98.694704
103;4.000000;-34.000000;-30.000000;-98.694704;0.000000;0.000000;0.000000;0.000000;0.000000;98.694704
104;4.000000;-34.000000;30.000000;98.694704;0.000000;0.000000;0.000000;0.000000;0.000000;98.694704
105;4.000000;-30.000000;-30.000000;-98.694704;0.000000;0.000000;0.000000;0.000000;0.000000;98.694704
106;4.000000;-30.000000;30.000000;98.694704;0.000000;0.000000;0.000000;0.000000;0.000000;98.694704
107;4.000000;-26.000000;-30.000000;-98.694704;0.000000;0.000000;0.000000;0.000000;0.000000;98.694704
108;4.000000;-26.000000;30.000000;98.694704;0.000000;0.000000;0.000000;0.000000;0.000000;98.694704
109;4.000000;-22.000000;-30.000000;-98.694704;0.000000;0.000000;0.000000;0.000000;0.000000;98.694704
110;4.000000;-22.000000;30.000000;98.694704;0.000000;0.000000;0.000000;0.000000;0.000000;98.694704
111;4.000000;-18.000000;-30.000000;-98.694704;0.000000;0.000000;0.000000;0.000000;0.000000;98.694704
112;4.000000;-18.000000;30.000000;98.694704;0.000000;0.000000;0.000000;0.000000;0.000000;98.694704
113;4.000000;-14.000000;-30.000000;-98.694704;0.000000;0.000000;0.000000;0.000000;0.000000;98.694704
114;4.000000;-14.000000;30.000000;98.694704;0.000000;0.000000;0.000000;0.000000;0.000000;98.694704
115;4.000000;-10.000000;-30.000000;-98.694704;0.000000;0.000000;0.000000;0.000000;0.000000;98.694704
116;4.000000;-10.000000;30.000000;98.694704;0.000000;0.000000;0.000000;0.000000;0.000000;98.694704
117;4.000000;-6.000000;-30.000000;-98.694704;0.000000;0.000000;0.000000;0.000000;0.000000;98.694704
118;4.000000;-6.000000;30.000000;98.694704;0.000000;0.000000;0.000000;0.000000;0.000000;98.694704
119;4.000000;-2.000000;-30.000000;-98.694704;0.000000;0.000000;0.000000;0.000000;0.000000;98.694704
120;4.000000;-2.000000;30.000000;98.694704;0.000000;0.000000;0.000000;0.000000;0.000000;98.694704
121;4.000000;2.000000;-30.000000;-98.694704;0.000000;0.000000;0.000000;0.000000;0.000000;98.694704
122;4.000000;2.000000;30.000000;98.694704;0.000000;0.000000;0.000000;0.000000;0.000000;98.694704
123;4.000000;6.000000;-30.000000;-98.694704;0.000000;0.000000;0.000000;0.000000;0.000000;98.694704
124;4.000000;6.000000;30.000000;98.694704;0.000000;0.000000;0.000000;0.000000;0.000000;98.694704
125;4.000000;10.000000;-30.000000;-98.694704;0.000000;0.000000;0.000000;0.000000;0.000000;98.694704
126;4.000000;10.000000;30.000000;98.694704;0.000000;0.000000;0.000000;0.000000;0.000000;98.694704
127;4.000000;14.000000;-30.000000;-98.694704;0.000000;0.000000;0.000000;0.000000;0.000000;98.694704
128;4.000000;14.000000;30.000000;98.694704;0.000000;0.000000;0.000000;0.000000;0.000000;98.694704
129;4.000000;18.000000;-30.000000;-98.694704;0.000000;0.000000;0.000000;0.000000;0.000000;98.694704
130;4.000000;18.000000;30.000000;98.694704;0.000000;0.000000;0.000000;0.000000;0.000000;98.694704
131;4.000000;22.000000;-30.000000;-98.694704;0.000000;0.000000;0.000000;0.000000;0.000000;98.694704
132;4.000000;22.000000;30.000000;98.694704;0.000000;0.000000;0.000000;0.000000;0.000000;98.694704
133;4.000000;26.000000;-30.000000;-98.694704;0.000000;0.000000;0.000000;0.000000;0.000000;98.694704
134;4.000000;26.000000;30.000000;98.694704;0.000000;0.000000;0.000000;0.000000;0.000000;98.694704
135;4.000000;30.000000;-30.000000;-98.694704;0.000000;0.000000;0.000000;0.000000;0.000000;98.694704
136;4.000000;30.000000;30.000000;98.694704;0.000000;0.000000;0.000000;0.000000;0.000000;98.694704
137;4.000000;34.000000;-30.000000;-98.694704;0.000000;0.000000;0.000000;0.000000;0.000000;98.694704
138;4.000000;34.000000;30.000000;98.694704;0.000000;0.000000;0.000000;0.000000;0.000000;98.694704
139;4.000000;38.000000;-30.000000;-98.694704;0.000000;0.000000;0.000000;0.000000;0.000000;98.694704
140;4.000000;38.000000;30.000000;98.694704;0.000000;0.000000;0.000000;0.000000;0.000000;98.694704
141;4.000000;42.000000;-30.000000;-98.694704;0.000000;0.000000;0.000000;0.000000;0.000000;98.694704
142;4.000000;42.000000;30.000000;98.694704;0.000000;0.000000;0.000000;0.000000;0.000000;98.694704
143;4.000000;46.000000;-30.000000;-98.694704;0.000000;0.000000;0.000000;0.000000;0.000000;98.694704
144;4.000000;46.000000;30.000000;98.694704;0.000000;0.000000;0.000000;0.000000;0.000000;98.694704
145;4.000000;50.000000;-30.000000;-98.694704;0.000000;0.000000;0.000000;0.000000;0.000000;98.694704
146;4.000000;50.000000;-26.000000;-85.535410;0.000000;0.000000;0.000000;0.000000;0.000000;85.535410
147;4.000000;50.000000;-22.000000;-72.376117;0.000000;0.000000;0.000000;0.000000;0.000000;72.376117
148;4.000000;50.000000;-18.000000;-59.216823;0.000000;0.000000;0.000000;0.000000;0.000000;59.216823
149;4.000000;50.000000;-14.000000;-46.057529;0.000000;0.000000;0.000000;0.000000;0.000000;46.057529
150;4.000000;50.000000;-10.000000;-32.898235;0.000000;0.000000;0.000000;0.000000;0.000000;32.898235
151;4.000000;50.000000;-6.000000;-19.738941;0.000000;0.000000;0.000000;0.000000;0.000000;19.738941
152;4.000000;50.000000;-2.000000;-6.579647;0.000000;0.000000;0.000000;0.000000;0.000000;6.579647
153;4.000000;50.000000;2.000000;6.579647;0.000000;0.000000;0.000000;0.000000;0.000000;6.579647
154;4.000000;50.000000;6.000000;19.738941;0.000000;0.000000;0.000000;0.000000;0.000000;19.738941
155;4.000000;50.000000;10.000000;32.898235;0.000000;0.000000;0.000000;0.000000;0.000000;32.898235
156;4.000000;50.000000;14.000000;46.057529;0.000000;0.000000;0.000000;0.000000;0.000000;46.057529
157;4.000000;50.000000;18.000000;59.216823;0.000000;0.000000;0.000000;0.000000;0.000000;59.216823
158;4.000000;50.000000;22.000000;72.376117;0.000000;0.000000;0.000000;0.000000;0.000000;72.376117
159;4.000000;50.000000;26.000000;85.535410;0.000000;0.000000;0.000000;0.000000;0.000000;85.535410
160;4.000000;50.000000;30.000000;98.694704;0.000000;0.000000;0.000000;0.000000;0.000000;98.694704
161;8.000000;-50.000000;-30.000000;-97.697788;0.000000;0.000000;0.000000;0.000000;0.000000;97.697788
162;8.000000;-50.000000;-26.000000;-84.671416;0.000000;0.000000;0.000000;0.000000;0.000000;84.671416
163;8.000000;-50.000000;-22.000000;-71.645045;0.000000;0.000000;0.000000;0.000000;0.000000;71.645045
164;8.000000;-50.000000;-18.000000;-58.618673;0.000000;0.000000;0.000000;0.000000;0.000000;58.618673
165;8.000000;-50.000000;-14.000000;-45.592301;0.000000;0.000000;0.000000;0.000000;0.000000;45.592301
166;8.000000;-50.000000;-10.000000;-32.565929;0.000000;0.000000;0.000000;0.000000;0.000000;32.565929
167;8.000000;-50.000000;-6.000000;-19.539558;0.000000;0.000000;0.000000;0.000000;0.000000;19.539558
168;8.000000;-50.000000;-2.000000;-6.513186;0.000000;0.000000;0.000000;0.000000;0.000000;6.513186
169;8.000000;-50.000000;2.000000;6.513186;0.000000;0.000000;0.000000;0.000000;0.000000;6.513186
170;8.000000;-50.000000;6.000000;19.539558;0.000000;0.000000;0.000000;0.000000;0.000000;19.539558
171;8.000000;-50.000000;10.000000;32.565929;0.000000;0.000000;0.000000;0.000000;0.000000;32.565929
172;8.000000;-50.000000;14.000000;45.592301;0.000000;0.000000;0.000000;0.000000;0.000000;45.592301
173;8.000000;-50.000000;18.000000;58.618673;0.000000;0.000000;0.000000;0.000000;0.000000;58.618673
174;8.000000;-50.000000;22.000000;71.645045;0.000000;0.000000;0.000000;0.000000;0.000000;71.645045
175;8.000000;-50.000000;26.000000;84.671416;0.000000;0.000000;0.000000;0.000000;0.000000;84.671416
176;8.000000;-50.000000;30.000000;97.697788;0.000000;0.000000;0.000000;0.000000;0.000000;97.697788
177;8.000000;-46.000000;-30.000000;-97.697788;0.000000;0.000000;0.000000;0.000000;0.000000;97.697788
178;8.000000;-46.000000;30.000000;97.697788;0.000000;0.000000;0.000000;0.000000;0.000000;97.697788
179;8.000000;-42.000000;-30.000000;-97.697788;0.000000;0.000000;0.000000;0.000000;0.000000;97.697788
180;8.000000;-42.000000;30.000000;97.697788;0.000000;0.000000;0.000000;0.000000;0.000000;97.697788
181;8.000000;-38.000000;-30.000000;-97.697788;0.000000;0.000000;0.000000;0.000000;0.000000;97.697788
182;8.000000;-38.000000;30.000000;97.697788;0.000000;0.000000;0.000000;0.000000;0.000000;97.697788
183;8.000000;-34.000000;-30.000000;-97.697788;0.000000;0.000000;0.000000;0.000000;0.000000;97.697788
184;8.000000;-34.000000;30.000000;97.697788;0.000000;0.000000;0.000000;0.000000;0.000000;97.697788
185;8.000000;-30.000000;-30.000000;-97.697788;0.000000;0.000000;0.000000;0.000000;0.000000;97.697788
186;8.000000;-30.000000;30.000000;97.697788;0.000000;0.000000;0.000000;0.000000;0.000000;97.697788
187;8.000000;-26.000000;-30.000000;-97.697788;0.000000;0.000000;0.000000;0.000000;0.000000;97.697788
188;8.000000;-26.000000;30.000000;97.697788;0.000000;0.000000;0.000000;0.000000;0.000000;97.697788
189;8.000000;-22.000000;-30.000000;-97.697788;0.000000;0.000000;0.000000;0.000000;0.000000;97.697788
190;8.000000;-22.000000;30.000000;97.697788;0.000000;0.000000;0.000000;0.000000;0.000000;97.697788
191;8.000000;-18.000000;-30.000000;-97.697788;0.000000;0.000000;0.000000;0.000000;0.000000;97.697788
192;8.000000;-18.000000;30.000000;97.697788;0.000000;0.000000;0.000000;0.000000;0.000000;97.697788
193;8.000000;-14.000000;-30.000000;-97.697788;0.000000;0.000000;0.000000;0.000000;0.000000;97.697788
194;8.000000;-14.000000;30.000000;97.697788;0.000000;0.000000;0.000000;0.000000;0.000000;97.697788
195;8.000000;-10.000000;-30.000000;-97.697788;0.000000;0.000000;0.000000;0.000000;0.000000;97.697788
196;8.000000;-10.000000;30.000000;97.697788;0.000000;0.000000;0.000000;0.000000;0.000000;97.697788
197;8.000000;-6.000000;-30.000000;-97.697788;0.000000;0.000000;0.000000;0.000000;0.000000;97.697788
198;8.000000;-6.000000;30.000000;97.697788;0.000000;0.000000;0.000000;0.000000;0.000000;97.697788
199;8.000000;-2.000000;-30.000000;-97.697788;0.000000;0.000000;0.000000;0.000000;0.000000;97.697788
200;8.000000;-2.000000;30.000000;97.697788;0.000000;0.000000;0.000000;0.000000;0.000000;97.697788
201;8.000000;2.000000;-30.000000;-97.697788;0.000000;0.000000;0.000000;0.000000;0.000000;97.697788
202;8.000000;2.000000;30.000000;97.697788;0.000000;0.000000;0.000000;0.000000;0.000000;97.697788
203;8.000000;6.000000;-30.000000;-97.697788;0.000000;0.000000;0.000000;0.000000;0.000000;97.697788
204;8.000000;6.000000;30.000000;97.697788;0.000000;0.000000;0.000000;0.000000;0.000000;97.697788
205;8.000000;10.000000;-30.000000;-97.697788;0.000000;0.000000;0.000000;0.000000;0.000000;97.697788
206;8.000000;10.000000;30.000000;97.697788;0.000000;0.000000;0.000000;0.000000;0.000000;97.697788
207;8.000000;14.000000;-30.000000;-97.697788;0.000000;0.000000;0.000000;0.000000;0.000000;97.697788
208;8.000000;14.000000;30.000000;97.697788;0.000000;0.000000;0.000000;0.000000;0.000000;97.697788
209;8.000000;18.000000;-30.000000;-97.697788;0.000000;0.000000;0.000000;0.000000;0.000000;97.697788
210;8.000000;18.000000;30.000000;97.697788;0.000000;0.000000;0.000000;0.000000;0.000000;97.697788
211;8.000000;22.000000;-30.000000;-97.697788;0.000000;0.000000;0.000000;0.000000;0.000000;97.697788
212;8.000000;22.000000;30.000000;97.697788;0.000000;0.000000;0.000000;0.000000;0.000000;97.697788
213;8.000000;26.000000;-30.000000;-97.697788;0.000000;0.000000;0.000000;0.000000;0.000000;97.697788
214;8.000000;26.000000;30.000000;97.697788;0.000000;0.000000;0.000000;0.000000;0.000000;97.697788
215;8.000000;30.000000;-30.000000;-97.697788;0.000000;0.000000;0.000000;0.000000;0.000000;97.697788
216;8.000000;30.000000;30.000000;97.697788;0.000000;0.000000;0.000000;0.000000;0.000000;97.697788
217;8.000000;34.000000;-30.000000;-97.697788;0.000000;0.000000;0.000000;0.000000;0.000000;97.697788
218;8.000000;34.000000;30.000000;97.697788;0.000000;0.000000;0.000000;0.000000;0.000000;97.697788
219;8.000000;38.000000;-30.000000;-97.697788;0.000000;0.000000;0.000000;0.000000;0.000000;97.697788
220;8.000000;38.000000;30.000000;97.697788;0.000000;0.000000;0.000000;0.000000;0.000000;97.697788
221;8.000000;42.000000;-30.000000;-97.697788;0.000000;0.000000;0.000000;0.000000;0.000000;97.697788
222;8.000000;42.000000;30.000000;97.697788;0.000000;0.000000;0.000000;0.000000;0.000000;97.697788
223;8.000000;46.000000;-30.000000;-97.697788;0.000000;0.000000;0.000000;0.000000;0.000000;97.697788
224;8.000000;46.000000;30.000000;97.697788;0.000000;0.000000;0.000000;0.000000;0.000000;97.697788
225;8.000000;50.000000;-30.000000;-97.697788;0.000000;0.000000;0.000000;0.000000;0.000000;97.697788
226;8.000000;50.000000;-26.000000;-84.671416;0.000000;0.000000;0.000000;0.000000;0.000000;84.671416
227;8.000000;50.000000;-22.000000;-71.645045;0.000000;0.000000;0.000000;0.000000;0.000000;71.645045
228;8.000000;50.000000;-18.000000;-58.618673;0.000000;0.000000;0.000000;0.000000;0.000000;58.618673
229;8.000000;50.000000;-14.000000;-45.592301;0.000000;0.000000;0.000000;0.000000;0.000000;45.592301
230;8.000000;50.000000;-10.000000;-32.565929;0.000000;0.000000;0.000000;0.000000;0.000000;32.565929
231;8.000000;50.000000;-6.000000;-19.539558;0.000000;0.000000;0.000000;0.000000;0.000000;19.539558
232;8.000000;50.000000;-2.000000;-6.513186;0.000000;0.000000;0.000000;0.000000;0.000000;6.513186
233;8.000000;50.000000;2.000000;6.513186;0.000000;0.000000;0.000000;0.000000;0.000000;6.513186
234;8.000000;50.000000;6.000000;19.539558;0.000000;0.000000;0.000000;0.000000;0.000000;19.539558
235;8.000000;50.000000;10.000000;32.565929;0.000000;0.000000;0.000000;0.000000;0.000000;32.565929
236;8.000000;50.000000;14.000000;45.592301;0.000000;0.000000;0.000000;0.000000;0.000000;45.592301
237;8.000000;50.000000;18.000000;58.618673;0.000000;0.000000;0.000000;0.000000;0.000000;58.618673
238;8.000000;50.000000;22.000000;71.645045;0.000000;0.000000;0.000000;0.000000;0.000000;71.645045
239;8.000000;50.000000;26.000000;84.671416;0.000000;0.000000;0.000000;0.000000;0.000000;84.671416
240;8.000000;50.000000;30.000000;97.697788;0.000000;0.000000;0.000000;0.000000;0.000000;97.697788
241;12.000000;-50.000000;-30.000000;-96.700872;0.000000;0.000000;0.000000;0.000000;0.000000;96.700872
242;12.000000;-50.000000;-26.000000;-83.807422;0.000000;0.000000;0.000000;0.000000;0.000000;83.807422
243;12.000000;-50.000000;-22.000000;-70.913973;0.000000;0.000000;0.000000;0.000000;0.000000;70.913973
244;12.000000;-50.000000;-18.000000;-58.020523;0.000000;0.000000;0.000000;0.000000;0.000000;58.020523
245;12.000000;-50.000000;-14.000000;-45.127074;0.000000;0.000000;0.000000;0.000000;0.000000;45.127074
246;12.000000;-50.000000;-10.000000;-32.233624;0.000000;0.000000;0.000000;0.000000;0.000000;32.233624
247;12.000000;-50.000000;-6.000000;-19.340174;0.000000;0.000000;0.000000;0.000000;0.000000;19.340174
248;12.000000;-50.000000;-2.000000;-6.446725;0.000000;0.000000;0.000000;0.000000;0.000000;6.446725
249;12.000000;-50.000000;2.000000;6.446725;0.000000;0.000000;0.000000;0.000000;0.000000;6.446725
250;12.000000;-50.000000;6.000000;19.340174;0.000000;0.000000;0.000000;0.000000;0.000000;19.340174
251;12.000000;-50.000000;10.000000;32.233624;0.000000;0.000000;0.000000;0.000000;0.000000;32.233624
252;12.000000;-50.000000;14.000000;45.127074;0.000000;0.000000;0.000000;0.000000;0.000000;45.127074
253;12.000000;-50.000000;18.000000;58.020523;0.000000;0.000000;0.000000;0.000000;0.000000;58.020523
254;12.000000;-50.000000;22.000000;70.913973;0.000000;0.000000;0.000000;0.000000;0.000000;70.913973
255;12.000000;-50.000000;26.000000;83.807422;0.000000;0.000000;0.000000;0.000000;0.000000;83.807422
256;12.000000;-50.000000;30.000000;96.700872;0.000000;0.000000;0.000000;0.000000;0.000000;96.700872
257;12.000000;-46.000000;-30.000000;-96.700872;0.000000;0.000000;0.000000;0.000000;0.000000;96.700872
258;12.000000;-46.000000;30.000000;96.700872;0.000000;0.000000;0.000000;0.000000;0.000000;96.700872
259;12.000000;-42.000000;-30.000000;-96.700872;0.000000;0.000000;0.000000;0.000000;0.000000;96.700872
260;12.000000;-42.000000;30.000000;96.700872;0.000000;0.000000;0.000000;0.000000;0.000000;96.700872
261;12.000000;-38.000000;-30.000000;-96.700872;0.000000;0.000000;0.000000;0.000000;0.000000;96.700872
262;12.000000;-38.000000;30.000000;96.700872;0.000000;0.000000;0.000000;0.000000;0.000000;96.700872
263;12.000000;-34.000000;-30.000000;-96.700872;0.000000;0.000000;0.000000;0.000000;0.000000;96.700872
264;12.000000;-34.000000;30.000000;96.700872;0.000000;0.000000;0.000000;0.000000;0.000000;96.700872
265;12.000000;-30.000000;-30.000000;-96.700872;0.000000;0.000000;0.000000;0.000000;0.000000;96.700872
266;12.000000;-30.000000;30.000000;96.700872;0.000000;0.000000;0.000000;0.000000;0.000000;96.700872
267;12.000000;-26.000000;-30.000000;-96.700872;0.000000;0.000000;0.000000;0.000000;0.000000;96.700872
268;12.000000;-26.000000;30.000000;96.700872;0.000000;0.000000;0.000000;0.000000;0.000000;96.700872
269;12.000000;-22.000000;-30.000000;-96.700872;0.000000;0.000000;0.000000;0.000000;0.000000;96.700872
270;12.000000;-22.000000;30.000000;96.700872;0.000000;0.000000;0.000000;0.000000;0.000000;96.700872
271;12.000000;-18.000000;-30.000000;-96.700872;0.000000;0.000000;0.000000;0.000000;0.000000;96.700872
272;12.000000;-18.000000;30.000000;96.700872;0.000000;0.000000;0.000000;0.000000;0.000000;96.700872
273;12.000000;-14.000000;-30.000000;-96.700872;0.000000;0.000000;0.000000;0.000000;0.000000;96.700872
274;12.000000;-14.000000;30.000000;96.700872;0.000000;0.000000;0.000000;0.000000;0.000000;96.700872
275;12.000000;-10.000000;-30.000000;-96.700872;0.000000;0.000000;0.000000;0.000000;0.000000;96.700872
276;12.000000;-10.000000;30.000000;96.700872;0.000000;0.000000;0.000000;0.000000;0.000000;96.700872
277;12.000000;-6.000000;-30.000000;-96.700872;0.000000;0.000000;0.000000;0.000000;0.000000;96.700872
278;12.000000;-6.000000;30.000000;96.700872;0.000000;0.000000;0.000000;0.000000;0.000000;96.700872
279;12.000000;-2.000000;-30.000000;-96.700872;0.000000;0.000000;0.000000;0.000000;0.000000;96.700872
280;12.000000;-2.000000;30.000000;96.700872;0.000000;0.000000;0.000000;0.000000;0.000000;96.700872
281;12.000000;2.000000;-30.000000;-96.700872;0.000000;0.000000;0.000000;0.000000;0.000000;96.700872
282;12.000000;2.000000;30.000000;96.700872;0.000000;0.000000;0.000000;0.000000;0.000000;96.700872
283;12.000000;6.000000;-30.000000;-96.700872;0.000000;0.000000;0.000000;0.000000;0.000000;96.700872
284;12.000000;6.000000;30.000000;96.700872;0.000000;0.000000;0.000000;0.000000;0.000000;96.700872
285;12.000000;10.000000;-30.000000;-96.700872;0.000000;0.000000;0.000000;0.000000;0.000000;96.700872
286;12.000000;10.000000;30.000000;96.700872;0.000000;0.000000;0.000000;0.000000;0.000000;96.700872
287;12.000000;14.000000;-30.000000;-96.700872;0.000000;0.000000;0.000000;0.000000;0.000000;96.700872
288;12.000000;14.000000;30.000000;96.700872;0.000000;0.000000;0.000000;0.000000;0.000000;96.700872
289;12.000000;18.000000;-30.000000;-96.700872;0.000000;0.000000;0.000000;0.000000;0.000000;96.700872
290;12.000000;18.000000;30.000000;96.700872;0.000000;0.000000;0.000000;0.000000;0.000000;96.700872
291;12.000000;22.000000;-30.000000;-96.700872;0.000000;0.000000;0.000000;0.000000;0.000000;96.700872
292;12.000000;22.000000;30.000000;96.700872;0.000000;0.000000;0.000000;0.000000;0.000000;96.700872
293;12.000000;26.000000;-30.000000;-96.700872;0.000000;0.000000;0.000000;0.000000;0.000000;96.700872
294;12.000000;26.000000;30.000000;96.700872;0.000000;0.000000;0.000000;0.000000;0.000000;96.700872
295;12.000000;30.000000;-30.000000;-96.700872;0.000000;0.000000;0.000000;0.000000;0.000000;96.700872
296;12.000000;30.000000;30.000000;96.700872;0.000000;0.000000;0.000000;0.000000;0.000000;96.700872
297;12.000000;34.000000;-30.000000;-96.700872;0.000000;0.000000;0.000000;0.000000;0.000000;96.700872
298;12.000000;34.000000;30.000000;96.700872;0.000000;0.000000;0.000000;0.000000;0.000000;96.700872
299;12.000000;38.000000;-30.000000;-96.700872;0.000000;0.000000;0.000000;0.000000;0.000000;96.700872
300;12.000000;38.000000;30.000000;96.700872;0.000000;0.000000;0.000000;0.000000;0.000000;96.700872
301;12.000000;42.000000;-30.000000;-96.700872;0.000000;0.000000;0.000000;0.000000;0.000000;96.700872
302;12.000000;42.000000;30.000000;96.700872;0.000000;0.000000;0.000000;0.000000;0.000000;96.700872
303;12.000000;46.000000;-30.000000;-96.700872;0.000000;0.000000;0.000000;0.000000;0.000000;96.700872
304;12.000000;46.000000;30.000000;96.700872;0.000000;0.000000;0.000000;0.000000;0.000000;96.700872
305;12.000000;50.000000;-30.000000;-96.700872;0.000000;0.000000;0.000000;0.000000;0.000000;96.700872
306;12.000000;50.000000;-26.000000;-83.807422;0.000000;0.000000;0.000000;0.000000;0.000000;83.807422
307;12.000000;50.000000;-22.000000;-70.913973;0.000000;0.000000;0.000000;0.000000;0.000000;70.913973
308;12.000000;50.000000;-18.000000;-58.020523;0.000000;0.000000;0.000000;0.000000;0.000000;58.020523
309;12.000000;50.000000;-14.000000;-45.127074;0.000000;0.000000;0.000000;0.000000;0.000000;45.127074
310;12.000000;50.000000;-10.000000;-32.233624;0.000000;0.000000;0.000000;0.000000;0.000000;32.233624
311;12.000000;50.000000;-6.000000;-19.340174;0.000000;0.000000;0.000000;0.000000;0.000000;19.340174
312;12.000000;50.000000;-2.000000;-6.446725;0.000000;0.000000;0.000000;0.000000;0.000000;6.446725
313;12.000000;50.000000;2.000000;6.446725;0.000000;0.000000;0.000000;0.000000;0.000000;6.446725
314;12.000000;50.000000;6.000000;19.340174;0.000000;0.000000;0.000000;0.000000;0.000000;19.340174
315;12.000000;50.000000;10.000000;32.233624;0.000000;0.000000;0.000000;0.000000;0.000000;32.233624
316;12.000000;50.000000;14.000000;45.127074;0.000000;0.000000;0.000000;0.000000;0.000000;45.127074
317;12.000000;50.000000;18.000000;58.020523;0.000000;0.000000;0.000000;0.000000;0.000000;58.020523
318;12.000000;50.000000;22.000000;70.913973;0.000000;0.000000;0.000000;0.000000;0.000000;70.913973
319;12.000000;50.000000;26.000000;83.807422;0.000000;0.000000;0.000000;0.000000;0.000000;83.807422
320;12.000000;50.000000;30.000000;96.700872;0.000000;0.000000;0.000000;0.000000;0.000000;96.700872
321;16.000000;-50.000000;-30.000000;-95.703956;0.000000;0.000000;0.000000;0.000000;0.000000;95.703956
322;16.000000;-50.000000;-26.000000;-82.943428;0.000000;0.000000;0.000000;0.000000;0.000000;82.943428
323;16.000000;-50.000000;-22.000000;-70.182901;0.000000;0.000000;0.000000;0.000000;0.000000;70.182901
324;16.000000;-50.000000;-18.000000;-57.422373;0.000000;0.000000;0.000000;0.000000;0.000000;57.422373
325;16.000000;-50.000000;-14.000000;-44.661846;0.000000;0.000000;0.000000;0.000000;0.000000;44.661846
326;16.000000;-50.000000;-10.000000;-31.901319;0.000000;0.000000;0.000000;0.000000;0.000000;31.901319
327;16.000000;-50.000000;-6.000000;-19.140791;0.000000;0.000000;0.000000;0.000000;0.000000;19.140791
328;16.000000;-50.000000;-2.000000;-6.380264;0.000000;0.000000;0.000000;0.000000;0.000000;6.380264
329;16.000000;-50.000000;2.000000;6.380264;0.000000;0.000000;0.000000;0.000000;0.000000;6.380264
330;16.000000;-50.000000;6.000000;19.140791;0.000000;0.000000;0.000000;0.000000;0.000000;19.140791
331;16.000000;-50.000000;10.000000;31.901319;0.000000;0.000000;0.000000;0.000000;0.000000;31.901319
332;16.000000;-50.000000;14.000000;44.661846;0.000000;0.000000;0.000000;0.000000;0.000000;44.661846
333;16.000000;-50.000000;18.000000;57.422373;0.000000;0.000000;0.000000;0.000000;0.000000;57.422373
334;16.000000;-50.000000;22.000000;70.182901;0.000000;0.000000;0.000000;0.000000;0.000000;70.182901
335;16.000000;-50.000000;26.000000;82.943428;0.000000;0.000000;0.000000;0.000000;0.000000;82.943428
336;16.000000;-50.000000;30.000000;95.703956;0.000000;0.000000;0.000000;0.000000;0.000000;95.703956
337;16.000000;-46.000000;-30.000000;-95.703956;0.000000;0.000000;0.000000;0.000000;0.000000;95.703956
338;16.000000;-46.000000;30.000000;95.703956;0.000000;0.000000;0.000000;0.000000;0.000000;95.703956
339;16.000000;-42.000000;-30.000000;-95.703956;0.000000;0.000000;0.000000;0.000000;0.000000;95.703956
340;16.000000;-42.000000;30.000000;95.703956;0.000000;0.000000;0.000000;0.000000;0.000000;95.703956
341;16.000000;-38.000000;-30.000000;-95.703956;0.000000;0.000000;0.000000;0.000000;0.000000;95.703956
342;16.000000;-38.000000;30.000000;95.703956;0.000000;0.000000;0.000000;0.000000;0.000000;95.703956
343;16.000000;-34.000000;-30.000000;-95.703956;0.000000;0.000000;0.000000;0.000000;0.000000;95.703956
344;16.000000;-34.000000;30.000000;95.703956;0.000000;0.000000;0.000000;0.000000;0.000000;95.703956
345;16.000000;-30.000000;-30.000000;-95.703956;0.000000;0.000000;0.000000;0.000000;0.000000;95.703956
346;16.000000;-30.000000;30.000000;95.703956;0.000000;0.000000;0.000000;0.000000;0.000000;95.703956
347;16.000000;-26.000000;-30.000000;-95.703956;0.000000;0.000000;0.000000;0.000000;0.000000;95.703956
348;16.000000;-26.000000;30.000000;95.703956;0.000000;0.000000;0.000000;0.000000;0.000000;95.703956
349;16.000000;-22.000000;-30.000000;-95.703956;0.000000;0.000000;0.000000;0.000000;0.000000;95.703956
350;16.000000;-22.000000;30.000000;95.703956;0.000000;0.000000;0.000000;0.000000;0.000000;95.703956
351;16.000000;-18.000000;-30.000000;-95.703956;0.000000;0.000000;0.000000;0.000000;0.000000;95.703956
352;16.000000;-18.000000;30.000000;95.703956;0.000000;0.000000;0.000000;0.000000;0.000000;95.703956
353;16.000000;-14.000000;-30.000000;-95.703956;0.000000;0.000000;0.000000;0.000000;0.000000;95.703956
354;16.000000;-14.000000;30.000000;95.703956;0.000000;0.000000;0.000000;0.000000;0.000000;95.703956
355;16.000000;-10.000000;-30.000000;-95.703956;0.000000;0.000000;0.000000;0.000000;0.000000;95.703956
356;16.000000;-10.000000;30.000000;95.703956;0.000000;0.000000;0.000000;0.000000;0.000000;95.703956
357;16.000000;-6.000000;-30.000000;-95.703956;0.000000;0.000000;0.000000;0.000000;0.000000;95.703956
358;16.000000;-6.000000;30.000000;95.703956;0.000000;0.000000;0.000000;0.000000;0.000000;95.703956
359;16.000000;-2.000000;-30.000000;-95.703956;0.000000;0.000000;0.000000;0.000000;0.000000;95.703956
360;16.000000;-2.000000;30.000000;95.703956;0.000000;0.000000;0.000000;0.000000;0.000000;95.703956
361;16.000000;2.000000;-30.000000;-95.703956;0.000000;0.000000;0.000000;0.000000;0.000000;95.703956
362;16.000000;2.000000;30.000000;95.703956;0.000000;0.000000;0.000000;0.000000;0.000000;95.703956
363;16.000000;6.000000;-30.000000;-95.703956;0.000000;0.000000;0.000000;0.000000;0.000000;95.703956
364;16.000000;6.000000;30.000000;95.703956;0.000000;0.000000;0.000000;0.000000;0.000000;95.703956
365;16.000000;10.000000;-30.000000;-95.703956;0.000000;0.000000;0.000000;0.000000;0.000000;95.703956
366;16.000000;10.000000;30.000000;95.703956;0.000000;0.000000;0.000000;0.000000;0.000000;95.703956
367;16.000000;14.000000;-30.000000;-95.703956;0.000000;0.000000;0.000000;0.000000;0.000000;95.703956
368;16.000000;14.000000;30.000000;95.703956;0.000000;0.000000;0.000000;0.000000;0.000000;95.703956
369;16.000000;18.000000;-30.000000;-95.703956;0.000000;0.000000;0.000000;0.000000;0.000000;95.703956
370;16.000000;18.000000;30.000000;95.703956;0.000000;0.000000;0.000000;0.000000;0.000000;95.703956
371;16.000000;22.000000;-30.000000;-95.703956;0.000000;0.000000;0.000000;0.000000;0.000000;95.703956
372;16.000000;22.000000;30.000000;95.703956;0.000000;0.000000;0.000000;0.000000;0.000000;95.703956
373;16.000000;26.000000;-30.000000;-95.703956;0.000000;0.000000;0.000000;0.000000;0.000000;95.703956
374;16.000000;26.000000;30.000000;95.703956;0.000000;0.000000;0.000000;0.000000;0.000000;95.703956
375;16.000000;30.000000;-30.000000;-95.703956;0.000000;0.000000;0.000000;0.000000;0.000000;95.703956
376;16.000000;30.000000;30.000000;95.703956;0.000000;0.000000;0.000000;0.000000;0.000000;95.703956
377;16.000000;34.000000;-30.000000;-95.703956;0.000000;0.000000;0.000000;0.000000;0.000000;95.703956
378;16.000000;34.000000;30.000000;95.703956;0.000000;0.000000;0.000000;0.000000;0.000000;95.703956
379;16.000000;38.000000;-30.000000;-95.703956;0.000000;0.000000;0.000000;0.000000;0.000000;95.703956
380;16.000000;38.000000;30.000000;95.703956;0.000000;0.000000;0.000000;0.000000;0.000000;95.703956
381;16.000000;42.000000;-30.000000;-95.703956;0.000000;0.000000;0.000000;0.000000;0.000000;95.703956
382;16.000000;42.000000;30.000000;95.703956;0.000000;0.000000;0.000000;0.000000;0.000000;95.703956
383;16.000000;46.000000;-30.000000;-95.703956;0.000000;0.000000;0.000000;0.000000;0.000000;95.703956
384;16.000000;46.000000;30.000000;95.703956;0.000000;0.000000;0.000000;0.000000;0.000000;95.703956
385;16.000000;50.000000;-30.000000;-95.703956;0.000000;0.000000;0.000000;0.000000;0.000000;95.703956
386;16.000000;50.000000;-26.000000;-82.943428;0.000000;0.000000;0.000000;0.000000;0.000000;82.943428
387;16.000000;50.000000;-22.000000;-70.182901;0.000000;0.000000;0.000000;0.000000;0.000000;70.182901
388;16.000000;50.000000;-18.000000;-57.422373;0.000000;0.000000;0.000000;0.000000;0.000000;57.422373
389;16.000000;50.000000;-14.000000;-44.661846;0.000000;0.000000;0.000000;0.000000;0.000000;44.661846
390;16.000000;50.000000;-10.000000;-31.901319;0.000000;0.000000;0.000000;0.000000;0.000000;31.901319
391;16.000000;50.000000;-6.000000;-19.140791;0.000000;0.000000;0.000000;0.000000;0.000000;19.140791
392;16.000000;50.000000;-2.000000;-6.380264;0.000000;0.000000;0.000000;0.000000;0.000000;6.380264
393;16.000000;50.000000;2.000000;6.380264;0.000000;0.000000;0.000000;0.000000;0.000000;6.380264
394;16.000000;50.000000;6.000000;19.140791;0.000000;0.000000;0.000000;0.000000;0.000000;19.140791
395;16.000000;50.000000;10.000000;31.901319;0.000000;0.000000;0.000000;0.000000;0.000000;31.901319
396;16.000000;50.000000;14.000000;44.661846;0.000000;0.000000;0.000000;0.000000;0.000000;44.661846
397;16.000000;50.000000;18.000000;57.422373;0.000000;0.000000;0.000000;0.000000;0.000000;57.422373
398;16.000000;50.000000;22.000000;70.182901;0.000000;0.000000;0.000000;0.000000;0.000000;70.182901
399;16.000000;50.000000;26.000000;82.943428;0.000000;0.000000;0.000000;0.000000;0.000000;82.943428
400;16.000000;50.000000;30.000000;95.703956;0.000000;0.000000;0.000000;0.000000;0.000000;95.703956
401;20.000000;-50.000000;-30.000000;-94.707040;0.000000;0.000000;0.000000;0.000000;0.000000;94.707040
402;20.000000;-50.000000;-26.000000;-82.079434;0.000000;0.000000;0.000000;0.000000;0.000000;82.079434
403;20.000000;-50.000000;-22.000000;-69.451829;0.000000;0.000000;0.000000;0.000000;0.000000;69.451829
404;20.000000;-50.000000;-18.000000;-56.824224;0.000000;0.000000;0.000000;0.000000;0.000000;56.824224
405;20.000000;-50.000000;-14.000000;-44.196618;0.000000;0.000000;0.000000;0.000000;0.000000;44.196618
406;20.000000;-50.000000;-10.000000;-31.569013;0.000000;0.000000;0.000000;0.000000;0.000000;31.569013
407;20.000000;-50.000000;-6.000000;-18.941408;0.000000;0.000000;0.000000;0.000000;0.000000;18.941408
408;20.000000;-50.000000;-2.000000;-6.313803;0.000000;0.000000;0.000000;0.000000;0.000000;6.313803
409;20.000000;-50.000000;2.000000;6.313803;0.000000;0.000000;0.000000;0.000000;0.000000;6.313803
410;20.000000;-50.000000;6.000000;18.941408;0.000000;0.000000;0.000000;0.000000;0.000000;18.941408
411;20.000000;-50.000000;10.000000;31.569013;0.000000;0.000000;0.000000;0.000000;0.000000;31.569013
412;20.000000;-50.000000;14.000000;44.196618;0.000000;0.000000;0.000000;0.000000;0.000000;44.196618
413;20.000000;-50.000000;18.000000;56.824224;0.000000;0.000000;0.000000;0.000000;0.000000;56.824224
414;20.000000;-50.000000;22.000000;69.451829;0.000000;0.000000;0.000000;0.000000;0.000000;69.451829
415;20.000000;-50.000000;26.000000;82.079434;0.000000;0.000000;0.000000;0.000000;0.000000;82.079434
416;20.000000;-50.000000;30.000000;94.707040;0.000000;0.000000;0.000000;0.000000;0.000000;94.707040
417;20.000000;-46.000000;-30.000000;-94.707040;0.000000;0.000000;0.000000;0.000000;0.000000;94.707040
418;20.000000;-46.000000;30.000000;94.707040;0.000000;0.000000;0.000000;0.000000;0.000000;94.707040
419;20.000000;-42.000000;-30.000000;-94.707040;0.000000;0.000000;0.000000;0.000000;0.000000;94.707040
420;20.000000;-42.000000;30.000000;94.707040;0.000000;0.000000;0.000000;0.000000;0.000000;94.707040
421;20.000000;-38.000000;-30.000000;-94.707040;0.000000;0.000000;0.000000;0.000000;0.000000;94.707040
422;20.000000;-38.000000;30.000000;94.707040;0.000000;0.000000;0.000000;0.000000;0.000000;94.707040
423;20.000000;-34.000000;-30.000000;-94.707040;0.000000;0.000000;0.000000;0.000000;0.000000;94.707040
424;20.000000;-34.000000;30.000000;94.707040;0.000000;0.000000;0.000000;0.000000;0.000000;94.707040
425;20.000000;-30.000000;-30.000000;-94.707040;0.000000;0.000000;0.000000;0.000000;0.000000;94.707040
426;20.000000;-30.000000;30.000000;94.707040;0.000000;0.000000;0.000000;0.000000;0.000000;94.707040
427;20.000000;-26.000000;-30.000000;-94.707040;0.000000;0.000000;0.000000;0.000000;0.000000;94.707040
428;20.000000;-26.000000;30.000000;94.707040;0.000000;0.000000;0.000000;0.000000;0.000000;94.707040
429;20.000000;-22.000000;-30.000000;-94.707040;0.000000;0.000000;0.000000;0.000000;0.000000;94.707040
430;20.000000;-22.000000;30.000000;94.707040;0.000000;0.000000;0.000000;0.000000;0.000000;94.707040
431;20.000000;-18.000000;-30.000000;-94.707040;0.000000;0.000000;0.000000;0.000000;0.000000;94.707040
432;20.000000;-18.000000;30.000000;94.707040;0.000000;0.000000;0.000000;0.000000;0.000000;94.707040
433;20.000000;-14.000000;-30.000000;-94.707040;0.000000;0.000000;0.000000;0.000000;0.000000;94.707040
434;20.000000;-14.000000;30.000000;94.707040;0.000000;0.000000;0.000000;0.000000;0.000000;94.707040
435;20.000000;-10.000000;-30.000000;-94.707040;0.000000;0.000000;0.000000;0.000000;0.000000;94.707040
436;20.000000;-10.000000;30.000000;94.707040;0.000000;0.000000;0.000000;0.000000;0.000000;94.707040
437;20.000000;-6.000000;-30.000000;-94.707040;0.000000;0.000000;0.000000;0.000000;0.000000;94.707040
438;20.000000;-6.000000;30.000000;94.707040;0.000000;0.000000;0.000000;0.000000;0.000000;94.707040
439;20.000000;-2.000000;-30.000000;-94.707040;0.000000;0.000000;0.000000;0.000000;0.000000;94.707040
440;20.000000;-2.000000;30.000000;94.707040;0.000000;0.000000;0.000000;0.000000;0.000000;94.707040
441;20.000000;2.000000;-30.000000;-94.707040;0.000000;0.000000;0.000000;0.000000;0.000000;94.707040
442;20.000000;2.000000;30.000000;94.707040;0.000000;0.000000;0.000000;0.000000;0.000000;94.707040
443;20.000000;6.000000;-30.000000;-94.707040;0.000000;0.000000;0.000000;0.000000;0.000000;94.707040
444;20.000000;6.000000;30.000000;94.707040;0.000000;0.000000;0.000000;0.000000;0.000000;94.707040
445;20.000000;10.000000;-30.000000;-94.707040;0.000000;0.000000;0.000000;0.000000;0.000000;94.707040
446;20.000000;10.000000;30.000000;94.707040;0.000000;0.000000;0.000000;0.000000;0.000000;94.707040
447;20.000000;14.000000;-30.000000;-94.707040;0.000000;0.000000;0.000000;0.000000;0.000000;94.707040
448;20.000000;14.000000;30.000000;94.707040;0.000000;0.000000;0.000000;0.000000;0.000000;94.707040
449;20.000000;18.000000;-30.000000;-94.707040;0.000000;0.000000;0.000000;0.000000;0.000000;94.707040
450;20.000000;18.000000;30.000000;94.707040;0.000000;0.000000;0.000000;0.000000;0.000000;94.707040
451;20.000000;22.000000;-30.000000;-94.707040;0.000000;0.000000;0.000000;0.000000;0.000000;94.707040
452;20.000000;22.000000;30.000000;94.707040;0.000000;0.000000;0.000000;0.000000;0.000000;94.707040
453;20.000000;26.000000;-30.000000;-94.707040;0.000000;0.000000;0.000000;0.000000;0.000000;94.707040
454;20.000000;26.000000;30.000000;94.707040;0.000000;0.000000;0.000000;0.000000;0.000000;94.707040
455;20.000000;30.000000;-30.000000;-94.707040;0.000000;0.000000;0.000000;0.000000;0.000000;94.707040
456;20.000000;30.000000;30.000000;94.707040;0.000000;0.000000;0.000000;0.000000;0.000000;94.707040
457;20.000000;34.000000;-30.000000;-94.707040;0.000000;0.000000;0.000000;0.000000;0.000000;94.707040
458;20.000000;34.000000;30.000000;94.707040;0.000000;0.000000;0.000000;0.000000;0.000000;94.707040
459;20.000000;38.000000;-30.000000;-94.707040;0.000000;0.000000;0.000000;0.000000;0.000000;94.707040
460;20.000000;38.000000;30.000000;94.707040;0.000000;0.000000;0.000000;0.000000;0.000000;94.707040
461;20.000000;42.000000;-30.000000;-94.707040;0.000000;0.000000;0.000000;0.000000;0.000000;94.707040
462;20.000000;42.000000;30.000000;94.707040;0.000000;0.000000;0.000000;0.000000;0.000000;94.707040
463;20.000000;46.000000;-30.000000;-94.707040;0.000000;0.000000;0.000000;0.000000;0.000000;94.707040
464;20.000000;46.000000;30.000000;94.707040;0.000000;0.000000;0.000000;0.000000;0.000000;94.707040
465;20.000000;50.000000;-30.000000;-94.707040;0.000000;0.000000;0.000000;0.000000;0.000000;94.707040
466;20.000000;50.000000;-26.000000;-82.079434;0.000000;0.000000;0.000000;0.000000;0.000000;82.079434
467;20.000000;50.000000;-22.000000;-69.451829;0.000000;0.000000;0.000000;0.000000;0.000000;69.451829
468;20.000000;50.000000;-18.000000;-56.824224;0.000000;0.000000;0.000000;0.000000;0.000000;56.824224
469;20.000000;50.000000;-14.000000;-44.196618;0.000000;0.000000;0.000000;0.000000;0.000000;44.196618
470;20.000000;50.000000;-10.000000;-31.569013;0.000000;0.000000;0.000000;0.000000;0.000000;31.569013
471;20.000000;50.000000;-6.000000;-18.941408;0.000000;0.000000;0.000000;0.000000;0.000000;18.941408
472;20.000000;50.000000;-2.000000;-6.313803;0.000000;0.000000;0.000000;0.000000;0.000000;6.313803
473;20.000000;50.000000;2.000000;6.313803;0.000000;0.000000;0.000000;0.000000;0.000000;6.313803
474;20.000000;50.000000;6.000000;18.941408;0.000000;0.000000;0.000000;0.000000;0.000000;18.941408
475;20.000000;50.000000;10.000000;31.569013;0.000000;0.000000;0.000000;0.000000;0.000000;31.569013
476;20.000000;50.000000;14.000000;44.196618;0.000000;0.000000;0.000000;0.000000;0.000000;44.196618
477;20.000000;50.000000;18.000000;56.824224;0.000000;0.000000;0.000000;0.000000;0.000000;56.824224
478;20.000000;50.000000;22.000000;69.451829;0.000000;0.000000;0.000000;0.000000;0.000000;69.451829
479;20.000000;50.000000;26.000000;82.079434;0.000000;0.000000;0.000000;0.000000;0.000000;82.079434
480;20.000000;50.000000;30.000000;94.707040;0.000000;0.000000;0.000000;0.000000;0.000000;94.707040
481;24.000000;-50.000000;-30.000000;-93.710123;0.000000;0.000000;0.000000;0.000000;0.000000;93.710123
482;24.000000;-50.000000;-26.000000;-81.215440;0.000000;0.000000;0.000000;0.000000;0.000000;81.215440
483;24.000000;-50.000000;-22.000000;-68.720757;0.000000;0.000000;0.000000;0.000000;0.000000;68.720757
484;24.000000;-50.000000;-18.000000;-56.226074;0.000000;0.000000;0.000000;0.000000;0.000000;56.226074
485;24.000000;-50.000000;-14.000000;-43.731391;0.000000;0.000000;0.000000;0.000000;0.000000;43.731391
486;24.000000;-50.000000;-10.000000;-31.236708;0.000000;0.000000;0.000000;0.000000;0.000000;31.236708
487;24.000000;-50.000000;-6.000000;-18.742025;0.000000;0.000000;0.000000;0.000000;0.000000;18.742025
488;24.000000;-50.000000;-2.000000;-6.247342;0.000000;0.000000;0.000000;0.000000;0.000000;6.247342
489;24.000000;-50.000000;2.000000;6.247342;0.000000;0.000000;0.000000;0.000000;0.000000;6.247342
490;24.000000;-50.000000;6.000000;18.742025;0.000000;0.000000;0.000000;0.000000;0.000000;18.742025
491;24.000000;-50.000000;10.000000;31.236708;0.000000;0.000000;0.000000;0.000000;0.000000;31.236708
492;24.000000;-50.000000;14.000000;43.731391;0.000000;0.000000;0.000000;0.000000;0.000000;43.731391
493;24.000000;-50.000000;18.000000;56.226074;0.000000;0.000000;0.000000;0.000000;0.000000;56.226074
494;24.000000;-50.000000;22.000000;68.720757;0.000000;0.000000;0.000000;0.000000;0.000000;68.720757
495;24.000000;-50.000000;26.000000;81.215440;0.000000;0.000000;0.000000;0.000000;0.000000;81.215440
496;24.000000;-50.000000;30.000000;93.710123;0.000000;0.000000;0.000000;0.000000;0.000000;93.710123
497;24.000000;-46.000000;-30.000000;-93.710123;0.000000;0.000000;0.000000;0.000000;0.000000;93.710123
498;24.000000;-46.000000;30.000000;93.710123;0.000000;0.000000;0.000000;0.000000;0.000000;93.710123
499;24.000000;-42.000000;-30.000000;-93.710123;0.000000;0.000000;0.000000;0.000000;0.000000;93.710123
500;24.000000;-42.000000;30.000000;93.710123;0.000000;0.000000;0.000000;0.000000;0.000000;93.710123
501;24.000000;-38.000000;-30.000000;-93.710123;0.000000;0.000000;0.000000;0.000000;0.000000;93.710123
502;24.000000;-38.000000;30.000000;93.710123;0.000000;0.000000;0.000000;0.000000;0.000000;93.710123
503;24.000000;-34.000000;-30.000000;-93.710123;0.000000;0.000000;0.000000;0.000000;0.000000;93.710123
504;24.000000;-34.000000;30.000000;93.710123;0.000000;0.000000;0.000000;0.000000;0.000000;93.710123
505;24.000000;-30.000000;-30.000000;-93.710123;0.000000;0.000000;0.000000;0.000000;0.000000;93.710123
506;24.000000;-30.000000;30.000000;93.710123;0.000000;0.000000;0.000000;0.000000;0.000000;93.710123
507;24.000000;-26.000000;-30.000000;-93.710123;0.000000;0.000000;0.000000;0.000000;0.000000;93.710123
508;24.000000;-26.000000;30.000000;93.710123;0.000000;0.000000;0.000000;0.000000;0.000000;93.710123
509;24.000000;-22.000000;-30.000000;-93.710123;0.000000;0.000000;0.000000;0.000000;0.000000;93.710123
510;24.000000;-22.000000;30.000000;93.710123;0.000000;0.000000;0.000000;0.000000;0.000000;93.710123
511;24.000000;-18.000000;-30.000000;-93.710123;0.000000;0.000000;0.000000;0.000000;0.000000;93.710123
512;24.000000;-18.000000;30.000000;93.710123;0.000000;0.000000;0.000000;0.000000;0.000000;93.710123
513;24.000000;-14.000000;-30.000000;-93.710123;0.000000;0.000000;0.000000;0.000000;0.000000;93.710123
514;24.000000;-14.000000;30.000000;93.710123;0.000000;0.000000;0.000000;0.000000;0.000000;93.710123
515;24.000000;-10.000000;-30.000000;-93.710123;0.000000;0.000000;0.000000;0.000000;0.000000;93.710123
516;24.000000;-10.000000;30.000000;93.710123;0.000000;0.000000;0.000000;0.000000;0.000000;93.710123
517;24.000000;-6.000000;-30.000000;-93.710123;0.000000;0.000000;0.000000;0.000000;0.000000;93.710123
518;24.000000;-6.000000;30.000000;93.710123;0.000000;0.000000;0.000000;0.000000;0.000000;93.710123
519;24.000000;-2.000000;-30.000000;-93.710123;0.000000;0.000000;0.000000;0.000000;0.000000;93.710123
520;24.000000;-2.000000;30.000000;93.710123;0.000000;0.000000;0.000000;0.000000;0.000000;93.710123
521;24.000000;2.000000;-30.000000;-93.710123;0.000000;0.000000;0.000000;0.000000;0.000000;93.710123
522;24.000000;2.000000;30.000000;93.710123;0.000000;0.000000;0.000000;0.000000;0.000000;93.710123
523;24.000000;6.000000;-30.000000;-93.710123;0.000000;0.000000;0.000000;0.000000;0.000000;93.710123
524;24.000000;6.000000;30.000000;93.710123;0.000000;0.000000;0.000000;0.000000;0.000000;93.710123
525;24.000000;10.000000;-30.000000;-93.710123;0.000000;0.000000;0.000000;0.000000;0.000000;93.710123
526;24.000000;10.000000;30.000000;93.710123;0.000000;0.000000;0.000000;0.000000;0.000000;93.710123
527;24.000000;14.000000;-30.000000;-93.710123;0.000000;0.000000;0.000000;0.000000;0.000000;93.710123
528;24.000000;14.000000;30.000000;93.710123;0.000000;0.000000;0.000000;0.000000;0.000000;93.710123
529;24.000000;18.000000;-30.000000;-93.710123;0.000000;0.000000;0.000000;0.000000;0.000000;93.710123
530;24.000000;18.000000;30.000000;93.710123;0.000000;0.000000;0.000000;0.000000;0.000000;93.710123
531;24.000000;22.000000;-30.000000;-93.710123;0.000000;0.000000;0.000000;0.000000;0.000000;93.710123
532;24.000000;22.000000;30.000000;93.710123;0.000000;0.000000;0.000000;0.000000;0.000000;93.710123
533;24.000000;26.000000;-30.000000;-93.710123;0.000000;0.000000;0.000000;0.000000;0.000000;93.710123
534;24.000000;26.000000;30.000000;93.710123;0.000000;0.000000;0.000000;0.000000;0.000000;93.710123
535;24.000000;30.000000;-30.000000;-93.710123;0.000000;0.000000;0.000000;0.000000;0.000000;93.710123
536;24.000000;30.000000;30.000000;93.710123;0.000000;0.000000;0.000000;0.000000;0.000000;93.710123
537;24.000000;34.000000;-30.000000;-93.710123;0.000000;0.000000;0.000000;0.000000;0.000000;93.710123
538;24.000000;34.000000;30.000000;93.710123;0.000000;0.000000;0.000000;0.000000;0.000000;93.710123
539;24.000000;38.000000;-30.000000;-93.710123;0.000000;0.000000;0.000000;0.000000;0.000000;93.710123
540;24.000000;38.000000;30.000000;93.710123;0.000000;0.000000;0.000000;0.000000;0.000000;93.710123
541;24.000000;42.000000;-30.000000;-93.710123;0.000000;0.000000;0.000000;0.000000;0.000000;93.710123
542;24.000000;42.000000;30.000000;93.710123;0.000000;0.000000;0.000000;0.000000;0.000000;93.710123
543;24.000000;46.000000;-30.000000;-93.710123;0.000000;0.000000;0.000000;0.000000;0.000000;93.710123
544;24.000000;46.000000;30.000000;93.710123;0.000000;0.000000;0.000000;0.000000;0.000000;93.710123
545;24.000000;50.000000;-30.000000;-93.710123;0.000000;0.000000;0.000000;0.000000;0.000000;93.710123
546;24.000000;50.000000;-26.000000;-81.215440;0.000000;0.000000;0.000000;0.000000;0.000000;81.215440
547;24.000000;50.000000;-22.000000;-68.720757;0.000000;0.000000;0.000000;0.000000;0.000000;68.720757
548;24.000000;50.000000;-18.000000;-56.226074;0.000000;0.000000;0.000000;0.000000;0.000000;56.226074
549;24.000000;50.000000;-14.000000;-43.731391;0.000000;0.000000;0.000000;0.000000;0.000000;43.731391
550;24.000000;50.000000;-10.000000;-31.236708;0.000000;0.000000;0.000000;0.000000;0.000000;31.236708
551;24.000000;50.000000;-6.000000;-18.742025;0.000000;0.000000;0.000000;0.000000;0.000000;18.742025
552;24.000000;50.000000;-2.000000;-6.247342;0.000000;0.000000;0.000000;0.000000;0.000000;6.247342
553;24.000000;50.000000;2.000000;6.247342;0.000000;0.000000;0.000000;0.000000;0.000000;6.247342
554;24.000000;50.000000;6.000000;18.742025;0.000000;0.000000;0.000000;0.000000;0.000000;18.742025
555;24.000000;50.000000;10.000000;31.236708;0.000000;0.000000;0.000000;0.000000;0.000000;31.236708
556;24.000000;50.000000;14.000000;43.731391;0.000000;0.000000;0.000000;0.000000;0.000000;43.731391
557;24.000000;50.000000;18.000000;56.226074;0.000000;0.000000;0.000000;0.000000;0.000000;56.226074
558;24.000000;50.000000;22.000000;68.720757;0.000000;0.000000;0.000000;0.000000;0.000000;68.720757
559;24.000000;50.000000;26.000000;81.215440;0.000000;0.000000;0.000000;0.000000;0.000000;81.215440
560;24.000000;50.000000;30.000000;93.710123;0.000000;0.000000;0.000000;0.000000;0.000000;93.710123
561;28.000000;-50.000000;-30.000000;-92.713207;0.000000;0.000000;0.000000;0.000000;0.000000;92.713207
562;28.000000;-50.000000;-26.000000;-80.351446;0.000000;0.000000;0.000000;0.000000;0.000000;80.351446
563;28.000000;-50.000000;-22.000000;-67.989685;0.000000;0.000000;0.000000;0.000000;0.000000;67.989685
564;28.000000;-50.000000;-18.000000;-55.627924;0.000000;0.000000;0.000000;0.000000;0.000000;55.627924
565;28.000000;-50.000000;-14.000000;-43.266163;0.000000;0.000000;0.000000;0.000000;0.000000;43.266163
566;28.000000;-50.000000;-10.000000;-30.904402;0.000000;0.000000;0.000000;0.000000;0.000000;30.904402
567;28.000000;-50.000000;-6.000000;-18.542641;0.000000;0.000000;0.000000;0.000000;0.000000;18.542641
568;28.000000;-50.000000;-2.000000;-6.180880;0.000000;0.000000;0.000000;0.000000;0.000000;6.180880
569;28.000000;-50.000000;2.000000;6.180880;0.000000;0.000000;0.000000;0.000000;0.000000;6.180880
570;28.000000;-50.000000;6.000000;18.542641;0.000000;0.000000;0.000000;0.000000;0.000000;18.542641
571;28.000000;-50.000000;10.000000;30.904402;0.000000;0.000000;0.000000;0.000000;0.000000;30.904402
572;28.000000;-50.000000;14.000000;43.266163;0.000000;0.000000;0.000000;0.000000;0.000000;43.266163
573;28.000000;-50.000000;18.000000;55.627924;0.000000;0.000000;0.000000;0.000000;0.000000;55.627924
574;28.000000;-50.000000;22.000000;67.989685;0.000000;0.000000;0.000000;0.000000;0.000000;67.989685
575;28.000000;-50.000000;26.000000;80.351446;0.000000;0.000000;0.000000;0.000000;0.000000;80.351446
576;28.000000;-50.000000;30.000000;92.713207;0.000000;0.000000;0.000000;0.000000;0.000000;92.713207
577;28.000000;-46.000000;-30.000000;-92.713207;0.000000;0.000000;0.000000;0.000000;0.000000;92.713207
578;28.000000;-46.000000;30.000000;92.713207;0.000000;0.000000;0.000000;0.000000;0.000000;92.713207
579;28.000000;-42.000000;-30.000000;-92.713207;0.000000;0.000000;0.000000;0.000000;0.000000;92.713207
580;28.000000;-42.000000;30.000000;92.713207;0.000000;0.000000;0.000000;0.000000;0.000000;92.713207
581;28.000000;-38.000000;-30.000000;-92.713207;0.000000;0.000000;0.000000;0.000000;0.000000;92.713207
582;28.000000;-38.000000;30.000000;92.713207;0.000000;0.000000;0.000000;0.000000;0.000000;92.713207
583;28.000000;-34.000000;-30.000000;-92.713207;0.000000;0.000000;0.000000;0.000000;0.000000;92.713207
584;28.000000;-34.000000;30.000000;92.713207;0.000000;0.000000;0.000000;0.000000;0.000000;92.713207
585;28.000000;-30.000000;-30.000000;-92.713207;0.000000;0.000000;0.000000;0.000000;0.000000;92.713207
586;28.000000;-30.000000;30.000000;92.713207;0.000000;0.000000;0.000000;0.000000;0.000000;92.713207
587;28.000000;-26.000000;-30.000000;-92.713207;0.000000;0.000000;0.000000;0.000000;0.000000;92.713207
588;28.000000;-26.000000;30.000000;92.713207;0.000000;0.000000;0.000000;0.000000;0.000000;92.713207
589;28.000000;-22.000000;-30.000000;-92.713207;0.000000;0.000000;0.000000;0.000000;0.000000;92.713207
590;28.000000;-22.000000;30.000000;92.713207;0.000000;0.000000;0.000000;0.000000;0.000000;92.713207
591;28.000000;-18.000000;-30.000000;-92.713207;0.000000;0.000000;0.000000;0.000000;0.000000;92.713207
592;28.000000;-18.000000;30.000000;92.713207;0.000000;0.000000;0.000000;0.000000;0.000000;92.713207
593;28.000000;-14.000000;-30.000000;-92.713207;0.000000;0.000000;0.000000;0.000000;0.000000;92.713207
594;28.000000;-14.000000;30.000000;92.713207;0.000000;0.000000;0.000000;0.000000;0.000000;92.713207
595;28.000000;-10.000000;-30.000000;-92.713207;0.000000;0.000000;0.000000;0.000000;0.000000;92.713207
596;28.000000;-10.000000;30.000000;92.713207;0.000000;0.000000;0.000000;0.000000;0.000000;92.713207
597;28.000000;-6.000000;-30.000000;-92.713207;0.000000;0.000000;0.000000;0.000000;0.000000;92.713207
598;28.000000;-6.000000;30.000000;92.713207;0.000000;0.000000;0.000000;0.000000;0.000000;92.713207
599;28.000000;-2.000000;-30.000000;-92.713207;0.000000;0.000000;0.000000;0.000000;0.000000;92.713207
600;28.000000;-2.000000;30.000000;92.713207;0.000000;0.000000;0.000000;0.000000;0.000000;92.713207
601;28.000000;2.000000;-30.000000;-92.713207;0.000000;0.000000;0.000000;0.000000;0.000000;92.713207
602;28.000000;2.000000;30.000000;92.713207;0.000000;0.000000;0.000000;0.000000;0.000000;92.713207
603;28.000000;6.000000;-30.000000;-92.713207;0.000000;0.000000;0.000000;0.000000;0.000000;92.713207
604;28.000000;6.000000;30.000000;92.713207;0.000000;0.000000;0.000000;0.000000;0.000000;92.713207
605;28.000000;10.000000;-30.000000;-92.713207;0.000000;0.000000;0.000000;0.000000;0.000000;92.713207
606;28.000000;10.000000;30.000000;92.713207;0.000000;0.000000;0.000000;0.000000;0.000000;92.713207
607;28.000000;14.000000;-30.000000;-92.713207;0.000000;0.000000;0.000000;0.000000;0.000000;92.713207
608;28.000000;14.000000;30.000000;92.713207;0.000000;0.000000;0.000000;0.000000;0.000000;92.713207
609;28.000000;18.000000;-30.000000;-92.713207;0.000000;0.000000;0.000000;0.000000;0.000000;92.713207
610;28.000000;18.000000;30.000000;92.713207;0.000000;0.000000;0.000000;0.000000;0.000000;92.713207
611;28.000000;22.000000;-30.000000;-92.713207;0.000000;0.000000;0.000000;0.000000;0.000000;92.713207
612;28.000000;22.000000;30.000000;92.713207;0.000000;0.000000;0.000000;0.000000;0.000000;92.713207
613;28.000000;26.000000;-30.000000;-92.713207;0.000000;0.000000;0.000000;0.000000;0.000000;92.713207
614;28.000000;26.000000;30.000000;92.713207;0.000000;0.000000;0.000000;0.000000;0.000000;92.713207
615;28.000000;30.000000;-30.000000;-92.713207;0.000000;0.000000;0.000000;0.000000;0.000000;92.713207
616;28.000000;30.000000;30.000000;92.713207;0.000000;0.000000;0.000000;0.000000;0.000000;92.713207
617;28.000000;34.000000;-30.000000;-92.713207;0.000000;0.000000;0.000000;0.000000;0.000000;92.713207
618;28.000000;34.000000;30.000000;92.713207;0.000000;0.000000;0.000000;0.000000;0.000000;92.713207
619;28.000000;38.000000;-30.000000;-92.713207;0.000000;0.000000;0.000000;0.000000;0.000000;92.713207
620;28.000000;38.000000;30.000000;92.713207;0.000000;0.000000;0.000000;0.000000;0.000000;92.713207
621;28.000000;42.000000;-30.000000;-92.713207;0.000000;0.000000;0.000000;0.000000;0.000000;92.713207
622;28.000000;42.000000;30.000000;92.713207;0.000000;0.000000;0.000000;0.000000;0.000000;92.713207
623;28.000000;46.000000;-30.000000;-92.713207;0.000000;0.000000;0.000000;0.000000;0.000000;92.713207
624;28.000000;46.000000;30.000000;92.713207;0.000000;0.000000;0.000000;0.000000;0.000000;92.713207
625;28.000000;50.000000;-30.000000;-92.713207;0.000000;0.000000;0.000000;0.000000;0.000000;92.713207
626;28.000000;50.000000;-26.000000;-80.351446;0.000000;0.000000;0.000000;0.000000;0.000000;80.351446
627;28.000000;50.000000;-22.000000;-67.989685;0.000000;0.000000;0.000000;0.000000;0.000000;67.989685
628;28.000000;50.000000;-18.000000;-55.627924;0.000000;0.000000;0.000000;0.000000;0.000000;55.627924
629;28.000000;50.000000;-14.000000;-43.266163;0.000000;0.000000;0.000000;0.000000;0.000000;43.266163
630;28.000000;50.000000;-10.000000;-30.904402;0.000000;0.000000;0.000000;0.000000;0.000000;30.904402
631;28.000000;50.000000;-6.000000;-18.542641;0.000000;0.000000;0.000000;0.000000;0.000000;18.542641
632;28.000000;50.000000;-2.000000;-6.180880;0.000000;0.000000;0.000000;0.000000;0.000000;6.180880
633;28.000000;50.000000;2.000000;6.180880;0.000000;0.000000;0.000000;0.000000;0.000000;6.180880
634;28.000000;50.000000;6.000000;18.542641;0.000000;0.000000;0.000000;0.000000;0.000000;18.542641
635;28.000000;50.000000;10.000000;30.904402;0.000000;0.000000;0.000000;0.000000;0.000000;30.904402
636;28.000000;50.000000;14.000000;43.266163;0.000000;0.000000;0.000000;0.000000;0.000000;43.266163
637;28.000000;50.000000;18.000000;55.627924;0.000000;0.000000;0.000000;0.000000;0.000000;55.627924
638;28.000000;50.000000;22.000000;67.989685;0.000000;0.000000;0.000000;0.000000;0.000000;67.989685
639;28.000000;50.000000;26.000000;80.351446;0.000000;0.000000;0.000000;0.000000;0.000000;80.351446
640;28.000000;50.000000;30.000000;92.713207;0.000000;0.000000;0.000000;0.000000;0.000000;92.713207
641;32.000000;-50.000000;-30.000000;-91.716291;0.000000;0.000000;0.000000;0.000000;0.000000;91.716291
642;32.000000;-50.000000;-26.000000;-79.487452;0.000000;0.000000;0.000000;0.000000;0.000000;79.487452
643;32.000000;-50.000000;-22.000000;-67.258613;0.000000;0.000000;0.000000;0.000000;0.000000;67.258613
644;32.000000;-50.000000;-18.000000;-55.029775;0.000000;0.000000;0.000000;0.000000;0.000000;55.029775
645;32.000000;-50.000000;-14.000000;-42.800936;0.000000;0.000000;0.000000;0.000000;0.000000;42.800936
646;32.000000;-50.000000;-10.000000;-30.572097;0.000000;0.000000;0.000000;0.000000;0.000000;30.572097
647;32.000000;-50.000000;-6.000000;-18.343258;0.000000;0.000000;0.000000;0.000000;0.000000;18.343258
648;32.000000;-50.000000;-2.000000;-6.114419;0.000000;0.000000;0.000000;0.000000;0.000000;6.114419
649;32.000000;-50.000000;2.000000;6.114419;0.000000;0.000000;0.000000;0.000000;0.000000;6.114419
650;32.000000;-50.000000;6.000000;18.343258;0.000000;0.000000;0.000000;0.000000;0.000000;18.343258
651;32.000000;-50.000000;10.000000;30.572097;0.000000;0.000000;0.000000;0.000000;0.000000;30.572097
652;32.000000;-50.000000;14.000000;42.800936;0.000000;0.000000;0.000000;0.000000;0.000000;42.800936
653;32.000000;-50.000000;18.000000;55.029775;0.000000;0.000000;0.000000;0.000000;0.000000;55.029775
654;32.000000;-50.000000;22.000000;67.258613;0.000000;0.000000;0.000000;0.000000;0.000000;67.258613
655;32.000000;-50.000000;26.000000;79.487452;0.000000;0.000000;0.000000;0.000000;0.000000;79.487452
656;32.000000;-50.000000;30.000000;91.716291;0.000000;0.000000;0.000000;0.000000;0.000000;91.716291
657;32.000000;-46.000000;-30.000000;-91.716291;0.000000;0.000000;0.000000;0.000000;0.000000;91.716291
658;32.000000;-46.000000;30.000000;91.716291;0.000000;0.000000;0.000000;0.000000;0.000000;91.716291
659;32.000000;-42.000000;-30.000000;-91.716291;0.000000;0.000000;0.000000;0.000000;0.000000;91.716291
660;32.000000;-42.000000;30.000000;91.716291;0.000000;0.000000;0.000000;0.000000;0.000000;91.716291
661;32.000000;-38.000000;-30.000000;-91.716291;0.000000;0.000000;0.000000;0.000000;0.000000;91.716291
662;32.000000;-38.000000;30.000000;91.716291;0.000000;0.000000;0.000000;0.000000;0.000000;91.716291
663;32.000000;-34.000000;-30.000000;-91.716291;0.000000;0.000000;0.000000;0.000000;0.000000;91.716291
664;32.000000;-34.000000;30.000000;91.716291;0.000000;0.000000;0.000000;0.000000;0.000000;91.716291
665;32.000000;-30.000000;-30.000000;-91.716291;0.000000;0.000000;0.000000;0.000000;0.000000;91.716291
666;32.000000;-30.000000;30.000000;91.716291;0.000000;0.000000;0.000000;0.000000;0.000000;91.716291
667;32.000000;-26.000000;-30.000000;-91.716291;0.000000;0.000000;0.000000;0.000000;0.000000;91.716291
668;32.000000;-26.000000;30.000000;91.716291;0.000000;0.000000;0.000000;0.000000;0.000000;91.716291
669;32.000000;-22.000000;-30.000000;-91.716291;0.000000;0.000000;0.000000;0.000000;0.000000;91.716291
670;32.000000;-22.000000;30.000000;91.716291;0.000000;0.000000;0.000000;0.000000;0.000000;91.716291
671;32.000000;-18.000000;-30.000000;-91.716291;0.000000;0.000000;0.000000;0.000000;0.000000;91.716291
672;32.000000;-18.000000;30.000000;91.716291;0.000000;0.000000;0.000000;0.000000;0.000000;91.716291
673;32.000000;-14.000000;-30.000000;-91.716291;0.000000;0.000000;0.000000;0.000000;0.000000;91.716291
674;32.000000;-14.000000;30.000000;91.716291;0.000000;0.000000;0.000000;0.000000;0.000000;91.716291
675;32.000000;-10.000000;-30.000000;-91.716291;0.000000;0.000000;0.000000;0.000000;0.000000;91.716291
676;32.000000;-10.000000;30.000000;91.716291;0.000000;0.000000;0.000000;0.000000;0.000000;91.716291
677;32.000000;-6.000000;-30.000000;-91.716291;0.000000;0.000000;0.000000;0.000000;0.000000;91.716291
678;32.000000;-6.000000;30.000000;91.716291;0.000000;0.000000;0.000000;0.000000;0.000000;91.716291
679;32.000000;-2.000000;-30.000000;-91.716291;0.000000;0.000000;0.000000;0.000000;0.000000;91.716291
680;32.000000;-2.000000;30.000000;91.716291;0.000000;0.000000;0.000000;0.000000;0.000000;91.716291
681;32.000000;2.000000;-30.000000;-91.716291;0.000000;0.000000;0.000000;0.000000;0.000000;91.716291
682;32.000000;2.000000;30.000000;91.716291;0.000000;0.000000;0.000000;0.000000;0.000000;91.716291
683;32.000000;6.000000;-30.000000;-91.716291;0.000000;0.000000;0.000000;0.000000;0.000000;91.716291
684;32.000000;6.000000;30.000000;91.716291;0.000000;0.000000;0.000000;0.000000;0.000000;91.716291
685;32.000000;10.000000;-30.000000;-91.716291;0.000000;0.000000;0.000000;0.000000;0.000000;91.716291
686;32.000000;10.000000;30.000000;91.716291;0.000000;0.000000;0.000000;0.000000;0.000000;91.716291
687;32.000000;14.000000;-30.000000;-91.716291;0.000000;0.000000;0.000000;0.000000;0.000000;91.716291
688;32.000000;14.000000;30.000000;91.716291;0.000000;0.000000;0.000000;0.000000;0.000000;91.716291
689;32.000000;18.000000;-30.000000;-91.716291;0.000000;0.000000;0.000000;0.000000;0.000000;91.716291
690;32.000000;18.000000;30.000000;91.716291;0.000000;0.000000;0.000000;0.000000;0.000000;91.716291
691;32.000000;22.000000;-30.000000;-91.716291;0.000000;0.000000;0.000000;0.000000;0.000000;91.716291
692;32.000000;22.000000;30.000000;91.716291;0.000000;0.000000;0.000000;0.000000;0.000000;91.716291
693;32.000000;26.000000;-30.000000;-91.716291;0.000000;0.000000;0.000000;0.000000;0.000000;91.716291
694;32.000000;26.000000;30.000000;91.716291;0.000000;0.000000;0.000000;0.000000;0.000000;91.716291
695;32.000000;30.000000;-30.000000;-91.716291;0.000000;0.000000;0.000000;0.000000;0.000000;91.716291
696;32.000000;30.000000;30.000000;91.716291;0.000000;0.000000;0.000000;0.000000;0.000000;91.716291
697;32.000000;34.000000;-30.000000;-91.716291;0.000000;0.000000;0.000000;0.000000;0.000000;91.716291
698;32.000000;34.000000;30.000000;91.716291;0.000000;0.000000;0.000000;0.000000;0.000000;91.716291
699;32.000000;38.000000;-30.000000;-91.716291;0.000000;0.000000;0.000000;0.000000;0.000000;91.716291
700;32.000000;38.000000;30.000000;91.716291;0.000000;0.000000;0.000000;0.000000;0.000000;91.716291
701;32.000000;42.000000;-30.000000;-91.716291;0.000000;0.000000;0.000000;0.000000;0.000000;91.716291
702;32.000000;42.000000;30.000000;91.716291;0.000000;0.000000;0.000000;0.000000;0.000000;91.716291
703;32.000000;46.000000;-30.000000;-91.716291;0.000000;0.000000;0.000000;0.000000;0.000000;91.716291
704;32.000000;46.000000;30.000000;91.716291;0.000000;0.000000;0.000000;0.000000;0.000000;91.716291
705;32.000000;50.000000;-30.000000;-91.716291;0.000000;0.000000;0.000000;0.000000;0.000000;91.716291
706;32.000000;50.000000;-26.000000;-79.487452;0.000000;0.000000;0.000000;0.000000;0.000000;79.487452
707;32.000000;50.000000;-22.000000;-67.258613;0.000000;0.000000;0.000000;0.000000;0.000000;67.258613
708;32.000000;50.000000;-18.000000;-55.029775;0.000000;0.000000;0.000000;0.000000;0.000000;55.029775
709;32.000000;50.000000;-14.000000;-42.800936;0.000000;0.000000;0.000000;0.000000;0.000000;42.800936
710;32.000000;50.000000;-10.000000;-30.572097;0.000000;0.000000;0.000000;0.000000;0.000000;30.572097
711;32.000000;50.000000;-6.000000;-18.343258;0.000000;0.000000;0.000000;0.000000;0.000000;18.343258
712;32.000000;50.000000;-2.000000;-6.114419;0.000000;0.000000;0.000000;0.000000;0.000000;6.114419
713;32.000000;50.000000;2.000000;6.114419;0.000000;0.000000;0.000000;0.000000;0.000000;6.114419
714;32.000000;50.000000;6.000000;18.343258;0.000000;0.000000;0.000000;0.000000;0.000000;18.343258
715;32.000000;50.000000;10.000000;30.572097;0.000000;0.000000;0.000000;0.000000;0.000000;30.572097
716;32.000000;50.000000;14.000000;42.800936;0.000000;0.000000;0.000000;0.000000;0.000000;42.800936
717;32.000000;50.000000;18.000000;55.029775;0.000000;0.000000;0.000000;0.000000;0.000000;55.029775
718;32.000000;50.000000;22.000000;67.258613;0.000000;0.000000;0.000000;0.000000;0.000000;67.258613
719;32.000000;50.000000;26.000000;79.487452;0.000000;0.000000;0.000000;0.000000;0.000000;79.487452
720;32.000000;50.000000;30.000000;91.716291;0.000000;0.000000;0.000000;0.000000;0.000000;91.716291
721;36.000000;-50.000000;-30.000000;-90.719375;0.000000;0.000000;0.000000;0.000000;0.000000;90.719375
722;36.000000;-50.000000;-26.000000;-78.623458;0.000000;0.000000;0.000000;0.000000;0.000000;78.623458
723;36.000000;-50.000000;-22.000000;-66.527541;0.000000;0.000000;0.000000;0.000000;0.000000;66.527541
724;36.000000;-50.000000;-18.000000;-54.431625;0.000000;0.000000;0.000000;0.000000;0.000000;54.431625
725;36.000000;-50.000000;-14.000000;-42.335708;0.000000;0.000000;0.000000;0.000000;0.000000;42.335708
726;36.000000;-50.000000;-10.000000;-30.239792;0.000000;0.000000;0.000000;0.000000;0.000000;30.239792
727;36.000000;-50.000000;-6.000000;-18.143875;0.000000;0.000000;0.000000;0.000000;0.000000;18.143875
728;36.000000;-50.000000;-2.000000;-6.047958;0.000000;0.000000;0.000000;0.000000;0.000000;6.047958
729;36.000000;-50.000000;2.000000;6.047958;0.000000;0.000000;0.000000;0.000000;0.000000;6.047958
730;36.000000;-50.000000;6.000000;18.143875;0.000000;0.000000;0.000000;0.000000;0.000000;18.143875
731;36.000000;-50.000000;10.000000;30.239792;0.000000;0.000000;0.000000;0.000000;0.000000;30.239792
732;36.000000;-50.000000;14.000000;42.335708;0.000000;0.000000;0.000000;0.000000;0.000000;42.335708
733;36.000000;-50.000000;18.000000;54.431625;0.000000;0.000000;0.000000;0.000000;0.000000;54.431625
734;36.000000;-50.000000;22.000000;66.527541;0.000000;0.000000;0.000000;0.000000;0.000000;66.527541
735;36.000000;-50.000000;26.000000;78.623458;0.000000;0.000000;0.000000;0.000000;0.000000;78.623458
736;36.000000;-50.000000;30.000000;90.719375;0.000000;0.000000;0.000000;0.000000;0.000000;90.719375
737;36.000000;-46.000000;-30.000000;-90.719375;0.000000;0.000000;0.000000;0.000000;0.000000;90.719375
738;36.000000;-46.000000;30.000000;90.719375;0.000000;0.000000;0.000000;0.000000;0.000000;90.719375
739;36.000000;-42.000000;-30.000000;-90.719375;0.000000;0.000000;0.000000;0.000000;0.000000;90.719375
740;36.000000;-42.000000;30.000000;90.719375;0.000000;0.000000;0.000000;0.000000;0.000000;90.719375
741;36.000000;-38.000000;-30.000000;-90.719375;0.000000;0.000000;0.000000;0.000000;0.000000;90.719375
742;36.000000;-38.000000;30.000000;90.719375;0.000000;0.000000;0.000000;0.000000;0.000000;90.719375
743;36.000000;-34.000000;-30.000000;-90.719375;0.000000;0.000000;0.000000;0.000000;0.000000;90.719375
744;36.000000;-34.000000;30.000000;90.719375;0.000000;0.000000;0.000000;0.000000;0.000000;90.719375
745;36.000000;-30.000000;-30.000000;-90.719375;0.000000;0.000000;0.000000;0.000000;0.000000;90.719375
746;36.000000;-30.000000;30.000000;90.719375;0.000000;0.000000;0.000000;0.000000;0.000000;90.719375
747;36.000000;-26.000000;-30.000000;-90.719375;0.000000;0.000000;0.000000;0.000000;0.000000;90.719375
748;36.000000;-26.000000;30.000000;90.719375;0.000000;0.000000;0.000000;0.000000;0.000000;90.719375
749;36.000000;-22.000000;-30.000000;-90.719375;0.000000;0.000000;0.000000;0.000000;0.000000;90.719375
750;36.000000;-22.000000;30.000000;90.719375;0.000000;0.000000;0.000000;0.000000;0.000000;90.719375
751;36.000000;-18.000000;-30.000000;-90.719375;0.000000;0.000000;0.000000;0.000000;0.000000;90.719375
752;36.000000;-18.000000;30.000000;90.719375;0.000000;0.000000;0.000000;0.000000;0.000000;90.719375
753;36.000000;-14.000000;-30.000000;-90.719375;0.000000;0.000000;0.000000;0.000000;0.000000;90.719375
754;36.000000;-14.000000;30.000000;90.719375;0.000000;0.000000;0.000000;0.000000;0.000000;90.719375
755;36.000000;-10.000000;-30.000000;-90.719375;0.000000;0.000000;0.000000;0.000000;0.000000;90.719375
756;36.000000;-10.000000;30.000000;90.719375;0.000000;0.000000;0.000000;0.000000;0.000000;90.719375
757;36.000000;-6.000000;-30.000000;-90.719375;0.000000;0.000000;0.000000;0.000000;0.000000;90.719375
758;36.000000;-6.000000;30.000000;90.719375;0.000000;0.000000;0.000000;0.000000;0.000000;90.719375
759;36.000000;-2.000000;-30.000000;-90.719375;0.000000;0.000000;0.000000;0.000000;0.000000;90.719375
760;36.000000;-2.000000;30.000000;90.719375;0.000000;0.000000;0.000000;0.000000;0.000000;90.719375
761;36.000000;2.000000;-30.000000;-90.719375;0.000000;0.000000;0.000000;0.000000;0.000000;90.719375
762;36.000000;2.000000;30.000000;90.719375;0.000000;0.000000;0.000000;0.000000;0.000000;90.719375
763;36.000000;6.000000;-30.000000;-90.719375;0.000000;0.000000;0.000000;0.000000;0.000000;90.719375
764;36.000000;6.000000;30.000000;90.719375;0.000000;0.000000;0.000000;0.000000;0.000000;90.719375
765;36.000000;10.000000;-30.000000;-90.719375;0.000000;0.000000;0.000000;0.000000;0.000000;90.719375
766;36.000000;10.000000;30.000000;90.719375;0.000000;0.000000;0.000000;0.000000;0.000000;90.719375
767;36.000000;14.000000;-30.000000;-90.719375;0.000000;0.000000;0.000000;0.000000;0.000000;90.719375
768;36.000000;14.000000;30.000000;90.719375;0.000000;0.000000;0.000000;0.000000;0.000000;90.719375
769;36.000000;18.000000;-30.000000;-90.719375;0.000000;0.000000;0.000000;0.000000;0.000000;90.719375
770;36.000000;18.000000;30.000000;90.719375;0.000000;0.000000;0.000000;0.000000;0.000000;90.719375
771;36.000000;22.000000;-30.000000;-90.719375;0.000000;0.000000;0.000000;0.000000;0.000000;90.719375
772;36.000000;22.000000;30.000000;90.719375;0.000000;0.000000;0.000000;0.000000;0.000000;90.719375
773;36.000000;26.000000;-30.000000;-90.719375;0.000000;0.000000;0.000000;0.000000;0.000000;90.719375
774;36.000000;26.000000;30.000000;90.719375;0.000000;0.000000;0.000000;0.000000;0.000000;90.719375
775;36.000000;30.000000;-30.000000;-90.719375;0.000000;0.000000;0.000000;0.000000;0.000000;90.719375
776;36.000000;30.000000;30.000000;90.719375;0.000000;0.000000;0.000000;0.000000;0.000000;90.719375
777;36.000000;34.000000;-30.000000;-90.719375;0.000000;0.000000;0.000000;0.000000;0.000000;90.719375
778;36.000000;34.000000;30.000000;90.719375;0.000000;0.000000;0.000000;0.000000;0.000000;90.719375
779;36.000000;38.000000;-30.000000;-90.719375;0.000000;0.000000;0.000000;0.000000;0.000000;90.719375
780;36.000000;38.000000;30.000000;90.719375;0.000000;0.000000;0.000000;0.000000;0.000000;90.719375
781;36.000000;42.000000;-30.000000;-90.719375;0.000000;0.000000;0.000000;0.000000;0.000000;90.719375
782;36.000000;42.000000;30.000000;90.719375;0.000000;0.000000;0.000000;0.000000;0.000000;90.719375
783;36.000000;46.000000;-30.000000;-90.719375;0.000000;0.000000;0.000000;0.000000;0.000000;90.719375
784;36.000000;46.000000;30.000000;90.719375;0.000000;0.000000;0.000000;0.000000;0.000000;90.719375
785;36.000000;50.000000;-30.000000;-90.719375;0.000000;0.000000;0.000000;0.000000;0.000000;90.719375
786;36.000000;50.000000;-26.000000;-78.623458;0.000000;0.000000;0.000000;0.000000;0.000000;78.623458
787;36.000000;50.000000;-22.000000;-66.527541;0.000000;0.000000;0.000000;0.000000;0.000000;66.527541
788;36.000000;50.000000;-18.000000;-54.431625;0.000000;0.000000;0.000000;0.000000;0.000000;54.431625
789;36.000000;50.000000;-14.000000;-42.335708;0.000000;0.000000;0.000000;0.000000;0.000000;42.335708
790;36.000000;50.000000;-10.000000;-30.239792;0.000000;0.000000;0.000000;0.000000;0.000000;30.239792
791;36.000000;50.000000;-6.000000;-18.143875;0.000000;0.000000;0.000000;0.000000;0.000000;18.143875
792;36.000000;50.000000;-2.000000;-6.047958;0.000000;0.000000;0.000000;0.000000;0.000000;6.047958
793;36.000000;50.000000;2.000000;6.047958;0.000000;0.000000;0.000000;0.000000;0.000000;6.047958
794;36.000000;50.000000;6.000000;18.143875;0.000000;0.000000;0.000000;0.000000;0.000000;18.143875
795;36.000000;50.000000;10.000000;30.239792;0.000000;0.000000;0.000000;0.000000;0.000000;30.239792
796;36.000000;50.000000;14.000000;42.335708;0.000000;0.000000;0.000000;0.000000;0.000000;42.335708
797;36.000000;50.000000;18.000000;54.431625;0.000000;0.000000;0.000000;0.000000;0.000000;54.431625
798;36.000000;50.000000;22.000000;66.527541;0.000000;0.000000;0.000000;0.000000;0.000000;66.527541
799;36.000000;50.000000;26.000000;78.623458;0.000000;0.000000;0.000000;0.000000;0.000000;78.623458
800;36.000000;50.000000;30.000000;90.719375;0.000000;0.000000;0.000000;0.000000;0.000000;90.719375
801;40.000000;-50.000000;-30.000000;-89.722459;0.000000;0.000000;0.000000;0.000000;0.000000;89.722459
802;40.000000;-50.000000;-26.000000;-77.759464;0.000000;0.000000;0.000000;0.000000;0.000000;77.759464
803;40.000000;-50.000000;-22.000000;-65.796470;0.000000;0.000000;0.000000;0.000000;0.000000;65.796470
804;40.000000;-50.000000;-18.000000;-53.833475;0.000000;0.000000;0.000000;0.000000;0.000000;53.833475
805;40.000000;-50.000000;-14.000000;-41.870481;0.000000;0.000000;0.000000;0.000000;0.000000;41.870481
806;40.000000;-50.000000;-10.000000;-29.907486;0.000000;0.000000;0.000000;0.000000;0.000000;29.907486
807;40.000000;-50.000000;-6.000000;-17.944492;0.000000;0.000000;0.000000;0.000000;0.000000;17.944492
808;40.000000;-50.000000;-2.000000;-5.981497;0.000000;0.000000;0.000000;0.000000;0.000000;5.981497
809;40.000000;-50.000000;2.000000;5.981497;0.000000;0.000000;0.000000;0.000000;0.000000;5.981497
810;40.000000;-50.000000;6.000000;17.944492;0.000000;0.000000;0.000000;0.000000;0.000000;17.944492
811;40.000000;-50.000000;10.000000;29.907486;0.000000;0.000000;0.000000;0.000000;0.000000;29.907486
812;40.000000;-50.000000;14.000000;41.870481;0.000000;0.000000;0.000000;0.000000;0.000000;41.870481
813;40.000000;-50.000000;18.000000;53.833475;0.000000;0.000000;0.000000;0.000000;0.000000;53.833475
814;40.000000;-50.000000;22.000000;65.796470;0.000000;0.000000;0.000000;0.000000;0.000000;65.796470
815;40.000000;-50.000000;26.000000;77.759464;0.000000;0.000000;0.000000;0.000000;0.000000;77.759464
816;40.000000;-50.000000;30.000000;89.722459;0.000000;0.000000;0.000000;0.000000;0.000000;89.722459
817;40.000000;-46.000000;-30.000000;-89.722459;0.000000;0.000000;0.000000;0.000000;0.000000;89.722459
818;40.000000;-46.000000;30.000000;89.722459;0.000000;0.000000;0.000000;0.000000;0.000000;89.722459
819;40.000000;-42.000000;-30.000000;-89.722459;0.000000;0.000000;0.000000;0.000000;0.000000;89.722459
820;40.000000;-42.000000;30.000000;89.722459;0.000000;0.000000;0.000000;0.000000;0.000000;89.722459
821;40.000000;-38.000000;-30.000000;-89.722459;0.000000;0.000000;0.000000;0.000000;0.000000;89.722459
822;40.000000;-38.000000;30.000000;89.722459;0.000000;0.000000;0.000000;0.000000;0.000000;89.722459
823;40.000000;-34.000000;-30.000000;-89.722459;0.000000;0.000000;0.000000;0.000000;0.000000;89.722459
824;40.000000;-34.000000;30.000000;89.722459;0.000000;0.000000;0.000000;0.000000;0.000000;89.722459
825;40.000000;-30.000000;-30.000000;-89.722459;0.000000;0.000000;0.000000;0.000000;0.000000;89.722459
826;40.000000;-30.000000;30.000000;89.722459;0.000000;0.000000;0.000000;0.000000;0.000000;89.722459
827;40.000000;-26.000000;-30.000000;-89.722459;0.000000;0.000000;0.000000;0.000000;0.000000;89.722459
828;40.000000;-26.000000;30.000000;89.722459;0.000000;0.000000;0.000000;0.000000;0.000000;89.722459
829;40.000000;-22.000000;-30.000000;-89.722459;0.000000;0.000000;0.000000;0.000000;0.000000;89.722459
830;40.000000;-22.000000;30.000000;89.722459;0.000000;0.000000;0.000000;0.000000;0.000000;89.722459
831;40.000000;-18.000000;-30.000000;-89.722459;0.000000;0.000000;0.000000;0.000000;0.000000;89.722459
832;40.000000;-18.000000;30.000000;89.722459;0.000000;0.000000;0.000000;0.000000;0.000000;89.722459
833;40.000000;-14.000000;-30.000000;-89.722459;0.000000;0.000000;0.000000;0.000000;0.000000;89.722459
834;40.000000;-14.000000;30.000000;89.722459;0.000000;0.000000;0.000000;0.000000;0.000000;89.722459
835;40.000000;-10.000000;-30.000000;-89.722459;0.000000;0.000000;0.000000;0.000000;0.000000;89.722459
836;40.000000;-10.000000;30.000000;89.722459;0.000000;0.000000;0.000000;0.000000;0.000000;89.722459
837;40.000000;-6.000000;-30.000000;-89.722459;0.000000;0.000000;0.000000;0.000000;0.000000;89.722459
838;40.000000;-6.000000;30.000000;89.722459;0.000000;0.000000;0.000000;0.000000;0.000000;89.722459
839;40.000000;-2.000000;-30.000000;-89.722459;0.000000;0.000000;0.000000;0.000000;0.000000;89.722459
840;40.000000;-2.000000;30.000000;89.722459;0.000000;0.000000;0.000000;0.000000;0.000000;89.722459
841;40.000000;2.000000;-30.000000;-89.722459;0.000000;0.000000;0.000000;0.000000;0.000000;89.722459
842;40.000000;2.000000;30.000000;89.722459;0.000000;0.000000;0.000000;0.000000;0.000000;89.722459
843;40.000000;6.000000;-30.000000;-89.722459;0.000000;0.000000;0.000000;0.000000;0.000000;89.722459
844;40.000000;6.000000;30.000000;89.722459;0.000000;0.000000;0.000000;0.000000;0.000000;89.722459
845;40.000000;10.000000;-30.000000;-89.722459;0.000000;0.000000;0.000000;0.000000;0.000000;89.722459
846;40.000000;10.000000;30.000000;89.722459;0.000000;0.000000;0.000000;0.000000;0.000000;89.722459
847;40.000000;14.000000;-30.000000;-89.722459;0.000000;0.000000;0.000000;0.000000;0.000000;89.722459
848;40.000000;14.000000;30.000000;89.722459;0.000000;0.000000;0.000000;0.000000;0.000000;89.722459
849;40.000000;18.000000;-30.000000;-89.722459;0.000000;0.000000;0.000000;0.000000;0.000000;89.722459
850;40.000000;18.000000;30.000000;89.722459;0.000000;0.000000;0.000000;0.000000;0.000000;89.722459
851;40.000000;22.000000;-30.000000;-89.722459;0.000000;0.000000;0.000000;0.000000;0.000000;89.722459
852;40.000000;22.000000;30.000000;89.722459;0.000000;0.000000;0.000000;0.000000;0.000000;89.722459
853;40.000000;26.000000;-30.000000;-89.722459;0.000000;0.000000;0.000000;0.000000;0.000000;89.722459
854;40.000000;26.000000;30.000000;89.722459;0.000000;0.000000;0.000000;0.000000;0.000000;89.722459
855;40.000000;30.000000;-30.000000;-89.722459;0.000000;0.000000;0.000000;0.000000;0.000000;89.722459
856;40.000000;30.000000;30.000000;89.722459;0.000000;0.000000;0.000000;0.000000;0.000000;89.722459
857;40.000000;34.000000;-30.000000;-89.722459;0.000000;0.000000;0.000000;0.000000;0.000000;89.722459
858;40.000000;34.000000;30.000000;89.722459;0.000000;0.000000;0.000000;0.000000;0.000000;89.722459
859;40.000000;38.000000;-30.000000;-89.722459;0.000000;0.000000;0.000000;0.000000;0.000000;89.722459
860;40.000000;38.000000;30.000000;89.722459;0.000000;0.000000;0.000000;0.000000;0.000000;89.722459
861;40.000000;42.000000;-30.000000;-89.722459;0.000000;0.000000;0.000000;0.000000;0.000000;89.722459
862;40.000000;42.000000;30.000000;89.722459;0.000000;0.000000;0.000000;0.000000;0.000000;89.722459
863;40.000000;46.000000;-30.000000;-89.722459;0.000000;0.000000;0.000000;0.000000;0.000000;89.722459
864;40.000000;46.000000;30.000000;89.722459;0.000000;0.000000;0.000000;0.000000;0.000000;89.722459
865;40.000000;50.000000;-30.000000;-89.722459;0.000000;0.000000;0.000000;0.000000;0.000000;89.722459
866;40.000000;50.000000;-26.000000;-77.759464;0.000000;0.000000;0.000000;0.000000;0.000000;77.759464
867;40.000000;50.000000;-22.000000;-65.796470;0.000000;0.000000;0.000000;0.000000;0.000000;65.796470
868;40.000000;50.000000;-18.000000;-53.833475;0.000000;0.000000;0.000000;0.000000;0.000000;53.833475
869;40.000000;50.000000;-14.000000;-41.870481;0.000000;0.000000;0.000000;0.000000;0.000000;41.870481
870;40.000000;50.000000;-10.000000;-29.907486;0.000000;0.000000;0.000000;0.000000;0.000000;29.907486
871;40.000000;50.000000;-6.000000;-17.944492;0.000000;0.000000;0.000000;0.000000;0.000000;17.944492
872;40.000000;50.000000;-2.000000;-5.981497;0.000000;0.000000;0.000000;0.000000;0.000000;5.981497
873;40.000000;50.000000;2.000000;5.981497;0.000000;0.000000;0.000000;0.000000;0.000000;5.981497
874;40.000000;50.000000;6.000000;17.944492;0.000000;0.000000;0.000000;0.000000;0.000000;17.944492
875;40.000000;50.000000;10.000000;29.907486;0.000000;0.000000;0.000000;0.000000;0.000000;29.907486
876;40.000000;50.000000;14.000000;41.870481;0.000000;0.000000;0.000000;0.000000;0.000000;41.870481
877;40.000000;50.000000;18.000000;53.833475;0.000000;0.000000;0.000000;0.000000;0.000000;53.833475
878;40.000000;50.000000;22.000000;65.796470;0.000000;0.000000;0.000000;0.000000;0.000000;65.796470
879;40.000000;50.000000;26.000000;77.759464;0.000000;0.000000;0.000000;0.000000;0.000000;77.759464
880;40.000000;50.000000;30.000000;89.722459;0.000000;0.000000;0.000000;0.000000;0.000000;89.722459
881;44.000000;-50.000000;-30.000000;-88.725542;0.000000;0.000000;0.000000;0.000000;0.000000;88.725542
882;44.000000;-50.000000;-26.000000;-76.895470;0.000000;0.000000;0.000000;0.000000;0.000000;76.895470
883;44.000000;-50.000000;-22.000000;-65.065398;0.000000;0.000000;0.000000;0.000000;0.000000;65.065398
884;44.000000;-50.000000;-18.000000;-53.235325;0.000000;0.000000;0.000000;0.000000;0.000000;53.235325
885;44.000000;-50.000000;-14.000000;-41.405253;0.000000;0.000000;0.000000;0.000000;0.000000;41.405253
886;44.000000;-50.000000;-10.000000;-29.575181;0.000000;0.000000;0.000000;0.000000;0.000000;29.575181
887;44.000000;-50.000000;-6.000000;-17.745108;0.000000;0.000000;0.000000;0.000000;0.000000;17.745108
888;44.000000;-50.000000;-2.000000;-5.915036;0.000000;0.000000;0.000000;0.000000;0.000000;5.915036
889;44.000000;-50.000000;2.000000;5.915036;0.000000;0.000000;0.000000;0.000000;0.000000;5.915036
890;44.000000;-50.000000;6.000000;17.745108;0.000000;0.000000;0.000000;0.000000;0.000000;17.745108
891;44.000000;-50.000000;10.000000;29.575181;0.000000;0.000000;0.000000;0.000000;0.000000;29.575181
892;44.000000;-50.000000;14.000000;41.405253;0.000000;0.000000;0.000000;0.000000;0.000000;41.405253
893;44.000000;-50.000000;18.000000;53.235325;0.000000;0.000000;0.000000;0.000000;0.000000;53.235325
894;44.000000;-50.000000;22.000000;65.065398;0.000000;0.000000;0.000000;0.000000;0.000000;65.065398
895;44.000000;-50.000000;26.000000;76.895470;0.000000;0.000000;0.000000;0.000000;0.000000;76.895470
896;44.000000;-50.000000;30.000000;88.725542;0.000000;0.000000;0.000000;0.000000;0.000000;88.725542
897;44.000000;-46.000000;-30.000000;-88.725542;0.000000;0.000000;0.000000;0.000000;0.000000;88.725542
898;44.000000;-46.000000;30.000000;88.725542;0.000000;0.000000;0.000000;0.000000;0.000000;88.725542
899;44.000000;-42.000000;-30.000000;-88.725542;0.000000;0.000000;0.000000;0.000000;0.000000;88.725542
900;44.000000;-42.000000;30.000000;88.725542;0.000000;0.000000;0.000000;0.000000;0.000000;88.725542
901;44.000000;-38.000000;-30.000000;-88.725542;0.000000;0.000000;0.000000;0.000000;0.000000;88.725542
902;44.000000;-38.000000;30.000000;88.725542;0.000000;0.000000;0.000000;0.000000;0.000000;88.725542
903;44.000000;-34.000000;-30.000000;-88.725542;0.000000;0.000000;0.000000;0.000000;0.000000;88.725542
904;44.000000;-34.000000;30.000000;88.725542;0.000000;0.000000;0.000000;0.000000;0.000000;88.725542
905;44.000000;-30.000000;-30.000000;-88.725542;0.000000;0.000000;0.000000;0.000000;0.000000;88.725542
906;44.000000;-30.000000;30.000000;88.725542;0.000000;0.000000;0.000000;0.000000;0.000000;88.725542
907;44.000000;-26.000000;-30.000000;-88.725542;0.000000;0.000000;0.000000;0.000000;0.000000;88.725542
908;44.000000;-26.000000;30.000000;88.725542;0.000000;0.000000;0.000000;0.000000;0.000000;88.725542
909;44.000000;-22.000000;-30.000000;-88.725542;0.000000;0.000000;0.000000;0.000000;0.000000;88.725542
910;44.000000;-22.000000;30.000000;88.725542;0.000000;0.000000;0.000000;0.000000;0.000000;88.725542
911;44.000000;-18.000000;-30.000000;-88.725542;0.000000;0.000000;0.000000;0.000000;0.000000;88.725542
912;44.000000;-18.000000;30.000000;88.725542;0.000000;0.000000;0.000000;0.000000;0.000000;88.725542
913;44.000000;-14.000000;-30.000000;-88.725542;0.000000;0.000000;0.000000;0.000000;0.000000;88.725542
914;44.000000;-14.000000;30.000000;88.725542;0.000000;0.000000;0.000000;0.000000;0.000000;88.725542
915;44.000000;-10.000000;-30.000000;-88.725542;0.000000;0.000000;0.000000;0.000000;0.000000;88.725542
916;44.000000;-10.000000;30.000000;88.725542;0.000000;0.000000;0.000000;0.000000;0.000000;88.725542
917;44.000000;-6.000000;-30.000000;-88.725542;0.000000;0.000000;0.000000;0.000000;0.000000;88.725542
918;44.000000;-6.000000;30.000000;88.725542;0.000000;0.000000;0.000000;0.000000;0.000000;88.725542
919;44.000000;-2.000000;-30.000000;-88.725542;0.000000;0.000000;0.000000;0.000000;0.000000;88.725542
920;44.000000;-2.000000;30.000000;88.725542;0.000000;0.000000;0.000000;0.000000;0.000000;88.725542
921;44.000000;2.000000;-30.000000;-88.725542;0.000000;0.000000;0.000000;0.000000;0.000000;88.725542
922;44.000000;2.000000;30.000000;88.725542;0.000000;0.000000;0.000000;0.000000;0.000000;88.725542
923;44.000000;6.000000;-30.000000;-88.725542;0.000000;0.000000;0.000000;0.000000;0.000000;88.725542
924;44.000000;6.000000;30.000000;88.725542;0.000000;0.000000;0.000000;0.000000;0.000000;88.725542
925;44.000000;10.000000;-30.000000;-88.725542;0.000000;0.000000;0.000000;0.000000;0.000000;88.725542
926;44.000000;10.000000;30.000000;88.725542;0.000000;0.000000;0.000000;0.000000;0.000000;88.725542
927;44.000000;14.000000;-30.000000;-88.725542;0.000000;0.000000;0.000000;0.000000;0.000000;88.725542
928;44.000000;14.000000;30.000000;88.725542;0.000000;0.000000;0.000000;0.000000;0.000000;88.725542
929;44.000000;18.000000;-30.000000;-88.725542;0.000000;0.000000;0.000000;0.000000;0.000000;88.725542
930;44.000000;18.000000;30.000000;88.725542;0.000000;0.000000;0.000000;0.000000;0.000000;88.725542
931;44.000000;22.000000;-30.000000;-88.725542;0.000000;0.000000;0.000000;0.000000;0.000000;88.725542
932;44.000000;22.000000;30.000000;88.725542;0.000000;0.000000;0.000000;0.000000;0.000000;88.725542
933;44.000000;26.000000;-30.000000;-88.725542;0.000000;0.000000;0.000000;0.000000;0.000000;88.725542
934;44.000000;26.000000;30.000000;88.725542;0.000000;0.000000;0.000000;0.000000;0.000000;88.725542
935;44.000000;30.000000;-30.000000;-88.725542;0.000000;0.000000;0.000000;0.000000;0.000000;88.725542
936;44.000000;30.000000;30.000000;88.725542;0.000000;0.000000;0.000000;0.000000;0.000000;88.725542
937;44.000000;34.000000;-30.000000;-88.725542;0.000000;0.000000;0.000000;0.000000;0.000000;88.725542
938;44.000000;34.000000;30.000000;88.725542;0.000000;0.000000;0.000000;0.000000;0.000000;88.725542
939;44.000000;38.000000;-30.000000;-88.725542;0.000000;0.000000;0.000000;0.000000;0.000000;88.725542
940;44.000000;38.000000;30.000000;88.725542;0.000000;0.000000;0.000000;0.000000;0.000000;88.725542
941;44.000000;42.000000;-30.000000;-88.725542;0.000000;0.000000;0.000000;0.000000;0.000000;88.725542
942;44.000000;42.000000;30.000000;88.725542;0.000000;0.000000;0.000000;0.000000;0.000000;88.725542
943;44.000000;46.000000;-30.000000;-88.725542;0.000000;0.000000;0.000000;0.000000;0.000000;88.725542
944;44.000000;46.000000;30.000000;88.725542;0.000000;0.000000;0.000000;0.000000;0.000000;88.725542
945;44.000000;50.000000;-30.000000;-88.725542;0.000000;0.000000;0.000000;0.000000;0.000000;88.725542
946;44.000000;50.000000;-26.000000;-76.895470;0.000000;0.000000;0.000000;0.000000;0.000000;76.895470
947;44.000000;50.000000;-22.000000;-65.065398;0.000000;0.000000;0.000000;0.000000;0.000000;65.065398
948;44.000000;50.000000;-18.000000;-53.235325;0.000000;0.000000;0.000000;0.000000;0.000000;53.235325
949;44.000000;50.000000;-14.000000;-41.405253;0.000000;0.000000;0.000000;0.000000;0.000000;41.405253
950;44.000000;50.000000;-10.000000;-29.575181;0.000000;0.000000;0.000000;0.000000;0.000000;29.575181
951;44.000000;50.000000;-6.000000;-17.745108;0.000000;0.000000;0.000000;0.000000;0.000000;17.745108
952;44.000000;50.000000;-2.000000;-5.915036;0.000000;0.000000;0.000000;0.000000;0.000000;5.915036
953;44.000000;50.000000;2.000000;5.915036;0.000000;0.000000;0.000000;0.000000;0.000000;5.915036
954;44.000000;50.000000;6.000000;17.745108;0.000000;0.000000;0.000000;0.000000;0.000000;17.745108
955;44.000000;50.000000;10.000000;29.575181;0.000000;0.000000;0.000000;0.000000;0.000000;29.575181
956;44.000000;50.000000;14.000000;41.405253;0.000000;0.000000;0.000000;0.000000;0.000000;41.405253
957;44.000000;50.000000;18.000000;53.235325;0.000000;0.000000;0.000000;0.000000;0.000000;53.235325
958;44.000000;50.000000;22.000000;65.065398;0.000000;0.000000;0.000000;0.000000;0.000000;65.065398
959;44.000000;50.000000;26.000000;76.895470;0.000000;0.000000;0.000000;0.000000;0.000000;76.895470
960;44.000000;50.000000;30.000000;88.725542;0.000000;0.000000;0.000000;0.000000;0.000000;88.725542
961;48.000000;-50.000000;-30.000000;-87.728626;0.000000;0.000000;0.000000;0.000000;0.000000;87.728626
962;48.000000;-50.000000;-26.000000;-76.031476;0.000000;0.000000;0.000000;0.000000;0.000000;76.031476
963;48.000000;-50.000000;-22.000000;-64.334326;0.000000;0.000000;0.000000;0.000000;0.000000;64.334326
964;48.000000;-50.000000;-18.000000;-52.637176;0.000000;0.000000;0.000000;0.000000;0.000000;52.637176
965;48.000000;-50.000000;-14.000000;-40.940026;0.000000;0.000000;0.000000;0.000000;0.000000;40.940026
966;48.000000;-50.000000;-10.000000;-29.242875;0.000000;0.000000;0.000000;0.000000;0.000000;29.242875
967;48.000000;-50.000000;-6.000000;-17.545725;0.000000;0.000000;0.000000;0.000000;0.000000;17.545725
968;48.000000;-50.000000;-2.000000;-5.848575;0.000000;0.000000;0.000000;0.000000;0.000000;5.848575
969;48.000000;-50.000000;2.000000;5.848575;0.000000;0.000000;0.000000;0.000000;0.000000;5.848575
970;48.000000;-50.000000;6.000000;17.545725;0.000000;0.000000;0.000000;0.000000;0.000000;17.545725
971;48.000000;-50.000000;10.000000;29.242875;0.000000;0.000000;0.000000;0.000000;0.000000;29.242875
972;48.000000;-50.000000;14.000000;40.940026;0.000000;0.000000;0.000000;0.000000;0.000000;40.940026
973;48.000000;-50.000000;18.000000;52.637176;0.000000;0.000000;0.000000;0.000000;0.000000;52.637176
974;48.000000;-50.000000;22.000000;64.334326;0.000000;0.000000;0.000000;0.000000;0.000000;64.334326
975;48.000000;-50.000000;26.000000;76.031476;0.000000;0.000000;0.000000;0.000000;0.000000;76.031476
976;48.000000;-50.000000;30.000000;87.728626;0.000000;0.000000;0.000000;0.000000;0.000000;87.728626
977;48.000000;-46.000000;-30.000000;-87.728626;0.000000;0.000000;0.000000;0.000000;0.000000;87.728626
978;48.000000;-46.000000;30.000000;87.728626;0.000000;0.000000;0.000000;0.000000;0.000000;87.728626
979;48.000000;-42.000000;-30.000000;-87.728626;0.000000;0.000000;0.000000;0.000000;0.000000;87.728626
980;48.000000;-42.000000;30.000000;87.728626;0.000000;0.000000;0.000000;0.000000;0.000000;87.728626
981;48.000000;-38.000000;-30.000000;-87.728626;0.000000;0.000000;0.000000;0.000000;0.000000;87.728626
982;48.000000;-38.000000;30.000000;87.728626;0.000000;0.000000;0.000000;0.000000;0.000000;87.728626
983;48.000000;-34.000000;-30.000000;-87.728626;0.000000;0.000000;0.000000;0.000000;0.000000;87.728626
984;48.000000;-34.000000;30.000000;87.728626;0.000000;0.000000;0.000000;0.000000;0.000000;87.728626
985;48.000000;-30.000000;-30.000000;-87.728626;0.000000;0.000000;0.000000;0.000000;0.000000;87.728626
986;48.000000;-30.000000;30.000000;87.728626;0.000000;0.000000;0.000000;0.000000;0.000000;87.728626
987;48.000000;-26.000000;-30.000000;-87.728626;0.000000;0.000000;0.000000;0.000000;0.000000;87.728626
988;48.000000;-26.000000;30.000000;87.728626;0.000000;0.000000;0.000000;0.000000;0.000000;87.728626
989;48.000000;-22.000000;-30.000000;-87.728626;0.000000;0.000000;0.000000;0.000000;0.000000;87.728626
990;48.000000;-22.000000;30.000000;87.728626;0.000000;0.000000;0.000000;0.000000;0.000000;87.728626
991;48.000000;-18.000000;-30.000000;-87.728626;0.000000;0.000000;0.000000;0.000000;0.000000;87.728626
992;48.000000;-18.000000;30.000000;87.728626;0.000000;0.000000;0.000000;0.000000;0.000000;87.728626
993;48.000000;-14.000000;-30.000000;-87.728626;0.000000;0.000000;0.000000;0.000000;0.000000;87.728626
994;48.000000;-14.000000;30.000000;87.728626;0.000000;0.000000;0.000000;0.000000;0.000000;87.728626
995;48.000000;-10.000000;-30.000000;-87.728626;0.000000;0.000000;0.000000;0.000000;0.000000;87.728626
996;48.000000;-10.000000;30.000000;87.728626;0.000000;0.000000;0.000000;0.000000;0.000000;87.728626
997;48.000000;-6.000000;-30.000000;-87.728626;0.000000;0.000000;0.000000;0.000000;0.000000;87.728626
998;48.000000;-6.000000;30.000000;87.728626;0.000000;0.000000;0.000000;0.000000;0.000000;87.728626
999;48.000000;-2.000000;-30.000000;-87.728626;0.000000;0.000000;0.000000;0.000000;0.000000;87.728626
1000;48.000000;-2.000000;30.000000;87.728626;0.000000;0.000000;0.000000;0.000000;0.000000;87.728626
1001;48.000000;2.000000;-30.000000;-87.728626;0.000000;0.000000;0.000000;0.000000;0.000000;87.728626
1002;48.000000;2.000000;30.000000;87.728626;0.000000;0.000000;0.000000;0.000000;0.000000;87.728626
1003;48.000000;6.000000;-30.000000;-87.728626;0.000000;0.000000;0.000000;0.000000;0.000000;87.728626
1004;48.000000;6.000000;30.000000;87.728626;0.000000;0.000000;0.000000;0.000000;0.000000;87.728626
1005;48.000000;10.000000;-30.000000;-87.728626;0.000000;0.000000;0.000000;0.000000;0.000000;87.728626
1006;48.000000;10.000000;30.000000;87.728626;0.000000;0.000000;0.000000;0.000000;0.000000;87.728626
1007;48.000000;14.000000;-30.000000;-87.728626;0.000000;0.000000;0.000000;0.000000;0.000000;87.728626
1008;48.000000;14.000000;30.000000;87.728626;0.000000;0.000000;0.000000;0.000000;0.000000;87.728626
1009;48.000000;18.000000;-30.000000;-87.728626;0.000000;0.000000;0.000000;0.000000;0.000000;87.728626
1010;48.000000;18.000000;30.000000;87.728626;0.000000;0.000000;0.000000;0.000000;0.000000;87.728626
1011;48.000000;22.000000;-30.000000;-87.728626;0.000000;0.000000;0.000000;0.000000;0.000000;87.728626
1012;48.000000;22.000000;30.000000;87.728626;0.000000;0.000000;0.000000;0.000000;0.000000;87.728626
1013;48.000000;26.000000;-30.000000;-87.728626;0.000000;0.000000;0.000000;0.000000;0.000000;87.728626
1014;48.000000;26.000000;30.000000;87.728626;0.000000;0.000000;0.000000;0.000000;0.000000;87.728626
1015;48.000000;30.000000;-30.000000;-87.728626;0.000000;0.000000;0.000000;0.000000;0.000000;87.728626
1016;48.000000;30.000000;30.000000;87.728626;0.000000;0.000000;0.000000;0.000000;0.000000;87.728626
1017;48.000000;34.000000;-30.000000;-87.728626;0.000000;0.000000;0.000000;0.000000;0.000000;87.728626
1018;48.000000;34.000000;30.000000;87.728626;0.000000;0.000000;0.000000;0.000000;0.000000;87.728626
1019;48.000000;38.000000;-30.000000;-87.728626;0.000000;0.000000;0.000000;0.000000;0.000000;87.728626
1020;48.000000;38.000000;30.000000;87.728626;0.000000;0.000000;0.000000;0.000000;0.000000;87.728626
1021;48.000000;42.000000;-30.000000;-87.728626;0.000000;0.000000;0.000000;0.000000;0.000000;87.728626
1022;48.000000;42.000000;30.000000;87.728626;0.000000;0.000000;0.000000;0.000000;0.000000;87.728626
1023;48.000000;46.000000;-30.000000;-87.728626;0.000000;0.000000;0.000000;0.000000;0.000000;87.728626
1024;48.000000;46.000000;30.000000;87.728626;0.000000;0.000000;0.000000;0.000000;0.000000;87.728626
1025;48.000000;50.000000;-30.000000;-87.728626;0.000000;0.000000;0.000000;0.000000;0.000000;87.728626
1026;48.000000;50.000000;-26.000000;-76.031476;0.000000;0.000000;0.000000;0.000000;0.000000;76.031476
1027;48.000000;50.000000;-22.000000;-64.334326;0.000000;0.000000;0.000000;0.000000;0.000000;64.334326
1028;48.000000;50.000000;-18.000000;-52.637176;0.000000;0.000000;0.000000;0.000000;0.000000;52.637176
1029;48.000000;50.000000;-14.000000;-40.940026;0.000000;0.000000;0.000000;0.000000;0.000000;40.940026
1030;48.000000;50.000000;-10.000000;-29.242875;0.000000;0.000000;0.000000;0.000000;0.000000;29.242875
1031;48.000000;50.000000;-6.000000;-17.545725;0.000000;0.000000;0.000000;0.000000;0.000000;17.545725
1032;48.000000;50.000000;-2.000000;-5.848575;0.000000;0.000000;0.000000;0.000000;0.000000;5.848575
1033;48.000000;50.000000;2.000000;5.848575;0.000000;0.000000;0.000000;0.000000;0.000000;5.848575
1034;48.000000;50.000000;6.000000;17.545725;0.000000;0.000000;0.000000;0.000000;0.000000;17.545725
1035;48.000000;50.000000;10.000000;29.242875;0.000000;0.000000;0.000000;0.000000;0.000000;29.242875
1036;48.000000;50.000000;14.000000;40.940026;0.000000;0.000000;0.000000;0.000000;0.000000;40.940026
1037;48.000000;50.000000;18.000000;52.637176;0.000000;0.000000;0.000000;0.000000;0.000000;52.637176
1038;48.000000;50.000000;22.000000;64.334326;0.000000;0.000000;0.000000;0.000000;0.000000;64.334326
1039;48.000000;50.000000;26.000000;76.031476;0.000000;0.000000;0.000000;0.000000;0.000000;76.031476
1040;48.000000;50.000000;30.000000;87.728626;0.000000;0.000000;0.000000;0.000000;0.000000;87.728626
1041;52.000000;-50.000000;-30.000000;-86.731710;0.000000;0.000000;0.000000;0.000000;0.000000;86.731710
1042;52.000000;-50.000000;-26.000000;-75.167482;0.000000;0.000000;0.000000;0.000000;0.000000;75.167482
1043;52.000000;-50.000000;-22.000000;-63.603254;0.000000;0.000000;0.000000;0.000000;0.000000;63.603254
1044;52.000000;-50.000000;-18.000000;-52.039026;0.000000;0.000000;0.000000;0.000000;0.000000;52.039026
1045;52.000000;-50.000000;-14.000000;-40.474798;0.000000;0.000000;0.000000;0.000000;0.000000;40.474798
1046;52.000000;-50.000000;-10.000000;-28.910570;0.000000;0.000000;0.000000;0.000000;0.000000;28.910570
1047;52.000000;-50.000000;-6.000000;-17.346342;0.000000;0.000000;0.000000;0.000000;0.000000;17.346342
1048;52.000000;-50.000000;-2.000000;-5.782114;0.000000;0.000000;0.000000;0.000000;0.000000;5.782114
1049;52.000000;-50.000000;2.000000;5.782114;0.000000;0.000000;0.000000;0.000000;0.000000;5.782114
1050;52.000000;-50.000000;6.000000;17.346342;0.000000;0.000000;0.000000;0.000000;0.000000;17.346342
1051;52.000000;-50.000000;10.000000;28.910570;0.000000;0.000000;0.000000;0.000000;0.000000;28.910570
1052;52.000000;-50.000000;14.000000;40.474798;0.000000;0.000000;0.000000;0.000000;0.000000;40.474798
1053;52.000000;-50.000000;18.000000;52.039026;0.000000;0.000000;0.000000;0.000000;0.000000;52.039026
1054;52.000000;-50.000000;22.000000;63.603254;0.000000;0.000000;0.000000;0.000000;0.000000;63.603254
1055;52.000000;-50.000000;26.000000;75.167482;0.000000;0.000000;0.000000;0.000000;0.000000;75.167482
1056;52.000000;-50.000000;30.000000;86.731710;0.000000;0.000000;0.000000;0.000000;0.000000;86.731710
1057;52.000000;-46.000000;-30.000000;-86.731710;0.000000;0.000000;0.000000;0.000000;0.000000;86.731710
1058;52.000000;-46.000000;30.000000;86.731710;0.000000;0.000000;0.000000;0.000000;0.000000;86.731710
1059;52.000000;-42.000000;-30.000000;-86.731710;0.000000;0.000000;0.000000;0.000000;0.000000;86.731710
1060;52.000000;-42.000000;30.000000;86.731710;0.000000;0.000000;0.000000;0.000000;0.000000;86.731710
1061;52.000000;-38.000000;-30.000000;-86.731710;0.000000;0.000000;0.000000;0.000000;0.000000;86.731710
1062;52.000000;-38.000000;30.000000;86.731710;0.000000;0.000000;0.000000;0.000000;0.000000;86.731710
1063;52.000000;-34.000000;-30.000000;-86.731710;0.000000;0.000000;0.000000;0.000000;0.000000;86.731710
1064;52.000000;-34.000000;30.000000;86.731710;0.000000;0.000000;0.000000;0.000000;0.000000;86.731710
1065;52.000000;-30.000000;-30.000000;-86.731710;0.000000;0.000000;0.000000;0.000000;0.000000;86.731710
1066;52.000000;-30.000000;30.000000;86.731710;0.000000;0.000000;0.000000;0.000000;0.000000;86.731710
1067;52.000000;-26.000000;-30.000000;-86.731710;0.000000;0.000000;0.000000;0.000000;0.000000;86.731710
1068;52.000000;-26.000000;30.000000;86.731710;0.000000;0.000000;0.000000;0.000000;0.000000;86.731710
1069;52.000000;-22.000000;-30.000000;-86.731710;0.000000;0.000000;0.000000;0.000000;0.000000;86.731710
1070;52.000000;-22.000000;30.000000;86.731710;0.000000;0.000000;0.000000;0.000000;0.000000;86.731710
1071;52.000000;-18.000000;-30.000000;-86.731710;0.000000;0.000000;0.000000;0.000000;0.000000;86.731710
1072;52.000000;-18.000000;30.000000;86.731710;0.000000;0.000000;0.000000;0.000000;0.000000;86.731710
1073;52.000000;-14.000000;-30.000000;-86.731710;0.000000;0.000000;0.000000;0.000000;0.000000;86.731710
1074;52.000000;-14.000000;30.000000;86.731710;0.000000;0.000000;0.000000;0.000000;0.000000;86.731710
1075;52.000000;-10.000000;-30.000000;-86.731710;0.000000;0.000000;0.000000;0.000000;0.000000;86.731710
1076;52.000000;-10.000000;30.000000;86.731710;0.000000;0.000000;0.000000;0.000000;0.000000;86.731710
1077;52.000000;-6.000000;-30.000000;-86.731710;0.000000;0.000000;0.000000;0.000000;0.000000;86.731710
1078;52.000000;-6.000000;30.000000;86.731710;0.000000;0.000000;0.000000;0.000000;0.000000;86.731710
1079;52.000000;-2.000000;-30.000000;-86.731710;0.000000;0.000000;0.000000;0.000000;0.000000;86.731710
1080;52.000000;-2.000000;30.000000;86.731710;0.000000;0.000000;0.000000;0.000000;0.000000;86.731710
1081;52.000000;2.000000;-30.000000;-86.731710;0.000000;0.000000;0.000000;0.000000;0.000000;86.731710
1082;52.000000;2.000000;30.000000;86.731710;0.000000;0.000000;0.000000;0.000000;0.000000;86.731710
1083;52.000000;6.000000;-30.000000;-86.731710;0.000000;0.000000;0.000000;0.000000;0.000000;86.731710
1084;52.000000;6.000000;30.000000;86.731710;0.000000;0.000000;0.000000;0.000000;0.000000;86.731710
1085;52.000000;10.000000;-30.000000;-86.731710;0.000000;0.000000;0.000000;0.000000;0.000000;86.731710
1086;52.000000;10.000000;30.000000;86.731710;0.000000;0.000000;0.000000;0.000000;0.000000;86.731710
1087;52.000000;14.000000;-30.000000;-86.731710;0.000000;0.000000;0.000000;0.000000;0.000000;86.731710
1088;52.000000;14.000000;30.000000;86.731710;0.000000;0.000000;0.000000;0.000000;0.000000;86.731710
1089;52.000000;18.000000;-30.000000;-86.731710;0.000000;0.000000;0.000000;0.000000;0.000000;86.731710
1090;52.000000;18.000000;30.000000;86.731710;0.000000;0.000000;0.000000;0.000000;0.000000;86.731710
1091;52.000000;22.000000;-30.000000;-86.731710;0.000000;0.000000;0.000000;0.000000;0.000000;86.731710
1092;52.000000;22.000000;30.000000;86.731710;0.000000;0.000000;0.000000;0.000000;0.000000;86.731710
1093;52.000000;26.000000;-30.000000;-86.731710;0.000000;0.000000;0.000000;0.000000;0.000000;86.731710
1094;52.000000;26.000000;30.000000;86.731710;0.000000;0.000000;0.000000;0.000000;0.000000;86.731710
1095;52.000000;30.000000;-30.000000;-86.731710;0.000000;0.000000;0.000000;0.000000;0.000000;86.731710
1096;52.000000;30.000000;30.000000;86.731710;0.000000;0.000000;0.000000;0.000000;0.000000;86.731710
1097;52.000000;34.000000;-30.000000;-86.731710;0.000000;0.000000;0.000000;0.000000;0.000000;86.731710
1098;52.000000;34.000000;30.000000;86.731710;0.000000;0.000000;0.000000;0.000000;0.000000;86.731710
1099;52.000000;38.000000;-30.000000;-86.731710;0.000000;0.000000;0.000000;0.000000;0.000000;86.731710
1100;52.000000;38.000000;30.000000;86.731710;0.000000;0.000000;0.000000;0.000000;0.000000;86.731710
1101;52.000000;42.000000;-30.000000;-86.731710;0.000000;0.000000;0.000000;0.000000;0.000000;86.731710
1102;52.000000;42.000000;30.000000;86.731710;0.000000;0.000000;0.000000;0.000000;0.000000;86.731710
1103;52.000000;46.000000;-30.000000;-86.731710;0.000000;0.000000;0.000000;0.000000;0.000000;86.731710
1104;52.000000;46.000000;30.000000;86.731710;0.000000;0.000000;0.000000;0.000000;0.000000;86.731710
1105;52.000000;50.000000;-30.000000;-86.731710;0.000000;0.000000;0.000000;0.000000;0.000000;86.731710
1106;52.000000;50.000000;-26.000000;-75.167482;0.000000;0.000000;0.000000;0.000000;0.000000;75.167482
1107;52.000000;50.000000;-22.000000;-63.603254;0.000000;0.000000;0.000000;0.000000;0.000000;63.603254
1108;52.000000;50.000000;-18.000000;-52.039026;0.000000;0.000000;0.000000;0.000000;0.000000;52.039026
1109;52.000000;50.000000;-14.000000;-40.474798;0.000000;0.000000;0.000000;0.000000;0.000000;40.474798
1110;52.000000;50.000000;-10.000000;-28.910570;0.000000;0.000000;0.000000;0.000000;0.000000;28.910570
1111;52.000000;50.000000;-6.000000;-17.346342;0.000000;0.000000;0.000000;0.000000;0.000000;17.346342
1112;52.000000;50.000000;-2.000000;-5.782114;0.000000;0.000000;0.000000;0.000000;0.000000;5.782114
1113;52.000000;50.000000;2.000000;5.782114;0.000000;0.000000;0.000000;0.000000;0.000000;5.782114
1114;52.000000;50.000000;6.000000;17.346342;0.000000;0.000000;0.000000;0.000000;0.000000;17.346342
1115;52.000000;50.000000;10.000000;28.910570;0.000000;0.000000;0.000000;0.000000;0.000000;28.910570
1116;52.000000;50.000000;14.000000;40.474798;0.000000;0.000000;0.000000;0.000000;0.000000;40.474798
1117;52.000000;50.000000;18.000000;52.039026;0.000000;0.000000;0.000000;0.000000;0.000000;52.039026
1118;52.000000;50.000000;22.000000;63.603254;0.000000;0.000000;0.000000;0.000000;0.000000;63.603254
1119;52.000000;50.000000;26.000000;75.167482;0.000000;0.000000;0.000000;0.000000;0.000000;75.167482
1120;52.000000;50.000000;30.000000;86.731710;0.000000;0.000000;0.000000;0.000000;0.000000;86.731710
1121;56.000000;-50.000000;-30.000000;-85.734794;0.000000;0.000000;0.000000;0.000000;0.000000;85.734794
1122;56.000000;-50.000000;-26.000000;-74.303488;0.000000;0.000000;0.000000;0.000000;0.000000;74.303488
1123;56.000000;-50.000000;-22.000000;-62.872182;0.000000;0.000000;0.000000;0.000000;0.000000;62.872182
1124;56.000000;-50.000000;-18.000000;-51.440876;0.000000;0.000000;0.000000;0.000000;0.000000;51.440876
1125;56.000000;-50.000000;-14.000000;-40.009570;0.000000;0.000000;0.000000;0.000000;0.000000;40.009570
1126;56.000000;-50.000000;-10.000000;-28.578265;0.000000;0.000000;0.000000;0.000000;0.000000;28.578265
1127;56.000000;-50.000000;-6.000000;-17.146959;0.000000;0.000000;0.000000;0.000000;0.000000;17.146959
1128;56.000000;-50.000000;-2.000000;-5.715653;0.000000;0.000000;0.000000;0.000000;0.000000;5.715653
1129;56.000000;-50.000000;2.000000;5.715653;0.000000;0.000000;0.000000;0.000000;0.000000;5.715653
1130;56.000000;-50.000000;6.000000;17.146959;0.000000;0.000000;0.000000;0.000000;0.000000;17.146959
1131;56.000000;-50.000000;10.000000;28.578265;0.000000;0.000000;0.000000;0.000000;0.000000;28.578265
1132;56.000000;-50.000000;14.000000;40.009570;0.000000;0.000000;0.000000;0.000000;0.000000;40.009570
1133;56.000000;-50.000000;18.000000;51.440876;0.000000;0.000000;0.000000;0.000000;0.000000;51.440876
1134;56.000000;-50.000000;22.000000;62.872182;0.000000;0.000000;0.000000;0.000000;0.000000;62.872182
1135;56.000000;-50.000000;26.000000;74.303488;0.000000;0.000000;0.000000;0.000000;0.000000;74.303488
1136;56.000000;-50.000000;30.000000;85.734794;0.000000;0.000000;0.000000;0.000000;0.000000;85.734794
1137;56.000000;-46.000000;-30.000000;-85.734794;0.000000;0.000000;0.000000;0.000000;0.000000;85.734794
1138;56.000000;-46.000000;30.000000;85.734794;0.000000;0.000000;0.000000;0.000000;0.000000;85.734794
1139;56.000000;-42.000000;-30.000000;-85.734794;0.000000;0.000000;0.000000;0.000000;0.000000;85.734794
1140;56.000000;-42.000000;30.000000;85.734794;0.000000;0.000000;0.000000;0.000000;0.000000;85.734794
1141;56.000000;-38.000000;-30.000000;-85.734794;0.000000;0.000000;0.000000;0.000000;0.000000;85.734794
1142;56.000000;-38.000000;30.000000;85.734794;0.000000;0.000000;0.000000;0.000000;0.000000;85.734794
1143;56.000000;-34.000000;-30.000000;-85.734794;0.000000;0.000000;0.000000;0.000000;0.000000;85.734794
1144;56.000000;-34.000000;30.000000;85.734794;0.000000;0.000000;0.000000;0.000000;0.000000;85.734794
1145;56.000000;-30.000000;-30.000000;-85.734794;0.000000;0.000000;0.000000;0.000000;0.000000;85.734794
1146;56.000000;-30.000000;30.000000;85.734794;0.000000;0.000000;0.000000;0.000000;0.000000;85.734794
1147;56.000000;-26.000000;-30.000000;-85.734794;0.000000;0.000000;0.000000;0.000000;0.000000;85.734794
1148;56.000000;-26.000000;30.000000;85.734794;0.000000;0.000000;0.000000;0.000000;0.000000;85.734794
1149;56.000000;-22.000000;-30.000000;-85.734794;0.000000;0.000000;0.000000;0.000000;0.000000;85.734794
1150;56.000000;-22.000000;30.000000;85.734794;0.000000;0.000000;0.000000;0.000000;0.000000;85.734794
1151;56.000000;-18.000000;-30.000000;-85.734794;0.000000;0.000000;0.000000;0.000000;0.000000;85.734794
1152;56.000000;-18.000000;30.000000;85.734794;0.000000;0.000000;0.000000;0.000000;0.000000;85.734794
1153;56.000000;-14.000000;-30.000000;-85.734794;0.000000;0.000000;0.000000;0.000000;0.000000;85.734794
1154;56.000000;-14.000000;30.000000;85.734794;0.000000;0.000000;0.000000;0.000000;0.000000;85.734794
1155;56.000000;-10.000000;-30.000000;-85.734794;0.000000;0.000000;0.000000;0.000000;0.000000;85.734794
1156;56.000000;-10.000000;30.000000;85.734794;0.000000;0.000000;0.000000;0.000000;0.000000;85.734794
1157;56.000000;-6.000000;-30.000000;-85.734794;0.000000;0.000000;0.000000;0.000000;0.000000;85.734794
1158;56.000000;-6.000000;30.000000;85.734794;0.000000;0.000000;0.000000;0.000000;0.000000;85.734794
1159;56.000000;-2.000000;-30.000000;-85.734794;0.000000;0.000000;0.000000;0.000000;0.000000;85.734794
1160;56.000000;-2.000000;30.000000;85.734794;0.000000;0.000000;0.000000;0.000000;0.000000;85.734794
1161;56.000000;2.000000;-30.000000;-85.734794;0.000000;0.000000;0.000000;0.000000;0.000000;85.734794
1162;56.000000;2.000000;30.000000;85.734794;0.000000;0.000000;0.000000;0.000000;0.000000;85.734794
1163;56.000000;6.000000;-30.000000;-85.734794;0.000000;0.000000;0.000000;0.000000;0.000000;85.734794
1164;56.000000;6.000000;30.000000;85.734794;0.000000;0.000000;0.000000;0.000000;0.000000;85.734794
1165;56.000000;10.000000;-30.000000;-85.734794;0.000000;0.000000;0.000000;0.000000;0.000000;85.734794
1166;56.000000;10.000000;30.000000;85.734794;0.000000;0.000000;0.000000;0.000000;0.000000;85.734794
1167;56.000000;14.000000;-30.000000;-85.734794;0.000000;0.000000;0.000000;0.000000;0.000000;85.734794
1168;56.000000;14.000000;30.000000;85.734794;0.000000;0.000000;0.000000;0.000000;0.000000;85.734794
1169;56.000000;18.000000;-30.000000;-85.734794;0.000000;0.000000;0.000000;0.000000;0.000000;85.734794
1170;56.000000;18.000000;30.000000;85.734794;0.000000;0.000000;0.000000;0.000000;0.000000;85.734794
1171;56.000000;22.000000;-30.000000;-85.734794;0.000000;0.000000;0.000000;0.000000;0.000000;85.734794
1172;56.000000;22.000000;30.000000;85.734794;0.000000;0.000000;0.000000;0.000000;0.000000;85.734794
1173;56.000000;26.000000;-30.000000;-85.734794;0.000000;0.000000;0.000000;0.000000;0.000000;85.734794
1174;56.000000;26.000000;30.000000;85.734794;0.000000;0.000000;0.000000;0.000000;0.000000;85.734794
1175;56.000000;30.000000;-30.000000;-85.734794;0.000000;0.000000;0.000000;0.000000;0.000000;85.734794
1176;56.000000;30.000000;30.000000;85.734794;0.000000;0.000000;0.000000;0.000000;0.000000;85.734794
1177;56.000000;34.000000;-30.000000;-85.734794;0.000000;0.000000;0.000000;0.000000;0.000000;85.734794
1178;56.000000;34.000000;30.000000;85.734794;0.000000;0.000000;0.000000;0.000000;0.000000;85.734794
1179;56.000000;38.000000;-30.000000;-85.734794;0.000000;0.000000;0.000000;0.000000;0.000000;85.734794
1180;56.000000;38.000000;30.000000;85.734794;0.000000;0.000000;0.000000;0.000000;0.000000;85.734794
1181;56.000000;42.000000;-30.000000;-85.734794;0.000000;0.000000;0.000000;0.000000;0.000000;85.734794
1182;56.000000;42.000000;30.000000;85.734794;0.000000;0.000000;0.000000;0.000000;0.000000;85.734794
1183;56.000000;46.000000;-30.000000;-85.734794;0.000000;0.000000;0.000000;0.000000;0.000000;85.734794
1184;56.000000;46.000000;30.000000;85.734794;0.000000;0.000000;0.000000;0.000000;0.000000;85.734794
1185;56.000000;50.000000;-30.000000;-85.734794;0.000000;0.000000;0.000000;0.000000;0.000000;85.734794
1186;56.000000;50.000000;-26.000000;-74.303488;0.000000;0.000000;0.000000;0.000000;0.000000;74.303488
1187;56.000000;50.000000;-22.000000;-62.872182;0.000000;0.000000;0.000000;0.000000;0.000000;62.872182
1188;56.000000;50.000000;-18.000000;-51.440876;0.000000;0.000000;0.000000;0.000000;0.000000;51.440876
1189;56.000000;50.000000;-14.000000;-40.009570;0.000000;0.000000;0.000000;0.000000;0.000000;40.009570
1190;56.000000;50.000000;-10.000000;-28.578265;0.000000;0.000000;0.000000;0.000000;0.000000;28.578265
1191;56.000000;50.000000;-6.000000;-17.146959;0.000000;0.000000;0.000000;0.000000;0.000000;17.146959
1192;56.000000;50.000000;-2.000000;-5.715653;0.000000;0.000000;0.000000;0.000000;0.000000;5.715653
1193;56.000000;50.000000;2.000000;5.715653;0.000000;0.000000;0.000000;0.000000;0.000000;5.715653
1194;56.000000;50.000000;6.000000;17.146959;0.000000;0.000000;0.000000;0.000000;0.000000;17.146959
1195;56.000000;50.000000;10.000000;28.578265;0.000000;0.000000;0.000000;0.000000;0.000000;28.578265
1196;56.000000;50.000000;14.000000;40.009570;0.000000;0.000000;0.000000;0.000000;0.000000;40.009570
1197;56.000000;50.000000;18.000000;51.440876;0.000000;0.000000;0.000000;0.000000;0.000000;51.440876
1198;56.000000;50.000000;22.000000;62.872182;0.000000;0.000000;0.000000;0.000000;0.000000;62.872182
1199;56.000000;50.000000;26.000000;74.303488;0.000000;0.000000;0.000000;0.000000;0.000000;74.303488
1200;56.000000;50.000000;30.000000;85.734794;0.000000;0.000000;0.000000;0.000000;0.000000;85.734794
1201;60.000000;-50.000000;-30.000000;-84.737877;0.000000;0.000000;0.000000;0.000000;0.000000;84.737877
1202;60.000000;-50.000000;-26.000000;-73.439494;0.000000;0.000000;0.000000;0.000000;0.000000;73.439494
1203;60.000000;-50.000000;-22.000000;-62.141110;0.000000;0.000000;0.000000;0.000000;0.000000;62.141110
1204;60.000000;-50.000000;-18.000000;-50.842726;0.000000;0.000000;0.000000;0.000000;0.000000;50.842726
1205;60.000000;-50.000000;-14.000000;-39.544343;0.000000;0.000000;0.000000;0.000000;0.000000;39.544343
1206;60.000000;-50.000000;-10.000000;-28.245959;0.000000;0.000000;0.000000;0.000000;0.000000;28.245959
1207;60.000000;-50.000000;-6.000000;-16.947575;0.000000;0.000000;0.000000;0.000000;0.000000;16.947575
1208;60.000000;-50.000000;-2.000000;-5.649192;0.000000;0.000000;0.000000;0.000000;0.000000;5.649192
1209;60.000000;-50.000000;2.000000;5.649192;0.000000;0.000000;0.000000;0.000000;0.000000;5.649192
1210;60.000000;-50.000000;6.000000;16.947575;0.000000;0.000000;0.000000;0.000000;0.000000;16.947575
1211;60.000000;-50.000000;10.000000;28.245959;0.000000;0.000000;0.000000;0.000000;0.000000;28.245959
1212;60.000000;-50.000000;14.000000;39.544343;0.000000;0.000000;0.000000;0.000000;0.000000;39.544343
1213;60.000000;-50.000000;18.000000;50.842726;0.000000;0.000000;0.000000;0.000000;0.000000;50.842726
1214;60.000000;-50.000000;22.000000;62.141110;0.000000;0.000000;0.000000;0.000000;0.000000;62.141110
1215;60.000000;-50.000000;26.000000;73.439494;0.000000;0.000000;0.000000;0.000000;0.000000;73.439494
1216;60.000000;-50.000000;30.000000;84.737877;0.000000;0.000000;0.000000;0.000000;0.000000;84.737877
1217;60.000000;-46.000000;-30.000000;-84.737877;0.000000;0.000000;0.000000;0.000000;0.000000;84.737877
1218;60.000000;-46.000000;30.000000;84.737877;0.000000;0.000000;0.000000;0.000000;0.000000;84.737877
1219;60.000000;-42.000000;-30.000000;-84.737877;0.000000;0.000000;0.000000;0.000000;0.000000;84.737877
1220;60.000000;-42.000000;30.000000;84.737877;0.000000;0.000000;0.000000;0.000000;0.000000;84.737877
1221;60.000000;-38.000000;-30.000000;-84.737877;0.000000;0.000000;0.000000;0.000000;0.000000;84.737877
1222;60.000000;-38.000000;30.000000;84.737877;0.000000;0.000000;0.000000;0.000000;0.000000;84.737877
1223;60.000000;-34.000000;-30.000000;-84.737877;0.000000;0.000000;0.000000;0.000000;0.000000;84.737877
1224;60.000000;-34.000000;30.000000;84.737877;0.000000;0.000000;0.000000;0.000000;0.000000;84.737877
1225;60.000000;-30.000000;-30.000000;-84.737877;0.000000;0.000000;0.000000;0.000000;0.000000;84.737877
1226;60.000000;-30.000000;30.000000;84.737877;0.000000;0.000000;0.000000;0.000000;0.000000;84.737877
1227;60.000000;-26.000000;-30.000000;-84.737877;0.000000;0.000000;0.000000;0.000000;0.000000;84.737877
1228;60.000000;-26.000000;30.000000;84.737877;0.000000;0.000000;0.000000;0.000000;0.000000;84.737877
1229;60.000000;-22.000000;-30.000000;-84.737877;0.000000;0.000000;0.000000;0.000000;0.000000;84.737877
1230;60.000000;-22.000000;30.000000;84.737877;0.000000;0.000000;0.000000;0.000000;0.000000;84.737877
1231;60.000000;-18.000000;-30.000000;-84.737877;0.000000;0.000000;0.000000;0.000000;0.000000;84.737877
1232;60.000000;-18.000000;30.000000;84.737877;0.000000;0.000000;0.000000;0.000000;0.000000;84.737877
1233;60.000000;-14.000000;-30.000000;-84.737877;0.000000;0.000000;0.000000;0.000000;0.000000;84.737877
1234;60.000000;-14.000000;30.000000;84.737877;0.000000;0.000000;0.000000;0.000000;0.000000;84.737877
1235;60.000000;-10.000000;-30.000000;-84.737877;0.000000;0.000000;0.000000;0.000000;0.000000;84.737877
1236;60.000000;-10.000000;30.000000;84.737877;0.000000;0.000000;0.000000;0.000000;0.000000;84.737877
1237;60.000000;-6.000000;-30.000000;-84.737877;0.000000;0.000000;0.000000;0.000000;0.000000;84.737877
1238;60.000000;-6.000000;30.000000;84.737877;0.000000;0.000000;0.000000;0.000000;0.000000;84.737877
1239;60.000000;-2.000000;-30.000000;-84.737877;0.000000;0.000000;0.000000;0.000000;0.000000;84.737877
1240;60.000000;-2.000000;30.000000;84.737877;0.000000;0.000000;0.000000;0.000000;0.000000;84.737877
1241;60.000000;2.000000;-30.000000;-84.737877;0.000000;0.000000;0.000000;0.000000;0.000000;84.737877
1242;60.000000;2.000000;30.000000;84.737877;0.000000;0.000000;0.000000;0.000000;0.000000;84.737877
1243;60.000000;6.000000;-30.000000;-84.737877;0.000000;0.000000;0.000000;0.000000;0.000000;84.737877
1244;60.000000;6.000000;30.000000;84.737877;0.000000;0.000000;0.000000;0.000000;0.000000;84.737877
1245;60.000000;10.000000;-30.000000;-84.737877;0.000000;0.000000;0.000000;0.000000;0.000000;84.737877
1246;60.000000;10.000000;30.000000;84.737877;0.000000;0.000000;0.000000;0.000000;0.000000;84.737877
1247;60.000000;14.000000;-30.000000;-84.737877;0.000000;0.000000;0.000000;0.000000;0.000000;84.737877
1248;60.000000;14.000000;30.000000;84.737877;0.000000;0.000000;0.000000;0.000000;0.000000;84.737877
1249;60.000000;18.000000;-30.000000;-84.737877;0.000000;0.000000;0.000000;0.000000;0.000000;84.737877
1250;60.000000;18.000000;30.000000;84.737877;0.000000;0.000000;0.000000;0.000000;0.000000;84.737877
1251;60.000000;22.000000;-30.000000;-84.737877;0.000000;0.000000;0.000000;0.000000;0.000000;84.737877
1252;60.000000;22.000000;30.000000;84.737877;0.000000;0.000000;0.000000;0.000000;0.000000;84.737877
1253;60.000000;26.000000;-30.000000;-84.737877;0.000000;0.000000;0.000000;0.000000;0.000000;84.737877
1254;60.000000;26.000000;30.000000;84.737877;0.000000;0.000000;0.000000;0.000000;0.000000;84.737877
1255;60.000000;30.000000;-30.000000;-84.737877;0.000000;0.000000;0.000000;0.000000;0.000000;84.737877
1256;60.000000;30.000000;30.000000;84.737877;0.000000;0.000000;0.000000;0.000000;0.000000;84.737877
1257;60.000000;34.000000;-30.000000;-84.737877;0.000000;0.000000;0.000000;0.000000;0.000000;84.737877
1258;60.000000;34.000000;30.000000;84.737877;0.000000;0.000000;0.000000;0.000000;0.000000;84.737877
1259;60.000000;38.000000;-30.000000;-84.737877;0.000000;0.000000;0.000000;0.000000;0.000000;84.737877
1260;60.000000;38.000000;30.000000;84.737877;0.000000;0.000000;0.000000;0.000000;0.000000;84.737877
1261;60.000000;42.000000;-30.000000;-84.737877;0.000000;0.000000;0.000000;0.000000;0.000000;84.737877
1262;60.000000;42.000000;30.000000;84.737877;0.000000;0.000000;0.000000;0.000000;0.000000;84.737877
1263;60.000000;46.000000;-30.000000;-84.737877;0.000000;0.000000;0.000000;0.000000;0.000000;84.737877
1264;60.000000;46.000000;30.000000;84.737877;0.000000;0.000000;0.000000;0.000000;0.000000;84.737877
1265;60.000000;50.000000;-30.000000;-84.737877;0.000000;0.000000;0.000000;0.000000;0.000000;84.737877
1266;60.000000;50.000000;-26.000000;-73.439494;0.000000;0.000000;0.000000;0.000000;0.000000;73.439494
1267;60.000000;50.000000;-22.000000;-62.141110;0.000000;0.000000;0.000000;0.000000;0.000000;62.141110
1268;60.000000;50.000000;-18.000000;-50.842726;0.000000;0.000000;0.000000;0.000000;0.000000;50.842726
1269;60.000000;50.000000;-14.000000;-39.544343;0.000000;0.000000;0.000000;0.000000;0.000000;39.544343
1270;60.000000;50.000000;-10.000000;-28.245959;0.000000;0.000000;0.000000;0.000000;0.000000;28.245959
1271;60.000000;50.000000;-6.000000;-16.947575;0.000000;0.000000;0.000000;0.000000;0.000000;16.947575
1272;60.000000;50.000000;-2.000000;-5.649192;0.000000;0.000000;0.000000;0.000000;0.000000;5.649192
1273;60.000000;50.000000;2.000000;5.649192;0.000000;0.000000;0.000000;0.000000;0.000000;5.649192
1274;60.000000;50.000000;6.000000;16.947575;0.000000;0.000000;0.000000;0.000000;0.000000;16.947575
1275;60.000000;50.000000;10.000000;28.245959;0.000000;0.000000;0.000000;0.000000;0.000000;28.245959
1276;60.000000;50.000000;14.000000;39.544343;0.000000;0.000000;0.000000;0.000000;0.000000;39.544343
1277;60.000000;50.000000;18.000000;50.842726;0.000000;0.000000;0.000000;0.000000;0.000000;50.842726
1278;60.000000;50.000000;22.000000;62.141110;0.000000;0.000000;0.000000;0.000000;0.000000;62.141110
1279;60.000000;50.000000;26.000000;73.439494;0.000000;0.000000;0.000000;0.000000;0.000000;73.439494
1280;60.000000;50.000000;30.000000;84.737877;0.000000;0.000000;0.000000;0.000000;0.000000;84.737877
1281;64.000000;-50.000000;-30.000000;-83.740961;0.000000;0.000000;0.000000;0.000000;0.000000;83.740961
1282;64.000000;-50.000000;-26.000000;-72.575500;0.000000;0.000000;0.000000;0.000000;0.000000;72.575500
1283;64.000000;-50.000000;-22.000000;-61.410038;0.000000;0.000000;0.000000;0.000000;0.000000;61.410038
1284;64.000000;-50.000000;-18.000000;-50.244577;0.000000;0.000000;0.000000;0.000000;0.000000;50.244577
1285;64.000000;-50.000000;-14.000000;-39.079115;0.000000;0.000000;0.000000;0.000000;0.000000;39.079115
1286;64.000000;-50.000000;-10.000000;-27.913654;0.000000;0.000000;0.000000;0.000000;0.000000;27.913654
1287;64.000000;-50.000000;-6.000000;-16.748192;0.000000;0.000000;0.000000;0.000000;0.000000;16.748192
1288;64.000000;-50.000000;-2.000000;-5.582731;0.000000;0.000000;0.000000;0.000000;0.000000;5.582731
1289;64.000000;-50.000000;2.000000;5.582731;0.000000;0.000000;0.000000;0.000000;0.000000;5.582731
1290;64.000000;-50.000000;6.000000;16.748192;0.000000;0.000000;0.000000;0.000000;0.000000;16.748192
1291;64.000000;-50.000000;10.000000;27.913654;0.000000;0.000000;0.000000;0.000000;0.000000;27.913654
1292;64.000000;-50.000000;14.000000;39.079115;0.000000;0.000000;0.000000;0.000000;0.000000;39.079115
1293;64.000000;-50.000000;18.000000;50.244577;0.000000;0.000000;0.000000;0.000000;0.000000;50.244577
1294;64.000000;-50.000000;22.000000;61.410038;0.000000;0.000000;0.000000;0.000000;0.000000;61.410038
1295;64.000000;-50.000000;26.000000;72.575500;0.000000;0.000000;0.000000;0.000000;0.000000;72.575500
1296;64.000000;-50.000000;30.000000;83.740961;0.000000;0.000000;0.000000;0.000000;0.000000;83.740961
1297;64.000000;-46.000000;-30.000000;-83.740961;0.000000;0.000000;0.000000;0.000000;0.000000;83.740961
1298;64.000000;-46.000000;30.000000;83.740961;0.000000;0.000000;0.000000;0.000000;0.000000;83.740961
1299;64.000000;-42.000000;-30.000000;-83.740961;0.000000;0.000000;0.000000;0.000000;0.000000;83.740961
1300;64.000000;-42.000000;30.000000;83.740961;0.000000;0.000000;0.000000;0.000000;0.000000;83.740961
1301;64.000000;-38.000000;-30.000000;-83.740961;0.000000;0.000000;0.000000;0.000000;0.000000;83.740961
1302;64.000000;-38.000000;30.000000;83.740961;0.000000;0.000000;0.000000;0.000000;0.000000;83.740961
1303;64.000000;-34.000000;-30.000000;-83.740961;0.000000;0.000000;0.000000;0.000000;0.000000;83.740961
1304;64.000000;-34.000000;30.000000;83.740961;0.000000;0.000000;0.000000;0.000000;0.000000;83.740961
1305;64.000000;-30.000000;-30.000000;-83.740961;0.000000;0.000000;0.000000;0.000000;0.000000;83.740961
1306;64.000000;-30.000000;30.000000;83.740961;0.000000;0.000000;0.000000;0.000000;0.000000;83.740961
1307;64.000000;-26.000000;-30.000000;-83.740961;0.000000;0.000000;0.000000;0.000000;0.000000;83.740961
1308;64.000000;-26.000000;30.000000;83.740961;0.000000;0.000000;0.000000;0.000000;0.000000;83.740961
1309;64.000000;-22.000000;-30.000000;-83.740961;0.000000;0.000000;0.000000;0.000000;0.000000;83.740961
1310;64.000000;-22.000000;30.000000;83.740961;0.000000;0.000000;0.000000;0.000000;0.000000;83.740961
1311;64.000000;-18.000000;-30.000000;-83.740961;0.000000;0.000000;0.000000;0.000000;0.000000;83.740961
1312;64.000000;-18.000000;30.000000;83.740961;0.000000;0.000000;0.000000;0.000000;0.000000;83.740961
1313;64.000000;-14.000000;-30.000000;-83.740961;0.000000;0.000000;0.000000;0.000000;0.000000;83.740961
1314;64.000000;-14.000000;30.000000;83.740961;0.000000;0.000000;0.000000;0.000000;0.000000;83.740961
1315;64.000000;-10.000000;-30.000000;-83.740961;0.000000;0.000000;0.000000;0.000000;0.000000;83.740961
1316;64.000000;-10.000000;30.000000;83.740961;0.000000;0.000000;0.000000;0.000000;0.000000;83.740961
1317;64.000000;-6.000000;-30.000000;-83.740961;0.000000;0.000000;0.000000;0.000000;0.000000;83.740961
1318;64.000000;-6.000000;30.000000;83.740961;0.000000;0.000000;0.000000;0.000000;0.000000;83.740961
1319;64.000000;-2.000000;-30.000000;-83.740961;0.000000;0.000000;0.000000;0.000000;0.000000;83.740961
1320;64.000000;-2.000000;30.000000;83.740961;0.000000;0.000000;0.000000;0.000000;0.000000;83.740961
1321;64.000000;2.000000;-30.000000;-83.740961;0.000000;0.000000;0.000000;0.000000;0.000000;83.740961
1322;64.000000;2.000000;30.000000;83.740961;0.000000;0.000000;0.000000;0.000000;0.000000;83.740961
1323;64.000000;6.000000;-30.000000;-83.740961;0.000000;0.000000;0.000000;0.000000;0.000000;83.740961
1324;64.000000;6.000000;30.000000;83.740961;0.000000;0.000000;0.000000;0.000000;0.000000;83.740961
1325;64.000000;10.000000;-30.000000;-83.740961;0.000000;0.000000;0.000000;0.000000;0.000000;83.740961
1326;64.000000;10.000000;30.000000;83.740961;0.000000;0.000000;0.000000;0.000000;0.000000;83.740961
1327;64.000000;14.000000;-30.000000;-83.740961;0.000000;0.000000;0.000000;0.000000;0.000000;83.740961
1328;64.000000;14.000000;30.000000;83.740961;0.000000;0.000000;0.000000;0.000000;0.000000;83.740961
1329;64.000000;18.000000;-30.000000;-83.740961;0.000000;0.000000;0.000000;0.000000;0.000000;83.740961
1330;64.000000;18.000000;30.000000;83.740961;0.000000;0.000000;0.000000;0.000000;0.000000;83.740961
1331;64.000000;22.000000;-30.000000;-83.740961;0.000000;0.000000;0.000000;0.000000;0.000000;83.740961
1332;64.000000;22.000000;30.000000;83.740961;0.000000;0.000000;0.000000;0.000000;0.000000;83.740961
1333;64.000000;26.000000;-30.000000;-83.740961;0.000000;0.000000;0.000000;0.000000;0.000000;83.740961
1334;64.000000;26.000000;30.000000;83.740961;0.000000;0.000000;0.000000;0.000000;0.000000;83.740961
1335;64.000000;30.000000;-30.000000;-83.740961;0.000000;0.000000;0.000000;0.000000;0.000000;83.740961
1336;64.000000;30.000000;30.000000;83.740961;0.000000;0.000000;0.000000;0.000000;0.000000;83.740961
1337;64.000000;34.000000;-30.000000;-83.740961;0.000000;0.000000;0.000000;0.000000;0.000000;83.740961
1338;64.000000;34.000000;30.000000;83.740961;0.000000;0.000000;0.000000;0.000000;0.000000;83.740961
1339;64.000000;38.000000;-30.000000;-83.740961;0.000000;0.000000;0.000000;0.000000;0.000000;83.740961
1340;64.000000;38.000000;30.000000;83.740961;0.000000;0.000000;0.000000;0.000000;0.000000;83.740961
1341;64.000000;42.000000;-30.000000;-83.740961;0.000000;0.000000;0.000000;0.000000;0.000000;83.740961
1342;64.000000;42.000000;30.000000;83.740961;0.000000;0.000000;0.000000;0.000000;0.000000;83.740961
1343;64.000000;46.000000;-30.000000;-83.740961;0.000000;0.000000;0.000000;0.000000;0.000000;83.740961
1344;64.000000;46.000000;30.000000;83.740961;0.000000;0.000000;0.000000;0.000000;0.000000;83.740961
1345;64.000000;50.000000;-30.000000;-83.740961;0.000000;0.000000;0.000000;0.000000;0.000000;83.740961
1346;64.000000;50.000000;-26.000000;-72.575500;0.000000;0.000000;0.000000;0.000000;0.000000;72.575500
1347;64.000000;50.000000;-22.000000;-61.410038;0.000000;0.000000;0.000000;0.000000;0.000000;61.410038
1348;64.000000;50.000000;-18.000000;-50.244577;0.000000;0.000000;0.000000;0.000000;0.000000;50.244577
1349;64.000000;50.000000;-14.000000;-39.079115;0.000000;0.000000;0.000000;0.000000;0.000000;39.079115
1350;64.000000;50.000000;-10.000000;-27.913654;0.000000;0.000000;0.000000;0.000000;0.000000;27.913654
1351;64.000000;50.000000;-6.000000;-16.748192;0.000000;0.000000;0.000000;0.000000;0.000000;16.748192
1352;64.000000;50.000000;-2.000000;-5.582731;0.000000;0.000000;0.000000;0.000000;0.000000;5.582731
1353;64.000000;50.000000;2.000000;5.582731;0.000000;0.000000;0.000000;0.000000;0.000000;5.582731
1354;64.000000;50.000000;6.000000;16.748192;0.000000;0.000000;0.000000;0.000000;0.000000;16.748192
1355;64.000000;50.000000;10.000000;27.913654;0.000000;0.000000;0.000000;0.000000;0.000000;27.913654
1356;64.000000;50.000000;14.000000;39.079115;0.000000;0.000000;0.000000;0.000000;0.000000;39.079115
1357;64.000000;50.000000;18.000000;50.244577;0.000000;0.000000;0.000000;0.000000;0.000000;50.244577
1358;64.000000;50.000000;22.000000;61.410038;0.000000;0.000000;0.000000;0.000000;0.000000;61.410038
1359;64.000000;50.000000;26.000000;72.575500;0.000000;0.000000;0.000000;0.000000;0.000000;72.575500
1360;64.000000;50.000000;30.000000;83.740961;0.000000;0.000000;0.000000;0.000000;0.000000;83.740961
1361;68.000000;-50.000000;-30.000000;-82.744045;0.000000;0.000000;0.000000;0.000000;0.000000;82.744045
1362;68.000000;-50.000000;-26.000000;-71.711506;0.000000;0.000000;0.000000;0.000000;0.000000;71.711506
1363;68.000000;-50.000000;-22.000000;-60.678966;0.000000;0.000000;0.000000;0.000000;0.000000;60.678966
1364;68.000000;-50.000000;-18.000000;-49.646427;0.000000;0.000000;0.000000;0.000000;0.000000;49.646427
1365;68.000000;-50.000000;-14.000000;-38.613888;0.000000;0.000000;0.000000;0.000000;0.000000;38.613888
1366;68.000000;-50.000000;-10.000000;-27.581348;0.000000;0.000000;0.000000;0.000000;0.000000;27.581348
1367;68.000000;-50.000000;-6.000000;-16.548809;0.000000;0.000000;0.000000;0.000000;0.000000;16.548809
1368;68.000000;-50.000000;-2.000000;-5.516270;0.000000;0.000000;0.000000;0.000000;0.000000;5.516270
1369;68.000000;-50.000000;2.000000;5.516270;0.000000;0.000000;0.000000;0.000000;0.000000;5.516270
1370;68.000000;-50.000000;6.000000;16.548809;0.000000;0.000000;0.000000;0.000000;0.000000;16.548809
1371;68.000000;-50.000000;10.000000;27.581348;0.000000;0.000000;0.000000;0.000000;0.000000;27.581348
1372;68.000000;-50.000000;14.000000;38.613888;0.000000;0.000000;0.000000;0.000000;0.000000;38.613888
1373;68.000000;-50.000000;18.000000;49.646427;0.000000;0.000000;0.000000;0.000000;0.000000;49.646427
1374;68.000000;-50.000000;22.000000;60.678966;0.000000;0.000000;0.000000;0.000000;0.000000;60.678966
1375;68.000000;-50.000000;26.000000;71.711506;0.000000;0.000000;0.000000;0.000000;0.000000;71.711506
1376;68.000000;-50.000000;30.000000;82.744045;0.000000;0.000000;0.000000;0.000000;0.000000;82.744045
1377;68.000000;-46.000000;-30.000000;-82.744045;0.000000;0.000000;0.000000;0.000000;0.000000;82.744045
1378;68.000000;-46.000000;30.000000;82.744045;0.000000;0.000000;0.000000;0.000000;0.000000;82.744045
1379;68.000000;-42.000000;-30.000000;-82.744045;0.000000;0.000000;0.000000;0.000000;0.000000;82.744045
1380;68.000000;-42.000000;30.000000;82.744045;0.000000;0.000000;0.000000;0.000000;0.000000;82.744045
1381;68.000000;-38.000000;-30.000000;-82.744045;0.000000;0.000000;0.000000;0.000000;0.000000;82.744045
1382;68.000000;-38.000000;30.000000;82.744045;0.000000;0.000000;0.000000;0.000000;0.000000;82.744045
1383;68.000000;-34.000000;-30.000000;-82.744045;0.000000;0.000000;0.000000;0.000000;0.000000;82.744045
1384;68.000000;-34.000000;30.000000;82.744045;0.000000;0.000000;0.000000;0.000000;0.000000;82.744045
1385;68.000000;-30.000000;-30.000000;-82.744045;0.000000;0.000000;0.000000;0.000000;0.000000;82.744045
1386;68.000000;-30.000000;30.000000;82.744045;0.000000;0.000000;0.000000;0.000000;0.000000;82.744045
1387;68.000000;-26.000000;-30.000000;-82.744045;0.000000;0.000000;0.000000;0.000000;0.000000;82.744045
1388;68.000000;-26.000000;30.000000;82.744045;0.000000;0.000000;0.000000;0.000000;0.000000;82.744045
1389;68.000000;-22.000000;-30.000000;-82.744045;0.000000;0.000000;0.000000;0.000000;0.000000;82.744045
1390;68.000000;-22.000000;30.000000;82.744045;0.000000;0.000000;0.000000;0.000000;0.000000;82.744045
1391;68.000000;-18.000000;-30.000000;-82.744045;0.000000;0.000000;0.000000;0.000000;0.000000;82.744045
1392;68.000000;-18.000000;30.000000;82.744045;0.000000;0.000000;0.000000;0.000000;0.000000;82.744045
1393;68.000000;-14.000000;-30.000000;-82.744045;0.000000;0.000000;0.000000;0.000000;0.000000;82.744045
1394;68.000000;-14.000000;30.000000;82.744045;0.000000;0.000000;0.000000;0.000000;0.000000;82.744045
1395;68.000000;-10.000000;-30.000000;-82.744045;0.000000;0.000000;0.000000;0.000000;0.000000;82.744045
1396;68.000000;-10.000000;30.000000;82.744045;0.000000;0.000000;0.000000;0.000000;0.000000;82.744045
1397;68.000000;-6.000000;-30.000000;-82.744045;0.000000;0.000000;0.000000;0.000000;0.000000;82.744045
1398;68.000000;-6.000000;30.000000;82.744045;0.000000;0.000000;0.000000;0.000000;0.000000;82.744045
1399;68.000000;-2.000000;-30.000000;-82.744045;0.000000;0.000000;0.000000;0.000000;0.000000;82.744045
1400;68.000000;-2.000000;30.000000;82.744045;0.000000;0.000000;0.000000;0.000000;0.000000;82.744045
1401;68.000000;2.000000;-30.000000;-82.744045;0.000000;0.000000;0.000000;0.000000;0.000000;82.744045
1402;68.000000;2.000000;30.000000;82.744045;0.000000;0.000000;0.000000;0.000000;0.000000;82.744045
1403;68.000000;6.000000;-30.000000;-82.744045;0.000000;0.000000;0.000000;0.000000;0.000000;82.744045
1404;68.000000;6.000000;30.000000;82.744045;0.000000;0.000000;0.000000;0.000000;0.000000;82.744045
1405;68.000000;10.000000;-30.000000;-82.744045;0.000000;0.000000;0.000000;0.000000;0.000000;82.744045
1406;68.000000;10.000000;30.000000;82.744045;0.000000;0.000000;0.000000;0.000000;0.000000;82.744045
1407;68.000000;14.000000;-30.000000;-82.744045;0.000000;0.000000;0.000000;0.000000;0.000000;82.744045
1408;68.000000;14.000000;30.000000;82.744045;0.000000;0.000000;0.000000;0.000000;0.000000;82.744045
1409;68.000000;18.000000;-30.000000;-82.744045;0.000000;0.000000;0.000000;0.000000;0.000000;82.744045
1410;68.000000;18.000000;30.000000;82.744045;0.000000;0.000000;0.000000;0.000000;0.000000;82.744045
1411;68.000000;22.000000;-30.000000;-82.744045;0.000000;0.000000;0.000000;0.000000;0.000000;82.744045
1412;68.000000;22.000000;30.000000;82.744045;0.000000;0.000000;0.000000;0.000000;0.000000;82.744045
1413;68.000000;26.000000;-30.000000;-82.744045;0.000000;0.000000;0.000000;0.000000;0.000000;82.744045
1414;68.000000;26.000000;30.000000;82.744045;0.000000;0.000000;0.000000;0.000000;0.000000;82.744045
1415;68.000000;30.000000;-30.000000;-82.744045;0.000000;0.000000;0.000000;0.000000;0.000000;82.744045
1416;68.000000;30.000000;30.000000;82.744045;0.000000;0.000000;0.000000;0.000000;0.000000;82.744045
1417;68.000000;34.000000;-30.000000;-82.744045;0.000000;0.000000;0.000000;0.000000;0.000000;82.744045
1418;68.000000;34.000000;30.000000;82.744045;0.000000;0.000000;0.000000;0.000000;0.000000;82.744045
1419;68.000000;38.000000;-30.000000;-82.744045;0.000000;0.000000;0.000000;0.000000;0.000000;82.744045
1420;68.000000;38.000000;30.000000;82.744045;0.000000;0.000000;0.000000;0.000000;0.000000;82.744045
1421;68.000000;42.000000;-30.000000;-82.744045;0.000000;0.000000;0.000000;0.000000;0.000000;82.744045
1422;68.000000;42.000000;30.000000;82.744045;0.000000;0.000000;0.000000;0.000000;0.000000;82.744045
1423;68.000000;46.000000;-30.000000;-82.744045;0.000000;0.000000;0.000000;0.000000;0.000000;82.744045
1424;68.000000;46.000000;30.000000;82.744045;0.000000;0.000000;0.000000;0.000000;0.000000;82.744045
1425;68.000000;50.000000;-30.000000;-82.744045;0.000000;0.000000;0.000000;0.000000;0.000000;82.744045
1426;68.000000;50.000000;-26.000000;-71.711506;0.000000;0.000000;0.000000;0.000000;0.000000;71.711506
1427;68.000000;50.000000;-22.000000;-60.678966;0.000000;0.000000;0.000000;0.000000;0.000000;60.678966
1428;68.000000;50.000000;-18.000000;-49.646427;0.000000;0.000000;0.000000;0.000000;0.000000;49.646427
1429;68.000000;50.000000;-14.000000;-38.613888;0.000000;0.000000;0.000000;0.000000;0.000000;38.613888
1430;68.000000;50.000000;-10.000000;-27.581348;0.000000;0.000000;0.000000;0.000000;0.000000;27.581348
1431;68.000000;50.000000;-6.000000;-16.548809;0.000000;0.000000;0.000000;0.000000;0.000000;16.548809
1432;68.000000;50.000000;-2.000000;-5.516270;0.000000;0.000000;0.000000;0.000000;0.000000;5.516270
1433;68.000000;50.000000;2.000000;5.516270;0.000000;0.000000;0.000000;0.000000;0.000000;5.516270
1434;68.000000;50.000000;6.000000;16.548809;0.000000;0.000000;0.000000;0.000000;0.000000;16.548809
1435;68.000000;50.000000;10.000000;27.581348;0.000000;0.000000;0.000000;0.000000;0.000000;27.581348
1436;68.000000;50.000000;14.000000;38.613888;0.000000;0.000000;0.000000;0.000000;0.000000;38.613888
1437;68.000000;50.000000;18.000000;49.646427;0.000000;0.000000;0.000000;0.000000;0.000000;49.646427
1438;68.000000;50.000000;22.000000;60.678966;0.000000;0.000000;0.000000;0.000000;0.000000;60.678966
1439;68.000000;50.000000;26.000000;71.711506;0.000000;0.000000;0.000000;0.000000;0.000000;71.711506
1440;68.000000;50.000000;30.000000;82.744045;0.000000;0.000000;0.000000;0.000000;0.000000;82.744045
1441;72.000000;-50.000000;-30.000000;-81.747129;0.000000;0.000000;0.000000;0.000000;0.000000;81.747129
1442;72.000000;-50.000000;-26.000000;-70.847512;0.000000;0.000000;0.000000;0.000000;0.000000;70.847512
1443;72.000000;-50.000000;-22.000000;-59.947895;0.000000;0.000000;0.000000;0.000000;0.000000;59.947895
1444;72.000000;-50.000000;-18.000000;-49.048277;0.000000;0.000000;0.000000;0.000000;0.000000;49.048277
1445;72.000000;-50.000000;-14.000000;-38.148660;0.000000;0.000000;0.000000;0.000000;0.000000;38.148660
1446;72.000000;-50.000000;-10.000000;-27.249043;0.000000;0.000000;0.000000;0.000000;0.000000;27.249043
1447;72.000000;-50.000000;-6.000000;-16.349426;0.000000;0.000000;0.000000;0.000000;0.000000;16.349426
1448;72.000000;-50.000000;-2.000000;-5.449809;0.000000;0.000000;0.000000;0.000000;0.000000;5.449809
1449;72.000000;-50.000000;2.000000;5.449809;0.000000;0.000000;0.000000;0.000000;0.000000;5.449809
1450;72.000000;-50.000000;6.000000;16.349426;0.000000;0.000000;0.000000;0.000000;0.000000;16.349426
1451;72.000000;-50.000000;10.000000;27.249043;0.000000;0.000000;0.000000;0.000000;0.000000;27.249043
1452;72.000000;-50.000000;14.000000;38.148660;0.000000;0.000000;0.000000;0.000000;0.000000;38.148660
1453;72.000000;-50.000000;18.000000;49.048277;0.000000;0.000000;0.000000;0.000000;0.000000;49.048277
1454;72.000000;-50.000000;22.000000;59.947895;0.000000;0.000000;0.000000;0.000000;0.000000;59.947895
1455;72.000000;-50.000000;26.000000;70.847512;0.000000;0.000000;0.000000;0.000000;0.000000;70.847512
1456;72.000000;-50.000000;30.000000;81.747129;0.000000;0.000000;0.000000;0.000000;0.000000;81.747129
1457;72.000000;-46.000000;-30.000000;-81.747129;0.000000;0.000000;0.000000;0.000000;0.000000;81.747129
1458;72.000000;-46.000000;30.000000;81.747129;0.000000;0.000000;0.000000;0.000000;0.000000;81.747129
1459;72.000000;-42.000000;-30.000000;-81.747129;0.000000;0.000000;0.000000;0.000000;0.000000;81.747129
1460;72.000000;-42.000000;30.000000;81.747129;0.000000;0.000000;0.000000;0.000000;0.000000;81.747129
1461;72.000000;-38.000000;-30.000000;-81.747129;0.000000;0.000000;0.000000;0.000000;0.000000;81.747129
1462;72.000000;-38.000000;30.000000;81.747129;0.000000;0.000000;0.000000;0.000000;0.000000;81.747129
1463;72.000000;-34.000000;-30.000000;-81.747129;0.000000;0.000000;0.000000;0.000000;0.000000;81.747129
1464;72.000000;-34.000000;30.000000;81.747129;0.000000;0.000000;0.000000;0.000000;0.000000;81.747129
1465;72.000000;-30.000000;-30.000000;-81.747129;0.000000;0.000000;0.000000;0.000000;0.000000;81.747129
1466;72.000000;-30.000000;30.000000;81.747129;0.000000;0.000000;0.000000;0.000000;0.000000;81.747129
1467;72.000000;-26.000000;-30.000000;-81.747129;0.000000;0.000000;0.000000;0.000000;0.000000;81.747129
1468;72.000000;-26.000000;30.000000;81.747129;0.000000;0.000000;0.000000;0.000000;0.000000;81.747129
1469;72.000000;-22.000000;-30.000000;-81.747129;0.000000;0.000000;0.000000;0.000000;0.000000;81.747129
1470;72.000000;-22.000000;30.000000;81.747129;0.000000;0.000000;0.000000;0.000000;0.000000;81.747129
1471;72.000000;-18.000000;-30.000000;-81.747129;0.000000;0.000000;0.000000;0.000000;0.000000;81.747129
1472;72.000000;-18.000000;30.000000;81.747129;0.000000;0.000000;0.000000;0.000000;0.000000;81.747129
1473;72.000000;-14.000000;-30.000000;-81.747129;0.000000;0.000000;0.000000;0.000000;0.000000;81.747129
1474;72.000000;-14.000000;30.000000;81.747129;0.000000;0.000000;0.000000;0.000000;0.000000;81.747129
1475;72.000000;-10.000000;-30.000000;-81.747129;0.000000;0.000000;0.000000;0.000000;0.000000;81.747129
1476;72.000000;-10.000000;30.000000;81.747129;0.000000;0.000000;0.000000;0.000000;0.000000;81.747129
1477;72.000000;-6.000000;-30.000000;-81.747129;0.000000;0.000000;0.000000;0.000000;0.000000;81.747129
1478;72.000000;-6.000000;30.000000;81.747129;0.000000;0.000000;0.000000;0.000000;0.000000;81.747129
1479;72.000000;-2.000000;-30.000000;-81.747129;0.000000;0.000000;0.000000;0.000000;0.000000;81.747129
1480;72.000000;-2.000000;30.000000;81.747129;0.000000;0.000000;0.000000;0.000000;0.000000;81.747129
1481;72.000000;2.000000;-30.000000;-81.747129;0.000000;0.000000;0.000000;0.000000;0.000000;81.747129
1482;72.000000;2.000000;30.000000;81.747129;0.000000;0.000000;0.000000;0.000000;0.000000;81.747129
1483;72.000000;6.000000;-30.000000;-81.747129;0.000000;0.000000;0.000000;0.000000;0.000000;81.747129
1484;72.000000;6.000000;30.000000;81.747129;0.000000;0.000000;0.000000;0.000000;0.000000;81.747129
1485;72.000000;10.000000;-30.000000;-81.747129;0.000000;0.000000;0.000000;0.000000;0.000000;81.747129
1486;72.000000;10.000000;30.000000;81.747129;0.000000;0.000000;0.000000;0.000000;0.000000;81.747129
1487;72.000000;14.000000;-30.000000;-81.747129;0.000000;0.000000;0.000000;0.000000;0.000000;81.747129
1488;72.000000;14.000000;30.000000;81.747129;0.000000;0.000000;0.000000;0.000000;0.000000;81.747129
1489;72.000000;18.000000;-30.000000;-81.747129;0.000000;0.000000;0.000000;0.000000;0.000000;81.747129
1490;72.000000;18.000000;30.000000;81.747129;0.000000;0.000000;0.000000;0.000000;0.000000;81.747129
1491;72.000000;22.000000;-30.000000;-81.747129;0.000000;0.000000;0.000000;0.000000;0.000000;81.747129
1492;72.000000;22.000000;30.000000;81.747129;0.000000;0.000000;0.000000;0.000000;0.000000;81.747129
1493;72.000000;26.000000;-30.000000;-81.747129;0.000000;0.000000;0.000000;0.000000;0.000000;81.747129
1494;72.000000;26.000000;30.000000;81.747129;0.000000;0.000000;0.000000;0.000000;0.000000;81.747129
1495;72.000000;30.000000;-30.000000;-81.747129;0.000000;0.000000;0.000000;0.000000;0.000000;81.747129
1496;72.000000;30.000000;30.000000;81.747129;0.000000;0.000000;0.000000;0.000000;0.000000;81.747129
1497;72.000000;34.000000;-30.000000;-81.747129;0.000000;0.000000;0.000000;0.000000;0.000000;81.747129
1498;72.000000;34.000000;30.000000;81.747129;0.000000;0.000000;0.000000;0.000000;0.000000;81.747129
1499;72.000000;38.000000;-30.000000;-81.747129;0.000000;0.000000;0.000000;0.000000;0.000000;81.747129
1500;72.000000;38.000000;30.000000;81.747129;0.000000;0.000000;0.000000;0.000000;0.000000;81.747129
1501;72.000000;42.000000;-30.000000;-81.747129;0.000000;0.000000;0.000000;0.000000;0.000000;81.747129
1502;72.000000;42.000000;30.000000;81.747129;0.000000;0.000000;0.000000;0.000000;0.000000;81.747129
1503;72.000000;46.000000;-30.000000;-81.747129;0.000000;0.000000;0.000000;0.000000;0.000000;81.747129
1504;72.000000;46.000000;30.000000;81.747129;0.000000;0.000000;0.000000;0.000000;0.000000;81.747129
1505;72.000000;50.000000;-30.000000;-81.747129;0.000000;0.000000;0.000000;0.000000;0.000000;81.747129
1506;72.000000;50.000000;-26.000000;-70.847512;0.000000;0.000000;0.000000;0.000000;0.000000;70.847512
1507;72.000000;50.000000;-22.000000;-59.947895;0.000000;0.000000;0.000000;0.000000;0.000000;59.947895
1508;72.000000;50.000000;-18.000000;-49.048277;0.000000;0.000000;0.000000;0.000000;0.000000;49.048277
1509;72.000000;50.000000;-14.000000;-38.148660;0.000000;0.000000;0.000000;0.000000;0.000000;38.148660
1510;72.000000;50.000000;-10.000000;-27.249043;0.000000;0.000000;0.000000;0.000000;0.000000;27.249043
1511;72.000000;50.000000;-6.000000;-16.349426;0.000000;0.000000;0.000000;0.000000;0.000000;16.349426
1512;72.000000;50.000000;-2.000000;-5.449809;0.000000;0.000000;0.000000;0.000000;0.000000;5.449809
1513;72.000000;50.000000;2.000000;5.449809;0.000000;0.000000;0.000000;0.000000;0.000000;5.449809
1514;72.000000;50.000000;6.000000;16.349426;0.000000;0.000000;0.000000;0.000000;0.000000;16.349426
1515;72.000000;50.000000;10.000000;27.249043;0.000000;0.000000;0.000000;0.000000;0.000000;27.249043
1516;72.000000;50.000000;14.000000;38.148660;0.000000;0.000000;0.000000;0.000000;0.000000;38.148660
1517;72.000000;50.000000;18.000000;49.048277;0.000000;0.000000;0.000000;0.000000;0.000000;49.048277
1518;72.000000;50.000000;22.000000;59.947895;0.000000;0.000000;0.000000;0.000000;0.000000;59.947895
1519;72.000000;50.000000;26.000000;70.847512;0.000000;0.000000;0.000000;0.000000;0.000000;70.847512
1520;72.000000;50.000000;30.000000;81.747129;0.000000;0.000000;0.000000;0.000000;0.000000;81.747129
1521;76.000000;-50.000000;-30.000000;-80.750213;0.000000;0.000000;0.000000;0.000000;0.000000;80.750213
1522;76.000000;-50.000000;-26.000000;-69.983518;0.000000;0.000000;0.000000;0.000000;0.000000;69.983518
1523;76.000000;-50.000000;-22.000000;-59.216823;0.000000;0.000000;0.000000;0.000000;0.000000;59.216823
1524;76.000000;-50.000000;-18.000000;-48.450128;0.000000;0.000000;0.000000;0.000000;0.000000;48.450128
1525;76.000000;-50.000000;-14.000000;-37.683433;0.000000;0.000000;0.000000;0.000000;0.000000;37.683433
1526;76.000000;-50.000000;-10.000000;-26.916738;0.000000;0.000000;0.000000;0.000000;0.000000;26.916738
1527;76.000000;-50.000000;-6.000000;-16.150043;0.000000;0.000000;0.000000;0.000000;0.000000;16.150043
1528;76.000000;-50.000000;-2.000000;-5.383348;0.000000;0.000000;0.000000;0.000000;0.000000;5.383348
1529;76.000000;-50.000000;2.000000;5.383348;0.000000;0.000000;0.000000;0.000000;0.000000;5.383348
1530;76.000000;-50.000000;6.000000;16.150043;0.000000;0.000000;0.000000;0.000000;0.000000;16.150043
1531;76.000000;-50.000000;10.000000;26.916738;0.000000;0.000000;0.000000;0.000000;0.000000;26.916738
1532;76.000000;-50.000000;14.000000;37.683433;0.000000;0.000000;0.000000;0.000000;0.000000;37.683433
1533;76.000000;-50.000000;18.000000;48.450128;0.000000;0.000000;0.000000;0.000000;0.000000;48.450128
1534;76.000000;-50.000000;22.000000;59.216823;0.000000;0.000000;0.000000;0.000000;0.000000;59.216823
1535;76.000000;-50.000000;26.000000;69.983518;0.000000;0.000000;0.000000;0.000000;0.000000;69.983518
1536;76.000000;-50.000000;30.000000;80.750213;0.000000;0.000000;0.000000;0.000000;0.000000;80.750213
1537;76.000000;-46.000000;-30.000000;-80.750213;0.000000;0.000000;0.000000;0.000000;0.000000;80.750213
1538;76.000000;-46.000000;30.000000;80.750213;0.000000;0.000000;0.000000;0.000000;0.000000;80.750213
1539;76.000000;-42.000000;-30.000000;-80.750213;0.000000;0.000000;0.000000;0.000000;0.000000;80.750213
1540;76.000000;-42.000000;30.000000;80.750213;0.000000;0.000000;0.000000;0.000000;0.000000;80.750213
1541;76.000000;-38.000000;-30.000000;-80.750213;0.000000;0.000000;0.000000;0.000000;0.000000;80.750213
1542;76.000000;-38.000000;30.000000;80.750213;0.000000;0.000000;0.000000;0.000000;0.000000;80.750213
1543;76.000000;-34.000000;-30.000000;-80.750213;0.000000;0.000000;0.000000;0.000000;0.000000;80.750213
1544;76.000000;-34.000000;30.000000;80.750213;0.000000;0.000000;0.000000;0.000000;0.000000;80.750213
1545;76.000000;-30.000000;-30.000000;-80.750213;0.000000;0.000000;0.000000;0.000000;0.000000;80.750213
1546;76.000000;-30.000000;30.000000;80.750213;0.000000;0.000000;0.000000;0.000000;0.000000;80.750213
1547;76.000000;-26.000000;-30.000000;-80.750213;0.000000;0.000000;0.000000;0.000000;0.000000;80.750213
1548;76.000000;-26.000000;30.000000;80.750213;0.000000;0.000000;0.000000;0.000000;0.000000;80.750213
1549;76.000000;-22.000000;-30.000000;-80.750213;0.000000;0.000000;0.000000;0.000000;0.000000;80.750213
1550;76.000000;-22.000000;30.000000;80.750213;0.000000;0.000000;0.000000;0.000000;0.000000;80.750213
1551;76.000000;-18.000000;-30.000000;-80.750213;0.000000;0.000000;0.000000;0.000000;0.000000;80.750213
1552;76.000000;-18.000000;30.000000;80.750213;0.000000;0.000000;0.000000;0.000000;0.000000;80.750213
1553;76.000000;-14.000000;-30.000000;-80.750213;0.000000;0.000000;0.000000;0.000000;0.000000;80.750213
1554;76.000000;-14.000000;30.000000;80.750213;0.000000;0.000000;0.000000;0.000000;0.000000;80.750213
1555;76.000000;-10.000000;-30.000000;-80.750213;0.000000;0.000000;0.000000;0.000000;0.000000;80.750213
1556;76.000000;-10.000000;30.000000;80.750213;0.000000;0.000000;0.000000;0.000000;0.000000;80.750213
1557;76.000000;-6.000000;-30.000000;-80.750213;0.000000;0.000000;0.000000;0.000000;0.000000;80.750213
1558;76.000000;-6.000000;30.000000;80.750213;0.000000;0.000000;0.000000;0.000000;0.000000;80.750213
1559;76.000000;-2.000000;-30.000000;-80.750213;0.000000;0.000000;0.000000;0.000000;0.000000;80.750213
1560;76.000000;-2.000000;30.000000;80.750213;0.000000;0.000000;0.000000;0.000000;0.000000;80.750213
1561;76.000000;2.000000;-30.000000;-80.750213;0.000000;0.000000;0.000000;0.000000;0.000000;80.750213
1562;76.000000;2.000000;30.000000;80.750213;0.000000;0.000000;0.000000;0.000000;0.000000;80.750213
1563;76.000000;6.000000;-30.000000;-80.750213;0.000000;0.000000;0.000000;0.000000;0.000000;80.750213
1564;76.000000;6.000000;30.000000;80.750213;0.000000;0.000000;0.000000;0.000000;0.000000;80.750213
1565;76.000000;10.000000;-30.000000;-80.750213;0.000000;0.000000;0.000000;0.000000;0.000000;80.750213
1566;76.000000;10.000000;30.000000;80.750213;0.000000;0.000000;0.000000;0.000000;0.000000;80.750213
1567;76.000000;14.000000;-30.000000;-80.750213;0.000000;0.000000;0.000000;0.000000;0.000000;80.750213
1568;76.000000;14.000000;30.000000;80.750213;0.000000;0.000000;0.000000;0.000000;0.000000;80.750213
1569;76.000000;18.000000;-30.000000;-80.750213;0.000000;0.000000;0.000000;0.000000;0.000000;80.750213
1570;76.000000;18.000000;30.000000;80.750213;0.000000;0.000000;0.000000;0.000000;0.000000;80.750213
1571;76.000000;22.000000;-30.000000;-80.750213;0.000000;0.000000;0.000000;0.000000;0.000000;80.750213
1572;76.000000;22.000000;30.000000;80.750213;0.000000;0.000000;0.000000;0.000000;0.000000;80.750213
1573;76.000000;26.000000;-30.000000;-80.750213;0.000000;0.000000;0.000000;0.000000;0.000000;80.750213
1574;76.000000;26.000000;30.000000;80.750213;0.000000;0.000000;0.000000;0.000000;0.000000;80.750213
1575;76.000000;30.000000;-30.000000;-80.750213;0.000000;0.000000;0.000000;0.000000;0.000000;80.750213
1576;76.000000;30.000000;30.000000;80.750213;0.000000;0.000000;0.000000;0.000000;0.000000;80.750213
1577;76.000000;34.000000;-30.000000;-80.750213;0.000000;0.000000;0.000000;0.000000;0.000000;80.750213
1578;76.000000;34.000000;30.000000;80.750213;0.000000;0.000000;0.000000;0.000000;0.000000;80.750213
1579;76.000000;38.000000;-30.000000;-80.750213;0.000000;0.000000;0.000000;0.000000;0.000000;80.750213
1580;76.000000;38.000000;30.000000;80.750213;0.000000;0.000000;0.000000;0.000000;0.000000;80.750213
1581;76.000000;42.000000;-30.000000;-80.750213;0.000000;0.000000;0.000000;0.000000;0.000000;80.750213
1582;76.000000;42.000000;30.000000;80.750213;0.000000;0.000000;0.000000;0.000000;0.000000;80.750213
1583;76.000000;46.000000;-30.000000;-80.750213;0.000000;0.000000;0.000000;0.000000;0.000000;80.750213
1584;76.000000;46.000000;30.000000;80.750213;0.000000;0.000000;0.000000;0.000000;0.000000;80.750213
1585;76.000000;50.000000;-30.000000;-80.750213;0.000000;0.000000;0.000000;0.000000;0.000000;80.750213
1586;76.000000;50.000000;-26.000000;-69.983518;0.000000;0.000000;0.000000;0.000000;0.000000;69.983518
1587;76.000000;50.000000;-22.000000;-59.216823;0.000000;0.000000;0.000000;0.000000;0.000000;59.216823
1588;76.000000;50.000000;-18.000000;-48.450128;0.000000;0.000000;0.000000;0.000000;0.000000;48.450128
1589;76.000000;50.000000;-14.000000;-37.683433;0.000000;0.000000;0.000000;0.000000;0.000000;37.683433
1590;76.000000;50.000000;-10.000000;-26.916738;0.000000;0.000000;0.000000;0.000000;0.000000;26.916738
1591;76.000000;50.000000;-6.000000;-16.150043;0.000000;0.000000;0.000000;0.000000;0.000000;16.150043
1592;76.000000;50.000000;-2.000000;-5.383348;0.000000;0.000000;0.000000;0.000000;0.000000;5.383348
1593;76.000000;50.000000;2.000000;5.383348;0.000000;0.000000;0.000000;0.000000;0.000000;5.383348
1594;76.000000;50.000000;6.000000;16.150043;0.000000;0.000000;0.000000;0.000000;0.000000;16.150043
1595;76.000000;50.000000;10.000000;26.916738;0.000000;0.000000;0.000000;0.000000;0.000000;26.916738
1596;76.000000;50.000000;14.000000;37.683433;0.000000;0.000000;0.000000;0.000000;0.000000;37.683433
1597;76.000000;50.000000;18.000000;48.450128;0.000000;0.000000;0.000000;0.000000;0.000000;48.450128
1598;76.000000;50.000000;22.000000;59.216823;0.000000;0.000000;0.000000;0.000000;0.000000;59.216823
1599;76.000000;50.000000;26.000000;69.983518;0.000000;0.000000;0.000000;0.000000;0.000000;69.983518
1600;76.000000;50.000000;30.000000;80.750213;0.000000;0.000000;0.000000;0.000000;0.000000;80.750213
1601;80.000000;-50.000000;-30.000000;-79.753296;0.000000;0.000000;0.000000;0.000000;0.000000;79.753296
1602;80.000000;-50.000000;-26.000000;-69.119524;0.000000;0.000000;0.000000;0.000000;0.000000;69.119524
1603;80.000000;-50.000000;-22.000000;-58.485751;0.000000;0.000000;0.000000;0.000000;0.000000;58.485751
1604;80.000000;-50.000000;-18.000000;-47.851978;0.000000;0.000000;0.000000;0.000000;0.000000;47.851978
1605;80.000000;-50.000000;-14.000000;-37.218205;0.000000;0.000000;0.000000;0.000000;0.000000;37.218205
1606;80.000000;-50.000000;-10.000000;-26.584432;0.000000;0.000000;0.000000;0.000000;0.000000;26.584432
1607;80.000000;-50.000000;-6.000000;-15.950659;0.000000;0.000000;0.000000;0.000000;0.000000;15.950659
1608;80.000000;-50.000000;-2.000000;-5.316886;0.000000;0.000000;0.000000;0.000000;0.000000;5.316886
1609;80.000000;-50.000000;2.000000;5.316886;0.000000;0.000000;0.000000;0.000000;0.000000;5.316886
1610;80.000000;-50.000000;6.000000;15.950659;0.000000;0.000000;0.000000;0.000000;0.000000;15.950659
1611;80.000000;-50.000000;10.000000;26.584432;0.000000;0.000000;0.000000;0.000000;0.000000;26.584432
1612;80.000000;-50.000000;14.000000;37.218205;0.000000;0.000000;0.000000;0.000000;0.000000;37.218205
1613;80.000000;-50.000000;18.000000;47.851978;0.000000;0.000000;0.000000;0.000000;0.000000;47.851978
1614;80.000000;-50.000000;22.000000;58.485751;0.000000;0.000000;0.000000;0.000000;0.000000;58.485751
1615;80.000000;-50.000000;26.000000;69.119524;0.000000;0.000000;0.000000;0.000000;0.000000;69.119524
1616;80.000000;-50.000000;30.000000;79.753296;0.000000;0.000000;0.000000;0.000000;0.000000;79.753296
1617;80.000000;-46.000000;-30.000000;-79.753296;0.000000;0.000000;0.000000;0.000000;0.000000;79.753296
1618;80.000000;-46.000000;30.000000;79.753296;0.000000;0.000000;0.000000;0.000000;0.000000;79.753296
1619;80.000000;-42.000000;-30.000000;-79.753296;0.000000;0.000000;0.000000;0.000000;0.000000;79.753296
1620;80.000000;-42.000000;30.000000;79.753296;0.000000;0.000000;0.000000;0.000000;0.000000;79.753296
1621;80.000000;-38.000000;-30.000000;-79.753296;0.000000;0.000000;0.000000;0.000000;0.000000;79.753296
1622;80.000000;-38.000000;30.000000;79.753296;0.000000;0.000000;0.000000;0.000000;0.000000;79.753296
1623;80.000000;-34.000000;-30.000000;-79.753296;0.000000;0.000000;0.000000;0.000000;0.000000;79.753296
1624;80.000000;-34.000000;30.000000;79.753296;0.000000;0.000000;0.000000;0.000000;0.000000;79.753296
1625;80.000000;-30.000000;-30.000000;-79.753296;0.000000;0.000000;0.000000;0.000000;0.000000;79.753296
1626;80.000000;-30.000000;30.000000;79.753296;0.000000;0.000000;0.000000;0.000000;0.000000;79.753296
1627;80.000000;-26.000000;-30.000000;-79.753296;0.000000;0.000000;0.000000;0.000000;0.000000;79.753296
1628;80.000000;-26.000000;30.000000;79.753296;0.000000;0.000000;0.000000;0.000000;0.000000;79.753296
1629;80.000000;-22.000000;-30.000000;-79.753296;0.000000;0.000000;0.000000;0.000000;0.000000;79.753296
1630;80.000000;-22.000000;30.000000;79.753296;0.000000;0.000000;0.000000;0.000000;0.000000;79.753296
1631;80.000000;-18.000000;-30.000000;-79.753296;0.000000;0.000000;0.000000;0.000000;0.000000;79.753296
1632;80.000000;-18.000000;30.000000;79.753296;0.000000;0.000000;0.000000;0.000000;0.000000;79.753296
1633;80.000000;-14.000000;-30.000000;-79.753296;0.000000;0.000000;0.000000;0.000000;0.000000;79.753296
1634;80.000000;-14.000000;30.000000;79.753296;0.000000;0.000000;0.000000;0.000000;0.000000;79.753296
1635;80.000000;-10.000000;-30.000000;-79.753296;0.000000;0.000000;0.000000;0.000000;0.000000;79.753296
1636;80.000000;-10.000000;30.000000;79.753296;0.000000;0.000000;0.000000;0.000000;0.000000;79.753296
1637;80.000000;-6.000000;-30.000000;-79.753296;0.000000;0.000000;0.000000;0.000000;0.000000;79.753296
1638;80.000000;-6.000000;30.000000;79.753296;0.000000;0.000000;0.000000;0.000000;0.000000;79.753296
1639;80.000000;-2.000000;-30.000000;-79.753296;0.000000;0.000000;0.000000;0.000000;0.000000;79.753296
1640;80.000000;-2.000000;30.000000;79.753296;0.000000;0.000000;0.000000;0.000000;0.000000;79.753296
1641;80.000000;2.000000;-30.000000;-79.753296;0.000000;0.000000;0.000000;0.000000;0.000000;79.753296
1642;80.000000;2.000000;30.000000;79.753296;0.000000;0.000000;0.000000;0.000000;0.000000;79.753296
1643;80.000000;6.000000;-30.000000;-79.753296;0.000000;0.000000;0.000000;0.000000;0.000000;79.753296
1644;80.000000;6.000000;30.000000;79.753296;0.000000;0.000000;0.000000;0.000000;0.000000;79.753296
1645;80.000000;10.000000;-30.000000;-79.753296;0.000000;0.000000;0.000000;0.000000;0.000000;79.753296
1646;80.000000;10.000000;30.000000;79.753296;0.000000;0.000000;0.000000;0.000000;0.000000;79.753296
1647;80.000000;14.000000;-30.000000;-79.753296;0.000000;0.000000;0.000000;0.000000;0.000000;79.753296
1648;80.000000;14.000000;30.000000;79.753296;0.000000;0.000000;0.000000;0.000000;0.000000;79.753296
1649;80.000000;18.000000;-30.000000;-79.753296;0.000000;0.000000;0.000000;0.000000;0.000000;79.753296
1650;80.000000;18.000000;30.000000;79.753296;0.000000;0.000000;0.000000;0.000000;0.000000;79.753296
1651;80.000000;22.000000;-30.000000;-79.753296;0.000000;0.000000;0.000000;0.000000;0.000000;79.753296
1652;80.000000;22.000000;30.000000;79.753296;0.000000;0.000000;0.000000;0.000000;0.000000;79.753296
1653;80.000000;26.000000;-30.000000;-79.753296;0.000000;0.000000;0.000000;0.000000;0.000000;79.753296
1654;80.000000;26.000000;30.000000;79.753296;0.000000;0.000000;0.000000;0.000000;0.000000;79.753296
1655;80.000000;30.000000;-30.000000;-79.753296;0.000000;0.000000;0.000000;0.000000;0.000000;79.753296
1656;80.000000;30.000000;30.000000;79.753296;0.000000;0.000000;0.000000;0.000000;0.000000;79.753296
1657;80.000000;34.000000;-30.000000;-79.753296;0.000000;0.000000;0.000000;0.000000;0.000000;79.753296
1658;80.000000;34.000000;30.000000;79.753296;0.000000;0.000000;0.000000;0.000000;0.000000;79.753296
1659;80.000000;38.000000;-30.000000;-79.753296;0.000000;0.000000;0.000000;0.000000;0.000000;79.753296
1660;80.000000;38.000000;30.000000;79.753296;0.000000;0.000000;0.000000;0.000000;0.000000;79.753296
1661;80.000000;42.000000;-30.000000;-79.753296;0.000000;0.000000;0.000000;0.000000;0.000000;79.753296
1662;80.000000;42.000000;30.000000;79.753296;0.000000;0.000000;0.000000;0.000000;0.000000;79.753296
1663;80.000000;46.000000;-30.000000;-79.753296;0.000000;0.000000;0.000000;0.000000;0.000000;79.753296
1664;80.000000;46.000000;30.000000;79.753296;0.000000;0.000000;0.000000;0.000000;0.000000;79.753296
1665;80.000000;50.000000;-30.000000;-79.753296;0.000000;0.000000;0.000000;0.000000;0.000000;79.753296
1666;80.000000;50.000000;-26.000000;-69.119524;0.000000;0.000000;0.000000;0.000000;0.000000;69.119524
1667;80.000000;50.000000;-22.000000;-58.485751;0.000000;0.000000;0.000000;0.000000;0.000000;58.485751
1668;80.000000;50.000000;-18.000000;-47.851978;0.000000;0.000000;0.000000;0.000000;0.000000;47.851978
1669;80.000000;50.000000;-14.000000;-37.218205;0.000000;0.000000;0.000000;0.000000;0.000000;37.218205
1670;80.000000;50.000000;-10.000000;-26.584432;0.000000;0.000000;0.000000;0.000000;0.000000;26.584432
1671;80.000000;50.000000;-6.000000;-15.950659;0.000000;0.000000;0.000000;0.000000;0.000000;15.950659
1672;80.000000;50.000000;-2.000000;-5.316886;0.000000;0.000000;0.000000;0.000000;0.000000;5.316886
1673;80.000000;50.000000;2.000000;5.316886;0.000000;0.000000;0.000000;0.000000;0.000000;5.316886
1674;80.000000;50.000000;6.000000;15.950659;0.000000;0.000000;0.000000;0.000000;0.000000;15.950659
1675;80.000000;50.000000;10.000000;26.584432;0.000000;0.000000;0.000000;0.000000;0.000000;26.584432
1676;80.000000;50.000000;14.000000;37.218205;0.000000;0.000000;0.000000;0.000000;0.000000;37.218205
1677;80.000000;50.000000;18.000000;47.851978;0.000000;0.000000;0.000000;0.000000;0.000000;47.851978
1678;80.000000;50.000000;22.000000;58.485751;0.000000;0.000000;0.000000;0.000000;0.000000;58.485751
1679;80.000000;50.000000;26.000000;69.119524;0.000000;0.000000;0.000000;0.000000;0.000000;69.119524
1680;80.000000;50.000000;30.000000;79.753296;0.000000;0.000000;0.000000;0.000000;0.000000;79.753296
1681;84.000000;-50.000000;-30.000000;-78.756380;0.000000;0.000000;0.000000;0.000000;0.000000;78.756380
1682;84.000000;-50.000000;-26.000000;-68.255530;0.000000;0.000000;0.000000;0.000000;0.000000;68.255530
1683;84.000000;-50.000000;-22.000000;-57.754679;0.000000;0.000000;0.000000;0.000000;0.000000;57.754679
1684;84.000000;-50.000000;-18.000000;-47.253828;0.000000;0.000000;0.000000;0.000000;0.000000;47.253828
1685;84.000000;-50.000000;-14.000000;-36.752977;0.000000;0.000000;0.000000;0.000000;0.000000;36.752977
1686;84.000000;-50.000000;-10.000000;-26.252127;0.000000;0.000000;0.000000;0.000000;0.000000;26.252127
1687;84.000000;-50.000000;-6.000000;-15.751276;0.000000;0.000000;0.000000;0.000000;0.000000;15.751276
1688;84.000000;-50.000000;-2.000000;-5.250425;0.000000;0.000000;0.000000;0.000000;0.000000;5.250425
1689;84.000000;-50.000000;2.000000;5.250425;0.000000;0.000000;0.000000;0.000000;0.000000;5.250425
1690;84.000000;-50.000000;6.000000;15.751276;0.000000;0.000000;0.000000;0.000000;0.000000;15.751276
1691;84.000000;-50.000000;10.000000;26.252127;0.000000;0.000000;0.000000;0.000000;0.000000;26.252127
1692;84.000000;-50.000000;14.000000;36.752977;0.000000;0.000000;0.000000;0.000000;0.000000;36.752977
1693;84.000000;-50.000000;18.000000;47.253828;0.000000;0.000000;0.000000;0.000000;0.000000;47.253828
1694;84.000000;-50.000000;22.000000;57.754679;0.000000;0.000000;0.000000;0.000000;0.000000;57.754679
1695;84.000000;-50.000000;26.000000;68.255530;0.000000;0.000000;0.000000;0.000000;0.000000;68.255530
1696;84.000000;-50.000000;30.000000;78.756380;0.000000;0.000000;0.000000;0.000000;0.000000;78.756380
1697;84.000000;-46.000000;-30.000000;-78.756380;0.000000;0.000000;0.000000;0.000000;0.000000;78.756380
1698;84.000000;-46.000000;30.000000;78.756380;0.000000;0.000000;0.000000;0.000000;0.000000;78.756380
1699;84.000000;-42.000000;-30.000000;-78.756380;0.000000;0.000000;0.000000;0.000000;0.000000;78.756380
1700;84.000000;-42.000000;30.000000;78.756380;0.000000;0.000000;0.000000;0.000000;0.000000;78.756380
1701;84.000000;-38.000000;-30.000000;-78.756380;0.000000;0.000000;0.000000;0.000000;0.000000;78.756380
1702;84.000000;-38.000000;30.000000;78.756380;0.000000;0.000000;0.000000;0.000000;0.000000;78.756380
1703;84.000000;-34.000000;-30.000000;-78.756380;0.000000;0.000000;0.000000;0.000000;0.000000;78.756380
1704;84.000000;-34.000000;30.000000;78.756380;0.000000;0.000000;0.000000;0.000000;0.000000;78.756380
1705;84.000000;-30.000000;-30.000000;-78.756380;0.000000;0.000000;0.000000;0.000000;0.000000;78.756380
1706;84.000000;-30.000000;30.000000;78.756380;0.000000;0.000000;0.000000;0.000000;0.000000;78.756380
1707;84.000000;-26.000000;-30.000000;-78.756380;0.000000;0.000000;0.000000;0.000000;0.000000;78.756380
1708;84.000000;-26.000000;30.000000;78.756380;0.000000;0.000000;0.000000;0.000000;0.000000;78.756380
1709;84.000000;-22.000000;-30.000000;-78.756380;0.000000;0.000000;0.000000;0.000000;0.000000;78.756380
1710;84.000000;-22.000000;30.000000;78.756380;0.000000;0.000000;0.000000;0.000000;0.000000;78.756380
1711;84.000000;-18.000000;-30.000000;-78.756380;0.000000;0.000000;0.000000;0.000000;0.000000;78.756380
1712;84.000000;-18.000000;30.000000;78.756380;0.000000;0.000000;0.000000;0.000000;0.000000;78.756380
1713;84.000000;-14.000000;-30.000000;-78.756380;0.000000;0.000000;0.000000;0.000000;0.000000;78.756380
1714;84.000000;-14.000000;30.000000;78.756380;0.000000;0.000000;0.000000;0.000000;0.000000;78.756380
1715;84.000000;-10.000000;-30.000000;-78.756380;0.000000;0.000000;0.000000;0.000000;0.000000;78.756380
1716;84.000000;-10.000000;30.000000;78.756380;0.000000;0.000000;0.000000;0.000000;0.000000;78.756380
1717;84.000000;-6.000000;-30.000000;-78.756380;0.000000;0.000000;0.000000;0.000000;0.000000;78.756380
1718;84.000000;-6.000000;30.000000;78.756380;0.000000;0.000000;0.000000;0.000000;0.000000;78.756380
1719;84.000000;-2.000000;-30.000000;-78.756380;0.000000;0.000000;0.000000;0.000000;0.000000;78.756380
1720;84.000000;-2.000000;30.000000;78.756380;0.000000;0.000000;0.000000;0.000000;0.000000;78.756380
1721;84.000000;2.000000;-30.000000;-78.756380;0.000000;0.000000;0.000000;0.000000;0.000000;78.756380
1722;84.000000;2.000000;30.000000;78.756380;0.000000;0.000000;0.000000;0.000000;0.000000;78.756380
1723;84.000000;6.000000;-30.000000;-78.756380;0.000000;0.000000;0.000000;0.000000;0.000000;78.756380
1724;84.000000;6.000000;30.000000;78.756380;0.000000;0.000000;0.000000;0.000000;0.000000;78.756380
1725;84.000000;10.000000;-30.000000;-78.756380;0.000000;0.000000;0.000000;0.000000;0.000000;78.756380
1726;84.000000;10.000000;30.000000;78.756380;0.000000;0.000000;0.000000;0.000000;0.000000;78.756380
1727;84.000000;14.000000;-30.000000;-78.756380;0.000000;0.000000;0.000000;0.000000;0.000000;78.756380
1728;84.000000;14.000000;30.000000;78.756380;0.000000;0.000000;0.000000;0.000000;0.000000;78.756380
1729;84.000000;18.000000;-30.000000;-78.756380;0.000000;0.000000;0.000000;0.000000;0.000000;78.756380
1730;84.000000;18.000000;30.000000;78.756380;0.000000;0.000000;0.000000;0.000000;0.000000;78.756380
1731;84.000000;22.000000;-30.000000;-78.756380;0.000000;0.000000;0.000000;0.000000;0.000000;78.756380
1732;84.000000;22.000000;30.000000;78.756380;0.000000;0.000000;0.000000;0.000000;0.000000;78.756380
1733;84.000000;26.000000;-30.000000;-78.756380;0.000000;0.000000;0.000000;0.000000;0.000000;78.756380
1734;84.000000;26.000000;30.000000;78.756380;0.000000;0.000000;0.000000;0.000000;0.000000;78.756380
1735;84.000000;30.000000;-30.000000;-78.756380;0.000000;0.000000;0.000000;0.000000;0.000000;78.756380
1736;84.000000;30.000000;30.000000;78.756380;0.000000;0.000000;0.000000;0.000000;0.000000;78.756380
1737;84.000000;34.000000;-30.000000;-78.756380;0.000000;0.000000;0.000000;0.000000;0.000000;78.756380
1738;84.000000;34.000000;30.000000;78.756380;0.000000;0.000000;0.000000;0.000000;0.000000;78.756380
1739;84.000000;38.000000;-30.000000;-78.756380;0.000000;0.000000;0.000000;0.000000;0.000000;78.756380
1740;84.000000;38.000000;30.000000;78.756380;0.000000;0.000000;0.000000;0.000000;0.000000;78.756380
1741;84.000000;42.000000;-30.000000;-78.756380;0.000000;0.000000;0.000000;0.000000;0.000000;78.756380
1742;84.000000;42.000000;30.000000;78.756380;0.000000;0.000000;0.000000;0.000000;0.000000;78.756380
1743;84.000000;46.000000;-30.000000;-78.756380;0.000000;0.000000;0.000000;0.000000;0.000000;78.756380
1744;84.000000;46.000000;30.000000;78.756380;0.000000;0.000000;0.000000;0.000000;0.000000;78.756380
1745;84.000000;50.000000;-30.000000;-78.756380;0.000000;0.000000;0.000000;0.000000;0.000000;78.756380
1746;84.000000;50.000000;-26.000000;-68.255530;0.000000;0.000000;0.000000;0.000000;0.000000;68.255530
1747;84.000000;50.000000;-22.000000;-57.754679;0.000000;0.000000;0.000000;0.000000;0.000000;57.754679
1748;84.000000;50.000000;-18.000000;-47.253828;0.000000;0.000000;0.000000;0.000000;0.000000;47.253828
1749;84.000000;50.000000;-14.000000;-36.752977;0.000000;0.000000;0.000000;0.000000;0.000000;36.752977
1750;84.000000;50.000000;-10.000000;-26.252127;0.000000;0.000000;0.000000;0.000000;0.000000;26.252127
1751;84.000000;50.000000;-6.000000;-15.751276;0.000000;0.000000;0.000000;0.000000;0.000000;15.751276
1752;84.000000;50.000000;-2.000000;-5.250425;0.000000;0.000000;0.000000;0.000000;0.000000;5.250425
1753;84.000000;50.000000;2.000000;5.250425;0.000000;0.000000;0.000000;0.000000;0.000000;5.250425
1754;84.000000;50.000000;6.000000;15.751276;0.000000;0.000000;0.000000;0.000000;0.000000;15.751276
1755;84.000000;50.000000;10.000000;26.252127;0.000000;0.000000;0.000000;0.000000;0.000000;26.252127
1756;84.000000;50.000000;14.000000;36.752977;0.000000;0.000000;0.000000;0.000000;0.000000;36.752977
1757;84.000000;50.000000;18.000000;47.253828;0.000000;0.000000;0.000000;0.000000;0.000000;47.253828
1758;84.000000;50.000000;22.000000;57.754679;0.000000;0.000000;0.000000;0.000000;0.000000;57.754679
1759;84.000000;50.000000;26.000000;68.255530;0.000000;0.000000;0.000000;0.000000;0.000000;68.255530
1760;84.000000;50.000000;30.000000;78.756380;0.000000;0.000000;0.000000;0.000000;0.000000;78.756380
1761;88.000000;-50.000000;-30.000000;-77.759464;0.000000;0.000000;0.000000;0.000000;0.000000;77.759464
1762;88.000000;-50.000000;-26.000000;-67.391536;0.000000;0.000000;0.000000;0.000000;0.000000;67.391536
1763;88.000000;-50.000000;-22.000000;-57.023607;0.000000;0.000000;0.000000;0.000000;0.000000;57.023607
1764;88.000000;-50.000000;-18.000000;-46.655678;0.000000;0.000000;0.000000;0.000000;0.000000;46.655678
1765;88.000000;-50.000000;-14.000000;-36.287750;0.000000;0.000000;0.000000;0.000000;0.000000;36.287750
1766;88.000000;-50.000000;-10.000000;-25.919821;0.000000;0.000000;0.000000;0.000000;0.000000;25.919821
1767;88.000000;-50.000000;-6.000000;-15.551893;0.000000;0.000000;0.000000;0.000000;0.000000;15.551893
1768;88.000000;-50.000000;-2.000000;-5.183964;0.000000;0.000000;0.000000;0.000000;0.000000;5.183964
1769;88.000000;-50.000000;2.000000;5.183964;0.000000;0.000000;0.000000;0.000000;0.000000;5.183964
1770;88.000000;-50.000000;6.000000;15.551893;0.000000;0.000000;0.000000;0.000000;0.000000;15.551893
1771;88.000000;-50.000000;10.000000;25.919821;0.000000;0.000000;0.000000;0.000000;0.000000;25.919821
1772;88.000000;-50.000000;14.000000;36.287750;0.000000;0.000000;0.000000;0.000000;0.000000;36.287750
1773;88.000000;-50.000000;18.000000;46.655678;0.000000;0.000000;0.000000;0.000000;0.000000;46.655678
1774;88.000000;-50.000000;22.000000;57.023607;0.000000;0.000000;0.000000;0.000000;0.000000;57.023607
1775;88.000000;-50.000000;26.000000;67.391536;0.000000;0.000000;0.000000;0.000000;0.000000;67.391536
1776;88.000000;-50.000000;30.000000;77.759464;0.000000;0.000000;0.000000;0.000000;0.000000;77.759464
1777;88.000000;-46.000000;-30.000000;-77.759464;0.000000;0.000000;0.000000;0.000000;0.000000;77.759464
1778;88.000000;-46.000000;30.000000;77.759464;0.000000;0.000000;0.000000;0.000000;0.000000;77.759464
1779;88.000000;-42.000000;-30.000000;-77.759464;0.000000;0.000000;0.000000;0.000000;0.000000;77.759464
1780;88.000000;-42.000000;30.000000;77.759464;0.000000;0.000000;0.000000;0.000000;0.000000;77.759464
1781;88.000000;-38.000000;-30.000000;-77.759464;0.000000;0.000000;0.000000;0.000000;0.000000;77.759464
1782;88.000000;-38.000000;30.000000;77.759464;0.000000;0.000000;0.000000;0.000000;0.000000;77.759464
1783;88.000000;-34.000000;-30.000000;-77.759464;0.000000;0.000000;0.000000;0.000000;0.000000;77.759464
1784;88.000000;-34.000000;30.000000;77.759464;0.000000;0.000000;0.000000;0.000000;0.000000;77.759464
1785;88.000000;-30.000000;-30.000000;-77.759464;0.000000;0.000000;0.000000;0.000000;0.000000;77.759464
1786;88.000000;-30.000000;30.000000;77.759464;0.000000;0.000000;0.000000;0.000000;0.000000;77.759464
1787;88.000000;-26.000000;-30.000000;-77.759464;0.000000;0.000000;0.000000;0.000000;0.000000;77.759464
1788;88.000000;-26.000000;30.000000;77.759464;0.000000;0.000000;0.000000;0.000000;0.000000;77.759464
1789;88.000000;-22.000000;-30.000000;-77.759464;0.000000;0.000000;0.000000;0.000000;0.000000;77.759464
1790;88.000000;-22.000000;30.000000;77.759464;0.000000;0.000000;0.000000;0.000000;0.000000;77.759464
1791;88.000000;-18.000000;-30.000000;-77.759464;0.000000;0.000000;0.000000;0.000000;0.000000;77.759464
1792;88.000000;-18.000000;30.000000;77.759464;0.000000;0.000000;0.000000;0.000000;0.000000;77.759464
1793;88.000000;-14.000000;-30.000000;-77.759464;0.000000;0.000000;0.000000;0.000000;0.000000;77.759464
1794;88.000000;-14.000000;30.000000;77.759464;0.000000;0.000000;0.000000;0.000000;0.000000;77.759464
1795;88.000000;-10.000000;-30.000000;-77.759464;0.000000;0.000000;0.000000;0.000000;0.000000;77.759464
1796;88.000000;-10.000000;30.000000;77.759464;0.000000;0.000000;0.000000;0.000000;0.000000;77.759464
1797;88.000000;-6.000000;-30.000000;-77.759464;0.000000;0.000000;0.000000;0.000000;0.000000;77.759464
1798;88.000000;-6.000000;30.000000;77.759464;0.000000;0.000000;0.000000;0.000000;0.000000;77.759464
1799;88.000000;-2.000000;-30.000000;-77.759464;0.000000;0.000000;0.000000;0.000000;0.000000;77.759464
1800;88.000000;-2.000000;30.000000;77.759464;0.000000;0.000000;0.000000;0.000000;0.000000;77.759464
1801;88.000000;2.000000;-30.000000;-77.759464;0.000000;0.000000;0.000000;0.000000;0.000000;77.759464
1802;88.000000;2.000000;30.000000;77.759464;0.000000;0.000000;0.000000;0.000000;0.000000;77.759464
1803;88.000000;6.000000;-30.000000;-77.759464;0.000000;0.000000;0.000000;0.000000;0.000000;77.759464
1804;88.000000;6.000000;30.000000;77.759464;0.000000;0.000000;0.000000;0.000000;0.000000;77.759464
1805;88.000000;10.000000;-30.000000;-77.759464;0.000000;0.000000;0.000000;0.000000;0.000000;77.759464
1806;88.000000;10.000000;30.000000;77.759464;0.000000;0.000000;0.000000;0.000000;0.000000;77.759464
1807;88.000000;14.000000;-30.000000;-77.759464;0.000000;0.000000;0.000000;0.000000;0.000000;77.759464
1808;88.000000;14.000000;30.000000;77.759464;0.000000;0.000000;0.000000;0.000000;0.000000;77.759464
1809;88.000000;18.000000;-30.000000;-77.759464;0.000000;0.000000;0.000000;0.000000;0.000000;77.759464
1810;88.000000;18.000000;30.000000;77.759464;0.000000;0.000000;0.000000;0.000000;0.000000;77.759464
1811;88.000000;22.000000;-30.000000;-77.759464;0.000000;0.000000;0.000000;0.000000;0.000000;77.759464
1812;88.000000;22.000000;30.000000;77.759464;0.000000;0.000000;0.000000;0.000000;0.000000;77.759464
1813;88.000000;26.000000;-30.000000;-77.759464;0.000000;0.000000;0.000000;0.000000;0.000000;77.759464
1814;88.000000;26.000000;30.000000;77.759464;0.000000;0.000000;0.000000;0.000000;0.000000;77.759464
1815;88.000000;30.000000;-30.000000;-77.759464;0.000000;0.000000;0.000000;0.000000;0.000000;77.759464
1816;88.000000;30.000000;30.000000;77.759464;0.000000;0.000000;0.000000;0.000000;0.000000;77.759464
1817;88.000000;34.000000;-30.000000;-77.759464;0.000000;0.000000;0.000000;0.000000;0.000000;77.759464
1818;88.000000;34.000000;30.000000;77.759464;0.000000;0.000000;0.000000;0.000000;0.000000;77.759464
1819;88.000000;38.000000;-30.000000;-77.759464;0.000000;0.000000;0.000000;0.000000;0.000000;77.759464
1820;88.000000;38.000000;30.000000;77.759464;0.000000;0.000000;0.000000;0.000000;0.000000;77.759464
1821;88.000000;42.000000;-30.000000;-77.759464;0.000000;0.000000;0.000000;0.000000;0.000000;77.759464
1822;88.000000;42.000000;30.000000;77.759464;0.000000;0.000000;0.000000;0.000000;0.000000;77.759464
1823;88.000000;46.000000;-30.000000;-77.759464;0.000000;0.000000;0.000000;0.000000;0.000000;77.759464
1824;88.000000;46.000000;30.000000;77.759464;0.000000;0.000000;0.000000;0.000000;0.000000;77.759464
1825;88.000000;50.000000;-30.000000;-77.759464;0.000000;0.000000;0.000000;0.000000;0.000000;77.759464
1826;88.000000;50.000000;-26.000000;-67.391536;0.000000;0.000000;0.000000;0.000000;0.000000;67.391536
1827;88.000000;50.000000;-22.000000;-57.023607;0.000000;0.000000;0.000000;0.000000;0.000000;57.023607
1828;88.000000;50.000000;-18.000000;-46.655678;0.000000;0.000000;0.000000;0.000000;0.000000;46.655678
1829;88.000000;50.000000;-14.000000;-36.287750;0.000000;0.000000;0.000000;0.000000;0.000000;36.287750
1830;88.000000;50.000000;-10.000000;-25.919821;0.000000;0.000000;0.000000;0.000000;0.000000;25.919821
1831;88.000000;50.000000;-6.000000;-15.551893;0.000000;0.000000;0.000000;0.000000;0.000000;15.551893
1832;88.000000;50.000000;-2.000000;-5.183964;0.000000;0.000000;0.000000;0.000000;0.000000;5.183964
1833;88.000000;50.000000;2.000000;5.183964;0.000000;0.000000;0.000000;0.000000;0.000000;5.183964
1834;88.000000;50.000000;6.000000;15.551893;0.000000;0.000000;0.000000;0.000000;0.000000;15.551893
1835;88.000000;50.000000;10.000000;25.919821;0.000000;0.000000;0.000000;0.000000;0.000000;25.919821
1836;88.000000;50.000000;14.000000;36.287750;0.000000;0.000000;0.000000;0.000000;0.000000;36.287750
1837;88.000000;50.000000;18.000000;46.655678;0.000000;0.000000;0.000000;0.000000;0.000000;46.655678
1838;88.000000;50.000000;22.000000;57.023607;0.000000;0.000000;0.000000;0.000000;0.000000;57.023607
1839;88.000000;50.000000;26.000000;67.391536;0.000000;0.000000;0.000000;0.000000;0.000000;67.391536
1840;88.000000;50.000000;30.000000;77.759464;0.000000;0.000000;0.000000;0.000000;0.000000;77.759464
1841;92.000000;-50.000000;-30.000000;-76.762548;0.000000;0.000000;0.000000;0.000000;0.000000;76.762548
1842;92.000000;-50.000000;-26.000000;-66.527541;0.000000;0.000000;0.000000;0.000000;0.000000;66.527541
1843;92.000000;-50.000000;-22.000000;-56.292535;0.000000;0.000000;0.000000;0.000000;0.000000;56.292535
1844;92.000000;-50.000000;-18.000000;-46.057529;0.000000;0.000000;0.000000;0.000000;0.000000;46.057529
1845;92.000000;-50.000000;-14.000000;-35.822522;0.000000;0.000000;0.000000;0.000000;0.000000;35.822522
1846;92.000000;-50.000000;-10.000000;-25.587516;0.000000;0.000000;0.000000;0.000000;0.000000;25.587516
1847;92.000000;-50.000000;-6.000000;-15.352510;0.000000;0.000000;0.000000;0.000000;0.000000;15.352510
1848;92.000000;-50.000000;-2.000000;-5.117503;0.000000;0.000000;0.000000;0.000000;0.000000;5.117503
1849;92.000000;-50.000000;2.000000;5.117503;0.000000;0.000000;0.000000;0.000000;0.000000;5.117503
1850;92.000000;-50.000000;6.000000;15.352510;0.000000;0.000000;0.000000;0.000000;0.000000;15.352510
1851;92.000000;-50.000000;10.000000;25.587516;0.000000;0.000000;0.000000;0.000000;0.000000;25.587516
1852;92.000000;-50.000000;14.000000;35.822522;0.000000;0.000000;0.000000;0.000000;0.000000;35.822522
1853;92.000000;-50.000000;18.000000;46.057529;0.000000;0.000000;0.000000;0.000000;0.000000;46.057529
1854;92.000000;-50.000000;22.000000;56.292535;0.000000;0.000000;0.000000;0.000000;0.000000;56.292535
1855;92.000000;-50.000000;26.000000;66.527541;0.000000;0.000000;0.000000;0.000000;0.000000;66.527541
1856;92.000000;-50.000000;30.000000;76.762548;0.000000;0.000000;0.000000;0.000000;0.000000;76.762548
1857;92.000000;-46.000000;-30.000000;-76.762548;0.000000;0.000000;0.000000;0.000000;0.000000;76.762548
1858;92.000000;-46.000000;30.000000;76.762548;0.000000;0.000000;0.000000;0.000000;0.000000;76.762548
1859;92.000000;-42.000000;-30.000000;-76.762548;0.000000;0.000000;0.000000;0.000000;0.000000;76.762548
1860;92.000000;-42.000000;30.000000;76.762548;0.000000;0.000000;0.000000;0.000000;0.000000;76.762548
1861;92.000000;-38.000000;-30.000000;-76.762548;0.000000;0.000000;0.000000;0.000000;0.000000;76.762548
1862;92.000000;-38.000000;30.000000;76.762548;0.000000;0.000000;0.000000;0.000000;0.000000;76.762548
1863;92.000000;-34.000000;-30.000000;-76.762548;0.000000;0.000000;0.000000;0.000000;0.000000;76.762548
1864;92.000000;-34.000000;30.000000;76.762548;0.000000;0.000000;0.000000;0.000000;0.000000;76.762548
1865;92.000000;-30.000000;-30.000000;-76.762548;0.000000;0.000000;0.000000;0.000000;0.000000;76.762548
1866;92.000000;-30.000000;30.000000;76.762548;0.000000;0.000000;0.000000;0.000000;0.000000;76.762548
1867;92.000000;-26.000000;-30.000000;-76.762548;0.000000;0.000000;0.000000;0.000000;0.000000;76.762548
1868;92.000000;-26.000000;30.000000;76.762548;0.000000;0.000000;0.000000;0.000000;0.000000;76.762548
1869;92.000000;-22.000000;-30.000000;-76.762548;0.000000;0.000000;0.000000;0.000000;0.000000;76.762548
1870;92.000000;-22.000000;30.000000;76.762548;0.000000;0.000000;0.000000;0.000000;0.000000;76.762548
1871;92.000000;-18.000000;-30.000000;-76.762548;0.000000;0.000000;0.000000;0.000000;0.000000;76.762548
1872;92.000000;-18.000000;30.000000;76.762548;0.000000;0.000000;0.000000;0.000000;0.000000;76.762548
1873;92.000000;-14.000000;-30.000000;-76.762548;0.000000;0.000000;0.000000;0.000000;0.000000;76.762548
1874;92.000000;-14.000000;30.000000;76.762548;0.000000;0.000000;0.000000;0.000000;0.000000;76.762548
1875;92.000000;-10.000000;-30.000000;-76.762548;0.000000;0.000000;0.000000;0.000000;0.000000;76.762548
1876;92.000000;-10.000000;30.000000;76.762548;0.000000;0.000000;0.000000;0.000000;0.000000;76.762548
1877;92.000000;-6.000000;-30.000000;-76.762548;0.000000;0.000000;0.000000;0.000000;0.000000;76.762548
1878;92.000000;-6.000000;30.000000;76.762548;0.000000;0.000000;0.000000;0.000000;0.000000;76.762548
1879;92.000000;-2.000000;-30.000000;-76.762548;0.000000;0.000000;0.000000;0.000000;0.000000;76.762548
1880;92.000000;-2.000000;30.000000;76.762548;0.000000;0.000000;0.000000;0.000000;0.000000;76.762548
1881;92.000000;2.000000;-30.000000;-76.762548;0.000000;0.000000;0.000000;0.000000;0.000000;76.762548
1882;92.000000;2.000000;30.000000;76.762548;0.000000;0.000000;0.000000;0.000000;0.000000;76.762548
1883;92.000000;6.000000;-30.000000;-76.762548;0.000000;0.000000;0.000000;0.000000;0.000000;76.762548
1884;92.000000;6.000000;30.000000;76.762548;0.000000;0.000000;0.000000;0.000000;0.000000;76.762548
1885;92.000000;10.000000;-30.000000;-76.762548;0.000000;0.000000;0.000000;0.000000;0.000000;76.762548
1886;92.000000;10.000000;30.000000;76.762548;0.000000;0.000000;0.000000;0.000000;0.000000;76.762548
1887;92.000000;14.000000;-30.000000;-76.762548;0.000000;0.000000;0.000000;0.000000;0.000000;76.762548
1888;92.000000;14.000000;30.000000;76.762548;0.000000;0.000000;0.000000;0.000000;0.000000;76.762548
1889;92.000000;18.000000;-30.000000;-76.762548;0.000000;0.000000;0.000000;0.000000;0.000000;76.762548
1890;92.000000;18.000000;30.000000;76.762548;0.000000;0.000000;0.000000;0.000000;0.000000;76.762548
1891;92.000000;22.000000;-30.000000;-76.762548;0.000000;0.000000;0.000000;0.000000;0.000000;76.762548
1892;92.000000;22.000000;30.000000;76.762548;0.000000;0.000000;0.000000;0.000000;0.000000;76.762548
1893;92.000000;26.000000;-30.000000;-76.762548;0.000000;0.000000;0.000000;0.000000;0.000000;76.762548
1894;92.000000;26.000000;30.000000;76.762548;0.000000;0.000000;0.000000;0.000000;0.000000;76.762548
1895;92.000000;30.000000;-30.000000;-76.762548;0.000000;0.000000;0.000000;0.000000;0.000000;76.762548
1896;92.000000;30.000000;30.000000;76.762548;0.000000;0.000000;0.000000;0.000000;0.000000;76.762548
1897;92.000000;34.000000;-30.000000;-76.762548;0.000000;0.000000;0.000000;0.000000;0.000000;76.762548
1898;92.000000;34.000000;30.000000;76.762548;0.000000;0.000000;0.000000;0.000000;0.000000;76.762548
1899;92.000000;38.000000;-30.000000;-76.762548;0.000000;0.000000;0.000000;0.000000;0.000000;76.762548
1900;92.000000;38.000000;30.000000;76.762548;0.000000;0.000000;0.000000;0.000000;0.000000;76.762548
1901;92.000000;42.000000;-30.000000;-76.762548;0.000000;0.000000;0.000000;0.000000;0.000000;76.762548
1902;92.000000;42.000000;30.000000;76.762548;0.000000;0.000000;0.000000;0.000000;0.000000;76.762548
1903;92.000000;46.000000;-30.000000;-76.762548;0.000000;0.000000;0.000000;0.000000;0.000000;76.762548
1904;92.000000;46.000000;30.000000;76.762548;0.000000;0.000000;0.000000;0.000000;0.000000;76.762548
1905;92.000000;50.000000;-30.000000;-76.762548;0.000000;0.000000;0.000000;0.000000;0.000000;76.762548
1906;92.000000;50.000000;-26.000000;-66.527541;0.000000;0.000000;0.000000;0.000000;0.000000;66.527541
1907;92.000000;50.000000;-22.000000;-56.292535;0.000000;0.000000;0.000000;0.000000;0.000000;56.292535
1908;92.000000;50.000000;-18.000000;-46.057529;0.000000;0.000000;0.000000;0.000000;0.000000;46.057529
1909;92.000000;50.000000;-14.000000;-35.822522;0.000000;0.000000;0.000000;0.000000;0.000000;35.822522
1910;92.000000;50.000000;-10.000000;-25.587516;0.000000;0.000000;0.000000;0.000000;0.000000;25.587516
1911;92.000000;50.000000;-6.000000;-15.352510;0.000000;0.000000;0.000000;0.000000;0.000000;15.352510
1912;92.000000;50.000000;-2.000000;-5.117503;0.000000;0.000000;0.000000;0.000000;0.000000;5.117503
1913;92.000000;50.000000;2.000000;5.117503;0.000000;0.000000;0.000000;0.000000;0.000000;5.117503
1914;92.000000;50.000000;6.000000;15.352510;0.000000;0.000000;0.000000;0.000000;0.000000;15.352510
1915;92.000000;50.000000;10.000000;25.587516;0.000000;0.000000;0.000000;0.000000;0.000000;25.587516
1916;92.000000;50.000000;14.000000;35.822522;0.000000;0.000000;0.000000;0.000000;0.000000;35.822522
1917;92.000000;50.000000;18.000000;46.057529;0.000000;0.000000;0.000000;0.000000;0.000000;46.057529
1918;92.000000;50.000000;22.000000;56.292535;0.000000;0.000000;0.000000;0.000000;0.000000;56.292535
1919;92.000000;50.000000;26.000000;66.527541;0.000000;0.000000;0.000000;0.000000;0.000000;66.527541
1920;92.000000;50.000000;30.000000;76.762548;0.000000;0.000000;0.000000;0.000000;0.000000;76.762548
1921;96.000000;-50.000000;-30.000000;-75.765632;0.000000;0.000000;0.000000;0.000000;0.000000;75.765632
1922;96.000000;-50.000000;-26.000000;-65.663547;0.000000;0.000000;0.000000;0.000000;0.000000;65.663547
1923;96.000000;-50.000000;-22.000000;-55.561463;0.000000;0.000000;0.000000;0.000000;0.000000;55.561463
1924;96.000000;-50.000000;-18.000000;-45.459379;0.000000;0.000000;0.000000;0.000000;0.000000;45.459379
1925;96.000000;-50.000000;-14.000000;-35.357295;0.000000;0.000000;0.000000;0.000000;0.000000;35.357295
1926;96.000000;-50.000000;-10.000000;-25.255211;0.000000;0.000000;0.000000;0.000000;0.000000;25.255211
1927;96.000000;-50.000000;-6.000000;-15.153126;0.000000;0.000000;0.000000;0.000000;0.000000;15.153126
1928;96.000000;-50.000000;-2.000000;-5.051042;0.000000;0.000000;0.000000;0.000000;0.000000;5.051042
1929;96.000000;-50.000000;2.000000;5.051042;0.000000;0.000000;0.000000;0.000000;0.000000;5.051042
1930;96.000000;-50.000000;6.000000;15.153126;0.000000;0.000000;0.000000;0.000000;0.000000;15.153126
1931;96.000000;-50.000000;10.000000;25.255211;0.000000;0.000000;0.000000;0.000000;0.000000;25.255211
1932;96.000000;-50.000000;14.000000;35.357295;0.000000;0.000000;0.000000;0.000000;0.000000;35.357295
1933;96.000000;-50.000000;18.000000;45.459379;0.000000;0.000000;0.000000;0.000000;0.000000;45.459379
1934;96.000000;-50.000000;22.000000;55.561463;0.000000;0.000000;0.000000;0.000000;0.000000;55.561463
1935;96.000000;-50.000000;26.000000;65.663547;0.000000;0.000000;0.000000;0.000000;0.000000;65.663547
1936;96.000000;-50.000000;30.000000;75.765632;0.000000;0.000000;0.000000;0.000000;0.000000;75.765632
1937;96.000000;-46.000000;-30.000000;-75.765632;0.000000;0.000000;0.000000;0.000000;0.000000;75.765632
1938;96.000000;-46.000000;30.000000;75.765632;0.000000;0.000000;0.000000;0.000000;0.000000;75.765632
1939;96.000000;-42.000000;-30.000000;-75.765632;0.000000;0.000000;0.000000;0.000000;0.000000;75.765632
1940;96.000000;-42.000000;30.000000;75.765632;0.000000;0.000000;0.000000;0.000000;0.000000;75.765632
1941;96.000000;-38.000000;-30.000000;-75.765632;0.000000;0.000000;0.000000;0.000000;0.000000;75.765632
1942;96.000000;-38.000000;30.000000;75.765632;0.000000;0.000000;0.000000;0.000000;0.000000;75.765632
1943;96.000000;-34.000000;-30.000000;-75.765632;0.000000;0.000000;0.000000;0.000000;0.000000;75.765632
1944;96.000000;-34.000000;30.000000;75.765632;0.000000;0.000000;0.000000;0.000000;0.000000;75.765632
1945;96.000000;-30.000000;-30.000000;-75.765632;0.000000;0.000000;0.000000;0.000000;0.000000;75.765632
1946;96.000000;-30.000000;30.000000;75.765632;0.000000;0.000000;0.000000;0.000000;0.000000;75.765632
1947;96.000000;-26.000000;-30.000000;-75.765632;0.000000;0.000000;0.000000;0.000000;0.000000;75.765632
1948;96.000000;-26.000000;30.000000;75.765632;0.000000;0.000000;0.000000;0.000000;0.000000;75.765632
1949;96.000000;-22.000000;-30.000000;-75.765632;0.000000;0.000000;0.000000;0.000000;0.000000;75.765632
1950;96.000000;-22.000000;30.000000;75.765632;0.000000;0.000000;0.000000;0.000000;0.000000;75.765632
1951;96.000000;-18.000000;-30.000000;-75.765632;0.000000;0.000000;0.000000;0.000000;0.000000;75.765632
1952;96.000000;-18.000000;30.000000;75.765632;0.000000;0.000000;0.000000;0.000000;0.000000;75.765632
1953;96.000000;-14.000000;-30.000000;-75.765632;0.000000;0.000000;0.000000;0.000000;0.000000;75.765632
1954;96.000000;-14.000000;30.000000;75.765632;0.000000;0.000000;0.000000;0.000000;0.000000;75.765632
1955;96.000000;-10.000000;-30.000000;-75.765632;0.000000;0.000000;0.000000;0.000000;0.000000;75.765632
1956;96.000000;-10.000000;30.000000;75.765632;0.000000;0.000000;0.000000;0.000000;0.000000;75.765632
1957;96.000000;-6.000000;-30.000000;-75.765632;0.000000;0.000000;0.000000;0.000000;0.000000;75.765632
1958;96.000000;-6.000000;30.000000;75.765632;0.000000;0.000000;0.000000;0.000000;0.000000;75.765632
1959;96.000000;-2.000000;-30.000000;-75.765632;0.000000;0.000000;0.000000;0.000000;0.000000;75.765632
1960;96.000000;-2.000000;30.000000;75.765632;0.000000;0.000000;0.000000;0.000000;0.000000;75.765632
1961;96.000000;2.000000;-30.000000;-75.765632;0.000000;0.000000;0.000000;0.000000;0.000000;75.765632
1962;96.000000;2.000000;30.000000;75.765632;0.000000;0.000000;0.000000;0.000000;0.000000;75.765632
1963;96.000000;6.000000;-30.000000;-75.765632;0.000000;0.000000;0.000000;0.000000;0.000000;75.765632
1964;96.000000;6.000000;30.000000;75.765632;0.000000;0.000000;0.000000;0.000000;0.000000;75.765632
1965;96.000000;10.000000;-30.000000;-75.765632;0.000000;0.000000;0.000000;0.000000;0.000000;75.765632
1966;96.000000;10.000000;30.000000;75.765632;0.000000;0.000000;0.000000;0.000000;0.000000;75.765632
1967;96.000000;14.000000;-30.000000;-75.765632;0.000000;0.000000;0.000000;0.000000;0.000000;75.765632
1968;96.000000;14.000000;30.000000;75.765632;0.000000;0.000000;0.000000;0.000000;0.000000;75.765632
1969;96.000000;18.000000;-30.000000;-75.765632;0.000000;0.000000;0.000000;0.000000;0.000000;75.765632
1970;96.000000;18.000000;30.000000;75.765632;0.000000;0.000000;0.000000;0.000000;0.000000;75.765632
1971;96.000000;22.000000;-30.000000;-75.765632;0.000000;0.000000;0.000000;0.000000;0.000000;75.765632
1972;96.000000;22.000000;30.000000;75.765632;0.000000;0.000000;0.000000;0.000000;0.000000;75.765632
1973;96.000000;26.000000;-30.000000;-75.765632;0.000000;0.000000;0.000000;0.000000;0.000000;75.765632
1974;96.000000;26.000000;30.000000;75.765632;0.000000;0.000000;0.000000;0.000000;0.000000;75.765632
1975;96.000000;30.000000;-30.000000;-75.765632;0.000000;0.000000;0.000000;0.000000;0.000000;75.765632
1976;96.000000;30.000000;30.000000;75.765632;0.000000;0.000000;0.000000;0.000000;0.000000;75.765632
1977;96.000000;34.000000;-30.000000;-75.765632;0.000000;0.000000;0.000000;0.000000;0.000000;75.765632
1978;96.000000;34.000000;30.000000;75.765632;0.000000;0.000000;0.000000;0.000000;0.000000;75.765632
1979;96.000000;38.000000;-30.000000;-75.765632;0.000000;0.000000;0.000000;0.000000;0.000000;75.765632
1980;96.000000;38.000000;30.000000;75.765632;0.000000;0.000000;0.000000;0.000000;0.000000;75.765632
1981;96.000000;42.000000;-30.000000;-75.765632;0.000000;0.000000;0.000000;0.000000;0.000000;75.765632
1982;96.000000;42.000000;30.000000;75.765632;0.000000;0.000000;0.000000;0.000000;0.000000;75.765632
1983;96.000000;46.000000;-30.000000;-75.765632;0.000000;0.000000;0.000000;0.000000;0.000000;75.765632
1984;96.000000;46.000000;30.000000;75.765632;0.000000;0.000000;0.000000;0.000000;0.000000;75.765632
1985;96.000000;50.000000;-30.000000;-75.765632;0.000000;0.000000;0.000000;0.000000;0.000000;75.765632
1986;96.000000;50.000000;-26.000000;-65.663547;0.000000;0.000000;0.000000;0.000000;0.000000;65.663547
1987;96.000000;50.000000;-22.000000;-55.561463;0.000000;0.000000;0.000000;0.000000;0.000000;55.561463
1988;96.000000;50.000000;-18.000000;-45.459379;0.000000;0.000000;0.000000;0.000000;0.000000;45.459379
1989;96.000000;50.000000;-14.000000;-35.357295;0.000000;0.000000;0.000000;0.000000;0.000000;35.357295
1990;96.000000;50.000000;-10.000000;-25.255211;0.000000;0.000000;0.000000;0.000000;0.000000;25.255211
1991;96.000000;50.000000;-6.000000;-15.153126;0.000000;0.000000;0.000000;0.000000;0.000000;15.153126
1992;96.000000;50.000000;-2.000000;-5.051042;0.000000;0.000000;0.000000;0.000000;0.000000;5.051042
1993;96.000000;50.000000;2.000000;5.051042;0.000000;0.000000;0.000000;0.000000;0.000000;5.051042
1994;96.000000;50.000000;6.000000;15.153126;0.000000;0.000000;0.000000;0.000000;0.000000;15.153126
1995;96.000000;50.000000;10.000000;25.255211;0.000000;0.000000;0.000000;0.000000;0.000000;25.255211
1996;96.000000;50.000000;14.000000;35.357295;0.000000;0.000000;0.000000;0.000000;0.000000;35.357295
1997;96.000000;50.000000;18.000000;45.459379;0.000000;0.000000;0.000000;0.000000;0.000000;45.459379
1998;96.000000;50.000000;22.000000;55.561463;0.000000;0.000000;0.000000;0.000000;0.000000;55.561463
1999;96.000000;50.000000;26.000000;65.663547;0.000000;0.000000;0.000000;0.000000;0.000000;65.663547
2000;96.000000;50.000000;30.000000;75.765632;0.000000;0.000000;0.000000;0.000000;0.000000;75.765632
2001;100.000000;-50.000000;-30.000000;-74.768715;0.000000;0.000000;0.000000;0.000000;0.000000;74.768715
2002;100.000000;-50.000000;-26.000000;-64.799553;0.000000;0.000000;0.000000;0.000000;0.000000;64.799553
2003;100.000000;-50.000000;-22.000000;-54.830391;0.000000;0.000000;0.000000;0.000000;0.000000;54.830391
2004;100.000000;-50.000000;-18.000000;-44.861229;0.000000;0.000000;0.000000;0.000000;0.000000;44.861229
2005;100.000000;-50.000000;-14.000000;-34.892067;0.000000;0.000000;0.000000;0.000000;0.000000;34.892067
2006;100.000000;-50.000000;-10.000000;-24.922905;0.000000;0.000000;0.000000;0.000000;0.000000;24.922905
2007;100.000000;-50.000000;-6.000000;-14.953743;0.000000;0.000000;0.000000;0.000000;0.000000;14.953743
2008;100.000000;-50.000000;-2.000000;-4.984581;0.000000;0.000000;0.000000;0.000000;0.000000;4.984581
2009;100.000000;-50.000000;2.000000;4.984581;0.000000;0.000000;0.000000;0.000000;0.000000;4.984581
2010;100.000000;-50.000000;6.000000;14.953743;0.000000;0.000000;0.000000;0.000000;0.000000;14.953743
2011;100.000000;-50.000000;10.000000;24.922905;0.000000;0.000000;0.000000;0.000000;0.000000;24.922905
2012;100.000000;-50.000000;14.000000;34.892067;0.000000;0.000000;0.000000;0.000000;0.000000;34.892067
2013;100.000000;-50.000000;18.000000;44.861229;0.000000;0.000000;0.000000;0.000000;0.000000;44.861229
2014;100.000000;-50.000000;22.000000;54.830391;0.000000;0.000000;0.000000;0.000000;0.000000;54.830391
2015;100.000000;-50.000000;26.000000;64.799553;0.000000;0.000000;0.000000;0.000000;0.000000;64.799553
2016;100.000000;-50.000000;30.000000;74.768715;0.000000;0.000000;0.000000;0.000000;0.000000;74.768715
2017;100.000000;-46.000000;-30.000000;-74.768715;0.000000;0.000000;0.000000;0.000000;0.000000;74.768715
2018;100.000000;-46.000000;30.000000;74.768715;0.000000;0.000000;0.000000;0.000000;0.000000;74.768715
2019;100.000000;-42.000000;-30.000000;-74.768715;0.000000;0.000000;0.000000;0.000000;0.000000;74.768715
2020;100.000000;-42.000000;30.000000;74.768715;0.000000;0.000000;0.000000;0.000000;0.000000;74.768715
2021;100.000000;-38.000000;-30.000000;-74.768715;0.000000;0.000000;0.000000;0.000000;0.000000;74.768715
2022;100.000000;-38.000000;30.000000;74.768715;0.000000;0.000000;0.000000;0.000000;0.000000;74.768715
2023;100.000000;-34.000000;-30.000000;-74.768715;0.000000;0.000000;0.000000;0.000000;0.000000;74.768715
2024;100.000000;-34.000000;30.000000;74.768715;0.000000;0.000000;0.000000;0.000000;0.000000;74.768715
2025;100.000000;-30.000000;-30.000000;-74.768715;0.000000;0.000000;0.000000;0.000000;0.000000;74.768715
2026;100.000000;-30.000000;30.000000;74.768715;0.000000;0.000000;0.000000;0.000000;0.000000;74.768715
2027;100.000000;-26.000000;-30.000000;-74.768715;0.000000;0.000000;0.000000;0.000000;0.000000;74.768715
2028;100.000000;-26.000000;30.000000;74.768715;0.000000;0.000000;0.000000;0.000000;0.000000;74.768715
2029;100.000000;-22.000000;-30.000000;-74.768715;0.000000;0.000000;0.000000;0.000000;0.000000;74.768715
2030;100.000000;-22.000000;30.000000;74.768715;0.000000;0.000000;0.000000;0.000000;0.000000;74.768715
2031;100.000000;-18.000000;-30.000000;-74.768715;0.000000;0.000000;0.000000;0.000000;0.000000;74.768715
2032;100.000000;-18.000000;30.000000;74.768715;0.000000;0.000000;0.000000;0.000000;0.000000;74.768715
2033;100.000000;-14.000000;-30.000000;-74.768715;0.000000;0.000000;0.000000;0.000000;0.000000;74.768715
2034;100.000000;-14.000000;30.000000;74.768715;0.000000;0.000000;0.000000;0.000000;0.000000;74.768715
2035;100.000000;-10.000000;-30.000000;-74.768715;0.000000;0.000000;0.000000;0.000000;0.000000;74.768715
2036;100.000000;-10.000000;30.000000;74.768715;0.000000;0.000000;0.000000;0.000000;0.000000;74.768715
2037;100.000000;-6.000000;-30.000000;-74.768715;0.000000;0.000000;0.000000;0.000000;0.000000;74.768715
2038;100.000000;-6.000000;30.000000;74.768715;0.000000;0.000000;0.000000;0.000000;0.000000;74.768715
2039;100.000000;-2.000000;-30.000000;-74.768715;0.000000;0.000000;0.000000;0.000000;0.000000;74.768715
2040;100.000000;-2.000000;30.000000;74.768715;0.000000;0.000000;0.000000;0.000000;0.000000;74.768715
2041;100.000000;2.000000;-30.000000;-74.768715;0.000000;0.000000;0.000000;0.000000;0.000000;74.768715
2042;100.000000;2.000000;30.000000;74.768715;0.000000;0.000000;0.000000;0.000000;0.000000;74.768715
2043;100.000000;6.000000;-30.000000;-74.768715;0.000000;0.000000;0.000000;0.000000;0.000000;74.768715
2044;100.000000;6.000000;30.000000;74.768715;0.000000;0.000000;0.000000;0.000000;0.000000;74.768715
2045;100.000000;10.000000;-30.000000;-74.768715;0.000000;0.000000;0.000000;0.000000;0.000000;74.768715
2046;100.000000;10.000000;30.000000;74.768715;0.000000;0.000000;0.000000;0.000000;0.000000;74.768715
2047;100.000000;14.000000;-30.000000;-74.768715;0.000000;0.000000;0.000000;0.000000;0.000000;74.768715
2048;100.000000;14.000000;30.000000;74.768715;0.000000;0.000000;0.000000;0.000000;0.000000;74.768715
2049;100.000000;18.000000;-30.000000;-74.768715;0.000000;0.000000;0.000000;0.000000;0.000000;74.768715
2050;100.000000;18.000000;30.000000;74.768715;0.000000;0.000000;0.000000;0.000000;0.000000;74.768715
2051;100.000000;22.000000;-30.000000;-74.768715;0.000000;0.000000;0.000000;0.000000;0.000000;74.768715
2052;100.000000;22.000000;30.000000;74.768715;0.000000;0.000000;0.000000;0.000000;0.000000;74.768715
2053;100.000000;26.000000;-30.000000;-74.768715;0.000000;0.000000;0.000000;0.000000;0.000000;74.768715
2054;100.000000;26.000000;30.000000;74.768715;0.000000;0.000000;0.000000;0.000000;0.000000;74.768715
2055;100.000000;30.000000;-30.000000;-74.768715;0.000000;0.000000;0.000000;0.000000;0.000000;74.768715
2056;100.000000;30.000000;30.000000;74.768715;0.000000;0.000000;0.000000;0.000000;0.000000;74.768715
2057;100.000000;34.000000;-30.000000;-74.768715;0.000000;0.000000;0.000000;0.000000;0.000000;74.768715
2058;100.000000;34.000000;30.000000;74.768715;0.000000;0.000000;0.000000;0.000000;0.000000;74.768715
2059;100.000000;38.000000;-30.000000;-74.768715;0.000000;0.000000;0.000000;0.000000;0.000000;74.768715
2060;100.000000;38.000000;30.000000;74.768715;0.000000;0.000000;0.000000;0.000000;0.000000;74.768715
2061;100.000000;42.000000;-30.000000;-74.768715;0.000000;0.000000;0.000000;0.000000;0.000000;74.768715
2062;100.000000;42.000000;30.000000;74.768715;0.000000;0.000000;0.000000;0.000000;0.000000;74.768715
2063;100.000000;46.000000;-30.000000;-74.768715;0.000000;0.000000;0.000000;0.000000;0.000000;74.768715
2064;100.000000;46.000000;30.000000;74.768715;0.000000;0.000000;0.000000;0.000000;0.000000;74.768715
2065;100.000000;50.000000;-30.000000;-74.768715;0.000000;0.000000;0.000000;0.000000;0.000000;74.768715
2066;100.000000;50.000000;-26.000000;-64.799553;0.000000;0.000000;0.000000;0.000000;0.000000;64.799553
2067;100.000000;50.000000;-22.000000;-54.830391;0.000000;0.000000;0.000000;0.000000;0.000000;54.830391
2068;100.000000;50.000000;-18.000000;-44.861229;0.000000;0.000000;0.000000;0.000000;0.000000;44.861229
2069;100.000000;50.000000;-14.000000;-34.892067;0.000000;0.000000;0.000000;0.000000;0.000000;34.892067
2070;100.000000;50.000000;-10.000000;-24.922905;0.000000;0.000000;0.000000;0.000000;0.000000;24.922905
2071;100.000000;50.000000;-6.000000;-14.953743;0.000000;0.000000;0.000000;0.000000;0.000000;14.953743
2072;100.000000;50.000000;-2.000000;-4.984581;0.000000;0.000000;0.000000;0.000000;0.000000;4.984581
2073;100.000000;50.000000;2.000000;4.984581;0.000000;0.000000;0.000000;0.000000;0.000000;4.984581
2074;100.000000;50.000000;6.000000;14.953743;0.000000;0.000000;0.000000;0.000000;0.000000;14.953743
2075;100.000000;50.000000;10.000000;24.922905;0.000000;0.000000;0.000000;0.000000;0.000000;24.922905
2076;100.000000;50.000000;14.000000;34.892067;0.000000;0.000000;0.000000;0.000000;0.000000;34.892067
2077;100.000000;50.000000;18.000000;44.861229;0.000000;0.000000;0.000000;0.000000;0.000000;44.861229
2078;100.000000;50.000000;22.000000;54.830391;0.000000;0.000000;0.000000;0.000000;0.000000;54.830391
2079;100.000000;50.000000;26.000000;64.799553;0.000000;0.000000;0.000000;0.000000;0.000000;64.799553
2080;100.000000;50.000000;30.000000;74.768715;0.000000;0.000000;0.000000;0.000000;0.000000;74.768715
2081;104.000000;-50.000000;-30.000000;-73.771799;0.000000;0.000000;0.000000;0.000000;0.000000;73.771799
2082;104.000000;-50.000000;-26.000000;-63.935559;0.000000;0.000000;0.000000;0.000000;0.000000;63.935559
2083;104.000000;-50.000000;-22.000000;-54.099319;0.000000;0.000000;0.000000;0.000000;0.000000;54.099319
2084;104.000000;-50.000000;-18.000000;-44.263080;0.000000;0.000000;0.000000;0.000000;0.000000;44.263080
2085;104.000000;-50.000000;-14.000000;-34.426840;0.000000;0.000000;0.000000;0.000000;0.000000;34.426840
2086;104.000000;-50.000000;-10.000000;-24.590600;0.000000;0.000000;0.000000;0.000000;0.000000;24.590600
2087;104.000000;-50.000000;-6.000000;-14.754360;0.000000;0.000000;0.000000;0.000000;0.000000;14.754360
2088;104.000000;-50.000000;-2.000000;-4.918120;0.000000;0.000000;0.000000;0.000000;0.000000;4.918120
2089;104.000000;-50.000000;2.000000;4.918120;0.000000;0.000000;0.000000;0.000000;0.000000;4.918120
2090;104.000000;-50.000000;6.000000;14.754360;0.000000;0.000000;0.000000;0.000000;0.000000;14.754360
2091;104.000000;-50.000000;10.000000;24.590600;0.000000;0.000000;0.000000;0.000000;0.000000;24.590600
2092;104.000000;-50.000000;14.000000;34.426840;0.000000;0.000000;0.000000;0.000000;0.000000;34.426840
2093;104.000000;-50.000000;18.000000;44.263080;0.000000;0.000000;0.000000;0.000000;0.000000;44.263080
2094;104.000000;-50.000000;22.000000;54.099319;0.000000;0.000000;0.000000;0.000000;0.000000;54.099319
2095;104.000000;-50.000000;26.000000;63.935559;0.000000;0.000000;0.000000;0.000000;0.000000;63.935559
2096;104.000000;-50.000000;30.000000;73.771799;0.000000;0.000000;0.000000;0.000000;0.000000;73.771799
2097;104.000000;-46.000000;-30.000000;-73.771799;0.000000;0.000000;0.000000;0.000000;0.000000;73.771799
2098;104.000000;-46.000000;30.000000;73.771799;0.000000;0.000000;0.000000;0.000000;0.000000;73.771799
2099;104.000000;-42.000000;-30.000000;-73.771799;0.000000;0.000000;0.000000;0.000000;0.000000;73.771799
2100;104.000000;-42.000000;30.000000;73.771799;0.000000;0.000000;0.000000;0.000000;0.000000;73.771799
2101;104.000000;-38.000000;-30.000000;-73.771799;0.000000;0.000000;0.000000;0.000000;0.000000;73.771799
2102;104.000000;-38.000000;30.000000;73.771799;0.000000;0.000000;0.000000;0.000000;0.000000;73.771799
2103;104.000000;-34.000000;-30.000000;-73.771799;0.000000;0.000000;0.000000;0.000000;0.000000;73.771799
2104;104.000000;-34.000000;30.000000;73.771799;0.000000;0.000000;0.000000;0.000000;0.000000;73.771799
2105;104.000000;-30.000000;-30.000000;-73.771799;0.000000;0.000000;0.000000;0.000000;0.000000;73.771799
2106;104.000000;-30.000000;30.000000;73.771799;0.000000;0.000000;0.000000;0.000000;0.000000;73.771799
2107;104.000000;-26.000000;-30.000000;-73.771799;0.000000;0.000000;0.000000;0.000000;0.000000;73.771799
2108;104.000000;-26.000000;30.000000;73.771799;0.000000;0.000000;0.000000;0.000000;0.000000;73.771799
2109;104.000000;-22.000000;-30.000000;-73.771799;0.000000;0.000000;0.000000;0.000000;0.000000;73.771799
2110;104.000000;-22.000000;30.000000;73.771799;0.000000;0.000000;0.000000;0.000000;0.000000;73.771799
2111;104.000000;-18.000000;-30.000000;-73.771799;0.000000;0.000000;0.000000;0.000000;0.000000;73.771799
2112;104.000000;-18.000000;30.000000;73.771799;0.000000;0.000000;0.000000;0.000000;0.000000;73.771799
2113;104.000000;-14.000000;-30.000000;-73.771799;0.000000;0.000000;0.000000;0.000000;0.000000;73.771799
2114;104.000000;-14.000000;30.000000;73.771799;0.000000;0.000000;0.000000;0.000000;0.000000;73.771799
2115;104.000000;-10.000000;-30.000000;-73.771799;0.000000;0.000000;0.000000;0.000000;0.000000;73.771799
2116;104.000000;-10.000000;30.000000;73.771799;0.000000;0.000000;0.000000;0.000000;0.000000;73.771799
2117;104.000000;-6.000000;-30.000000;-73.771799;0.000000;0.000000;0.000000;0.000000;0.000000;73.771799
2118;104.000000;-6.000000;30.000000;73.771799;0.000000;0.000000;0.000000;0.000000;0.000000;73.771799
2119;104.000000;-2.000000;-30.000000;-73.771799;0.000000;0.000000;0.000000;0.000000;0.000000;73.771799
2120;104.000000;-2.000000;30.000000;73.771799;0.000000;0.000000;0.000000;0.000000;0.000000;73.771799
2121;104.000000;2.000000;-30.000000;-73.771799;0.000000;0.000000;0.000000;0.000000;0.000000;73.771799
2122;104.000000;2.000000;30.000000;73.771799;0.000000;0.000000;0.000000;0.000000;0.000000;73.771799
2123;104.000000;6.000000;-30.000000;-73.771799;0.000000;0.000000;0.000000;0.000000;0.000000;73.771799
2124;104.000000;6.000000;30.000000;73.771799;0.000000;0.000000;0.000000;0.000000;0.000000;73.771799
2125;104.000000;10.000000;-30.000000;-73.771799;0.000000;0.000000;0.000000;0.000000;0.000000;73.771799
2126;104.000000;10.000000;30.000000;73.771799;0.000000;0.000000;0.000000;0.000000;0.000000;73.771799
2127;104.000000;14.000000;-30.000000;-73.771799;0.000000;0.000000;0.000000;0.000000;0.000000;73.771799
2128;104.000000;14.000000;30.000000;73.771799;0.000000;0.000000;0.000000;0.000000;0.000000;73.771799
2129;104.000000;18.000000;-30.000000;-73.771799;0.000000;0.000000;0.000000;0.000000;0.000000;73.771799
2130;104.000000;18.000000;30.000000;73.771799;0.000000;0.000000;0.000000;0.000000;0.000000;73.771799
2131;104.000000;22.000000;-30.000000;-73.771799;0.000000;0.000000;0.000000;0.000000;0.000000;73.771799
2132;104.000000;22.000000;30.000000;73.771799;0.000000;0.000000;0.000000;0.000000;0.000000;73.771799
2133;104.000000;26.000000;-30.000000;-73.771799;0.000000;0.000000;0.000000;0.000000;0.000000;73.771799
2134;104.000000;26.000000;30.000000;73.771799;0.000000;0.000000;0.000000;0.000000;0.000000;73.771799
2135;104.000000;30.000000;-30.000000;-73.771799;0.000000;0.000000;0.000000;0.000000;0.000000;73.771799
2136;104.000000;30.000000;30.000000;73.771799;0.000000;0.000000;0.000000;0.000000;0.000000;73.771799
2137;104.000000;34.000000;-30.000000;-73.771799;0.000000;0.000000;0.000000;0.000000;0.000000;73.771799
2138;104.000000;34.000000;30.000000;73.771799;0.000000;0.000000;0.000000;0.000000;0.000000;73.771799
2139;104.000000;38.000000;-30.000000;-73.771799;0.000000;0.000000;0.000000;0.000000;0.000000;73.771799
2140;104.000000;38.000000;30.000000;73.771799;0.000000;0.000000;0.000000;0.000000;0.000000;73.771799
2141;104.000000;42.000000;-30.000000;-73.771799;0.000000;0.000000;0.000000;0.000000;0.000000;73.771799
2142;104.000000;42.000000;30.000000;73.771799;0.000000;0.000000;0.000000;0.000000;0.000000;73.771799
2143;104.000000;46.000000;-30.000000;-73.771799;0.000000;0.000000;0.000000;0.000000;0.000000;73.771799
2144;104.000000;46.000000;30.000000;73.771799;0.000000;0.000000;0.000000;0.000000;0.000000;73.771799
2145;104.000000;50.000000;-30.000000;-73.771799;0.000000;0.000000;0.000000;0.000000;0.000000;73.771799
2146;104.000000;50.000000;-26.000000;-63.935559;0.000000;0.000000;0.000000;0.000000;0.000000;63.935559
2147;104.000000;50.000000;-22.000000;-54.099319;0.000000;0.000000;0.000000;0.000000;0.000000;54.099319
2148;104.000000;50.000000;-18.000000;-44.263080;0.000000;0.000000;0.000000;0.000000;0.000000;44.263080
2149;104.000000;50.000000;-14.000000;-34.426840;0.000000;0.000000;0.000000;0.000000;0.000000;34.426840
2150;104.000000;50.000000;-10.000000;-24.590600;0.000000;0.000000;0.000000;0.000000;0.000000;24.590600
2151;104.000000;50.000000;-6.000000;-14.754360;0.000000;0.000000;0.000000;0.000000;0.000000;14.754360
2152;104.000000;50.000000;-2.000000;-4.918120;0.000000;0.000000;0.000000;0.000000;0.000000;4.918120
2153;104.000000;50.000000;2.000000;4.918120;0.000000;0.000000;0.000000;0.000000;0.000000;4.918120
2154;104.000000;50.000000;6.000000;14.754360;0.000000;0.000000;0.000000;0.000000;0.000000;14.754360
2155;104.000000;50.000000;10.000000;24.590600;0.000000;0.000000;0.000000;0.000000;0.000000;24.590600
2156;104.000000;50.000000;14.000000;34.426840;0.000000;0.000000;0.000000;0.000000;0.000000;34.426840
2157;104.000000;50.000000;18.000000;44.263080;0.000000;0.000000;0.000000;0.000000;0.000000;44.263080
2158;104.000000;50.000000;22.000000;54.099319;0.000000;0.000000;0.000000;0.000000;0.000000;54.099319
2159;104.000000;50.000000;26.000000;63.935559;0.000000;0.000000;0.000000;0.000000;0.000000;63.935559
2160;104.000000;50.000000;30.000000;73.771799;0.000000;0.000000;0.000000;0.000000;0.000000;73.771799
2161;108.000000;-50.000000;-30.000000;-72.774883;0.000000;0.000000;0.000000;0.000000;0.000000;72.774883
2162;108.000000;-50.000000;-26.000000;-63.071565;0.000000;0.000000;0.000000;0.000000;0.000000;63.071565
2163;108.000000;-50.000000;-22.000000;-53.368248;0.000000;0.000000;0.000000;0.000000;0.000000;53.368248
2164;108.000000;-50.000000;-18.000000;-43.664930;0.000000;0.000000;0.000000;0.000000;0.000000;43.664930
2165;108.000000;-50.000000;-14.000000;-33.961612;0.000000;0.000000;0.000000;0.000000;0.000000;33.961612
2166;108.000000;-50.000000;-10.000000;-24.258294;0.000000;0.000000;0.000000;0.000000;0.000000;24.258294
2167;108.000000;-50.000000;-6.000000;-14.554977;0.000000;0.000000;0.000000;0.000000;0.000000;14.554977
2168;108.000000;-50.000000;-2.000000;-4.851659;0.000000;0.000000;0.000000;0.000000;0.000000;4.851659
2169;108.000000;-50.000000;2.000000;4.851659;0.000000;0.000000;0.000000;0.000000;0.000000;4.851659
2170;108.000000;-50.000000;6.000000;14.554977;0.000000;0.000000;0.000000;0.000000;0.000000;14.554977
2171;108.000000;-50.000000;10.000000;24.258294;0.000000;0.000000;0.000000;0.000000;0.000000;24.258294
2172;108.000000;-50.000000;14.000000;33.961612;0.000000;0.000000;0.000000;0.000000;0.000000;33.961612
2173;108.000000;-50.000000;18.000000;43.664930;0.000000;0.000000;0.000000;0.000000;0.000000;43.664930
2174;108.000000;-50.000000;22.000000;53.368248;0.000000;0.000000;0.000000;0.000000;0.000000;53.368248
2175;108.000000;-50.000000;26.000000;63.071565;0.000000;0.000000;0.000000;0.000000;0.000000;63.071565
2176;108.000000;-50.000000;30.000000;72.774883;0.000000;0.000000;0.000000;0.000000;0.000000;72.774883
2177;108.000000;-46.000000;-30.000000;-72.774883;0.000000;0.000000;0.000000;0.000000;0.000000;72.774883
2178;108.000000;-46.000000;30.000000;72.774883;0.000000;0.000000;0.000000;0.000000;0.000000;72.774883
2179;108.000000;-42.000000;-30.000000;-72.774883;0.000000;0.000000;0.000000;0.000000;0.000000;72.774883
2180;108.000000;-42.000000;30.000000;72.774883;0.000000;0.000000;0.000000;0.000000;0.000000;72.774883
2181;108.000000;-38.000000;-30.000000;-72.774883;0.000000;0.000000;0.000000;0.000000;0.000000;72.774883
2182;108.000000;-38.000000;30.000000;72.774883;0.000000;0.000000;0.000000;0.000000;0.000000;72.774883
2183;108.000000;-34.000000;-30.000000;-72.774883;0.000000;0.000000;0.000000;0.000000;0.000000;72.774883
2184;108.000000;-34.000000;30.000000;72.774883;0.000000;0.000000;0.000000;0.000000;0.000000;72.774883
2185;108.000000;-30.000000;-30.000000;-72.774883;0.000000;0.000000;0.000000;0.000000;0.000000;72.774883
2186;108.000000;-30.000000;30.000000;72.774883;0.000000;0.000000;0.000000;0.000000;0.000000;72.774883
2187;108.000000;-26.000000;-30.000000;-72.774883;0.000000;0.000000;0.000000;0.000000;0.000000;72.774883
2188;108.000000;-26.000000;30.000000;72.774883;0.000000;0.000000;0.000000;0.000000;0.000000;72.774883
2189;108.000000;-22.000000;-30.000000;-72.774883;0.000000;0.000000;0.000000;0.000000;0.000000;72.774883
2190;108.000000;-22.000000;30.000000;72.774883;0.000000;0.000000;0.000000;0.000000;0.000000;72.774883
2191;108.000000;-18.000000;-30.000000;-72.774883;0.000000;0.000000;0.000000;0.000000;0.000000;72.774883
2192;108.000000;-18.000000;30.000000;72.774883;0.000000;0.000000;0.000000;0.000000;0.000000;72.774883
2193;108.000000;-14.000000;-30.000000;-72.774883;0.000000;0.000000;0.000000;0.000000;0.000000;72.774883
2194;108.000000;-14.000000;30.000000;72.774883;0.000000;0.000000;0.000000;0.000000;0.000000;72.774883
2195;108.000000;-10.000000;-30.000000;-72.774883;0.000000;0.000000;0.000000;0.000000;0.000000;72.774883
2196;108.000000;-10.000000;30.000000;72.774883;0.000000;0.000000;0.000000;0.000000;0.000000;72.774883
2197;108.000000;-6.000000;-30.000000;-72.774883;0.000000;0.000000;0.000000;0.000000;0.000000;72.774883
2198;108.000000;-6.000000;30.000000;72.774883;0.000000;0.000000;0.000000;0.000000;0.000000;72.774883
2199;108.000000;-2.000000;-30.000000;-72.774883;0.000000;0.000000;0.000000;0.000000;0.000000;72.774883
2200;108.000000;-2.000000;30.000000;72.774883;0.000000;0.000000;0.000000;0.000000;0.000000;72.774883
2201;108.000000;2.000000;-30.000000;-72.774883;0.000000;0.000000;0.000000;0.000000;0.000000;72.774883
2202;108.000000;2.000000;30.000000;72.774883;0.000000;0.000000;0.000000;0.000000;0.000000;72.774883
2203;108.000000;6.000000;-30.000000;-72.774883;0.000000;0.000000;0.000000;0.000000;0.000000;72.774883
2204;108.000000;6.000000;30.000000;72.774883;0.000000;0.000000;0.000000;0.000000;0.000000;72.774883
2205;108.000000;10.000000;-30.000000;-72.774883;0.000000;0.000000;0.000000;0.000000;0.000000;72.774883
2206;108.000000;10.000000;30.000000;72.774883;0.000000;0.000000;0.000000;0.000000;0.000000;72.774883
2207;108.000000;14.000000;-30.000000;-72.774883;0.000000;0.000000;0.000000;0.000000;0.000000;72.774883
2208;108.000000;14.000000;30.000000;72.774883;0.000000;0.000000;0.000000;0.000000;0.000000;72.774883
2209;108.000000;18.000000;-30.000000;-72.774883;0.000000;0.000000;0.000000;0.000000;0.000000;72.774883
2210;108.000000;18.000000;30.000000;72.774883;0.000000;0.000000;0.000000;0.000000;0.000000;72.774883
2211;108.000000;22.000000;-30.000000;-72.774883;0.000000;0.000000;0.000000;0.000000;0.000000;72.774883
2212;108.000000;22.000000;30.000000;72.774883;0.000000;0.000000;0.000000;0.000000;0.000000;72.774883
2213;108.000000;26.000000;-30.000000;-72.774883;0.000000;0.000000;0.000000;0.000000;0.000000;72.774883
2214;108.000000;26.000000;30.000000;72.774883;0.000000;0.000000;0.000000;0.000000;0.000000;72.774883
2215;108.000000;30.000000;-30.000000;-72.774883;0.000000;0.000000;0.000000;0.000000;0.000000;72.774883
2216;108.000000;30.000000;30.000000;72.774883;0.000000;0.000000;0.000000;0.000000;0.000000;72.774883
2217;108.000000;34.000000;-30.000000;-72.774883;0.000000;0.000000;0.000000;0.000000;0.000000;72.774883
2218;108.000000;34.000000;30.000000;72.774883;0.000000;0.000000;0.000000;0.000000;0.000000;72.774883
2219;108.000000;38.000000;-30.000000;-72.774883;0.000000;0.000000;0.000000;0.000000;0.000000;72.774883
2220;108.000000;38.000000;30.000000;72.774883;0.000000;0.000000;0.000000;0.000000;0.000000;72.774883
2221;108.000000;42.000000;-30.000000;-72.774883;0.000000;0.000000;0.000000;0.000000;0.000000;72.774883
2222;108.000000;42.000000;30.000000;72.774883;0.000000;0.000000;0.000000;0.000000;0.000000;72.774883
2223;108.000000;46.000000;-30.000000;-72.774883;0.000000;0.000000;0.000000;0.000000;0.000000;72.774883
2224;108.000000;46.000000;30.000000;72.774883;0.000000;0.000000;0.000000;0.000000;0.000000;72.774883
2225;108.000000;50.000000;-30.000000;-72.774883;0.000000;0.000000;0.000000;0.000000;0.000000;72.774883
2226;108.000000;50.000000;-26.000000;-63.071565;0.000000;0.000000;0.000000;0.000000;0.000000;63.071565
2227;108.000000;50.000000;-22.000000;-53.368248;0.000000;0.000000;0.000000;0.000000;0.000000;53.368248
2228;108.000000;50.000000;-18.000000;-43.664930;0.000000;0.000000;0.000000;0.000000;0.000000;43.664930
2229;108.000000;50.000000;-14.000000;-33.961612;0.000000;0.000000;0.000000;0.000000;0.000000;33.961612
2230;108.000000;50.000000;-10.000000;-24.258294;0.000000;0.000000;0.000000;0.000000;0.000000;24.258294
2231;108.000000;50.000000;-6.000000;-14.554977;0.000000;0.000000;0.000000;0.000000;0.000000;14.554977
2232;108.000000;50.000000;-2.000000;-4.851659;0.000000;0.000000;0.000000;0.000000;0.000000;4.851659
2233;108.000000;50.000000;2.000000;4.851659;0.000000;0.000000;0.000000;0.000000;0.000000;4.851659
2234;108.000000;50.000000;6.000000;14.554977;0.000000;0.000000;0.000000;0.000000;0.000000;14.554977
2235;108.000000;50.000000;10.000000;24.258294;0.000000;0.000000;0.000000;0.000000;0.000000;24.258294
2236;108.000000;50.000000;14.000000;33.961612;0.000000;0.000000;0.000000;0.000000;0.000000;33.961612
2237;108.000000;50.000000;18.000000;43.664930;0.000000;0.000000;0.000000;0.000000;0.000000;43.664930
2238;108.000000;50.000000;22.000000;53.368248;0.000000;0.000000;0.000000;0.000000;0.000000;53.368248
2239;108.000000;50.000000;26.000000;63.071565;0.000000;0.000000;0.000000;0.000000;0.000000;63.071565
2240;108.000000;50.000000;30.000000;72.774883;0.000000;0.000000;0.000000;0.000000;0.000000;72.774883
2241;112.000000;-50.000000;-30.000000;-71.777967;0.000000;0.000000;0.000000;0.000000;0.000000;71.777967
2242;112.000000;-50.000000;-26.000000;-62.207571;0.000000;0.000000;0.000000;0.000000;0.000000;62.207571
2243;112.000000;-50.000000;-22.000000;-52.637176;0.000000;0.000000;0.000000;0.000000;0.000000;52.637176
2244;112.000000;-50.000000;-18.000000;-43.066780;0.000000;0.000000;0.000000;0.000000;0.000000;43.066780
2245;112.000000;-50.000000;-14.000000;-33.496385;0.000000;0.000000;0.000000;0.000000;0.000000;33.496385
2246;112.000000;-50.000000;-10.000000;-23.925989;0.000000;0.000000;0.000000;0.000000;0.000000;23.925989
2247;112.000000;-50.000000;-6.000000;-14.355593;0.000000;0.000000;0.000000;0.000000;0.000000;14.355593
2248;112.000000;-50.000000;-2.000000;-4.785198;0.000000;0.000000;0.000000;0.000000;0.000000;4.785198
2249;112.000000;-50.000000;2.000000;4.785198;0.000000;0.000000;0.000000;0.000000;0.000000;4.785198
2250;112.000000;-50.000000;6.000000;14.355593;0.000000;0.000000;0.000000;0.000000;0.000000;14.355593
2251;112.000000;-50.000000;10.000000;23.925989;0.000000;0.000000;0.000000;0.000000;0.000000;23.925989
2252;112.000000;-50.000000;14.000000;33.496385;0.000000;0.000000;0.000000;0.000000;0.000000;33.496385
2253;112.000000;-50.000000;18.000000;43.066780;0.000000;0.000000;0.000000;0.000000;0.000000;43.066780
2254;112.000000;-50.000000;22.000000;52.637176;0.000000;0.000000;0.000000;0.000000;0.000000;52.637176
2255;112.000000;-50.000000;26.000000;62.207571;0.000000;0.000000;0.000000;0.000000;0.000000;62.207571
2256;112.000000;-50.000000;30.000000;71.777967;0.000000;0.000000;0.000000;0.000000;0.000000;71.777967
2257;112.000000;-46.000000;-30.000000;-71.777967;0.000000;0.000000;0.000000;0.000000;0.000000;71.777967
2258;112.000000;-46.000000;30.000000;71.777967;0.000000;0.000000;0.000000;0.000000;0.000000;71.777967
2259;112.000000;-42.000000;-30.000000;-71.777967;0.000000;0.000000;0.000000;0.000000;0.000000;71.777967
2260;112.000000;-42.000000;30.000000;71.777967;0.000000;0.000000;0.000000;0.000000;0.000000;71.777967
2261;112.000000;-38.000000;-30.000000;-71.777967;0.000000;0.000000;0.000000;0.000000;0.000000;71.777967
2262;112.000000;-38.000000;30.000000;71.777967;0.000000;0.000000;0.000000;0.000000;0.000000;71.777967
2263;112.000000;-34.000000;-30.000000;-71.777967;0.000000;0.000000;0.000000;0.000000;0.000000;71.777967
2264;112.000000;-34.000000;30.000000;71.777967;0.000000;0.000000;0.000000;0.000000;0.000000;71.777967
2265;112.000000;-30.000000;-30.000000;-71.777967;0.000000;0.000000;0.000000;0.000000;0.000000;71.777967
2266;112.000000;-30.000000;30.000000;71.777967;0.000000;0.000000;0.000000;0.000000;0.000000;71.777967
2267;112.000000;-26.000000;-30.000000;-71.777967;0.000000;0.000000;0.000000;0.000000;0.000000;71.777967
2268;112.000000;-26.000000;30.000000;71.777967;0.000000;0.000000;0.000000;0.000000;0.000000;71.777967
2269;112.000000;-22.000000;-30.000000;-71.777967;0.000000;0.000000;0.000000;0.000000;0.000000;71.777967
2270;112.000000;-22.000000;30.000000;71.777967;0.000000;0.000000;0.000000;0.000000;0.000000;71.777967
2271;112.000000;-18.000000;-30.000000;-71.777967;0.000000;0.000000;0.000000;0.000000;0.000000;71.777967
2272;112.000000;-18.000000;30.000000;71.777967;0.000000;0.000000;0.000000;0.000000;0.000000;71.777967
2273;112.000000;-14.000000;-30.000000;-71.777967;0.000000;0.000000;0.000000;0.000000;0.000000;71.777967
2274;112.000000;-14.000000;30.000000;71.777967;0.000000;0.000000;0.000000;0.000000;0.000000;71.777967
2275;112.000000;-10.000000;-30.000000;-71.777967;0.000000;0.000000;0.000000;0.000000;0.000000;71.777967
2276;112.000000;-10.000000;30.000000;71.777967;0.000000;0.000000;0.000000;0.000000;0.000000;71.777967
2277;112.000000;-6.000000;-30.000000;-71.777967;0.000000;0.000000;0.000000;0.000000;0.000000;71.777967
2278;112.000000;-6.000000;30.000000;71.777967;0.000000;0.000000;0.000000;0.000000;0.000000;71.777967
2279;112.000000;-2.000000;-30.000000;-71.777967;0.000000;0.000000;0.000000;0.000000;0.000000;71.777967
2280;112.000000;-2.000000;30.000000;71.777967;0.000000;0.000000;0.000000;0.000000;0.000000;71.777967
2281;112.000000;2.000000;-30.000000;-71.777967;0.000000;0.000000;0.000000;0.000000;0.000000;71.777967
2282;112.000000;2.000000;30.000000;71.777967;0.000000;0.000000;0.000000;0.000000;0.000000;71.777967
2283;112.000000;6.000000;-30.000000;-71.777967;0.000000;0.000000;0.000000;0.000000;0.000000;71.777967
2284;112.000000;6.000000;30.000000;71.777967;0.000000;0.000000;0.000000;0.000000;0.000000;71.777967
2285;112.000000;10.000000;-30.000000;-71.777967;0.000000;0.000000;0.000000;0.000000;0.000000;71.777967
2286;112.000000;10.000000;30.000000;71.777967;0.000000;0.000000;0.000000;0.000000;0.000000;71.777967
2287;112.000000;14.000000;-30.000000;-71.777967;0.000000;0.000000;0.000000;0.000000;0.000000;71.777967
2288;112.000000;14.000000;30.000000;71.777967;0.000000;0.000000;0.000000;0.000000;0.000000;71.777967
2289;112.000000;18.000000;-30.000000;-71.777967;0.000000;0.000000;0.000000;0.000000;0.000000;71.777967
2290;112.000000;18.000000;30.000000;71.777967;0.000000;0.000000;0.000000;0.000000;0.000000;71.777967
2291;112.000000;22.000000;-30.000000;-71.777967;0.000000;0.000000;0.000000;0.000000;0.000000;71.777967
2292;112.000000;22.000000;30.000000;71.777967;0.000000;0.000000;0.000000;0.000000;0.000000;71.777967
2293;112.000000;26.000000;-30.000000;-71.777967;0.000000;0.000000;0.000000;0.000000;0.000000;71.777967
2294;112.000000;26.000000;30.000000;71.777967;0.000000;0.000000;0.000000;0.000000;0.000000;71.777967
2295;112.000000;30.000000;-30.000000;-71.777967;0.000000;0.000000;0.000000;0.000000;0.000000;71.777967
2296;112.000000;30.000000;30.000000;71.777967;0.000000;0.000000;0.000000;0.000000;0.000000;71.777967
2297;112.000000;34.000000;-30.000000;-71.777967;0.000000;0.000000;0.000000;0.000000;0.000000;71.777967
2298;112.000000;34.000000;30.000000;71.777967;0.000000;0.000000;0.000000;0.000000;0.000000;71.777967
2299;112.000000;38.000000;-30.000000;-71.777967;0.000000;0.000000;0.000000;0.000000;0.000000;71.777967
2300;112.000000;38.000000;30.000000;71.777967;0.000000;0.000000;0.000000;0.000000;0.000000;71.777967
2301;112.000000;42.000000;-30.000000;-71.777967;0.000000;0.000000;0.000000;0.000000;0.000000;71.777967
2302;112.000000;42.000000;30.000000;71.777967;0.000000;0.000000;0.000000;0.000000;0.000000;71.777967
2303;112.000000;46.000000;-30.000000;-71.777967;0.000000;0.000000;0.000000;0.000000;0.000000;71.777967
2304;112.000000;46.000000;30.000000;71.777967;0.000000;0.000000;0.000000;0.000000;0.000000;71.777967
2305;112.000000;50.000000;-30.000000;-71.777967;0.000000;0.000000;0.000000;0.000000;0.000000;71.777967
2306;112.000000;50.000000;-26.000000;-62.207571;0.000000;0.000000;0.000000;0.000000;0.000000;62.207571
2307;112.000000;50.000000;-22.000000;-52.637176;0.000000;0.000000;0.000000;0.000000;0.000000;52.637176
2308;112.000000;50.000000;-18.000000;-43.066780;0.000000;0.000000;0.000000;0.000000;0.000000;43.066780
2309;112.000000;50.000000;-14.000000;-33.496385;0.000000;0.000000;0.000000;0.000000;0.000000;33.496385
2310;112.000000;50.000000;-10.000000;-23.925989;0.000000;0.000000;0.000000;0.000000;0.000000;23.925989
2311;112.000000;50.000000;-6.000000;-14.355593;0.000000;0.000000;0.000000;0.000000;0.000000;14.355593
2312;112.000000;50.000000;-2.000000;-4.785198;0.000000;0.000000;0.000000;0.000000;0.000000;4.785198
2313;112.000000;50.000000;2.000000;4.785198;0.000000;0.000000;0.000000;0.000000;0.000000;4.785198
2314;112.000000;50.000000;6.000000;14.355593;0.000000;0.000000;0.000000;0.000000;0.000000;14.355593
2315;112.000000;50.000000;10.000000;23.925989;0.000000;0.000000;0.000000;0.000000;0.000000;23.925989
2316;112.000000;50.000000;14.000000;33.496385;0.000000;0.000000;0.000000;0.000000;0.000000;33.496385
2317;112.000000;50.000000;18.000000;43.066780;0.000000;0.000000;0.000000;0.000000;0.000000;43.066780
2318;112.000000;50.000000;22.000000;52.637176;0.000000;0.000000;0.000000;0.000000;0.000000;52.637176
2319;112.000000;50.000000;26.000000;62.207571;0.000000;0.000000;0.000000;0.000000;0.000000;62.207571
2320;112.000000;50.000000;30.000000;71.777967;0.000000;0.000000;0.000000;0.000000;0.000000;71.777967
2321;116.000000;-50.000000;-30.000000;-70.781051;0.000000;0.000000;0.000000;0.000000;0.000000;70.781051
2322;116.000000;-50.000000;-26.000000;-61.343577;0.000000;0.000000;0.000000;0.000000;0.000000;61.343577
2323;116.000000;-50.000000;-22.000000;-51.906104;0.000000;0.000000;0.000000;0.000000;0.000000;51.906104
2324;116.000000;-50.000000;-18.000000;-42.468630;0.000000;0.000000;0.000000;0.000000;0.000000;42.468630
2325;116.000000;-50.000000;-14.000000;-33.031157;0.000000;0.000000;0.000000;0.000000;0.000000;33.031157
2326;116.000000;-50.000000;-10.000000;-23.593684;0.000000;0.000000;0.000000;0.000000;0.000000;23.593684
2327;116.000000;-50.000000;-6.000000;-14.156210;0.000000;0.000000;0.000000;0.000000;0.000000;14.156210
2328;116.000000;-50.000000;-2.000000;-4.718737;0.000000;0.000000;0.000000;0.000000;0.000000;4.718737
2329;116.000000;-50.000000;2.000000;4.718737;0.000000;0.000000;0.000000;0.000000;0.000000;4.718737
2330;116.000000;-50.000000;6.000000;14.156210;0.000000;0.000000;0.000000;0.000000;0.000000;14.156210
2331;116.000000;-50.000000;10.000000;23.593684;0.000000;0.000000;0.000000;0.000000;0.000000;23.593684
2332;116.000000;-50.000000;14.000000;33.031157;0.000000;0.000000;0.000000;0.000000;0.000000;33.031157
2333;116.000000;-50.000000;18.000000;42.468630;0.000000;0.000000;0.000000;0.000000;0.000000;42.468630
2334;116.000000;-50.000000;22.000000;51.906104;0.000000;0.000000;0.000000;0.000000;0.000000;51.906104
2335;116.000000;-50.000000;26.000000;61.343577;0.000000;0.000000;0.000000;0.000000;0.000000;61.343577
2336;116.000000;-50.000000;30.000000;70.781051;0.000000;0.000000;0.000000;0.000000;0.000000;70.781051
2337;116.000000;-46.000000;-30.000000;-70.781051;0.000000;0.000000;0.000000;0.000000;0.000000;70.781051
2338;116.000000;-46.000000;30.000000;70.781051;0.000000;0.000000;0.000000;0.000000;0.000000;70.781051
2339;116.000000;-42.000000;-30.000000;-70.781051;0.000000;0.000000;0.000000;0.000000;0.000000;70.781051
2340;116.000000;-42.000000;30.000000;70.781051;0.000000;0.000000;0.000000;0.000000;0.000000;70.781051
2341;116.000000;-38.000000;-30.000000;-70.781051;0.000000;0.000000;0.000000;0.000000;0.000000;70.781051
2342;116.000000;-38.000000;30.000000;70.781051;0.000000;0.000000;0.000000;0.000000;0.000000;70.781051
2343;116.000000;-34.000000;-30.000000;-70.781051;0.000000;0.000000;0.000000;0.000000;0.000000;70.781051
2344;116.000000;-34.000000;30.000000;70.781051;0.000000;0.000000;0.000000;0.000000;0.000000;70.781051
2345;116.000000;-30.000000;-30.000000;-70.781051;0.000000;0.000000;0.000000;0.000000;0.000000;70.781051
2346;116.000000;-30.000000;30.000000;70.781051;0.000000;0.000000;0.000000;0.000000;0.000000;70.781051
2347;116.000000;-26.000000;-30.000000;-70.781051;0.000000;0.000000;0.000000;0.000000;0.000000;70.781051
2348;116.000000;-26.000000;30.000000;70.781051;0.000000;0.000000;0.000000;0.000000;0.000000;70.781051
2349;116.000000;-22.000000;-30.000000;-70.781051;0.000000;0.000000;0.000000;0.000000;0.000000;70.781051
2350;116.000000;-22.000000;30.000000;70.781051;0.000000;0.000000;0.000000;0.000000;0.000000;70.781051
2351;116.000000;-18.000000;-30.000000;-70.781051;0.000000;0.000000;0.000000;0.000000;0.000000;70.781051
2352;116.000000;-18.000000;30.000000;70.781051;0.000000;0.000000;0.000000;0.000000;0.000000;70.781051
2353;116.000000;-14.000000;-30.000000;-70.781051;0.000000;0.000000;0.000000;0.000000;0.000000;70.781051
2354;116.000000;-14.000000;30.000000;70.781051;0.000000;0.000000;0.000000;0.000000;0.000000;70.781051
2355;116.000000;-10.000000;-30.000000;-70.781051;0.000000;0.000000;0.000000;0.000000;0.000000;70.781051
2356;116.000000;-10.000000;30.000000;70.781051;0.000000;0.000000;0.000000;0.000000;0.000000;70.781051
2357;116.000000;-6.000000;-30.000000;-70.781051;0.000000;0.000000;0.000000;0.000000;0.000000;70.781051
2358;116.000000;-6.000000;30.000000;70.781051;0.000000;0.000000;0.000000;0.000000;0.000000;70.781051
2359;116.000000;-2.000000;-30.000000;-70.781051;0.000000;0.000000;0.000000;0.000000;0.000000;70.781051
2360;116.000000;-2.000000;30.000000;70.781051;0.000000;0.000000;0.000000;0.000000;0.000000;70.781051
2361;116.000000;2.000000;-30.000000;-70.781051;0.000000;0.000000;0.000000;0.000000;0.000000;70.781051
2362;116.000000;2.000000;30.000000;70.781051;0.000000;0.000000;0.000000;0.000000;0.000000;70.781051
2363;116.000000;6.000000;-30.000000;-70.781051;0.000000;0.000000;0.000000;0.000000;0.000000;70.781051
2364;116.000000;6.000000;30.000000;70.781051;0.000000;0.000000;0.000000;0.000000;0.000000;70.781051
2365;116.000000;10.000000;-30.000000;-70.781051;0.000000;0.000000;0.000000;0.000000;0.000000;70.781051
2366;116.000000;10.000000;30.000000;70.781051;0.000000;0.000000;0.000000;0.000000;0.000000;70.781051
2367;116.000000;14.000000;-30.000000;-70.781051;0.000000;0.000000;0.000000;0.000000;0.000000;70.781051
2368;116.000000;14.000000;30.000000;70.781051;0.000000;0.000000;0.000000;0.000000;0.000000;70.781051
2369;116.000000;18.000000;-30.000000;-70.781051;0.000000;0.000000;0.000000;0.000000;0.000000;70.781051
2370;116.000000;18.000000;30.000000;70.781051;0.000000;0.000000;0.000000;0.000000;0.000000;70.781051
2371;116.000000;22.000000;-30.000000;-70.781051;0.000000;0.000000;0.000000;0.000000;0.000000;70.781051
2372;116.000000;22.000000;30.000000;70.781051;0.000000;0.000000;0.000000;0.000000;0.000000;70.781051
2373;116.000000;26.000000;-30.000000;-70.781051;0.000000;0.000000;0.000000;0.000000;0.000000;70.781051
2374;116.000000;26.000000;30.000000;70.781051;0.000000;0.000000;0.000000;0.000000;0.000000;70.781051
2375;116.000000;30.000000;-30.000000;-70.781051;0.000000;0.000000;0.000000;0.000000;0.000000;70.781051
2376;116.000000;30.000000;30.000000;70.781051;0.000000;0.000000;0.000000;0.000000;0.000000;70.781051
2377;116.000000;34.000000;-30.000000;-70.781051;0.000000;0.000000;0.000000;0.000000;0.000000;70.781051
2378;116.000000;34.000000;30.000000;70.781051;0.000000;0.000000;0.000000;0.000000;0.000000;70.781051
2379;116.000000;38.000000;-30.000000;-70.781051;0.000000;0.000000;0.000000;0.000000;0.000000;70.781051
2380;116.000000;38.000000;30.000000;70.781051;0.000000;0.000000;0.000000;0.000000;0.000000;70.781051
2381;116.000000;42.000000;-30.000000;-70.781051;0.000000;0.000000;0.000000;0.000000;0.000000;70.781051
2382;116.000000;42.000000;30.000000;70.781051;0.000000;0.000000;0.000000;0.000000;0.000000;70.781051
2383;116.000000;46.000000;-30.000000;-70.781051;0.000000;0.000000;0.000000;0.000000;0.000000;70.781051
2384;116.000000;46.000000;30.000000;70.781051;0.000000;0.000000;0.000000;0.000000;0.000000;70.781051
2385;116.000000;50.000000;-30.000000;-70.781051;0.000000;0.000000;0.000000;0.000000;0.000000;70.781051
2386;116.000000;50.000000;-26.000000;-61.343577;0.000000;0.000000;0.000000;0.000000;0.000000;61.343577
2387;116.000000;50.000000;-22.000000;-51.906104;0.000000;0.000000;0.000000;0.000000;0.000000;51.906104
2388;116.000000;50.000000;-18.000000;-42.468630;0.000000;0.000000;0.000000;0.000000;0.000000;42.468630
2389;116.000000;50.000000;-14.000000;-33.031157;0.000000;0.000000;0.000000;0.000000;0.000000;33.031157
2390;116.000000;50.000000;-10.000000;-23.593684;0.000000;0.000000;0.000000;0.000000;0.000000;23.593684
2391;116.000000;50.000000;-6.000000;-14.156210;0.000000;0.000000;0.000000;0.000000;0.000000;14.156210
2392;116.000000;50.000000;-2.000000;-4.718737;0.000000;0.000000;0.000000;0.000000;0.000000;4.718737
2393;116.000000;50.000000;2.000000;4.718737;0.000000;0.000000;0.000000;0.000000;0.000000;4.718737
2394;116.000000;50.000000;6.000000;14.156210;0.000000;0.000000;0.000000;0.000000;0.000000;14.156210
2395;116.000000;50.000000;10.000000;23.593684;0.000000;0.000000;0.000000;0.000000;0.000000;23.593684
2396;116.000000;50.000000;14.000000;33.031157;0.000000;0.000000;0.000000;0.000000;0.000000;33.031157
2397;116.000000;50.000000;18.000000;42.468630;0.000000;0.000000;0.000000;0.000000;0.000000;42.468630
2398;116.000000;50.000000;22.000000;51.906104;0.000000;0.000000;0.000000;0.000000;0.000000;51.906104
2399;116.000000;50.000000;26.000000;61.343577;0.000000;0.000000;0.000000;0.000000;0.000000;61.343577
2400;116.000000;50.000000;30.000000;70.781051;0.000000;0.000000;0.000000;0.000000;0.000000;70.781051
2401;120.000000;-50.000000;-30.000000;-69.784134;0.000000;0.000000;0.000000;0.000000;0.000000;69.784134
2402;120.000000;-50.000000;-26.000000;-60.479583;0.000000;0.000000;0.000000;0.000000;0.000000;60.479583
2403;120.000000;-50.000000;-22.000000;-51.175032;0.000000;0.000000;0.000000;0.000000;0.000000;51.175032
2404;120.000000;-50.000000;-18.000000;-41.870481;0.000000;0.000000;0.000000;0.000000;0.000000;41.870481
2405;120.000000;-50.000000;-14.000000;-32.565929;0.000000;0.000000;0.000000;0.000000;0.000000;32.565929
2406;120.000000;-50.000000;-10.000000;-23.261378;0.000000;0.000000;0.000000;0.000000;0.000000;23.261378
2407;120.000000;-50.000000;-6.000000;-13.956827;0.000000;0.000000;0.000000;0.000000;0.000000;13.956827
2408;120.000000;-50.000000;-2.000000;-4.652276;0.000000;0.000000;0.000000;0.000000;0.000000;4.652276
2409;120.000000;-50.000000;2.000000;4.652276;0.000000;0.000000;0.000000;0.000000;0.000000;4.652276
2410;120.000000;-50.000000;6.000000;13.956827;0.000000;0.000000;0.000000;0.000000;0.000000;13.956827
2411;120.000000;-50.000000;10.000000;23.261378;0.000000;0.000000;0.000000;0.000000;0.000000;23.261378
2412;120.000000;-50.000000;14.000000;32.565929;0.000000;0.000000;0.000000;0.000000;0.000000;32.565929
2413;120.000000;-50.000000;18.000000;41.870481;0.000000;0.000000;0.000000;0.000000;0.000000;41.870481
2414;120.000000;-50.000000;22.000000;51.175032;0.000000;0.000000;0.000000;0.000000;0.000000;51.175032
2415;120.000000;-50.000000;26.000000;60.479583;0.000000;0.000000;0.000000;0.000000;0.000000;60.479583
2416;120.000000;-50.000000;30.000000;69.784134;0.000000;0.000000;0.000000;0.000000;0.000000;69.784134
2417;120.000000;-46.000000;-30.000000;-69.784134;0.000000;0.000000;0.000000;0.000000;0.000000;69.784134
2418;120.000000;-46.000000;30.000000;69.784134;0.000000;0.000000;0.000000;0.000000;0.000000;69.784134
2419;120.000000;-42.000000;-30.000000;-69.784134;0.000000;0.000000;0.000000;0.000000;0.000000;69.784134
2420;120.000000;-42.000000;30.000000;69.784134;0.000000;0.000000;0.000000;0.000000;0.000000;69.784134
2421;120.000000;-38.000000;-30.000000;-69.784134;0.000000;0.000000;0.000000;0.000000;0.000000;69.784134
2422;120.000000;-38.000000;30.000000;69.784134;0.000000;0.000000;0.000000;0.000000;0.000000;69.784134
2423;120.000000;-34.000000;-30.000000;-69.784134;0.000000;0.000000;0.000000;0.000000;0.000000;69.784134
2424;120.000000;-34.000000;30.000000;69.784134;0.000000;0.000000;0.000000;0.000000;0.000000;69.784134
2425;120.000000;-30.000000;-30.000000;-69.784134;0.000000;0.000000;0.000000;0.000000;0.000000;69.784134
2426;120.000000;-30.000000;30.000000;69.784134;0.000000;0.000000;0.000000;0.000000;0.000000;69.784134
2427;120.000000;-26.000000;-30.000000;-69.784134;0.000000;0.000000;0.000000;0.000000;0.000000;69.784134
2428;120.000000;-26.000000;30.000000;69.784134;0.000000;0.000000;0.000000;0.000000;0.000000;69.784134
2429;120.000000;-22.000000;-30.000000;-69.784134;0.000000;0.000000;0.000000;0.000000;0.000000;69.784134
2430;120.000000;-22.000000;30.000000;69.784134;0.000000;0.000000;0.000000;0.000000;0.000000;69.784134
2431;120.000000;-18.000000;-30.000000;-69.784134;0.000000;0.000000;0.000000;0.000000;0.000000;69.784134
2432;120.000000;-18.000000;30.000000;69.784134;0.000000;0.000000;0.000000;0.000000;0.000000;69.784134
2433;120.000000;-14.000000;-30.000000;-69.784134;0.000000;0.000000;0.000000;0.000000;0.000000;69.784134
2434;120.000000;-14.000000;30.000000;69.784134;0.000000;0.000000;0.000000;0.000000;0.000000;69.784134
2435;120.000000;-10.000000;-30.000000;-69.784134;0.000000;0.000000;0.000000;0.000000;0.000000;69.784134
2436;120.000000;-10.000000;30.000000;69.784134;0.000000;0.000000;0.000000;0.000000;0.000000;69.784134
2437;120.000000;-6.000000;-30.000000;-69.784134;0.000000;0.000000;0.000000;0.000000;0.000000;69.784134
2438;120.000000;-6.000000;30.000000;69.784134;0.000000;0.000000;0.000000;0.000000;0.000000;69.784134
2439;120.000000;-2.000000;-30.000000;-69.784134;0.000000;0.000000;0.000000;0.000000;0.000000;69.784134
2440;120.000000;-2.000000;30.000000;69.784134;0.000000;0.000000;0.000000;0.000000;0.000000;69.784134
2441;120.000000;2.000000;-30.000000;-69.784134;0.000000;0.000000;0.000000;0.000000;0.000000;69.784134
2442;120.000000;2.000000;30.000000;69.784134;0.000000;0.000000;0.000000;0.000000;0.000000;69.784134
2443;120.000000;6.000000;-30.000000;-69.784134;0.000000;0.000000;0.000000;0.000000;0.000000;69.784134
2444;120.000000;6.000000;30.000000;69.784134;0.000000;0.000000;0.000000;0.000000;0.000000;69.784134
2445;120.000000;10.000000;-30.000000;-69.784134;0.000000;0.000000;0.000000;0.000000;0.000000;69.784134
2446;120.000000;10.000000;30.000000;69.784134;0.000000;0.000000;0.000000;0.000000;0.000000;69.784134
2447;120.000000;14.000000;-30.000000;-69.784134;0.000000;0.000000;0.000000;0.000000;0.000000;69.784134
2448;120.000000;14.000000;30.000000;69.784134;0.000000;0.000000;0.000000;0.000000;0.000000;69.784134
2449;120.000000;18.000000;-30.000000;-69.784134;0.000000;0.000000;0.000000;0.000000;0.000000;69.784134
2450;120.000000;18.000000;30.000000;69.784134;0.000000;0.000000;0.000000;0.000000;0.000000;69.784134
2451;120.000000;22.000000;-30.000000;-69.784134;0.000000;0.000000;0.000000;0.000000;0.000000;69.784134
2452;120.000000;22.000000;30.000000;69.784134;0.000000;0.000000;0.000000;0.000000;0.000000;69.784134
2453;120.000000;26.000000;-30.000000;-69.784134;0.000000;0.000000;0.000000;0.000000;0.000000;69.784134
2454;120.000000;26.000000;30.000000;69.784134;0.000000;0.000000;0.000000;0.000000;0.000000;69.784134
2455;120.000000;30.000000;-30.000000;-69.784134;0.000000;0.000000;0.000000;0.000000;0.000000;69.784134
2456;120.000000;30.000000;30.000000;69.784134;0.000000;0.000000;0.000000;0.000000;0.000000;69.784134
2457;120.000000;34.000000;-30.000000;-69.784134;0.000000;0.000000;0.000000;0.000000;0.000000;69.784134
2458;120.000000;34.000000;30.000000;69.784134;0.000000;0.000000;0.000000;0.000000;0.000000;69.784134
2459;120.000000;38.000000;-30.000000;-69.784134;0.000000;0.000000;0.000000;0.000000;0.000000;69.784134
2460;120.000000;38.000000;30.000000;69.784134;0.000000;0.000000;0.000000;0.000000;0.000000;69.784134
2461;120.000000;42.000000;-30.000000;-69.784134;0.000000;0.000000;0.000000;0.000000;0.000000;69.784134
2462;120.000000;42.000000;30.000000;69.784134;0.000000;0.000000;0.000000;0.000000;0.000000;69.784134
2463;120.000000;46.000000;-30.000000;-69.784134;0.000000;0.000000;0.000000;0.000000;0.000000;69.784134
2464;120.000000;46.000000;30.000000;69.784134;0.000000;0.000000;0.000000;0.000000;0.000000;69.784134
2465;120.000000;50.000000;-30.000000;-69.784134;0.000000;0.000000;0.000000;0.000000;0.000000;69.784134
2466;120.000000;50.000000;-26.000000;-60.479583;0.000000;0.000000;0.000000;0.000000;0.000000;60.479583
2467;120.000000;50.000000;-22.000000;-51.175032;0.000000;0.000000;0.000000;0.000000;0.000000;51.175032
2468;120.000000;50.000000;-18.000000;-41.870481;0.000000;0.000000;0.000000;0.000000;0.000000;41.870481
2469;120.000000;50.000000;-14.000000;-32.565929;0.000000;0.000000;0.000000;0.000000;0.000000;32.565929
2470;120.000000;50.000000;-10.000000;-23.261378;0.000000;0.000000;0.000000;0.000000;0.000000;23.261378
2471;120.000000;50.000000;-6.000000;-13.956827;0.000000;0.000000;0.000000;0.000000;0.000000;13.956827
2472;120.000000;50.000000;-2.000000;-4.652276;0.000000;0.000000;0.000000;0.000000;0.000000;4.652276
2473;120.000000;50.000000;2.000000;4.652276;0.000000;0.000000;0.000000;0.000000;0.000000;4.652276
2474;120.000000;50.000000;6.000000;13.956827;0.000000;0.000000;0.000000;0.000000;0.000000;13.956827
2475;120.000000;50.000000;10.000000;23.261378;0.000000;0.000000;0.000000;0.000000;0.000000;23.261378
2476;120.000000;50.000000;14.000000;32.565929;0.000000;0.000000;0.000000;0.000000;0.000000;32.565929
2477;120.000000;50.000000;18.000000;41.870481;0.000000;0.000000;0.000000;0.000000;0.000000;41.870481
2478;120.000000;50.000000;22.000000;51.175032;0.000000;0.000000;0.000000;0.000000;0.000000;51.175032
2479;120.000000;50.000000;26.000000;60.479583;0.000000;0.000000;0.000000;0.000000;0.000000;60.479583
2480;120.000000;50.000000;30.000000;69.784134;0.000000;0.000000;0.000000;0.000000;0.000000;69.784134
2481;124.000000;-50.000000;-30.000000;-68.787218;0.000000;0.000000;0.000000;0.000000;0.000000;68.787218
2482;124.000000;-50.000000;-26.000000;-59.615589;0.000000;0.000000;0.000000;0.000000;0.000000;59.615589
2483;124.000000;-50.000000;-22.000000;-50.443960;0.000000;0.000000;0.000000;0.000000;0.000000;50.443960
2484;124.000000;-50.000000;-18.000000;-41.272331;0.000000;0.000000;0.000000;0.000000;0.000000;41.272331
2485;124.000000;-50.000000;-14.000000;-32.100702;0.000000;0.000000;0.000000;0.000000;0.000000;32.100702
2486;124.000000;-50.000000;-10.000000;-22.929073;0.000000;0.000000;0.000000;0.000000;0.000000;22.929073
2487;124.000000;-50.000000;-6.000000;-13.757444;0.000000;0.000000;0.000000;0.000000;0.000000;13.757444
2488;124.000000;-50.000000;-2.000000;-4.585815;0.000000;0.000000;0.000000;0.000000;0.000000;4.585815
2489;124.000000;-50.000000;2.000000;4.585815;0.000000;0.000000;0.000000;0.000000;0.000000;4.585815
2490;124.000000;-50.000000;6.000000;13.757444;0.000000;0.000000;0.000000;0.000000;0.000000;13.757444
2491;124.000000;-50.000000;10.000000;22.929073;0.000000;0.000000;0.000000;0.000000;0.000000;22.929073
2492;124.000000;-50.000000;14.000000;32.100702;0.000000;0.000000;0.000000;0.000000;0.000000;32.100702
2493;124.000000;-50.000000;18.000000;41.272331;0.000000;0.000000;0.000000;0.000000;0.000000;41.272331
2494;124.000000;-50.000000;22.000000;50.443960;0.000000;0.000000;0.000000;0.000000;0.000000;50.443960
2495;124.000000;-50.000000;26.000000;59.615589;0.000000;0.000000;0.000000;0.000000;0.000000;59.615589
2496;124.000000;-50.000000;30.000000;68.787218;0.000000;0.000000;0.000000;0.000000;0.000000;68.787218
2497;124.000000;-46.000000;-30.000000;-68.787218;0.000000;0.000000;0.000000;0.000000;0.000000;68.787218
2498;124.000000;-46.000000;30.000000;68.787218;0.000000;0.000000;0.000000;0.000000;0.000000;68.787218
2499;124.000000;-42.000000;-30.000000;-68.787218;0.000000;0.000000;0.000000;0.000000;0.000000;68.787218
2500;124.000000;-42.000000;30.000000;68.787218;0.000000;0.000000;0.000000;0.000000;0.000000;68.787218
2501;124.000000;-38.000000;-30.000000;-68.787218;0.000000;0.000000;0.000000;0.000000;0.000000;68.787218
2502;124.000000;-38.000000;30.000000;68.787218;0.000000;0.000000;0.000000;0.000000;0.000000;68.787218
2503;124.000000;-34.000000;-30.000000;-68.787218;0.000000;0.000000;0.000000;0.000000;0.000000;68.787218
2504;124.000000;-34.000000;30.000000;68.787218;0.000000;0.000000;0.000000;0.000000;0.000000;68.787218
2505;124.000000;-30.000000;-30.000000;-68.787218;0.000000;0.000000;0.000000;0.000000;0.000000;68.787218
2506;124.000000;-30.000000;30.000000;68.787218;0.000000;0.000000;0.000000;0.000000;0.000000;68.787218
2507;124.000000;-26.000000;-30.000000;-68.787218;0.000000;0.000000;0.000000;0.000000;0.000000;68.787218
2508;124.000000;-26.000000;30.000000;68.787218;0.000000;0.000000;0.000000;0.000000;0.000000;68.787218
2509;124.000000;-22.000000;-30.000000;-68.787218;0.000000;0.000000;0.000000;0.000000;0.000000;68.787218
2510;124.000000;-22.000000;30.000000;68.787218;0.000000;0.000000;0.000000;0.000000;0.000000;68.787218
2511;124.000000;-18.000000;-30.000000;-68.787218;0.000000;0.000000;0.000000;0.000000;0.000000;68.787218
2512;124.000000;-18.000000;30.000000;68.787218;0.000000;0.000000;0.000000;0.000000;0.000000;68.787218
2513;124.000000;-14.000000;-30.000000;-68.787218;0.000000;0.000000;0.000000;0.000000;0.000000;68.787218
2514;124.000000;-14.000000;30.000000;68.787218;0.000000;0.000000;0.000000;0.000000;0.000000;68.787218
2515;124.000000;-10.000000;-30.000000;-68.787218;0.000000;0.000000;0.000000;0.000000;0.000000;68.787218
2516;124.000000;-10.000000;30.000000;68.787218;0.000000;0.000000;0.000000;0.000000;0.000000;68.787218
2517;124.000000;-6.000000;-30.000000;-68.787218;0.000000;0.000000;0.000000;0.000000;0.000000;68.787218
2518;124.000000;-6.000000;30.000000;68.787218;0.000000;0.000000;0.000000;0.000000;0.000000;68.787218
2519;124.000000;-2.000000;-30.000000;-68.787218;0.000000;0.000000;0.000000;0.000000;0.000000;68.787218
2520;124.000000;-2.000000;30.000000;68.787218;0.000000;0.000000;0.000000;0.000000;0.000000;68.787218
2521;124.000000;2.000000;-30.000000;-68.787218;0.000000;0.000000;0.000000;0.000000;0.000000;68.787218
2522;124.000000;2.000000;30.000000;68.787218;0.000000;0.000000;0.000000;0.000000;0.000000;68.787218
2523;124.000000;6.000000;-30.000000;-68.787218;0.000000;0.000000;0.000000;0.000000;0.000000;68.787218
2524;124.000000;6.000000;30.000000;68.787218;0.000000;0.000000;0.000000;0.000000;0.000000;68.787218
2525;124.000000;10.000000;-30.000000;-68.787218;0.000000;0.000000;0.000000;0.000000;0.000000;68.787218
2526;124.000000;10.000000;30.000000;68.787218;0.000000;0.000000;0.000000;0.000000;0.000000;68.787218
2527;124.000000;14.000000;-30.000000;-68.787218;0.000000;0.000000;0.000000;0.000000;0.000000;68.787218
2528;124.000000;14.000000;30.000000;68.787218;0.000000;0.000000;0.000000;0.000000;0.000000;68.787218
2529;124.000000;18.000000;-30.000000;-68.787218;0.000000;0.000000;0.000000;0.000000;0.000000;68.787218
2530;124.000000;18.000000;30.000000;68.787218;0.000000;0.000000;0.000000;0.000000;0.000000;68.787218
2531;124.000000;22.000000;-30.000000;-68.787218;0.000000;0.000000;0.000000;0.000000;0.000000;68.787218
2532;124.000000;22.000000;30.000000;68.787218;0.000000;0.000000;0.000000;0.000000;0.000000;68.787218
2533;124.000000;26.000000;-30.000000;-68.787218;0.000000;0.000000;0.000000;0.000000;0.000000;68.787218
2534;124.000000;26.000000;30.000000;68.787218;0.000000;0.000000;0.000000;0.000000;0.000000;68.787218
2535;124.000000;30.000000;-30.000000;-68.787218;0.000000;0.000000;0.000000;0.000000;0.000000;68.787218
2536;124.000000;30.000000;30.000000;68.787218;0.000000;0.000000;0.000000;0.000000;0.000000;68.787218
2537;124.000000;34.000000;-30.000000;-68.787218;0.000000;0.000000;0.000000;0.000000;0.000000;68.787218
2538;124.000000;34.000000;30.000000;68.787218;0.000000;0.000000;0.000000;0.000000;0.000000;68.787218
2539;124.000000;38.000000;-30.000000;-68.787218;0.000000;0.000000;0.000000;0.000000;0.000000;68.787218
2540;124.000000;38.000000;30.000000;68.787218;0.000000;0.000000;0.000000;0.000000;0.000000;68.787218
2541;124.000000;42.000000;-30.000000;-68.787218;0.000000;0.000000;0.000000;0.000000;0.000000;68.787218
2542;124.000000;42.000000;30.000000;68.787218;0.000000;0.000000;0.000000;0.000000;0.000000;68.787218
2543;124.000000;46.000000;-30.000000;-68.787218;0.000000;0.000000;0.000000;0.000000;0.000000;68.787218
2544;124.000000;46.000000;30.000000;68.787218;0.000000;0.000000;0.000000;0.000000;0.000000;68.787218
2545;124.000000;50.000000;-30.000000;-68.787218;0.000000;0.000000;0.000000;0.000000;0.000000;68.787218
2546;124.000000;50.000000;-26.000000;-59.615589;0.000000;0.000000;0.000000;0.000000;0.000000;59.615589
2547;124.000000;50.000000;-22.000000;-50.443960;0.000000;0.000000;0.000000;0.000000;0.000000;50.443960
2548;124.000000;50.000000;-18.000000;-41.272331;0.000000;0.000000;0.000000;0.000000;0.000000;41.272331
2549;124.000000;50.000000;-14.000000;-32.100702;0.000000;0.000000;0.000000;0.000000;0.000000;32.100702
2550;124.000000;50.000000;-10.000000;-22.929073;0.000000;0.000000;0.000000;0.000000;0.000000;22.929073
2551;124.000000;50.000000;-6.000000;-13.757444;0.000000;0.000000;0.000000;0.000000;0.000000;13.757444
2552;124.000000;50.000000;-2.000000;-4.585815;0.000000;0.000000;0.000000;0.000000;0.000000;4.585815
2553;124.000000;50.000000;2.000000;4.585815;0.000000;0.000000;0.000000;0.000000;0.000000;4.585815
2554;124.000000;50.000000;6.000000;13.757444;0.000000;0.000000;0.000000;0.000000;0.000000;13.757444
2555;124.000000;50.000000;10.000000;22.929073;0.000000;0.000000;0.000000;0.000000;0.000000;22.929073
2556;124.000000;50.000000;14.000000;32.100702;0.000000;0.000000;0.000000;0.000000;0.000000;32.100702
2557;124.000000;50.000000;18.000000;41.272331;0.000000;0.000000;0.000000;0.000000;0.000000;41.272331
2558;124.000000;50.000000;22.000000;50.443960;0.000000;0.000000;0.000000;0.000000;0.000000;50.443960
2559;124.000000;50.000000;26.000000;59.615589;0.000000;0.000000;0.000000;0.000000;0.000000;59.615589
2560;124.000000;50.000000;30.000000;68.787218;0.000000;0.000000;0.000000;0.000000;0.000000;68.787218
2561;128.000000;-50.000000;-30.000000;-67.790302;0.000000;0.000000;0.000000;0.000000;0.000000;67.790302
2562;128.000000;-50.000000;-26.000000;-58.751595;0.000000;0.000000;0.000000;0.000000;0.000000;58.751595
2563;128.000000;-50.000000;-22.000000;-49.712888;0.000000;0.000000;0.000000;0.000000;0.000000;49.712888
2564;128.000000;-50.000000;-18.000000;-40.674181;0.000000;0.000000;0.000000;0.000000;0.000000;40.674181
2565;128.000000;-50.000000;-14.000000;-31.635474;0.000000;0.000000;0.000000;0.000000;0.000000;31.635474
2566;128.000000;-50.000000;-10.000000;-22.596767;0.000000;0.000000;0.000000;0.000000;0.000000;22.596767
2567;128.000000;-50.000000;-6.000000;-13.558060;0.000000;0.000000;0.000000;0.000000;0.000000;13.558060
2568;128.000000;-50.000000;-2.000000;-4.519353;0.000000;0.000000;0.000000;0.000000;0.000000;4.519353
2569;128.000000;-50.000000;2.000000;4.519353;0.000000;0.000000;0.000000;0.000000;0.000000;4.519353
2570;128.000000;-50.000000;6.000000;13.558060;0.000000;0.000000;0.000000;0.000000;0.000000;13.558060
2571;128.000000;-50.000000;10.000000;22.596767;0.000000;0.000000;0.000000;0.000000;0.000000;22.596767
2572;128.000000;-50.000000;14.000000;31.635474;0.000000;0.000000;0.000000;0.000000;0.000000;31.635474
2573;128.000000;-50.000000;18.000000;40.674181;0.000000;0.000000;0.000000;0.000000;0.000000;40.674181
2574;128.000000;-50.000000;22.000000;49.712888;0.000000;0.000000;0.000000;0.000000;0.000000;49.712888
2575;128.000000;-50.000000;26.000000;58.751595;0.000000;0.000000;0.000000;0.000000;0.000000;58.751595
2576;128.000000;-50.000000;30.000000;67.790302;0.000000;0.000000;0.000000;0.000000;0.000000;67.790302
2577;128.000000;-46.000000;-30.000000;-67.790302;0.000000;0.000000;0.000000;0.000000;0.000000;67.790302
2578;128.000000;-46.000000;30.000000;67.790302;0.000000;0.000000;0.000000;0.000000;0.000000;67.790302
2579;128.000000;-42.000000;-30.000000;-67.790302;0.000000;0.000000;0.000000;0.000000;0.000000;67.790302
2580;128.000000;-42.000000;30.000000;67.790302;0.000000;0.000000;0.000000;0.000000;0.000000;67.790302
2581;128.000000;-38.000000;-30.000000;-67.790302;0.000000;0.000000;0.000000;0.000000;0.000000;67.790302
2582;128.000000;-38.000000;30.000000;67.790302;0.000000;0.000000;0.000000;0.000000;0.000000;67.790302
2583;128.000000;-34.000000;-30.000000;-67.790302;0.000000;0.000000;0.000000;0.000000;0.000000;67.790302
2584;128.000000;-34.000000;30.000000;67.790302;0.000000;0.000000;0.000000;0.000000;0.000000;67.790302
2585;128.000000;-30.000000;-30.000000;-67.790302;0.000000;0.000000;0.000000;0.000000;0.000000;67.790302
2586;128.000000;-30.000000;30.000000;67.790302;0.000000;0.000000;0.000000;0.000000;0.000000;67.790302
2587;128.000000;-26.000000;-30.000000;-67.790302;0.000000;0.000000;0.000000;0.000000;0.000000;67.790302
2588;128.000000;-26.000000;30.000000;67.790302;0.000000;0.000000;0.000000;0.000000;0.000000;67.790302
2589;128.000000;-22.000000;-30.000000;-67.790302;0.000000;0.000000;0.000000;0.000000;0.000000;67.790302
2590;128.000000;-22.000000;30.000000;67.790302;0.000000;0.000000;0.000000;0.000000;0.000000;67.790302
2591;128.000000;-18.000000;-30.000000;-67.790302;0.000000;0.000000;0.000000;0.000000;0.000000;67.790302
2592;128.000000;-18.000000;30.000000;67.790302;0.000000;0.000000;0.000000;0.000000;0.000000;67.790302
2593;128.000000;-14.000000;-30.000000;-67.790302;0.000000;0.000000;0.000000;0.000000;0.000000;67.790302
2594;128.000000;-14.000000;30.000000;67.790302;0.000000;0.000000;0.000000;0.000000;0.000000;67.790302
2595;128.000000;-10.000000;-30.000000;-67.790302;0.000000;0.000000;0.000000;0.000000;0.000000;67.790302
2596;128.000000;-10.000000;30.000000;67.790302;0.000000;0.000000;0.000000;0.000000;0.000000;67.790302
2597;128.000000;-6.000000;-30.000000;-67.790302;0.000000;0.000000;0.000000;0.000000;0.000000;67.790302
2598;128.000000;-6.000000;30.000000;67.790302;0.000000;0.000000;0.000000;0.000000;0.000000;67.790302
2599;128.000000;-2.000000;-30.000000;-67.790302;0.000000;0.000000;0.000000;0.000000;0.000000;67.790302
2600;128.000000;-2.000000;30.000000;67.790302;0.000000;0.000000;0.000000;0.000000;0.000000;67.790302
2601;128.000000;2.000000;-30.000000;-67.790302;0.000000;0.000000;0.000000;0.000000;0.000000;67.790302
2602;128.000000;2.000000;30.000000;67.790302;0.000000;0.000000;0.000000;0.000000;0.000000;67.790302
2603;128.000000;6.000000;-30.000000;-67.790302;0.000000;0.000000;0.000000;0.000000;0.000000;67.790302
2604;128.000000;6.000000;30.000000;67.790302;0.000000;0.000000;0.000000;0.000000;0.000000;67.790302
2605;128.000000;10.000000;-30.000000;-67.790302;0.000000;0.000000;0.000000;0.000000;0.000000;67.790302
2606;128.000000;10.000000;30.000000;67.790302;0.000000;0.000000;0.000000;0.000000;0.000000;67.790302
2607;128.000000;14.000000;-30.000000;-67.790302;0.000000;0.000000;0.000000;0.000000;0.000000;67.790302
2608;128.000000;14.000000;30.000000;67.790302;0.000000;0.000000;0.000000;0.000000;0.000000;67.790302
2609;128.000000;18.000000;-30.000000;-67.790302;0.000000;0.000000;0.000000;0.000000;0.000000;67.790302
2610;128.000000;18.000000;30.000000;67.790302;0.000000;0.000000;0.000000;0.000000;0.000000;67.790302
2611;128.000000;22.000000;-30.000000;-67.790302;0.000000;0.000000;0.000000;0.000000;0.000000;67.790302
2612;128.000000;22.000000;30.000000;67.790302;0.000000;0.000000;0.000000;0.000000;0.000000;67.790302
2613;128.000000;26.000000;-30.000000;-67.790302;0.000000;0.000000;0.000000;0.000000;0.000000;67.790302
2614;128.000000;26.000000;30.000000;67.790302;0.000000;0.000000;0.000000;0.000000;0.000000;67.790302
2615;128.000000;30.000000;-30.000000;-67.790302;0.000000;0.000000;0.000000;0.000000;0.000000;67.790302
2616;128.000000;30.000000;30.000000;67.790302;0.000000;0.000000;0.000000;0.000000;0.000000;67.790302
2617;128.000000;34.000000;-30.000000;-67.790302;0.000000;0.000000;0.000000;0.000000;0.000000;67.790302
2618;128.000000;34.000000;30.000000;67.790302;0.000000;0.000000;0.000000;0.000000;0.000000;67.790302
2619;128.000000;38.000000;-30.000000;-67.790302;0.000000;0.000000;0.000000;0.000000;0.000000;67.790302
2620;128.000000;38.000000;30.000000;67.790302;0.000000;0.000000;0.000000;0.000000;0.000000;67.790302
2621;128.000000;42.000000;-30.000000;-67.790302;0.000000;0.000000;0.000000;0.000000;0.000000;67.790302
2622;128.000000;42.000000;30.000000;67.790302;0.000000;0.000000;0.000000;0.000000;0.000000;67.790302
2623;128.000000;46.000000;-30.000000;-67.790302;0.000000;0.000000;0.000000;0.000000;0.000000;67.790302
2624;128.000000;46.000000;30.000000;67.790302;0.000000;0.000000;0.000000;0.000000;0.000000;67.790302
2625;128.000000;50.000000;-30.000000;-67.790302;0.000000;0.000000;0.000000;0.000000;0.000000;67.790302
2626;128.000000;50.000000;-26.000000;-58.751595;0.000000;0.000000;0.000000;0.000000;0.000000;58.751595
2627;128.000000;50.000000;-22.000000;-49.712888;0.000000;0.000000;0.000000;0.000000;0.000000;49.712888
2628;128.000000;50.000000;-18.000000;-40.674181;0.000000;0.000000;0.000000;0.000000;0.000000;40.674181
2629;128.000000;50.000000;-14.000000;-31.635474;0.000000;0.000000;0.000000;0.000000;0.000000;31.635474
2630;128.000000;50.000000;-10.000000;-22.596767;0.000000;0.000000;0.000000;0.000000;0.000000;22.596767
2631;128.000000;50.000000;-6.000000;-13.558060;0.000000;0.000000;0.000000;0.000000;0.000000;13.558060
2632;128.000000;50.000000;-2.000000;-4.519353;0.000000;0.000000;0.000000;0.000000;0.000000;4.519353
2633;128.000000;50.000000;2.000000;4.519353;0.000000;0.000000;0.000000;0.000000;0.000000;4.519353
2634;128.000000;50.000000;6.000000;13.558060;0.000000;0.000000;0.000000;0.000000;0.000000;13.558060
2635;128.000000;50.000000;10.000000;22.596767;0.000000;0.000000;0.000000;0.000000;0.000000;22.596767
2636;128.000000;50.000000;14.000000;31.635474;0.000000;0.000000;0.000000;0.000000;0.000000;31.635474
2637;128.000000;50.000000;18.000000;40.674181;0.000000;0.000000;0.000000;0.000000;0.000000;40.674181
2638;128.000000;50.000000;22.000000;49.712888;0.000000;0.000000;0.000000;0.000000;0.000000;49.712888
2639;128.000000;50.000000;26.000000;58.751595;0.000000;0.000000;0.000000;0.000000;0.000000;58.751595
2640;128.000000;50.000000;30.000000;67.790302;0.000000;0.000000;0.000000;0.000000;0.000000;67.790302
2641;132.000000;-50.000000;-30.000000;-66.793386;0.000000;0.000000;0.000000;0.000000;0.000000;66.793386
2642;132.000000;-50.000000;-26.000000;-57.887601;0.000000;0.000000;0.000000;0.000000;0.000000;57.887601
2643;132.000000;-50.000000;-22.000000;-48.981816;0.000000;0.000000;0.000000;0.000000;0.000000;48.981816
2644;132.000000;-50.000000;-18.000000;-40.076031;0.000000;0.000000;0.000000;0.000000;0.000000;40.076031
2645;132.000000;-50.000000;-14.000000;-31.170247;0.000000;0.000000;0.000000;0.000000;0.000000;31.170247
2646;132.000000;-50.000000;-10.000000;-22.264462;0.000000;0.000000;0.000000;0.000000;0.000000;22.264462
2647;132.000000;-50.000000;-6.000000;-13.358677;0.000000;0.000000;0.000000;0.000000;0.000000;13.358677
2648;132.000000;-50.000000;-2.000000;-4.452892;0.000000;0.000000;0.000000;0.000000;0.000000;4.452892
2649;132.000000;-50.000000;2.000000;4.452892;0.000000;0.000000;0.000000;0.000000;0.000000;4.452892
2650;132.000000;-50.000000;6.000000;13.358677;0.000000;0.000000;0.000000;0.000000;0.000000;13.358677
2651;132.000000;-50.000000;10.000000;22.264462;0.000000;0.000000;0.000000;0.000000;0.000000;22.264462
2652;132.000000;-50.000000;14.000000;31.170247;0.000000;0.000000;0.000000;0.000000;0.000000;31.170247
2653;132.000000;-50.000000;18.000000;40.076031;0.000000;0.000000;0.000000;0.000000;0.000000;40.076031
2654;132.000000;-50.000000;22.000000;48.981816;0.000000;0.000000;0.000000;0.000000;0.000000;48.981816
2655;132.000000;-50.000000;26.000000;57.887601;0.000000;0.000000;0.000000;0.000000;0.000000;57.887601
2656;132.000000;-50.000000;30.000000;66.793386;0.000000;0.000000;0.000000;0.000000;0.000000;66.793386
2657;132.000000;-46.000000;-30.000000;-66.793386;0.000000;0.000000;0.000000;0.000000;0.000000;66.793386
2658;132.000000;-46.000000;30.000000;66.793386;0.000000;0.000000;0.000000;0.000000;0.000000;66.793386
2659;132.000000;-42.000000;-30.000000;-66.793386;0.000000;0.000000;0.000000;0.000000;0.000000;66.793386
2660;132.000000;-42.000000;30.000000;66.793386;0.000000;0.000000;0.000000;0.000000;0.000000;66.793386
2661;132.000000;-38.000000;-30.000000;-66.793386;0.000000;0.000000;0.000000;0.000000;0.000000;66.793386
2662;132.000000;-38.000000;30.000000;66.793386;0.000000;0.000000;0.000000;0.000000;0.000000;66.793386
2663;132.000000;-34.000000;-30.000000;-66.793386;0.000000;0.000000;0.000000;0.000000;0.000000;66.793386
2664;132.000000;-34.000000;30.000000;66.793386;0.000000;0.000000;0.000000;0.000000;0.000000;66.793386
2665;132.000000;-30.000000;-30.000000;-66.793386;0.000000;0.000000;0.000000;0.000000;0.000000;66.793386
2666;132.000000;-30.000000;30.000000;66.793386;0.000000;0.000000;0.000000;0.000000;0.000000;66.793386
2667;132.000000;-26.000000;-30.000000;-66.793386;0.000000;0.000000;0.000000;0.000000;0.000000;66.793386
2668;132.000000;-26.000000;30.000000;66.793386;0.000000;0.000000;0.000000;0.000000;0.000000;66.793386
2669;132.000000;-22.000000;-30.000000;-66.793386;0.000000;0.000000;0.000000;0.000000;0.000000;66.793386
2670;132.000000;-22.000000;30.000000;66.793386;0.000000;0.000000;0.000000;0.000000;0.000000;66.793386
2671;132.000000;-18.000000;-30.000000;-66.793386;0.000000;0.000000;0.000000;0.000000;0.000000;66.793386
2672;132.000000;-18.000000;30.000000;66.793386;0.000000;0.000000;0.000000;0.000000;0.000000;66.793386
2673;132.000000;-14.000000;-30.000000;-66.793386;0.000000;0.000000;0.000000;0.000000;0.000000;66.793386
2674;132.000000;-14.000000;30.000000;66.793386;0.000000;0.000000;0.000000;0.000000;0.000000;66.793386
2675;132.000000;-10.000000;-30.000000;-66.793386;0.000000;0.000000;0.000000;0.000000;0.000000;66.793386
2676;132.000000;-10.000000;30.000000;66.793386;0.000000;0.000000;0.000000;0.000000;0.000000;66.793386
2677;132.000000;-6.000000;-30.000000;-66.793386;0.000000;0.000000;0.000000;0.000000;0.000000;66.793386
2678;132.000000;-6.000000;30.000000;66.793386;0.000000;0.000000;0.000000;0.000000;0.000000;66.793386
2679;132.000000;-2.000000;-30.000000;-66.793386;0.000000;0.000000;0.000000;0.000000;0.000000;66.793386
2680;132.000000;-2.000000;30.000000;66.793386;0.000000;0.000000;0.000000;0.000000;0.000000;66.793386
2681;132.000000;2.000000;-30.000000;-66.793386;0.000000;0.000000;0.000000;0.000000;0.000000;66.793386
2682;132.000000;2.000000;30.000000;66.793386;0.000000;0.000000;0.000000;0.000000;0.000000;66.793386
2683;132.000000;6.000000;-30.000000;-66.793386;0.000000;0.000000;0.000000;0.000000;0.000000;66.793386
2684;132.000000;6.000000;30.000000;66.793386;0.000000;0.000000;0.000000;0.000000;0.000000;66.793386
2685;132.000000;10.000000;-30.000000;-66.793386;0.000000;0.000000;0.000000;0.000000;0.000000;66.793386
2686;132.000000;10.000000;30.000000;66.793386;0.000000;0.000000;0.000000;0.000000;0.000000;66.793386
2687;132.000000;14.000000;-30.000000;-66.793386;0.000000;0.000000;0.000000;0.000000;0.000000;66.793386
2688;132.000000;14.000000;30.000000;66.793386;0.000000;0.000000;0.000000;0.000000;0.000000;66.793386
2689;132.000000;18.000000;-30.000000;-66.793386;0.000000;0.000000;0.000000;0.000000;0.000000;66.793386
2690;132.000000;18.000000;30.000000;66.793386;0.000000;0.000000;0.000000;0.000000;0.000000;66.793386
2691;132.000000;22.000000;-30.000000;-66.793386;0.000000;0.000000;0.000000;0.000000;0.000000;66.793386
2692;132.000000;22.000000;30.000000;66.793386;0.000000;0.000000;0.000000;0.000000;0.000000;66.793386
2693;132.000000;26.000000;-30.000000;-66.793386;0.000000;0.000000;0.000000;0.000000;0.000000;66.793386
2694;132.000000;26.000000;30.000000;66.793386;0.000000;0.000000;0.000000;0.000000;0.000000;66.793386
2695;132.000000;30.000000;-30.000000;-66.793386;0.000000;0.000000;0.000000;0.000000;0.000000;66.793386
2696;132.000000;30.000000;30.000000;66.793386;0.000000;0.000000;0.000000;0.000000;0.000000;66.793386
2697;132.000000;34.000000;-30.000000;-66.793386;0.000000;0.000000;0.000000;0.000000;0.000000;66.793386
2698;132.000000;34.000000;30.000000;66.793386;0.000000;0.000000;0.000000;0.000000;0.000000;66.793386
2699;132.000000;38.000000;-30.000000;-66.793386;0.000000;0.000000;0.000000;0.000000;0.000000;66.793386
2700;132.000000;38.000000;30.000000;66.793386;0.000000;0.000000;0.000000;0.000000;0.000000;66.793386
2701;132.000000;42.000000;-30.000000;-66.793386;0.000000;0.000000;0.000000;0.000000;0.000000;66.793386
2702;132.000000;42.000000;30.000000;66.793386;0.000000;0.000000;0.000000;0.000000;0.000000;66.793386
2703;132.000000;46.000000;-30.000000;-66.793386;0.000000;0.000000;0.000000;0.000000;0.000000;66.793386
2704;132.000000;46.000000;30.000000;66.793386;0.000000;0.000000;0.000000;0.000000;0.000000;66.793386
2705;132.000000;50.000000;-30.000000;-66.793386;0.000000;0.000000;0.000000;0.000000;0.000000;66.793386
2706;132.000000;50.000000;-26.000000;-57.887601;0.000000;0.000000;0.000000;0.000000;0.000000;57.887601
2707;132.000000;50.000000;-22.000000;-48.981816;0.000000;0.000000;0.000000;0.000000;0.000000;48.981816
2708;132.000000;50.000000;-18.000000;-40.076031;0.000000;0.000000;0.000000;0.000000;0.000000;40.076031
2709;132.000000;50.000000;-14.000000;-31.170247;0.000000;0.000000;0.000000;0.000000;0.000000;31.170247
2710;132.000000;50.000000;-10.000000;-22.264462;0.000000;0.000000;0.000000;0.000000;0.000000;22.264462
2711;132.000000;50.000000;-6.000000;-13.358677;0.000000;0.000000;0.000000;0.000000;0.000000;13.358677
2712;132.000000;50.000000;-2.000000;-4.452892;0.000000;0.000000;0.000000;0.000000;0.000000;4.452892
2713;132.000000;50.000000;2.000000;4.452892;0.000000;0.000000;0.000000;0.000000;0.000000;4.452892
2714;132.000000;50.000000;6.000000;13.358677;0.000000;0.000000;0.000000;0.000000;0.000000;13.358677
2715;132.000000;50.000000;10.000000;22.264462;0.000000;0.000000;0.000000;0.000000;0.000000;22.264462
2716;132.000000;50.000000;14.000000;31.170247;0.000000;0.000000;0.000000;0.000000;0.000000;31.170247
2717;132.000000;50.000000;18.000000;40.076031;0.000000;0.000000;0.000000;0.000000;0.000000;40.076031
2718;132.000000;50.000000;22.000000;48.981816;0.000000;0.000000;0.000000;0.000000;0.000000;48.981816
2719;132.000000;50.000000;26.000000;57.887601;0.000000;0.000000;0.000000;0.000000;0.000000;57.887601
2720;132.000000;50.000000;30.000000;66.793386;0.000000;0.000000;0.000000;0.000000;0.000000;66.793386
2721;136.000000;-50.000000;-30.000000;-65.796470;0.000000;0.000000;0.000000;0.000000;0.000000;65.796470
2722;136.000000;-50.000000;-26.000000;-57.023607;0.000000;0.000000;0.000000;0.000000;0.000000;57.023607
2723;136.000000;-50.000000;-22.000000;-48.250744;0.000000;0.000000;0.000000;0.000000;0.000000;48.250744
2724;136.000000;-50.000000;-18.000000;-39.477882;0.000000;0.000000;0.000000;0.000000;0.000000;39.477882
2725;136.000000;-50.000000;-14.000000;-30.705019;0.000000;0.000000;0.000000;0.000000;0.000000;30.705019
2726;136.000000;-50.000000;-10.000000;-21.932157;0.000000;0.000000;0.000000;0.000000;0.000000;21.932157
2727;136.000000;-50.000000;-6.000000;-13.159294;0.000000;0.000000;0.000000;0.000000;0.000000;13.159294
2728;136.000000;-50.000000;-2.000000;-4.386431;0.000000;0.000000;0.000000;0.000000;0.000000;4.386431
2729;136.000000;-50.000000;2.000000;4.386431;0.000000;0.000000;0.000000;0.000000;0.000000;4.386431
2730;136.000000;-50.000000;6.000000;13.159294;0.000000;0.000000;0.000000;0.000000;0.000000;13.159294
2731;136.000000;-50.000000;10.000000;21.932157;0.000000;0.000000;0.000000;0.000000;0.000000;21.932157
2732;136.000000;-50.000000;14.000000;30.705019;0.000000;0.000000;0.000000;0.000000;0.000000;30.705019
2733;136.000000;-50.000000;18.000000;39.477882;0.000000;0.000000;0.000000;0.000000;0.000000;39.477882
2734;136.000000;-50.000000;22.000000;48.250744;0.000000;0.000000;0.000000;0.000000;0.000000;48.250744
2735;136.000000;-50.000000;26.000000;57.023607;0.000000;0.000000;0.000000;0.000000;0.000000;57.023607
2736;136.000000;-50.000000;30.000000;65.796470;0.000000;0.000000;0.000000;0.000000;0.000000;65.796470
2737;136.000000;-46.000000;-30.000000;-65.796470;0.000000;0.000000;0.000000;0.000000;0.000000;65.796470
2738;136.000000;-46.000000;30.000000;65.796470;0.000000;0.000000;0.000000;0.000000;0.000000;65.796470
2739;136.000000;-42.000000;-30.000000;-65.796470;0.000000;0.000000;0.000000;0.000000;0.000000;65.796470
2740;136.000000;-42.000000;30.000000;65.796470;0.000000;0.000000;0.000000;0.000000;0.000000;65.796470
2741;136.000000;-38.000000;-30.000000;-65.796470;0.000000;0.000000;0.000000;0.000000;0.000000;65.796470
2742;136.000000;-38.000000;30.000000;65.796470;0.000000;0.000000;0.000000;0.000000;0.000000;65.796470
2743;136.000000;-34.000000;-30.000000;-65.796470;0.000000;0.000000;0.000000;0.000000;0.000000;65.796470
2744;136.000000;-34.000000;30.000000;65.796470;0.000000;0.000000;0.000000;0.000000;0.000000;65.796470
2745;136.000000;-30.000000;-30.000000;-65.796470;0.000000;0.000000;0.000000;0.000000;0.000000;65.796470
2746;136.000000;-30.000000;30.000000;65.796470;0.000000;0.000000;0.000000;0.000000;0.000000;65.796470
2747;136.000000;-26.000000;-30.000000;-65.796470;0.000000;0.000000;0.000000;0.000000;0.000000;65.796470
2748;136.000000;-26.000000;30.000000;65.796470;0.000000;0.000000;0.000000;0.000000;0.000000;65.796470
2749;136.000000;-22.000000;-30.000000;-65.796470;0.000000;0.000000;0.000000;0.000000;0.000000;65.796470
2750;136.000000;-22.000000;30.000000;65.796470;0.000000;0.000000;0.000000;0.000000;0.000000;65.796470
2751;136.000000;-18.000000;-30.000000;-65.796470;0.000000;0.000000;0.000000;0.000000;0.000000;65.796470
2752;136.000000;-18.000000;30.000000;65.796470;0.000000;0.000000;0.000000;0.000000;0.000000;65.796470
2753;136.000000;-14.000000;-30.000000;-65.796470;0.000000;0.000000;0.000000;0.000000;0.000000;65.796470
2754;136.000000;-14.000000;30.000000;65.796470;0.000000;0.000000;0.000000;0.000000;0.000000;65.796470
2755;136.000000;-10.000000;-30.000000;-65.796470;0.000000;0.000000;0.000000;0.000000;0.000000;65.796470
2756;136.000000;-10.000000;30.000000;65.796470;0.000000;0.000000;0.000000;0.000000;0.000000;65.796470
2757;136.000000;-6.000000;-30.000000;-65.796470;0.000000;0.000000;0.000000;0.000000;0.000000;65.796470
2758;136.000000;-6.000000;30.000000;65.796470;0.000000;0.000000;0.000000;0.000000;0.000000;65.796470
2759;136.000000;-2.000000;-30.000000;-65.796470;0.000000;0.000000;0.000000;0.000000;0.000000;65.796470
2760;136.000000;-2.000000;30.000000;65.796470;0.000000;0.000000;0.000000;0.000000;0.000000;65.796470
2761;136.000000;2.000000;-30.000000;-65.796470;0.000000;0.000000;0.000000;0.000000;0.000000;65.796470
2762;136.000000;2.000000;30.000000;65.796470;0.000000;0.000000;0.000000;0.000000;0.000000;65.796470
2763;136.000000;6.000000;-30.000000;-65.796470;0.000000;0.000000;0.000000;0.000000;0.000000;65.796470
2764;136.000000;6.000000;30.000000;65.796470;0.000000;0.000000;0.000000;0.000000;0.000000;65.796470
2765;136.000000;10.000000;-30.000000;-65.796470;0.000000;0.000000;0.000000;0.000000;0.000000;65.796470
2766;136.000000;10.000000;30.000000;65.796470;0.000000;0.000000;0.000000;0.000000;0.000000;65.796470
2767;136.000000;14.000000;-30.000000;-65.796470;0.000000;0.000000;0.000000;0.000000;0.000000;65.796470
2768;136.000000;14.000000;30.000000;65.796470;0.000000;0.000000;0.000000;0.000000;0.000000;65.796470
2769;136.000000;18.000000;-30.000000;-65.796470;0.000000;0.000000;0.000000;0.000000;0.000000;65.796470
2770;136.000000;18.000000;30.000000;65.796470;0.000000;0.000000;0.000000;0.000000;0.000000;65.796470
2771;136.000000;22.000000;-30.000000;-65.796470;0.000000;0.000000;0.000000;0.000000;0.000000;65.796470
2772;136.000000;22.000000;30.000000;65.796470;0.000000;0.000000;0.000000;0.000000;0.000000;65.796470
2773;136.000000;26.000000;-30.000000;-65.796470;0.000000;0.000000;0.000000;0.000000;0.000000;65.796470
2774;136.000000;26.000000;30.000000;65.796470;0.000000;0.000000;0.000000;0.000000;0.000000;65.796470
2775;136.000000;30.000000;-30.000000;-65.796470;0.000000;0.000000;0.000000;0.000000;0.000000;65.796470
2776;136.000000;30.000000;30.000000;65.796470;0.000000;0.000000;0.000000;0.000000;0.000000;65.796470
2777;136.000000;34.000000;-30.000000;-65.796470;0.000000;0.000000;0.000000;0.000000;0.000000;65.796470
2778;136.000000;34.000000;30.000000;65.796470;0.000000;0.000000;0.000000;0.000000;0.000000;65.796470
2779;136.000000;38.000000;-30.000000;-65.796470;0.000000;0.000000;0.000000;0.000000;0.000000;65.796470
2780;136.000000;38.000000;30.000000;65.796470;0.000000;0.000000;0.000000;0.000000;0.000000;65.796470
2781;136.000000;42.000000;-30.000000;-65.796470;0.000000;0.000000;0.000000;0.000000;0.000000;65.796470
2782;136.000000;42.000000;30.000000;65.796470;0.000000;0.000000;0.000000;0.000000;0.000000;65.796470
2783;136.000000;46.000000;-30.000000;-65.796470;0.000000;0.000000;0.000000;0.000000;0.000000;65.796470
2784;136.000000;46.000000;30.000000;65.796470;0.000000;0.000000;0.000000;0.000000;0.000000;65.796470
2785;136.000000;50.000000;-30.000000;-65.796470;0.000000;0.000000;0.000000;0.000000;0.000000;65.796470
2786;136.000000;50.000000;-26.000000;-57.023607;0.000000;0.000000;0.000000;0.000000;0.000000;57.023607
2787;136.000000;50.000000;-22.000000;-48.250744;0.000000;0.000000;0.000000;0.000000;0.000000;48.250744
2788;136.000000;50.000000;-18.000000;-39.477882;0.000000;0.000000;0.000000;0.000000;0.000000;39.477882
2789;136.000000;50.000000;-14.000000;-30.705019;0.000000;0.000000;0.000000;0.000000;0.000000;30.705019
2790;136.000000;50.000000;-10.000000;-21.932157;0.000000;0.000000;0.000000;0.000000;0.000000;21.932157
2791;136.000000;50.000000;-6.000000;-13.159294;0.000000;0.000000;0.000000;0.000000;0.000000;13.159294
2792;136.000000;50.000000;-2.000000;-4.386431;0.000000;0.000000;0.000000;0.000000;0.000000;4.386431
2793;136.000000;50.000000;2.000000;4.386431;0.000000;0.000000;0.000000;0.000000;0.000000;4.386431
2794;136.000000;50.000000;6.000000;13.159294;0.000000;0.000000;0.000000;0.000000;0.000000;13.159294
2795;136.000000;50.000000;10.000000;21.932157;0.000000;0.000000;0.000000;0.000000;0.000000;21.932157
2796;136.000000;50.000000;14.000000;30.705019;0.000000;0.000000;0.000000;0.000000;0.000000;30.705019
2797;136.000000;50.000000;18.000000;39.477882;0.000000;0.000000;0.000000;0.000000;0.000000;39.477882
2798;136.000000;50.000000;22.000000;48.250744;0.000000;0.000000;0.000000;0.000000;0.000000;48.250744
2799;136.000000;50.000000;26.000000;57.023607;0.000000;0.000000;0.000000;0.000000;0.000000;57.023607
2800;136.000000;50.000000;30.000000;65.796470;0.000000;0.000000;0.000000;0.000000;0.000000;65.796470
2801;140.000000;-50.000000;-30.000000;-64.799553;0.000000;0.000000;0.000000;0.000000;0.000000;64.799553
2802;140.000000;-50.000000;-26.000000;-56.159613;0.000000;0.000000;0.000000;0.000000;0.000000;56.159613
2803;140.000000;-50.000000;-22.000000;-47.519672;0.000000;0.000000;0.000000;0.000000;0.000000;47.519672
2804;140.000000;-50.000000;-18.000000;-38.879732;0.000000;0.000000;0.000000;0.000000;0.000000;38.879732
2805;140.000000;-50.000000;-14.000000;-30.239792;0.000000;0.000000;0.000000;0.000000;0.000000;30.239792
2806;140.000000;-50.000000;-10.000000;-21.599851;0.000000;0.000000;0.000000;0.000000;0.000000;21.599851
2807;140.000000;-50.000000;-6.000000;-12.959911;0.000000;0.000000;0.000000;0.000000;0.000000;12.959911
2808;140.000000;-50.000000;-2.000000;-4.319970;0.000000;0.000000;0.000000;0.000000;0.000000;4.319970
2809;140.000000;-50.000000;2.000000;4.319970;0.000000;0.000000;0.000000;0.000000;0.000000;4.319970
2810;140.000000;-50.000000;6.000000;12.959911;0.000000;0.000000;0.000000;0.000000;0.000000;12.959911
2811;140.000000;-50.000000;10.000000;21.599851;0.000000;0.000000;0.000000;0.000000;0.000000;21.599851
2812;140.000000;-50.000000;14.000000;30.239792;0.000000;0.000000;0.000000;0.000000;0.000000;30.239792
2813;140.000000;-50.000000;18.000000;38.879732;0.000000;0.000000;0.000000;0.000000;0.000000;38.879732
2814;140.000000;-50.000000;22.000000;47.519672;0.000000;0.000000;0.000000;0.000000;0.000000;47.519672
2815;140.000000;-50.000000;26.000000;56.159613;0.000000;0.000000;0.000000;0.000000;0.000000;56.159613
2816;140.000000;-50.000000;30.000000;64.799553;0.000000;0.000000;0.000000;0.000000;0.000000;64.799553
2817;140.000000;-46.000000;-30.000000;-64.799553;0.000000;0.000000;0.000000;0.000000;0.000000;64.799553
2818;140.000000;-46.000000;30.000000;64.799553;0.000000;0.000000;0.000000;0.000000;0.000000;64.799553
2819;140.000000;-42.000000;-30.000000;-64.799553;0.000000;0.000000;0.000000;0.000000;0.000000;64.799553
2820;140.000000;-42.000000;30.000000;64.799553;0.000000;0.000000;0.000000;0.000000;0.000000;64.799553
2821;140.000000;-38.000000;-30.000000;-64.799553;0.000000;0.000000;0.000000;0.000000;0.000000;64.799553
2822;140.000000;-38.000000;30.000000;64.799553;0.000000;0.000000;0.000000;0.000000;0.000000;64.799553
2823;140.000000;-34.000000;-30.000000;-64.799553;0.000000;0.000000;0.000000;0.000000;0.000000;64.799553
2824;140.000000;-34.000000;30.000000;64.799553;0.000000;0.000000;0.000000;0.000000;0.000000;64.799553
2825;140.000000;-30.000000;-30.000000;-64.799553;0.000000;0.000000;0.000000;0.000000;0.000000;64.799553
2826;140.000000;-30.000000;30.000000;64.799553;0.000000;0.000000;0.000000;0.000000;0.000000;64.799553
2827;140.000000;-26.000000;-30.000000;-64.799553;0.000000;0.000000;0.000000;0.000000;0.000000;64.799553
2828;140.000000;-26.000000;30.000000;64.799553;0.000000;0.000000;0.000000;0.000000;0.000000;64.799553
2829;140.000000;-22.000000;-30.000000;-64.799553;0.000000;0.000000;0.000000;0.000000;0.000000;64.799553
2830;140.000000;-22.000000;30.000000;64.799553;0.000000;0.000000;0.000000;0.000000;0.000000;64.799553
2831;140.000000;-18.000000;-30.000000;-64.799553;0.000000;0.000000;0.000000;0.000000;0.000000;64.799553
2832;140.000000;-18.000000;30.000000;64.799553;0.000000;0.000000;0.000000;0.000000;0.000000;64.799553
2833;140.000000;-14.000000;-30.000000;-64.799553;0.000000;0.000000;0.000000;0.000000;0.000000;64.799553
2834;140.000000;-14.000000;30.000000;64.799553;0.000000;0.000000;0.000000;0.000000;0.000000;64.799553
2835;140.000000;-10.000000;-30.000000;-64.799553;0.000000;0.000000;0.000000;0.000000;0.000000;64.799553
2836;140.000000;-10.000000;30.000000;64.799553;0.000000;0.000000;0.000000;0.000000;0.000000;64.799553
2837;140.000000;-6.000000;-30.000000;-64.799553;0.000000;0.000000;0.000000;0.000000;0.000000;64.799553
2838;140.000000;-6.000000;30.000000;64.799553;0.000000;0.000000;0.000000;0.000000;0.000000;64.799553
2839;140.000000;-2.000000;-30.000000;-64.799553;0.000000;0.000000;0.000000;0.000000;0.000000;64.799553
2840;140.000000;-2.000000;30.000000;64.799553;0.000000;0.000000;0.000000;0.000000;0.000000;64.799553
2841;140.000000;2.000000;-30.000000;-64.799553;0.000000;0.000000;0.000000;0.000000;0.000000;64.799553
2842;140.000000;2.000000;30.000000;64.799553;0.000000;0.000000;0.000000;0.000000;0.000000;64.799553
2843;140.000000;6.000000;-30.000000;-64.799553;0.000000;0.000000;0.000000;0.000000;0.000000;64.799553
2844;140.000000;6.000000;30.000000;64.799553;0.000000;0.000000;0.000000;0.000000;0.000000;64.799553
2845;140.000000;10.000000;-30.000000;-64.799553;0.000000;0.000000;0.000000;0.000000;0.000000;64.799553
2846;140.000000;10.000000;30.000000;64.799553;0.000000;0.000000;0.000000;0.000000;0.000000;64.799553
2847;140.000000;14.000000;-30.000000;-64.799553;0.000000;0.000000;0.000000;0.000000;0.000000;64.799553
2848;140.000000;14.000000;30.000000;64.799553;0.000000;0.000000;0.000000;0.000000;0.000000;64.799553
2849;140.000000;18.000000;-30.000000;-64.799553;0.000000;0.000000;0.000000;0.000000;0.000000;64.799553
2850;140.000000;18.000000;30.000000;64.799553;0.000000;0.000000;0.000000;0.000000;0.000000;64.799553
2851;140.000000;22.000000;-30.000000;-64.799553;0.000000;0.000000;0.000000;0.000000;0.000000;64.799553
2852;140.000000;22.000000;30.000000;64.799553;0.000000;0.000000;0.000000;0.000000;0.000000;64.799553
2853;140.000000;26.000000;-30.000000;-64.799553;0.000000;0.000000;0.000000;0.000000;0.000000;64.799553
2854;140.000000;26.000000;30.000000;64.799553;0.000000;0.000000;0.000000;0.000000;0.000000;64.799553
2855;140.000000;30.000000;-30.000000;-64.799553;0.000000;0.000000;0.000000;0.000000;0.000000;64.799553
2856;140.000000;30.000000;30.000000;64.799553;0.000000;0.000000;0.000000;0.000000;0.000000;64.799553
2857;140.000000;34.000000;-30.000000;-64.799553;0.000000;0.000000;0.000000;0.000000;0.000000;64.799553
2858;140.000000;34.000000;30.000000;64.799553;0.000000;0.000000;0.000000;0.000000;0.000000;64.799553
2859;140.000000;38.000000;-30.000000;-64.799553;0.000000;0.000000;0.000000;0.000000;0.000000;64.799553
2860;140.000000;38.000000;30.000000;64.799553;0.000000;0.000000;0.000000;0.000000;0.000000;64.799553
2861;140.000000;42.000000;-30.000000;-64.799553;0.000000;0.000000;0.000000;0.000000;0.000000;64.799553
2862;140.000000;42.000000;30.000000;64.799553;0.000000;0.000000;0.000000;0.000000;0.000000;64.799553
2863;140.000000;46.000000;-30.000000;-64.799553;0.000000;0.000000;0.000000;0.000000;0.000000;64.799553
2864;140.000000;46.000000;30.000000;64.799553;0.000000;0.000000;0.000000;0.000000;0.000000;64.799553
2865;140.000000;50.000000;-30.000000;-64.799553;0.000000;0.000000;0.000000;0.000000;0.000000;64.799553
2866;140.000000;50.000000;-26.000000;-56.159613;0.000000;0.000000;0.000000;0.000000;0.000000;56.159613
2867;140.000000;50.000000;-22.000000;-47.519672;0.000000;0.000000;0.000000;0.000000;0.000000;47.519672
2868;140.000000;50.000000;-18.000000;-38.879732;0.000000;0.000000;0.000000;0.000000;0.000000;38.879732
2869;140.000000;50.000000;-14.000000;-30.239792;0.000000;0.000000;0.000000;0.000000;0.000000;30.239792
2870;140.000000;50.000000;-10.000000;-21.599851;0.000000;0.000000;0.000000;0.000000;0.000000;21.599851
2871;140.000000;50.000000;-6.000000;-12.959911;0.000000;0.000000;0.000000;0.000000;0.000000;12.959911
2872;140.000000;50.000000;-2.000000;-4.319970;0.000000;0.000000;0.000000;0.000000;0.000000;4.319970
2873;140.000000;50.000000;2.000000;4.319970;0.000000;0.000000;0.000000;0.000000;0.000000;4.319970
2874;140.000000;50.000000;6.000000;12.959911;0.000000;0.000000;0.000000;0.000000;0.000000;12.959911
2875;140.000000;50.000000;10.000000;21.599851;0.000000;0.000000;0.000000;0.000000;0.000000;21.599851
2876;140.000000;50.000000;14.000000;30.239792;0.000000;0.000000;0.000000;0.000000;0.000000;30.239792
2877;140.000000;50.000000;18.000000;38.879732;0.000000;0.000000;0.000000;0.000000;0.000000;38.879732
2878;140.000000;50.000000;22.000000;47.519672;0.000000;0.000000;0.000000;0.000000;0.000000;47.519672
2879;140.000000;50.000000;26.000000;56.159613;0.000000;0.000000;0.000000;0.000000;0.000000;56.159613
2880;140.000000;50.000000;30.000000;64.799553;0.000000;0.000000;0.000000;0.000000;0.000000;64.799553
2881;144.000000;-50.000000;-30.000000;-63.802637;0.000000;0.000000;0.000000;0.000000;0.000000;63.802637
2882;144.000000;-50.000000;-26.000000;-55.295619;0.000000;0.000000;0.000000;0.000000;0.000000;55.295619
2883;144.000000;-50.000000;-22.000000;-46.788601;0.000000;0.000000;0.000000;0.000000;0.000000;46.788601
2884;144.000000;-50.000000;-18.000000;-38.281582;0.000000;0.000000;0.000000;0.000000;0.000000;38.281582
2885;144.000000;-50.000000;-14.000000;-29.774564;0.000000;0.000000;0.000000;0.000000;0.000000;29.774564
2886;144.000000;-50.000000;-10.000000;-21.267546;0.000000;0.000000;0.000000;0.000000;0.000000;21.267546
2887;144.000000;-50.000000;-6.000000;-12.760527;0.000000;0.000000;0.000000;0.000000;0.000000;12.760527
2888;144.000000;-50.000000;-2.000000;-4.253509;0.000000;0.000000;0.000000;0.000000;0.000000;4.253509
2889;144.000000;-50.000000;2.000000;4.253509;0.000000;0.000000;0.000000;0.000000;0.000000;4.253509
2890;144.000000;-50.000000;6.000000;12.760527;0.000000;0.000000;0.000000;0.000000;0.000000;12.760527
2891;144.000000;-50.000000;10.000000;21.267546;0.000000;0.000000;0.000000;0.000000;0.000000;21.267546
2892;144.000000;-50.000000;14.000000;29.774564;0.000000;0.000000;0.000000;0.000000;0.000000;29.774564
2893;144.000000;-50.000000;18.000000;38.281582;0.000000;0.000000;0.000000;0.000000;0.000000;38.281582
2894;144.000000;-50.000000;22.000000;46.788601;0.000000;0.000000;0.000000;0.000000;0.000000;46.788601
2895;144.000000;-50.000000;26.000000;55.295619;0.000000;0.000000;0.000000;0.000000;0.000000;55.295619
2896;144.000000;-50.000000;30.000000;63.802637;0.000000;0.000000;0.000000;0.000000;0.000000;63.802637
2897;144.000000;-46.000000;-30.000000;-63.802637;0.000000;0.000000;0.000000;0.000000;0.000000;63.802637
2898;144.000000;-46.000000;30.000000;63.802637;0.000000;0.000000;0.000000;0.000000;0.000000;63.802637
2899;144.000000;-42.000000;-30.000000;-63.802637;0.000000;0.000000;0.000000;0.000000;0.000000;63.802637
2900;144.000000;-42.000000;30.000000;63.802637;0.000000;0.000000;0.000000;0.000000;0.000000;63.802637
2901;144.000000;-38.000000;-30.000000;-63.802637;0.000000;0.000000;0.000000;0.000000;0.000000;63.802637
2902;144.000000;-38.000000;30.000000;63.802637;0.000000;0.000000;0.000000;0.000000;0.000000;63.802637
2903;144.000000;-34.000000;-30.000000;-63.802637;0.000000;0.000000;0.000000;0.000000;0.000000;63.802637
2904;144.000000;-34.000000;30.000000;63.802637;0.000000;0.000000;0.000000;0.000000;0.000000;63.802637
2905;144.000000;-30.000000;-30.000000;-63.802637;0.000000;0.000000;0.000000;0.000000;0.000000;63.802637
2906;144.000000;-30.000000;30.000000;63.802637;0.000000;0.000000;0.000000;0.000000;0.000000;63.802637
2907;144.000000;-26.000000;-30.000000;-63.802637;0.000000;0.000000;0.000000;0.000000;0.000000;63.802637
2908;144.000000;-26.000000;30.000000;63.802637;0.000000;0.000000;0.000000;0.000000;0.000000;63.802637
2909;144.000000;-22.000000;-30.000000;-63.802637;0.000000;0.000000;0.000000;0.000000;0.000000;63.802637
2910;144.000000;-22.000000;30.000000;63.802637;0.000000;0.000000;0.000000;0.000000;0.000000;63.802637
2911;144.000000;-18.000000;-30.000000;-63.802637;0.000000;0.000000;0.000000;0.000000;0.000000;63.802637
2912;144.000000;-18.000000;30.000000;63.802637;0.000000;0.000000;0.000000;0.000000;0.000000;63.802637
2913;144.000000;-14.000000;-30.000000;-63.802637;0.000000;0.000000;0.000000;0.000000;0.000000;63.802637
2914;144.000000;-14.000000;30.000000;63.802637;0.000000;0.000000;0.000000;0.000000;0.000000;63.802637
2915;144.000000;-10.000000;-30.000000;-63.802637;0.000000;0.000000;0.000000;0.000000;0.000000;63.802637
2916;144.000000;-10.000000;30.000000;63.802637;0.000000;0.000000;0.000000;0.000000;0.000000;63.802637
2917;144.000000;-6.000000;-30.000000;-63.802637;0.000000;0.000000;0.000000;0.000000;0.000000;63.802637
2918;144.000000;-6.000000;30.000000;63.802637;0.000000;0.000000;0.000000;0.000000;0.000000;63.802637
2919;144.000000;-2.000000;-30.000000;-63.802637;0.000000;0.000000;0.000000;0.000000;0.000000;63.802637
2920;144.000000;-2.000000;30.000000;63.802637;0.000000;0.000000;0.000000;0.000000;0.000000;63.802637
2921;144.000000;2.000000;-30.000000;-63.802637;0.000000;0.000000;0.000000;0.000000;0.000000;63.802637
2922;144.000000;2.000000;30.000000;63.802637;0.000000;0.000000;0.000000;0.000000;0.000000;63.802637
2923;144.000000;6.000000;-30.000000;-63.802637;0.000000;0.000000;0.000000;0.000000;0.000000;63.802637
2924;144.000000;6.000000;30.000000;63.802637;0.000000;0.000000;0.000000;0.000000;0.000000;63.802637
2925;144.000000;10.000000;-30.000000;-63.802637;0.000000;0.000000;0.000000;0.000000;0.000000;63.802637
2926;144.000000;10.000000;30.000000;63.802637;0.000000;0.000000;0.000000;0.000000;0.000000;63.802637
2927;144.000000;14.000000;-30.000000;-63.802637;0.000000;0.000000;0.000000;0.000000;0.000000;63.802637
2928;144.000000;14.000000;30.000000;63.802637;0.000000;0.000000;0.000000;0.000000;0.000000;63.802637
2929;144.000000;18.000000;-30.000000;-63.802637;0.000000;0.000000;0.000000;0.000000;0.000000;63.802637
2930;144.000000;18.000000;30.000000;63.802637;0.000000;0.000000;0.000000;0.000000;0.000000;63.802637
2931;144.000000;22.000000;-30.000000;-63.802637;0.000000;0.000000;0.000000;0.000000;0.000000;63.802637
2932;144.000000;22.000000;30.000000;63.802637;0.000000;0.000000;0.000000;0.000000;0.000000;63.802637
2933;144.000000;26.000000;-30.000000;-63.802637;0.000000;0.000000;0.000000;0.000000;0.000000;63.802637
2934;144.000000;26.000000;30.000000;63.802637;0.000000;0.000000;0.000000;0.000000;0.000000;63.802637
2935;144.000000;30.000000;-30.000000;-63.802637;0.000000;0.000000;0.000000;0.000000;0.000000;63.802637
2936;144.000000;30.000000;30.000000;63.802637;0.000000;0.000000;0.000000;0.000000;0.000000;63.802637
2937;144.000000;34.000000;-30.000000;-63.802637;0.000000;0.000000;0.000000;0.000000;0.000000;63.802637
2938;144.000000;34.000000;30.000000;63.802637;0.000000;0.000000;0.000000;0.000000;0.000000;63.802637
2939;144.000000;38.000000;-30.000000;-63.802637;0.000000;0.000000;0.000000;0.000000;0.000000;63.802637
2940;144.000000;38.000000;30.000000;63.802637;0.000000;0.000000;0.000000;0.000000;0.000000;63.802637
2941;144.000000;42.000000;-30.000000;-63.802637;0.000000;0.000000;0.000000;0.000000;0.000000;63.802637
2942;144.000000;42.000000;30.000000;63.802637;0.000000;0.000000;0.000000;0.000000;0.000000;63.802637
2943;144.000000;46.000000;-30.000000;-63.802637;0.000000;0.000000;0.000000;0.000000;0.000000;63.802637
2944;144.000000;46.000000;30.000000;63.802637;0.000000;0.000000;0.000000;0.000000;0.000000;63.802637
2945;144.000000;50.000000;-30.000000;-63.802637;0.000000;0.000000;0.000000;0.000000;0.000000;63.802637
2946;144.000000;50.000000;-26.000000;-55.295619;0.000000;0.000000;0.000000;0.000000;0.000000;55.295619
2947;144.000000;50.000000;-22.000000;-46.788601;0.000000;0.000000;0.000000;0.000000;0.000000;46.788601
2948;144.000000;50.000000;-18.000000;-38.281582;0.000000;0.000000;0.000000;0.000000;0.000000;38.281582
2949;144.000000;50.000000;-14.000000;-29.774564;0.000000;0.000000;0.000000;0.000000;0.000000;29.774564
2950;144.000000;50.000000;-10.000000;-21.267546;0.000000;0.000000;0.000000;0.000000;0.000000;21.267546
2951;144.000000;50.000000;-6.000000;-12.760527;0.000000;0.000000;0.000000;0.000000;0.000000;12.760527
2952;144.000000;50.000000;-2.000000;-4.253509;0.000000;0.000000;0.000000;0.000000;0.000000;4.253509
2953;144.000000;50.000000;2.000000;4.253509;0.000000;0.000000;0.000000;0.000000;0.000000;4.253509
2954;144.000000;50.000000;6.000000;12.760527;0.000000;0.000000;0.000000;0.000000;0.000000;12.760527
2955;144.000000;50.000000;10.000000;21.267546;0.000000;0.000000;0.000000;0.000000;0.000000;21.267546
2956;144.000000;50.000000;14.000000;29.774564;0.000000;0.000000;0.000000;0.000000;0.000000;29.774564
2957;144.000000;50.000000;18.000000;38.281582;0.000000;0.000000;0.000000;0.000000;0.000000;38.281582
2958;144.000000;50.000000;22.000000;46.788601;0.000000;0.000000;0.000000;0.000000;0.000000;46.788601
2959;144.000000;50.000000;26.000000;55.295619;0.000000;0.000000;0.000000;0.000000;0.000000;55.295619
2960;144.000000;50.000000;30.000000;63.802637;0.000000;0.000000;0.000000;0.000000;0.000000;63.802637
2961;148.000000;-50.000000;-30.000000;-62.805721;0.000000;0.000000;0.000000;0.000000;0.000000;62.805721
2962;148.000000;-50.000000;-26.000000;-54.431625;0.000000;0.000000;0.000000;0.000000;0.000000;54.431625
2963;148.000000;-50.000000;-22.000000;-46.057529;0.000000;0.000000;0.000000;0.000000;0.000000;46.057529
2964;148.000000;-50.000000;-18.000000;-37.683433;0.000000;0.000000;0.000000;0.000000;0.000000;37.683433
2965;148.000000;-50.000000;-14.000000;-29.309336;0.000000;0.000000;0.000000;0.000000;0.000000;29.309336
2966;148.000000;-50.000000;-10.000000;-20.935240;0.000000;0.000000;0.000000;0.000000;0.000000;20.935240
2967;148.000000;-50.000000;-6.000000;-12.561144;0.000000;0.000000;0.000000;0.000000;0.000000;12.561144
2968;148.000000;-50.000000;-2.000000;-4.187048;0.000000;0.000000;0.000000;0.000000;0.000000;4.187048
2969;148.000000;-50.000000;2.000000;4.187048;0.000000;0.000000;0.000000;0.000000;0.000000;4.187048
2970;148.000000;-50.000000;6.000000;12.561144;0.000000;0.000000;0.000000;0.000000;0.000000;12.561144
2971;148.000000;-50.000000;10.000000;20.935240;0.000000;0.000000;0.000000;0.000000;0.000000;20.935240
2972;148.000000;-50.000000;14.000000;29.309336;0.000000;0.000000;0.000000;0.000000;0.000000;29.309336
2973;148.000000;-50.000000;18.000000;37.683433;0.000000;0.000000;0.000000;0.000000;0.000000;37.683433
2974;148.000000;-50.000000;22.000000;46.057529;0.000000;0.000000;0.000000;0.000000;0.000000;46.057529
2975;148.000000;-50.000000;26.000000;54.431625;0.000000;0.000000;0.000000;0.000000;0.000000;54.431625
2976;148.000000;-50.000000;30.000000;62.805721;0.000000;0.000000;0.000000;0.000000;0.000000;62.805721
2977;148.000000;-46.000000;-30.000000;-62.805721;0.000000;0.000000;0.000000;0.000000;0.000000;62.805721
2978;148.000000;-46.000000;30.000000;62.805721;0.000000;0.000000;0.000000;0.000000;0.000000;62.805721
2979;148.000000;-42.000000;-30.000000;-62.805721;0.000000;0.000000;0.000000;0.000000;0.000000;62.805721
2980;148.000000;-42.000000;30.000000;62.805721;0.000000;0.000000;0.000000;0.000000;0.000000;62.805721
2981;148.000000;-38.000000;-30.000000;-62.805721;0.000000;0.000000;0.000000;0.000000;0.000000;62.805721
2982;148.000000;-38.000000;30.000000;62.805721;0.000000;0.000000;0.000000;0.000000;0.000000;62.805721
2983;148.000000;-34.000000;-30.000000;-62.805721;0.000000;0.000000;0.000000;0.000000;0.000000;62.805721
2984;148.000000;-34.000000;30.000000;62.805721;0.000000;0.000000;0.000000;0.000000;0.000000;62.805721
2985;148.000000;-30.000000;-30.000000;-62.805721;0.000000;0.000000;0.000000;0.000000;0.000000;62.805721
2986;148.000000;-30.000000;30.000000;62.805721;0.000000;0.000000;0.000000;0.000000;0.000000;62.805721
2987;148.000000;-26.000000;-30.000000;-62.805721;0.000000;0.000000;0.000000;0.000000;0.000000;62.805721
2988;148.000000;-26.000000;30.000000;62.805721;0.000000;0.000000;0.000000;0.000000;0.000000;62.805721
2989;148.000000;-22.000000;-30.000000;-62.805721;0.000000;0.000000;0.000000;0.000000;0.000000;62.805721
2990;148.000000;-22.000000;30.000000;62.805721;0.000000;0.000000;0.000000;0.000000;0.000000;62.805721
2991;148.000000;-18.000000;-30.000000;-62.805721;0.000000;0.000000;0.000000;0.000000;0.000000;62.805721
2992;148.000000;-18.000000;30.000000;62.805721;0.000000;0.000000;0.000000;0.000000;0.000000;62.805721
2993;148.000000;-14.000000;-30.000000;-62.805721;0.000000;0.000000;0.000000;0.000000;0.000000;62.805721
2994;148.000000;-14.000000;30.000000;62.805721;0.000000;0.000000;0.000000;0.000000;0.000000;62.805721
2995;148.000000;-10.000000;-30.000000;-62.805721;0.000000;0.000000;0.000000;0.000000;0.000000;62.805721
2996;148.000000;-10.000000;30.000000;62.805721;0.000000;0.000000;0.000000;0.000000;0.000000;62.805721
2997;148.000000;-6.000000;-30.000000;-62.805721;0.000000;0.000000;0.000000;0.000000;0.000000;62.805721
2998;148.000000;-6.000000;30.000000;62.805721;0.000000;0.000000;0.000000;0.000000;0.000000;62.805721
2999;148.000000;-2.000000;-30.000000;-62.805721;0.000000;0.000000;0.000000;0.000000;0.000000;62.805721
3000;148.000000;-2.000000;30.000000;62.805721;0.000000;0.000000;0.000000;0.000000;0.000000;62.805721
3001;148.000000;2.000000;-30.000000;-62.805721;0.000000;0.000000;0.000000;0.000000;0.000000;62.805721
3002;148.000000;2.000000;30.000000;62.805721;0.000000;0.000000;0.000000;0.000000;0.000000;62.805721
3003;148.000000;6.000000;-30.000000;-62.805721;0.000000;0.000000;0.000000;0.000000;0.000000;62.805721
3004;148.000000;6.000000;30.000000;62.805721;0.000000;0.000000;0.000000;0.000000;0.000000;62.805721
3005;148.000000;10.000000;-30.000000;-62.805721;0.000000;0.000000;0.000000;0.000000;0.000000;62.805721
3006;148.000000;10.000000;30.000000;62.805721;0.000000;0.000000;0.000000;0.000000;0.000000;62.805721
3007;148.000000;14.000000;-30.000000;-62.805721;0.000000;0.000000;0.000000;0.000000;0.000000;62.805721
3008;148.000000;14.000000;30.000000;62.805721;0.000000;0.000000;0.000000;0.000000;0.000000;62.805721
3009;148.000000;18.000000;-30.000000;-62.805721;0.000000;0.000000;0.000000;0.000000;0.000000;62.805721
3010;148.000000;18.000000;30.000000;62.805721;0.000000;0.000000;0.000000;0.000000;0.000000;62.805721
3011;148.000000;22.000000;-30.000000;-62.805721;0.000000;0.000000;0.000000;0.000000;0.000000;62.805721
3012;148.000000;22.000000;30.000000;62.805721;0.000000;0.000000;0.000000;0.000000;0.000000;62.805721
3013;148.000000;26.000000;-30.000000;-62.805721;0.000000;0.000000;0.000000;0.000000;0.000000;62.805721
3014;148.000000;26.000000;30.000000;62.805721;0.000000;0.000000;0.000000;0.000000;0.000000;62.805721
3015;148.000000;30.000000;-30.000000;-62.805721;0.000000;0.000000;0.000000;0.000000;0.000000;62.805721
3016;148.000000;30.000000;30.000000;62.805721;0.000000;0.000000;0.000000;0.000000;0.000000;62.805721
3017;148.000000;34.000000;-30.000000;-62.805721;0.000000;0.000000;0.000000;0.000000;0.000000;62.805721
3018;148.000000;34.000000;30.000000;62.805721;0.000000;0.000000;0.000000;0.000000;0.000000;62.805721
3019;148.000000;38.000000;-30.000000;-62.805721;0.000000;0.000000;0.000000;0.000000;0.000000;62.805721
3020;148.000000;38.000000;30.000000;62.805721;0.000000;0.000000;0.000000;0.000000;0.000000;62.805721
3021;148.000000;42.000000;-30.000000;-62.805721;0.000000;0.000000;0.000000;0.000000;0.000000;62.805721
3022;148.000000;42.000000;30.000000;62.805721;0.000000;0.000000;0.000000;0.000000;0.000000;62.805721
3023;148.000000;46.000000;-30.000000;-62.805721;0.000000;0.000000;0.000000;0.000000;0.000000;62.805721
3024;148.000000;46.000000;30.000000;62.805721;0.000000;0.000000;0.000000;0.000000;0.000000;62.805721
3025;148.000000;50.000000;-30.000000;-62.805721;0.000000;0.000000;0.000000;0.000000;0.000000;62.805721
3026;148.000000;50.000000;-26.000000;-54.431625;0.000000;0.000000;0.000000;0.000000;0.000000;54.431625
3027;148.000000;50.000000;-22.000000;-46.057529;0.000000;0.000000;0.000000;0.000000;0.000000;46.057529
3028;148.000000;50.000000;-18.000000;-37.683433;0.000000;0.000000;0.000000;0.000000;0.000000;37.683433
3029;148.000000;50.000000;-14.000000;-29.309336;0.000000;0.000000;0.000000;0.000000;0.000000;29.309336
3030;148.000000;50.000000;-10.000000;-20.935240;0.000000;0.000000;0.000000;0.000000;0.000000;20.935240
3031;148.000000;50.000000;-6.000000;-12.561144;0.000000;0.000000;0.000000;0.000000;0.000000;12.561144
3032;148.000000;50.000000;-2.000000;-4.187048;0.000000;0.000000;0.000000;0.000000;0.000000;4.187048
3033;148.000000;50.000000;2.000000;4.187048;0.000000;0.000000;0.000000;0.000000;0.000000;4.187048
3034;148.000000;50.000000;6.000000;12.561144;0.000000;0.000000;0.000000;0.000000;0.000000;12.561144
3035;148.000000;50.000000;10.000000;20.935240;0.000000;0.000000;0.000000;0.000000;0.000000;20.935240
3036;148.000000;50.000000;14.000000;29.309336;0.000000;0.000000;0.000000;0.000000;0.000000;29.309336
3037;148.000000;50.000000;18.000000;37.683433;0.000000;0.000000;0.000000;0.000000;0.000000;37.683433
3038;148.000000;50.000000;22.000000;46.057529;0.000000;0.000000;0.000000;0.000000;0.000000;46.057529
3039;148.000000;50.000000;26.000000;54.431625;0.000000;0.000000;0.000000;0.000000;0.000000;54.431625
3040;148.000000;50.000000;30.000000;62.805721;0.000000;0.000000;0.000000;0.000000;0.000000;62.805721
3041;152.000000;-50.000000;-30.000000;-61.808805;0.000000;0.000000;0.000000;0.000000;0.000000;61.808805
3042;152.000000;-50.000000;-26.000000;-53.567631;0.000000;0.000000;0.000000;0.000000;0.000000;53.567631
3043;152.000000;-50.000000;-22.000000;-45.326457;0.000000;0.000000;0.000000;0.000000;0.000000;45.326457
3044;152.000000;-50.000000;-18.000000;-37.085283;0.000000;0.000000;0.000000;0.000000;0.000000;37.085283
3045;152.000000;-50.000000;-14.000000;-28.844109;0.000000;0.000000;0.000000;0.000000;0.000000;28.844109
3046;152.000000;-50.000000;-10.000000;-20.602935;0.000000;0.000000;0.000000;0.000000;0.000000;20.602935
3047;152.000000;-50.000000;-6.000000;-12.361761;0.000000;0.000000;0.000000;0.000000;0.000000;12.361761
3048;152.000000;-50.000000;-2.000000;-4.120587;0.000000;0.000000;0.000000;0.000000;0.000000;4.120587
3049;152.000000;-50.000000;2.000000;4.120587;0.000000;0.000000;0.000000;0.000000;0.000000;4.120587
3050;152.000000;-50.000000;6.000000;12.361761;0.000000;0.000000;0.000000;0.000000;0.000000;12.361761
3051;152.000000;-50.000000;10.000000;20.602935;0.000000;0.000000;0.000000;0.000000;0.000000;20.602935
3052;152.000000;-50.000000;14.000000;28.844109;0.000000;0.000000;0.000000;0.000000;0.000000;28.844109
3053;152.000000;-50.000000;18.000000;37.085283;0.000000;0.000000;0.000000;0.000000;0.000000;37.085283
3054;152.000000;-50.000000;22.000000;45.326457;0.000000;0.000000;0.000000;0.000000;0.000000;45.326457
3055;152.000000;-50.000000;26.000000;53.567631;0.000000;0.000000;0.000000;0.000000;0.000000;53.567631
3056;152.000000;-50.000000;30.000000;61.808805;0.000000;0.000000;0.000000;0.000000;0.000000;61.808805
3057;152.000000;-46.000000;-30.000000;-61.808805;0.000000;0.000000;0.000000;0.000000;0.000000;61.808805
3058;152.000000;-46.000000;30.000000;61.808805;0.000000;0.000000;0.000000;0.000000;0.000000;61.808805
3059;152.000000;-42.000000;-30.000000;-61.808805;0.000000;0.000000;0.000000;0.000000;0.000000;61.808805
3060;152.000000;-42.000000;30.000000;61.808805;0.000000;0.000000;0.000000;0.000000;0.000000;61.808805
3061;152.000000;-38.000000;-30.000000;-61.808805;0.000000;0.000000;0.000000;0.000000;0.000000;61.808805
3062;152.000000;-38.000000;30.000000;61.808805;0.000000;0.000000;0.000000;0.000000;0.000000;61.808805
3063;152.000000;-34.000000;-30.000000;-61.808805;0.000000;0.000000;0.000000;0.000000;0.000000;61.808805
3064;152.000000;-34.000000;30.000000;61.808805;0.000000;0.000000;0.000000;0.000000;0.000000;61.808805
3065;152.000000;-30.000000;-30.000000;-61.808805;0.000000;0.000000;0.000000;0.000000;0.000000;61.808805
3066;152.000000;-30.000000;30.000000;61.808805;0.000000;0.000000;0.000000;0.000000;0.000000;61.808805
3067;152.000000;-26.000000;-30.000000;-61.808805;0.000000;0.000000;0.000000;0.000000;0.000000;61.808805
3068;152.000000;-26.000000;30.000000;61.808805;0.000000;0.000000;0.000000;0.000000;0.000000;61.808805
3069;152.000000;-22.000000;-30.000000;-61.808805;0.000000;0.000000;0.000000;0.000000;0.000000;61.808805
3070;152.000000;-22.000000;30.000000;61.808805;0.000000;0.000000;0.000000;0.000000;0.000000;61.808805
3071;152.000000;-18.000000;-30.000000;-61.808805;0.000000;0.000000;0.000000;0.000000;0.000000;61.808805
3072;152.000000;-18.000000;30.000000;61.808805;0.000000;0.000000;0.000000;0.000000;0.000000;61.808805
3073;152.000000;-14.000000;-30.000000;-61.808805;0.000000;0.000000;0.000000;0.000000;0.000000;61.808805
3074;152.000000;-14.000000;30.000000;61.808805;0.000000;0.000000;0.000000;0.000000;0.000000;61.808805
3075;152.000000;-10.000000;-30.000000;-61.808805;0.000000;0.000000;0.000000;0.000000;0.000000;61.808805
3076;152.000000;-10.000000;30.000000;61.808805;0.000000;0.000000;0.000000;0.000000;0.000000;61.808805
3077;152.000000;-6.000000;-30.000000;-61.808805;0.000000;0.000000;0.000000;0.000000;0.000000;61.808805
3078;152.000000;-6.000000;30.000000;61.808805;0.000000;0.000000;0.000000;0.000000;0.000000;61.808805
3079;152.000000;-2.000000;-30.000000;-61.808805;0.000000;0.000000;0.000000;0.000000;0.000000;61.808805
3080;152.000000;-2.000000;30.000000;61.808805;0.000000;0.000000;0.000000;0.000000;0.000000;61.808805
3081;152.000000;2.000000;-30.000000;-61.808805;0.000000;0.000000;0.000000;0.000000;0.000000;61.808805
3082;152.000000;2.000000;30.000000;61.808805;0.000000;0.000000;0.000000;0.000000;0.000000;61.808805
3083;152.000000;6.000000;-30.000000;-61.808805;0.000000;0.000000;0.000000;0.000000;0.000000;61.808805
3084;152.000000;6.000000;30.000000;61.808805;0.000000;0.000000;0.000000;0.000000;0.000000;61.808805
3085;152.000000;10.000000;-30.000000;-61.808805;0.000000;0.000000;0.000000;0.000000;0.000000;61.808805
3086;152.000000;10.000000;30.000000;61.808805;0.000000;0.000000;0.000000;0.000000;0.000000;61.808805
3087;152.000000;14.000000;-30.000000;-61.808805;0.000000;0.000000;0.000000;0.000000;0.000000;61.808805
3088;152.000000;14.000000;30.000000;61.808805;0.000000;0.000000;0.000000;0.000000;0.000000;61.808805
3089;152.000000;18.000000;-30.000000;-61.808805;0.000000;0.000000;0.000000;0.000000;0.000000;61.808805
3090;152.000000;18.000000;30.000000;61.808805;0.000000;0.000000;0.000000;0.000000;0.000000;61.808805
3091;152.000000;22.000000;-30.000000;-61.808805;0.000000;0.000000;0.000000;0.000000;0.000000;61.808805
3092;152.000000;22.000000;30.000000;61.808805;0.000000;0.000000;0.000000;0.000000;0.000000;61.808805
3093;152.000000;26.000000;-30.000000;-61.808805;0.000000;0.000000;0.000000;0.000000;0.000000;61.808805
3094;152.000000;26.000000;30.000000;61.808805;0.000000;0.000000;0.000000;0.000000;0.000000;61.808805
3095;152.000000;30.000000;-30.000000;-61.808805;0.000000;0.000000;0.000000;0.000000;0.000000;61.808805
3096;152.000000;30.000000;30.000000;61.808805;0.000000;0.000000;0.000000;0.000000;0.000000;61.808805
3097;152.000000;34.000000;-30.000000;-61.808805;0.000000;0.000000;0.000000;0.000000;0.000000;61.808805
3098;152.000000;34.000000;30.000000;61.808805;0.000000;0.000000;0.000000;0.000000;0.000000;61.808805
3099;152.000000;38.000000;-30.000000;-61.808805;0.000000;0.000000;0.000000;0.000000;0.000000;61.808805
3100;152.000000;38.000000;30.000000;61.808805;0.000000;0.000000;0.000000;0.000000;0.000000;61.808805
3101;152.000000;42.000000;-30.000000;-61.808805;0.000000;0.000000;0.000000;0.000000;0.000000;61.808805
3102;152.000000;42.000000;30.000000;61.808805;0.000000;0.000000;0.000000;0.000000;0.000000;61.808805
3103;152.000000;46.000000;-30.000000;-61.808805;0.000000;0.000000;0.000000;0.000000;0.000000;61.808805
3104;152.000000;46.000000;30.000000;61.808805;0.000000;0.000000;0.000000;0.000000;0.000000;61.808805
3105;152.000000;50.000000;-30.000000;-61.808805;0.000000;0.000000;0.000000;0.000000;0.000000;61.808805
3106;152.000000;50.000000;-26.000000;-53.567631;0.000000;0.000000;0.000000;0.000000;0.000000;53.567631
3107;152.000000;50.000000;-22.000000;-45.326457;0.000000;0.000000;0.000000;0.000000;0.000000;45.326457
3108;152.000000;50.000000;-18.000000;-37.085283;0.000000;0.000000;0.000000;0.000000;0.000000;37.085283
3109;152.000000;50.000000;-14.000000;-28.844109;0.000000;0.000000;0.000000;0.000000;0.000000;28.844109
3110;152.000000;50.000000;-10.000000;-20.602935;0.000000;0.000000;0.000000;0.000000;0.000000;20.602935
3111;152.000000;50.000000;-6.000000;-12.361761;0.000000;0.000000;0.000000;0.000000;0.000000;12.361761
3112;152.000000;50.000000;-2.000000;-4.120587;0.000000;0.000000;0.000000;0.000000;0.000000;4.120587
3113;152.000000;50.000000;2.000000;4.120587;0.000000;0.000000;0.000000;0.000000;0.000000;4.120587
3114;152.000000;50.000000;6.000000;12.361761;0.000000;0.000000;0.000000;0.000000;0.000000;12.361761
3115;152.000000;50.000000;10.000000;20.602935;0.000000;0.000000;0.000000;0.000000;0.000000;20.602935
3116;152.000000;50.000000;14.000000;28.844109;0.000000;0.000000;0.000000;0.000000;0.000000;28.844109
3117;152.000000;50.000000;18.000000;37.085283;0.000000;0.000000;0.000000;0.000000;0.000000;37.085283
3118;152.000000;50.000000;22.000000;45.326457;0.000000;0.000000;0.000000;0.000000;0.000000;45.326457
3119;152.000000;50.000000;26.000000;53.567631;0.000000;0.000000;0.000000;0.000000;0.000000;53.567631
3120;152.000000;50.000000;30.000000;61.808805;0.000000;0.000000;0.000000;0.000000;0.000000;61.808805
3121;156.000000;-50.000000;-30.000000;-60.811889;0.000000;0.000000;0.000000;0.000000;0.000000;60.811889
3122;156.000000;-50.000000;-26.000000;-52.703637;0.000000;0.000000;0.000000;0.000000;0.000000;52.703637
3123;156.000000;-50.000000;-22.000000;-44.595385;0.000000;0.000000;0.000000;0.000000;0.000000;44.595385
3124;156.000000;-50.000000;-18.000000;-36.487133;0.000000;0.000000;0.000000;0.000000;0.000000;36.487133
3125;156.000000;-50.000000;-14.000000;-28.378881;0.000000;0.000000;0.000000;0.000000;0.000000;28.378881
3126;156.000000;-50.000000;-10.000000;-20.270630;0.000000;0.000000;0.000000;0.000000;0.000000;20.270630
3127;156.000000;-50.000000;-6.000000;-12.162378;0.000000;0.000000;0.000000;0.000000;0.000000;12.162378
3128;156.000000;-50.000000;-2.000000;-4.054126;0.000000;0.000000;0.000000;0.000000;0.000000;4.054126
3129;156.000000;-50.000000;2.000000;4.054126;0.000000;0.000000;0.000000;0.000000;0.000000;4.054126
3130;156.000000;-50.000000;6.000000;12.162378;0.000000;0.000000;0.000000;0.000000;0.000000;12.162378
3131;156.000000;-50.000000;10.000000;20.270630;0.000000;0.000000;0.000000;0.000000;0.000000;20.270630
3132;156.000000;-50.000000;14.000000;28.378881;0.000000;0.000000;0.000000;0.000000;0.000000;28.378881
3133;156.000000;-50.000000;18.000000;36.487133;0.000000;0.000000;0.000000;0.000000;0.000000;36.487133
3134;156.000000;-50.000000;22.000000;44.595385;0.000000;0.000000;0.000000;0.000000;0.000000;44.595385
3135;156.000000;-50.000000;26.000000;52.703637;0.000000;0.000000;0.000000;0.000000;0.000000;52.703637
3136;156.000000;-50.000000;30.000000;60.811889;0.000000;0.000000;0.000000;0.000000;0.000000;60.811889
3137;156.000000;-46.000000;-30.000000;-60.811889;0.000000;0.000000;0.000000;0.000000;0.000000;60.811889
3138;156.000000;-46.000000;30.000000;60.811889;0.000000;0.000000;0.000000;0.000000;0.000000;60.811889
3139;156.000000;-42.000000;-30.000000;-60.811889;0.000000;0.000000;0.000000;0.000000;0.000000;60.811889
3140;156.000000;-42.000000;30.000000;60.811889;0.000000;0.000000;0.000000;0.000000;0.000000;60.811889
3141;156.000000;-38.000000;-30.000000;-60.811889;0.000000;0.000000;0.000000;0.000000;0.000000;60.811889
3142;156.000000;-38.000000;30.000000;60.811889;0.000000;0.000000;0.000000;0.000000;0.000000;60.811889
3143;156.000000;-34.000000;-30.000000;-60.811889;0.000000;0.000000;0.000000;0.000000;0.000000;60.811889
3144;156.000000;-34.000000;30.000000;60.811889;0.000000;0.000000;0.000000;0.000000;0.000000;60.811889
3145;156.000000;-30.000000;-30.000000;-60.811889;0.000000;0.000000;0.000000;0.000000;0.000000;60.811889
3146;156.000000;-30.000000;30.000000;60.811889;0.000000;0.000000;0.000000;0.000000;0.000000;60.811889
3147;156.000000;-26.000000;-30.000000;-60.811889;0.000000;0.000000;0.000000;0.000000;0.000000;60.811889
3148;156.000000;-26.000000;30.000000;60.811889;0.000000;0.000000;0.000000;0.000000;0.000000;60.811889
3149;156.000000;-22.000000;-30.000000;-60.811889;0.000000;0.000000;0.000000;0.000000;0.000000;60.811889
3150;156.000000;-22.000000;30.000000;60.811889;0.000000;0.000000;0.000000;0.000000;0.000000;60.811889
3151;156.000000;-18.000000;-30.000000;-60.811889;0.000000;0.000000;0.000000;0.000000;0.000000;60.811889
3152;156.000000;-18.000000;30.000000;60.811889;0.000000;0.000000;0.000000;0.000000;0.000000;60.811889
3153;156.000000;-14.000000;-30.000000;-60.811889;0.000000;0.000000;0.000000;0.000000;0.000000;60.811889
3154;156.000000;-14.000000;30.000000;60.811889;0.000000;0.000000;0.000000;0.000000;0.000000;60.811889
3155;156.000000;-10.000000;-30.000000;-60.811889;0.000000;0.000000;0.000000;0.000000;0.000000;60.811889
3156;156.000000;-10.000000;30.000000;60.811889;0.000000;0.000000;0.000000;0.000000;0.000000;60.811889
3157;156.000000;-6.000000;-30.000000;-60.811889;0.000000;0.000000;0.000000;0.000000;0.000000;60.811889
3158;156.000000;-6.000000;30.000000;60.811889;0.000000;0.000000;0.000000;0.000000;0.000000;60.811889
3159;156.000000;-2.000000;-30.000000;-60.811889;0.000000;0.000000;0.000000;0.000000;0.000000;60.811889
3160;156.000000;-2.000000;30.000000;60.811889;0.000000;0.000000;0.000000;0.000000;0.000000;60.811889
3161;156.000000;2.000000;-30.000000;-60.811889;0.000000;0.000000;0.000000;0.000000;0.000000;60.811889
3162;156.000000;2.000000;30.000000;60.811889;0.000000;0.000000;0.000000;0.000000;0.000000;60.811889
3163;156.000000;6.000000;-30.000000;-60.811889;0.000000;0.000000;0.000000;0.000000;0.000000;60.811889
3164;156.000000;6.000000;30.000000;60.811889;0.000000;0.000000;0.000000;0.000000;0.000000;60.811889
3165;156.000000;10.000000;-30.000000;-60.811889;0.000000;0.000000;0.000000;0.000000;0.000000;60.811889
3166;156.000000;10.000000;30.000000;60.811889;0.000000;0.000000;0.000000;0.000000;0.000000;60.811889
3167;156.000000;14.000000;-30.000000;-60.811889;0.000000;0.000000;0.000000;0.000000;0.000000;60.811889
3168;156.000000;14.000000;30.000000;60.811889;0.000000;0.000000;0.000000;0.000000;0.000000;60.811889
3169;156.000000;18.000000;-30.000000;-60.811889;0.000000;0.000000;0.000000;0.000000;0.000000;60.811889
3170;156.000000;18.000000;30.000000;60.811889;0.000000;0.000000;0.000000;0.000000;0.000000;60.811889
3171;156.000000;22.000000;-30.000000;-60.811889;0.000000;0.000000;0.000000;0.000000;0.000000;60.811889
3172;156.000000;22.000000;30.000000;60.811889;0.000000;0.000000;0.000000;0.000000;0.000000;60.811889
3173;156.000000;26.000000;-30.000000;-60.811889;0.000000;0.000000;0.000000;0.000000;0.000000;60.811889
3174;156.000000;26.000000;30.000000;60.811889;0.000000;0.000000;0.000000;0.000000;0.000000;60.811889
3175;156.000000;30.000000;-30.000000;-60.811889;0.000000;0.000000;0.000000;0.000000;0.000000;60.811889
3176;156.000000;30.000000;30.000000;60.811889;0.000000;0.000000;0.000000;0.000000;0.000000;60.811889
3177;156.000000;34.000000;-30.000000;-60.811889;0.000000;0.000000;0.000000;0.000000;0.000000;60.811889
3178;156.000000;34.000000;30.000000;60.811889;0.000000;0.000000;0.000000;0.000000;0.000000;60.811889
3179;156.000000;38.000000;-30.000000;-60.811889;0.000000;0.000000;0.000000;0.000000;0.000000;60.811889
3180;156.000000;38.000000;30.000000;60.811889;0.000000;0.000000;0.000000;0.000000;0.000000;60.811889
3181;156.000000;42.000000;-30.000000;-60.811889;0.000000;0.000000;0.000000;0.000000;0.000000;60.811889
3182;156.000000;42.000000;30.000000;60.811889;0.000000;0.000000;0.000000;0.000000;0.000000;60.811889
3183;156.000000;46.000000;-30.000000;-60.811889;0.000000;0.000000;0.000000;0.000000;0.000000;60.811889
3184;156.000000;46.000000;30.000000;60.811889;0.000000;0.000000;0.000000;0.000000;0.000000;60.811889
3185;156.000000;50.000000;-30.000000;-60.811889;0.000000;0.000000;0.000000;0.000000;0.000000;60.811889
3186;156.000000;50.000000;-26.000000;-52.703637;0.000000;0.000000;0.000000;0.000000;0.000000;52.703637
3187;156.000000;50.000000;-22.000000;-44.595385;0.000000;0.000000;0.000000;0.000000;0.000000;44.595385
3188;156.000000;50.000000;-18.000000;-36.487133;0.000000;0.000000;0.000000;0.000000;0.000000;36.487133
3189;156.000000;50.000000;-14.000000;-28.378881;0.000000;0.000000;0.000000;0.000000;0.000000;28.378881
3190;156.000000;50.000000;-10.000000;-20.270630;0.000000;0.000000;0.000000;0.000000;0.000000;20.270630
3191;156.000000;50.000000;-6.000000;-12.162378;0.000000;0.000000;0.000000;0.000000;0.000000;12.162378
3192;156.000000;50.000000;-2.000000;-4.054126;0.000000;0.000000;0.000000;0.000000;0.000000;4.054126
3193;156.000000;50.000000;2.000000;4.054126;0.000000;0.000000;0.000000;0.000000;0.000000;4.054126
3194;156.000000;50.000000;6.000000;12.162378;0.000000;0.000000;0.000000;0.000000;0.000000;12.162378
3195;156.000000;50.000000;10.000000;20.270630;0.000000;0.000000;0.000000;0.000000;0.000000;20.270630
3196;156.000000;50.000000;14.000000;28.378881;0.000000;0.000000;0.000000;0.000000;0.000000;28.378881
3197;156.000000;50.000000;18.000000;36.487133;0.000000;0.000000;0.000000;0.000000;0.000000;36.487133
3198;156.000000;50.000000;22.000000;44.595385;0.000000;0.000000;0.000000;0.000000;0.000000;44.595385
3199;156.000000;50.000000;26.000000;52.703637;0.000000;0.000000;0.000000;0.000000;0.000000;52.703637
3200;156.000000;50.000000;30.000000;60.811889;0.000000;0.000000;0.000000;0.000000;0.000000;60.811889
3201;160.000000;-50.000000;-30.000000;-59.814972;0.000000;0.000000;0.000000;0.000000;0.000000;59.814972
3202;160.000000;-50.000000;-26.000000;-51.839643;0.000000;0.000000;0.000000;0.000000;0.000000;51.839643
3203;160.000000;-50.000000;-22.000000;-43.864313;0.000000;0.000000;0.000000;0.000000;0.000000;43.864313
3204;160.000000;-50.000000;-18.000000;-35.888983;0.000000;0.000000;0.000000;0.000000;0.000000;35.888983
3205;160.000000;-50.000000;-14.000000;-27.913654;0.000000;0.000000;0.000000;0.000000;0.000000;27.913654
3206;160.000000;-50.000000;-10.000000;-19.938324;0.000000;0.000000;0.000000;0.000000;0.000000;19.938324
3207;160.000000;-50.000000;-6.000000;-11.962994;0.000000;0.000000;0.000000;0.000000;0.000000;11.962994
3208;160.000000;-50.000000;-2.000000;-3.987665;0.000000;0.000000;0.000000;0.000000;0.000000;3.987665
3209;160.000000;-50.000000;2.000000;3.987665;0.000000;0.000000;0.000000;0.000000;0.000000;3.987665
3210;160.000000;-50.000000;6.000000;11.962994;0.000000;0.000000;0.000000;0.000000;0.000000;11.962994
3211;160.000000;-50.000000;10.000000;19.938324;0.000000;0.000000;0.000000;0.000000;0.000000;19.938324
3212;160.000000;-50.000000;14.000000;27.913654;0.000000;0.000000;0.000000;0.000000;0.000000;27.913654
3213;160.000000;-50.000000;18.000000;35.888983;0.000000;0.000000;0.000000;0.000000;0.000000;35.888983
3214;160.000000;-50.000000;22.000000;43.864313;0.000000;0.000000;0.000000;0.000000;0.000000;43.864313
3215;160.000000;-50.000000;26.000000;51.839643;0.000000;0.000000;0.000000;0.000000;0.000000;51.839643
3216;160.000000;-50.000000;30.000000;59.814972;0.000000;0.000000;0.000000;0.000000;0.000000;59.814972
3217;160.000000;-46.000000;-30.000000;-59.814972;0.000000;0.000000;0.000000;0.000000;0.000000;59.814972
3218;160.000000;-46.000000;30.000000;59.814972;0.000000;0.000000;0.000000;0.000000;0.000000;59.814972
3219;160.000000;-42.000000;-30.000000;-59.814972;0.000000;0.000000;0.000000;0.000000;0.000000;59.814972
3220;160.000000;-42.000000;30.000000;59.814972;0.000000;0.000000;0.000000;0.000000;0.000000;59.814972
3221;160.000000;-38.000000;-30.000000;-59.814972;0.000000;0.000000;0.000000;0.000000;0.000000;59.814972
3222;160.000000;-38.000000;30.000000;59.814972;0.000000;0.000000;0.000000;0.000000;0.000000;59.814972
3223;160.000000;-34.000000;-30.000000;-59.814972;0.000000;0.000000;0.000000;0.000000;0.000000;59.814972
3224;160.000000;-34.000000;30.000000;59.814972;0.000000;0.000000;0.000000;0.000000;0.000000;59.814972
3225;160.000000;-30.000000;-30.000000;-59.814972;0.000000;0.000000;0.000000;0.000000;0.000000;59.814972
3226;160.000000;-30.000000;30.000000;59.814972;0.000000;0.000000;0.000000;0.000000;0.000000;59.814972
3227;160.000000;-26.000000;-30.000000;-59.814972;0.000000;0.000000;0.000000;0.000000;0.000000;59.814972
3228;160.000000;-26.000000;30.000000;59.814972;0.000000;0.000000;0.000000;0.000000;0.000000;59.814972
3229;160.000000;-22.000000;-30.000000;-59.814972;0.000000;0.000000;0.000000;0.000000;0.000000;59.814972
3230;160.000000;-22.000000;30.000000;59.814972;0.000000;0.000000;0.000000;0.000000;0.000000;59.814972
3231;160.000000;-18.000000;-30.000000;-59.814972;0.000000;0.000000;0.000000;0.000000;0.000000;59.814972
3232;160.000000;-18.000000;30.000000;59.814972;0.000000;0.000000;0.000000;0.000000;0.000000;59.814972
3233;160.000000;-14.000000;-30.000000;-59.814972;0.000000;0.000000;0.000000;0.000000;0.000000;59.814972
3234;160.000000;-14.000000;30.000000;59.814972;0.000000;0.000000;0.000000;0.000000;0.000000;59.814972
3235;160.000000;-10.000000;-30.000000;-59.814972;0.000000;0.000000;0.000000;0.000000;0.000000;59.814972
3236;160.000000;-10.000000;30.000000;59.814972;0.000000;0.000000;0.000000;0.000000;0.000000;59.814972
3237;160.000000;-6.000000;-30.000000;-59.814972;0.000000;0.000000;0.000000;0.000000;0.000000;59.814972
3238;160.000000;-6.000000;30.000000;59.814972;0.000000;0.000000;0.000000;0.000000;0.000000;59.814972
3239;160.000000;-2.000000;-30.000000;-59.814972;0.000000;0.000000;0.000000;0.000000;0.000000;59.814972
3240;160.000000;-2.000000;30.000000;59.814972;0.000000;0.000000;0.000000;0.000000;0.000000;59.814972
3241;160.000000;2.000000;-30.000000;-59.814972;0.000000;0.000000;0.000000;0.000000;0.000000;59.814972
3242;160.000000;2.000000;30.000000;59.814972;0.000000;0.000000;0.000000;0.000000;0.000000;59.814972
3243;160.000000;6.000000;-30.000000;-59.814972;0.000000;0.000000;0.000000;0.000000;0.000000;59.814972
3244;160.000000;6.000000;30.000000;59.814972;0.000000;0.000000;0.000000;0.000000;0.000000;59.814972
3245;160.000000;10.000000;-30.000000;-59.814972;0.000000;0.000000;0.000000;0.000000;0.000000;59.814972
3246;160.000000;10.000000;30.000000;59.814972;0.000000;0.000000;0.000000;0.000000;0.000000;59.814972
3247;160.000000;14.000000;-30.000000;-59.814972;0.000000;0.000000;0.000000;0.000000;0.000000;59.814972
3248;160.000000;14.000000;30.000000;59.814972;0.000000;0.000000;0.000000;0.000000;0.000000;59.814972
3249;160.000000;18.000000;-30.000000;-59.814972;0.000000;0.000000;0.000000;0.000000;0.000000;59.814972
3250;160.000000;18.000000;30.000000;59.814972;0.000000;0.000000;0.000000;0.000000;0.000000;59.814972
3251;160.000000;22.000000;-30.000000;-59.814972;0.000000;0.000000;0.000000;0.000000;0.000000;59.814972
3252;160.000000;22.000000;30.000000;59.814972;0.000000;0.000000;0.000000;0.000000;0.000000;59.814972
3253;160.000000;26.000000;-30.000000;-59.814972;0.000000;0.000000;0.000000;0.000000;0.000000;59.814972
3254;160.000000;26.000000;30.000000;59.814972;0.000000;0.000000;0.000000;0.000000;0.000000;59.814972
3255;160.000000;30.000000;-30.000000;-59.814972;0.000000;0.000000;0.000000;0.000000;0.000000;59.814972
3256;160.000000;30.000000;30.000000;59.814972;0.000000;0.000000;0.000000;0.000000;0.000000;59.814972
3257;160.000000;34.000000;-30.000000;-59.814972;0.000000;0.000000;0.000000;0.000000;0.000000;59.814972
3258;160.000000;34.000000;30.000000;59.814972;0.000000;0.000000;0.000000;0.000000;0.000000;59.814972
3259;160.000000;38.000000;-30.000000;-59.814972;0.000000;0.000000;0.000000;0.000000;0.000000;59.814972
3260;160.000000;38.000000;30.000000;59.814972;0.000000;0.000000;0.000000;0.000000;0.000000;59.814972
3261;160.000000;42.000000;-30.000000;-59.814972;0.000000;0.000000;0.000000;0.000000;0.000000;59.814972
3262;160.000000;42.000000;30.000000;59.814972;0.000000;0.000000;0.000000;0.000000;0.000000;59.814972
3263;160.000000;46.000000;-30.000000;-59.814972;0.000000;0.000000;0.000000;0.000000;0.000000;59.814972
3264;160.000000;46.000000;30.000000;59.814972;0.000000;0.000000;0.000000;0.000000;0.000000;59.814972
3265;160.000000;50.000000;-30.000000;-59.814972;0.000000;0.000000;0.000000;0.000000;0.000000;59.814972
3266;160.000000;50.000000;-26.000000;-51.839643;0.000000;0.000000;0.000000;0.000000;0.000000;51.839643
3267;160.000000;50.000000;-22.000000;-43.864313;0.000000;0.000000;0.000000;0.000000;0.000000;43.864313
3268;160.000000;50.000000;-18.000000;-35.888983;0.000000;0.000000;0.000000;0.000000;0.000000;35.888983
3269;160.000000;50.000000;-14.000000;-27.913654;0.000000;0.000000;0.000000;0.000000;0.000000;27.913654
3270;160.000000;50.000000;-10.000000;-19.938324;0.000000;0.000000;0.000000;0.000000;0.000000;19.938324
3271;160.000000;50.000000;-6.000000;-11.962994;0.000000;0.000000;0.000000;0.000000;0.000000;11.962994
3272;160.000000;50.000000;-2.000000;-3.987665;0.000000;0.000000;0.000000;0.000000;0.000000;3.987665
3273;160.000000;50.000000;2.000000;3.987665;0.000000;0.000000;0.000000;0.000000;0.000000;3.987665
3274;160.000000;50.000000;6.000000;11.962994;0.000000;0.000000;0.000000;0.000000;0.000000;11.962994
3275;160.000000;50.000000;10.000000;19.938324;0.000000;0.000000;0.000000;0.000000;0.000000;19.938324
3276;160.000000;50.000000;14.000000;27.913654;0.000000;0.000000;0.000000;0.000000;0.000000;27.913654
3277;160.000000;50.000000;18.000000;35.888983;0.000000;0.000000;0.000000;0.000000;0.000000;35.888983
3278;160.000000;50.000000;22.000000;43.864313;0.000000;0.000000;0.000000;0.000000;0.000000;43.864313
3279;160.000000;50.000000;26.000000;51.839643;0.000000;0.000000;0.000000;0.000000;0.000000;51.839643
3280;160.000000;50.000000;30.000000;59.814972;0.000000;0.000000;0.000000;0.000000;0.000000;59.814972
3281;164.000000;-50.000000;-30.000000;-58.818056;0.000000;0.000000;0.000000;0.000000;0.000000;58.818056
3282;164.000000;-50.000000;-26.000000;-50.975649;0.000000;0.000000;0.000000;0.000000;0.000000;50.975649
3283;164.000000;-50.000000;-22.000000;-43.133241;0.000000;0.000000;0.000000;0.000000;0.000000;43.133241
3284;164.000000;-50.000000;-18.000000;-35.290834;0.000000;0.000000;0.000000;0.000000;0.000000;35.290834
3285;164.000000;-50.000000;-14.000000;-27.448426;0.000000;0.000000;0.000000;0.000000;0.000000;27.448426
3286;164.000000;-50.000000;-10.000000;-19.606019;0.000000;0.000000;0.000000;0.000000;0.000000;19.606019
3287;164.000000;-50.000000;-6.000000;-11.763611;0.000000;0.000000;0.000000;0.000000;0.000000;11.763611
3288;164.000000;-50.000000;-2.000000;-3.921204;0.000000;0.000000;0.000000;0.000000;0.000000;3.921204
3289;164.000000;-50.000000;2.000000;3.921204;0.000000;0.000000;0.000000;0.000000;0.000000;3.921204
3290;164.000000;-50.000000;6.000000;11.763611;0.000000;0.000000;0.000000;0.000000;0.000000;11.763611
3291;164.000000;-50.000000;10.000000;19.606019;0.000000;0.000000;0.000000;0.000000;0.000000;19.606019
3292;164.000000;-50.000000;14.000000;27.448426;0.000000;0.000000;0.000000;0.000000;0.000000;27.448426
3293;164.000000;-50.000000;18.000000;35.290834;0.000000;0.000000;0.000000;0.000000;0.000000;35.290834
3294;164.000000;-50.000000;22.000000;43.133241;0.000000;0.000000;0.000000;0.000000;0.000000;43.133241
3295;164.000000;-50.000000;26.000000;50.975649;0.000000;0.000000;0.000000;0.000000;0.000000;50.975649
3296;164.000000;-50.000000;30.000000;58.818056;0.000000;0.000000;0.000000;0.000000;0.000000;58.818056
3297;164.000000;-46.000000;-30.000000;-58.818056;0.000000;0.000000;0.000000;0.000000;0.000000;58.818056
3298;164.000000;-46.000000;30.000000;58.818056;0.000000;0.000000;0.000000;0.000000;0.000000;58.818056
3299;164.000000;-42.000000;-30.000000;-58.818056;0.000000;0.000000;0.000000;0.000000;0.000000;58.818056
3300;164.000000;-42.000000;30.000000;58.818056;0.000000;0.000000;0.000000;0.000000;0.000000;58.818056
3301;164.000000;-38.000000;-30.000000;-58.818056;0.000000;0.000000;0.000000;0.000000;0.000000;58.818056
3302;164.000000;-38.000000;30.000000;58.818056;0.000000;0.000000;0.000000;0.000000;0.000000;58.818056
3303;164.000000;-34.000000;-30.000000;-58.818056;0.000000;0.000000;0.000000;0.000000;0.000000;58.818056
3304;164.000000;-34.000000;30.000000;58.818056;0.000000;0.000000;0.000000;0.000000;0.000000;58.818056
3305;164.000000;-30.000000;-30.000000;-58.818056;0.000000;0.000000;0.000000;0.000000;0.000000;58.818056
3306;164.000000;-30.000000;30.000000;58.818056;0.000000;0.000000;0.000000;0.000000;0.000000;58.818056
3307;164.000000;-26.000000;-30.000000;-58.818056;0.000000;0.000000;0.000000;0.000000;0.000000;58.818056
3308;164.000000;-26.000000;30.000000;58.818056;0.000000;0.000000;0.000000;0.000000;0.000000;58.818056
3309;164.000000;-22.000000;-30.000000;-58.818056;0.000000;0.000000;0.000000;0.000000;0.000000;58.818056
3310;164.000000;-22.000000;30.000000;58.818056;0.000000;0.000000;0.000000;0.000000;0.000000;58.818056
3311;164.000000;-18.000000;-30.000000;-58.818056;0.000000;0.000000;0.000000;0.000000;0.000000;58.818056
3312;164.000000;-18.000000;30.000000;58.818056;0.000000;0.000000;0.000000;0.000000;0.000000;58.818056
3313;164.000000;-14.000000;-30.000000;-58.818056;0.000000;0.000000;0.000000;0.000000;0.000000;58.818056
3314;164.000000;-14.000000;30.000000;58.818056;0.000000;0.000000;0.000000;0.000000;0.000000;58.818056
3315;164.000000;-10.000000;-30.000000;-58.818056;0.000000;0.000000;0.000000;0.000000;0.000000;58.818056
3316;164.000000;-10.000000;30.000000;58.818056;0.000000;0.000000;0.000000;0.000000;0.000000;58.818056
3317;164.000000;-6.000000;-30.000000;-58.818056;0.000000;0.000000;0.000000;0.000000;0.000000;58.818056
3318;164.000000;-6.000000;30.000000;58.818056;0.000000;0.000000;0.000000;0.000000;0.000000;58.818056
3319;164.000000;-2.000000;-30.000000;-58.818056;0.000000;0.000000;0.000000;0.000000;0.000000;58.818056
3320;164.000000;-2.000000;30.000000;58.818056;0.000000;0.000000;0.000000;0.000000;0.000000;58.818056
3321;164.000000;2.000000;-30.000000;-58.818056;0.000000;0.000000;0.000000;0.000000;0.000000;58.818056
3322;164.000000;2.000000;30.000000;58.818056;0.000000;0.000000;0.000000;0.000000;0.000000;58.818056
3323;164.000000;6.000000;-30.000000;-58.818056;0.000000;0.000000;0.000000;0.000000;0.000000;58.818056
3324;164.000000;6.000000;30.000000;58.818056;0.000000;0.000000;0.000000;0.000000;0.000000;58.818056
3325;164.000000;10.000000;-30.000000;-58.818056;0.000000;0.000000;0.000000;0.000000;0.000000;58.818056
3326;164.000000;10.000000;30.000000;58.818056;0.000000;0.000000;0.000000;0.000000;0.000000;58.818056
3327;164.000000;14.000000;-30.000000;-58.818056;0.000000;0.000000;0.000000;0.000000;0.000000;58.818056
3328;164.000000;14.000000;30.000000;58.818056;0.000000;0.000000;0.000000;0.000000;0.000000;58.818056
3329;164.000000;18.000000;-30.000000;-58.818056;0.000000;0.000000;0.000000;0.000000;0.000000;58.818056
3330;164.000000;18.000000;30.000000;58.818056;0.000000;0.000000;0.000000;0.000000;0.000000;58.818056
3331;164.000000;22.000000;-30.000000;-58.818056;0.000000;0.000000;0.000000;0.000000;0.000000;58.818056
3332;164.000000;22.000000;30.000000;58.818056;0.000000;0.000000;0.000000;0.000000;0.000000;58.818056
3333;164.000000;26.000000;-30.000000;-58.818056;0.000000;0.000000;0.000000;0.000000;0.000000;58.818056
3334;164.000000;26.000000;30.000000;58.818056;0.000000;0.000000;0.000000;0.000000;0.000000;58.818056
3335;164.000000;30.000000;-30.000000;-58.818056;0.000000;0.000000;0.000000;0.000000;0.000000;58.818056
3336;164.000000;30.000000;30.000000;58.818056;0.000000;0.000000;0.000000;0.000000;0.000000;58.818056
3337;164.000000;34.000000;-30.000000;-58.818056;0.000000;0.000000;0.000000;0.000000;0.000000;58.818056
3338;164.000000;34.000000;30.000000;58.818056;0.000000;0.000000;0.000000;0.000000;0.000000;58.818056
3339;164.000000;38.000000;-30.000000;-58.818056;0.000000;0.000000;0.000000;0.000000;0.000000;58.818056
3340;164.000000;38.000000;30.000000;58.818056;0.000000;0.000000;0.000000;0.000000;0.000000;58.818056
3341;164.000000;42.000000;-30.000000;-58.818056;0.000000;0.000000;0.000000;0.000000;0.000000;58.818056
3342;164.000000;42.000000;30.000000;58.818056;0.000000;0.000000;0.000000;0.000000;0.000000;58.818056
3343;164.000000;46.000000;-30.000000;-58.818056;0.000000;0.000000;0.000000;0.000000;0.000000;58.818056
3344;164.000000;46.000000;30.000000;58.818056;0.000000;0.000000;0.000000;0.000000;0.000000;58.818056
3345;164.000000;50.000000;-30.000000;-58.818056;0.000000;0.000000;0.000000;0.000000;0.000000;58.818056
3346;164.000000;50.000000;-26.000000;-50.975649;0.000000;0.000000;0.000000;0.000000;0.000000;50.975649
3347;164.000000;50.000000;-22.000000;-43.133241;0.000000;0.000000;0.000000;0.000000;0.000000;43.133241
3348;164.000000;50.000000;-18.000000;-35.290834;0.000000;0.000000;0.000000;0.000000;0.000000;35.290834
3349;164.000000;50.000000;-14.000000;-27.448426;0.000000;0.000000;0.000000;0.000000;0.000000;27.448426
3350;164.000000;50.000000;-10.000000;-19.606019;0.000000;0.000000;0.000000;0.000000;0.000000;19.606019
3351;164.000000;50.000000;-6.000000;-11.763611;0.000000;0.000000;0.000000;0.000000;0.000000;11.763611
3352;164.000000;50.000000;-2.000000;-3.921204;0.000000;0.000000;0.000000;0.000000;0.000000;3.921204
3353;164.000000;50.000000;2.000000;3.921204;0.000000;0.000000;0.000000;0.000000;0.000000;3.921204
3354;164.000000;50.000000;6.000000;11.763611;0.000000;0.000000;0.000000;0.000000;0.000000;11.763611
3355;164.000000;50.000000;10.000000;19.606019;0.000000;0.000000;0.000000;0.000000;0.000000;19.606019
3356;164.000000;50.000000;14.000000;27.448426;0.000000;0.000000;0.000000;0.000000;0.000000;27.448426
3357;164.000000;50.000000;18.000000;35.290834;0.000000;0.000000;0.000000;0.000000;0.000000;35.290834
3358;164.000000;50.000000;22.000000;43.133241;0.000000;0.000000;0.000000;0.000000;0.000000;43.133241
3359;164.000000;50.000000;26.000000;50.975649;0.000000;0.000000;0.000000;0.000000;0.000000;50.975649
3360;164.000000;50.000000;30.000000;58.818056;0.000000;0.000000;0.000000;0.000000;0.000000;58.818056
3361;168.000000;-50.000000;-30.000000;-57.821140;0.000000;0.000000;0.000000;0.000000;0.000000;57.821140
3362;168.000000;-50.000000;-26.000000;-50.111655;0.000000;0.000000;0.000000;0.000000;0.000000;50.111655
3363;168.000000;-50.000000;-22.000000;-42.402169;0.000000;0.000000;0.000000;0.000000;0.000000;42.402169
3364;168.000000;-50.000000;-18.000000;-34.692684;0.000000;0.000000;0.000000;0.000000;0.000000;34.692684
3365;168.000000;-50.000000;-14.000000;-26.983199;0.000000;0.000000;0.000000;0.000000;0.000000;26.983199
3366;168.000000;-50.000000;-10.000000;-19.273713;0.000000;0.000000;0.000000;0.000000;0.000000;19.273713
3367;168.000000;-50.000000;-6.000000;-11.564228;0.000000;0.000000;0.000000;0.000000;0.000000;11.564228
3368;168.000000;-50.000000;-2.000000;-3.854743;0.000000;0.000000;0.000000;0.000000;0.000000;3.854743
3369;168.000000;-50.000000;2.000000;3.854743;0.000000;0.000000;0.000000;0.000000;0.000000;3.854743
3370;168.000000;-50.000000;6.000000;11.564228;0.000000;0.000000;0.000000;0.000000;0.000000;11.564228
3371;168.000000;-50.000000;10.000000;19.273713;0.000000;0.000000;0.000000;0.000000;0.000000;19.273713
3372;168.000000;-50.000000;14.000000;26.983199;0.000000;0.000000;0.000000;0.000000;0.000000;26.983199
3373;168.000000;-50.000000;18.000000;34.692684;0.000000;0.000000;0.000000;0.000000;0.000000;34.692684
3374;168.000000;-50.000000;22.000000;42.402169;0.000000;0.000000;0.000000;0.000000;0.000000;42.402169
3375;168.000000;-50.000000;26.000000;50.111655;0.000000;0.000000;0.000000;0.000000;0.000000;50.111655
3376;168.000000;-50.000000;30.000000;57.821140;0.000000;0.000000;0.000000;0.000000;0.000000;57.821140
3377;168.000000;-46.000000;-30.000000;-57.821140;0.000000;0.000000;0.000000;0.000000;0.000000;57.821140
3378;168.000000;-46.000000;30.000000;57.821140;0.000000;0.000000;0.000000;0.000000;0.000000;57.821140
3379;168.000000;-42.000000;-30.000000;-57.821140;0.000000;0.000000;0.000000;0.000000;0.000000;57.821140
3380;168.000000;-42.000000;30.000000;57.821140;0.000000;0.000000;0.000000;0.000000;0.000000;57.821140
3381;168.000000;-38.000000;-30.000000;-57.821140;0.000000;0.000000;0.000000;0.000000;0.000000;57.821140
3382;168.000000;-38.000000;30.000000;57.821140;0.000000;0.000000;0.000000;0.000000;0.000000;57.821140
3383;168.000000;-34.000000;-30.000000;-57.821140;0.000000;0.000000;0.000000;0.000000;0.000000;57.821140
3384;168.000000;-34.000000;30.000000;57.821140;0.000000;0.000000;0.000000;0.000000;0.000000;57.821140
3385;168.000000;-30.000000;-30.000000;-57.821140;0.000000;0.000000;0.000000;0.000000;0.000000;57.821140
3386;168.000000;-30.000000;30.000000;57.821140;0.000000;0.000000;0.000000;0.000000;0.000000;57.821140
3387;168.000000;-26.000000;-30.000000;-57.821140;0.000000;0.000000;0.000000;0.000000;0.000000;57.821140
3388;168.000000;-26.000000;30.000000;57.821140;0.000000;0.000000;0.000000;0.000000;0.000000;57.821140
3389;168.000000;-22.000000;-30.000000;-57.821140;0.000000;0.000000;0.000000;0.000000;0.000000;57.821140
3390;168.000000;-22.000000;30.000000;57.821140;0.000000;0.000000;0.000000;0.000000;0.000000;57.821140
3391;168.000000;-18.000000;-30.000000;-57.821140;0.000000;0.000000;0.000000;0.000000;0.000000;57.821140
3392;168.000000;-18.000000;30.000000;57.821140;0.000000;0.000000;0.000000;0.000000;0.000000;57.821140
3393;168.000000;-14.000000;-30.000000;-57.821140;0.000000;0.000000;0.000000;0.000000;0.000000;57.821140
3394;168.000000;-14.000000;30.000000;57.821140;0.000000;0.000000;0.000000;0.000000;0.000000;57.821140
3395;168.000000;-10.000000;-30.000000;-57.821140;0.000000;0.000000;0.000000;0.000000;0.000000;57.821140
3396;168.000000;-10.000000;30.000000;57.821140;0.000000;0.000000;0.000000;0.000000;0.000000;57.821140
3397;168.000000;-6.000000;-30.000000;-57.821140;0.000000;0.000000;0.000000;0.000000;0.000000;57.821140
3398;168.000000;-6.000000;30.000000;57.821140;0.000000;0.000000;0.000000;0.000000;0.000000;57.821140
3399;168.000000;-2.000000;-30.000000;-57.821140;0.000000;0.000000;0.000000;0.000000;0.000000;57.821140
3400;168.000000;-2.000000;30.000000;57.821140;0.000000;0.000000;0.000000;0.000000;0.000000;57.821140
3401;168.000000;2.000000;-30.000000;-57.821140;0.000000;0.000000;0.000000;0.000000;0.000000;57.821140
3402;168.000000;2.000000;30.000000;57.821140;0.000000;0.000000;0.000000;0.000000;0.000000;57.821140
3403;168.000000;6.000000;-30.000000;-57.821140;0.000000;0.000000;0.000000;0.000000;0.000000;57.821140
3404;168.000000;6.000000;30.000000;57.821140;0.000000;0.000000;0.000000;0.000000;0.000000;57.821140
3405;168.000000;10.000000;-30.000000;-57.821140;0.000000;0.000000;0.000000;0.000000;0.000000;57.821140
3406;168.000000;10.000000;30.000000;57.821140;0.000000;0.000000;0.000000;0.000000;0.000000;57.821140
3407;168.000000;14.000000;-30.000000;-57.821140;0.000000;0.000000;0.000000;0.000000;0.000000;57.821140
3408;168.000000;14.000000;30.000000;57.821140;0.000000;0.000000;0.000000;0.000000;0.000000;57.821140
3409;168.000000;18.000000;-30.000000;-57.821140;0.000000;0.000000;0.000000;0.000000;0.000000;57.821140
3410;168.000000;18.000000;30.000000;57.821140;0.000000;0.000000;0.000000;0.000000;0.000000;57.821140
3411;168.000000;22.000000;-30.000000;-57.821140;0.000000;0.000000;0.000000;0.000000;0.000000;57.821140
3412;168.000000;22.000000;30.000000;57.821140;0.000000;0.000000;0.000000;0.000000;0.000000;57.821140
3413;168.000000;26.000000;-30.000000;-57.821140;0.000000;0.000000;0.000000;0.000000;0.000000;57.821140
3414;168.000000;26.000000;30.000000;57.821140;0.000000;0.000000;0.000000;0.000000;0.000000;57.821140
3415;168.000000;30.000000;-30.000000;-57.821140;0.000000;0.000000;0.000000;0.000000;0.000000;57.821140
3416;168.000000;30.000000;30.000000;57.821140;0.000000;0.000000;0.000000;0.000000;0.000000;57.821140
3417;168.000000;34.000000;-30.000000;-57.821140;0.000000;0.000000;0.000000;0.000000;0.000000;57.821140
3418;168.000000;34.000000;30.000000;57.821140;0.000000;0.000000;0.000000;0.000000;0.000000;57.821140
3419;168.000000;38.000000;-30.000000;-57.821140;0.000000;0.000000;0.000000;0.000000;0.000000;57.821140
3420;168.000000;38.000000;30.000000;57.821140;0.000000;0.000000;0.000000;0.000000;0.000000;57.821140
3421;168.000000;42.000000;-30.000000;-57.821140;0.000000;0.000000;0.000000;0.000000;0.000000;57.821140
3422;168.000000;42.000000;30.000000;57.821140;0.000000;0.000000;0.000000;0.000000;0.000000;57.821140
3423;168.000000;46.000000;-30.000000;-57.821140;0.000000;0.000000;0.000000;0.000000;0.000000;57.821140
3424;168.000000;46.000000;30.000000;57.821140;0.000000;0.000000;0.000000;0.000000;0.000000;57.821140
3425;168.000000;50.000000;-30.000000;-57.821140;0.000000;0.000000;0.000000;0.000000;0.000000;57.821140
3426;168.000000;50.000000;-26.000000;-50.111655;0.000000;0.000000;0.000000;0.000000;0.000000;50.111655
3427;168.000000;50.000000;-22.000000;-42.402169;0.000000;0.000000;0.000000;0.000000;0.000000;42.402169
3428;168.000000;50.000000;-18.000000;-34.692684;0.000000;0.000000;0.000000;0.000000;0.000000;34.692684
3429;168.000000;50.000000;-14.000000;-26.983199;0.000000;0.000000;0.000000;0.000000;0.000000;26.983199
3430;168.000000;50.000000;-10.000000;-19.273713;0.000000;0.000000;0.000000;0.000000;0.000000;19.273713
3431;168.000000;50.000000;-6.000000;-11.564228;0.000000;0.000000;0.000000;0.000000;0.000000;11.564228
3432;168.000000;50.000000;-2.000000;-3.854743;0.000000;0.000000;0.000000;0.000000;0.000000;3.854743
3433;168.000000;50.000000;2.000000;3.854743;0.000000;0.000000;0.000000;0.000000;0.000000;3.854743
3434;168.000000;50.000000;6.000000;11.564228;0.000000;0.000000;0.000000;0.000000;0.000000;11.564228
3435;168.000000;50.000000;10.000000;19.273713;0.000000;0.000000;0.000000;0.000000;0.000000;19.273713
3436;168.000000;50.000000;14.000000;26.983199;0.000000;0.000000;0.000000;0.000000;0.000000;26.983199
3437;168.000000;50.000000;18.000000;34.692684;0.000000;0.000000;0.000000;0.000000;0.000000;34.692684
3438;168.000000;50.000000;22.000000;42.402169;0.000000;0.000000;0.000000;0.000000;0.000000;42.402169
3439;168.000000;50.000000;26.000000;50.111655;0.000000;0.000000;0.000000;0.000000;0.000000;50.111655
3440;168.000000;50.000000;30.000000;57.821140;0.000000;0.000000;0.000000;0.000000;0.000000;57.821140
3441;172.000000;-50.000000;-30.000000;-56.824224;0.000000;0.000000;0.000000;0.000000;0.000000;56.824224
3442;172.000000;-50.000000;-26.000000;-49.247661;0.000000;0.000000;0.000000;0.000000;0.000000;49.247661
3443;172.000000;-50.000000;-22.000000;-41.671097;0.000000;0.000000;0.000000;0.000000;0.000000;41.671097
3444;172.000000;-50.000000;-18.000000;-34.094534;0.000000;0.000000;0.000000;0.000000;0.000000;34.094534
3445;172.000000;-50.000000;-14.000000;-26.517971;0.000000;0.000000;0.000000;0.000000;0.000000;26.517971
3446;172.000000;-50.000000;-10.000000;-18.941408;0.000000;0.000000;0.000000;0.000000;0.000000;18.941408
3447;172.000000;-50.000000;-6.000000;-11.364845;0.000000;0.000000;0.000000;0.000000;0.000000;11.364845
3448;172.000000;-50.000000;-2.000000;-3.788282;0.000000;0.000000;0.000000;0.000000;0.000000;3.788282
3449;172.000000;-50.000000;2.000000;3.788282;0.000000;0.000000;0.000000;0.000000;0.000000;3.788282
3450;172.000000;-50.000000;6.000000;11.364845;0.000000;0.000000;0.000000;0.000000;0.000000;11.364845
3451;172.000000;-50.000000;10.000000;18.941408;0.000000;0.000000;0.000000;0.000000;0.000000;18.941408
3452;172.000000;-50.000000;14.000000;26.517971;0.000000;0.000000;0.000000;0.000000;0.000000;26.517971
3453;172.000000;-50.000000;18.000000;34.094534;0.000000;0.000000;0.000000;0.000000;0.000000;34.094534
3454;172.000000;-50.000000;22.000000;41.671097;0.000000;0.000000;0.000000;0.000000;0.000000;41.671097
3455;172.000000;-50.000000;26.000000;49.247661;0.000000;0.000000;0.000000;0.000000;0.000000;49.247661
3456;172.000000;-50.000000;30.000000;56.824224;0.000000;0.000000;0.000000;0.000000;0.000000;56.824224
3457;172.000000;-46.000000;-30.000000;-56.824224;0.000000;0.000000;0.000000;0.000000;0.000000;56.824224
3458;172.000000;-46.000000;30.000000;56.824224;0.000000;0.000000;0.000000;0.000000;0.000000;56.824224
3459;172.000000;-42.000000;-30.000000;-56.824224;0.000000;0.000000;0.000000;0.000000;0.000000;56.824224
3460;172.000000;-42.000000;30.000000;56.824224;0.000000;0.000000;0.000000;0.000000;0.000000;56.824224
3461;172.000000;-38.000000;-30.000000;-56.824224;0.000000;0.000000;0.000000;0.000000;0.000000;56.824224
3462;172.000000;-38.000000;30.000000;56.824224;0.000000;0.000000;0.000000;0.000000;0.000000;56.824224
3463;172.000000;-34.000000;-30.000000;-56.824224;0.000000;0.000000;0.000000;0.000000;0.000000;56.824224
3464;172.000000;-34.000000;30.000000;56.824224;0.000000;0.000000;0.000000;0.000000;0.000000;56.824224
3465;172.000000;-30.000000;-30.000000;-56.824224;0.000000;0.000000;0.000000;0.000000;0.000000;56.824224
3466;172.000000;-30.000000;30.000000;56.824224;0.000000;0.000000;0.000000;0.000000;0.000000;56.824224
3467;172.000000;-26.000000;-30.000000;-56.824224;0.000000;0.000000;0.000000;0.000000;0.000000;56.824224
3468;172.000000;-26.000000;30.000000;56.824224;0.000000;0.000000;0.000000;0.000000;0.000000;56.824224
3469;172.000000;-22.000000;-30.000000;-56.824224;0.000000;0.000000;0.000000;0.000000;0.000000;56.824224
3470;172.000000;-22.000000;30.000000;56.824224;0.000000;0.000000;0.000000;0.000000;0.000000;56.824224
3471;172.000000;-18.000000;-30.000000;-56.824224;0.000000;0.000000;0.000000;0.000000;0.000000;56.824224
3472;172.000000;-18.000000;30.000000;56.824224;0.000000;0.000000;0.000000;0.000000;0.000000;56.824224
3473;172.000000;-14.000000;-30.000000;-56.824224;0.000000;0.000000;0.000000;0.000000;0.000000;56.824224
3474;172.000000;-14.000000;30.000000;56.824224;0.000000;0.000000;0.000000;0.000000;0.000000;56.824224
3475;172.000000;-10.000000;-30.000000;-56.824224;0.000000;0.000000;0.000000;0.000000;0.000000;56.824224
3476;172.000000;-10.000000;30.000000;56.824224;0.000000;0.000000;0.000000;0.000000;0.000000;56.824224
3477;172.000000;-6.000000;-30.000000;-56.824224;0.000000;0.000000;0.000000;0.000000;0.000000;56.824224
3478;172.000000;-6.000000;30.000000;56.824224;0.000000;0.000000;0.000000;0.000000;0.000000;56.824224
3479;172.000000;-2.000000;-30.000000;-56.824224;0.000000;0.000000;0.000000;0.000000;0.000000;56.824224
3480;172.000000;-2.000000;30.000000;56.824224;0.000000;0.000000;0.000000;0.000000;0.000000;56.824224
3481;172.000000;2.000000;-30.000000;-56.824224;0.000000;0.000000;0.000000;0.000000;0.000000;56.824224
3482;172.000000;2.000000;30.000000;56.824224;0.000000;0.000000;0.000000;0.000000;0.000000;56.824224
3483;172.000000;6.000000;-30.000000;-56.824224;0.000000;0.000000;0.000000;0.000000;0.000000;56.824224
3484;172.000000;6.000000;30.000000;56.824224;0.000000;0.000000;0.000000;0.000000;0.000000;56.824224
3485;172.000000;10.000000;-30.000000;-56.824224;0.000000;0.000000;0.000000;0.000000;0.000000;56.824224
3486;172.000000;10.000000;30.000000;56.824224;0.000000;0.000000;0.000000;0.000000;0.000000;56.824224
3487;172.000000;14.000000;-30.000000;-56.824224;0.000000;0.000000;0.000000;0.000000;0.000000;56.824224
3488;172.000000;14.000000;30.000000;56.824224;0.000000;0.000000;0.000000;0.000000;0.000000;56.824224
3489;172.000000;18.000000;-30.000000;-56.824224;0.000000;0.000000;0.000000;0.000000;0.000000;56.824224
3490;172.000000;18.000000;30.000000;56.824224;0.000000;0.000000;0.000000;0.000000;0.000000;56.824224
3491;172.000000;22.000000;-30.000000;-56.824224;0.000000;0.000000;0.000000;0.000000;0.000000;56.824224
3492;172.000000;22.000000;30.000000;56.824224;0.000000;0.000000;0.000000;0.000000;0.000000;56.824224
3493;172.000000;26.000000;-30.000000;-56.824224;0.000000;0.000000;0.000000;0.000000;0.000000;56.824224
3494;172.000000;26.000000;30.000000;56.824224;0.000000;0.000000;0.000000;0.000000;0.000000;56.824224
3495;172.000000;30.000000;-30.000000;-56.824224;0.000000;0.000000;0.000000;0.000000;0.000000;56.824224
3496;172.000000;30.000000;30.000000;56.824224;0.000000;0.000000;0.000000;0.000000;0.000000;56.824224
3497;172.000000;34.000000;-30.000000;-56.824224;0.000000;0.000000;0.000000;0.000000;0.000000;56.824224
3498;172.000000;34.000000;30.000000;56.824224;0.000000;0.000000;0.000000;0.000000;0.000000;56.824224
3499;172.000000;38.000000;-30.000000;-56.824224;0.000000;0.000000;0.000000;0.000000;0.000000;56.824224
3500;172.000000;38.000000;30.000000;56.824224;0.000000;0.000000;0.000000;0.000000;0.000000;56.824224
3501;172.000000;42.000000;-30.000000;-56.824224;0.000000;0.000000;0.000000;0.000000;0.000000;56.824224
3502;172.000000;42.000000;30.000000;56.824224;0.000000;0.000000;0.000000;0.000000;0.000000;56.824224
3503;172.000000;46.000000;-30.000000;-56.824224;0.000000;0.000000;0.000000;0.000000;0.000000;56.824224
3504;172.000000;46.000000;30.000000;56.824224;0.000000;0.000000;0.000000;0.000000;0.000000;56.824224
3505;172.000000;50.000000;-30.000000;-56.824224;0.000000;0.000000;0.000000;0.000000;0.000000;56.824224
3506;172.000000;50.000000;-26.000000;-49.247661;0.000000;0.000000;0.000000;0.000000;0.000000;49.247661
3507;172.000000;50.000000;-22.000000;-41.671097;0.000000;0.000000;0.000000;0.000000;0.000000;41.671097
3508;172.000000;50.000000;-18.000000;-34.094534;0.000000;0.000000;0.000000;0.000000;0.000000;34.094534
3509;172.000000;50.000000;-14.000000;-26.517971;0.000000;0.000000;0.000000;0.000000;0.000000;26.517971
3510;172.000000;50.000000;-10.000000;-18.941408;0.000000;0.000000;0.000000;0.000000;0.000000;18.941408
3511;172.000000;50.000000;-6.000000;-11.364845;0.000000;0.000000;0.000000;0.000000;0.000000;11.364845
3512;172.000000;50.000000;-2.000000;-3.788282;0.000000;0.000000;0.000000;0.000000;0.000000;3.788282
3513;172.000000;50.000000;2.000000;3.788282;0.000000;0.000000;0.000000;0.000000;0.000000;3.788282
3514;172.000000;50.000000;6.000000;11.364845;0.000000;0.000000;0.000000;0.000000;0.000000;11.364845
3515;172.000000;50.000000;10.000000;18.941408;0.000000;0.000000;0.000000;0.000000;0.000000;18.941408
3516;172.000000;50.000000;14.000000;26.517971;0.000000;0.000000;0.000000;0.000000;0.000000;26.517971
3517;172.000000;50.000000;18.000000;34.094534;0.000000;0.000000;0.000000;0.000000;0.000000;34.094534
3518;172.000000;50.000000;22.000000;41.671097;0.000000;0.000000;0.000000;0.000000;0.000000;41.671097
3519;172.000000;50.000000;26.000000;49.247661;0.000000;0.000000;0.000000;0.000000;0.000000;49.247661
3520;172.000000;50.000000;30.000000;56.824224;0.000000;0.000000;0.000000;0.000000;0.000000;56.824224
3521;176.000000;-50.000000;-30.000000;-55.827308;0.000000;0.000000;0.000000;0.000000;0.000000;55.827308
3522;176.000000;-50.000000;-26.000000;-48.383667;0.000000;0.000000;0.000000;0.000000;0.000000;48.383667
3523;176.000000;-50.000000;-22.000000;-40.940026;0.000000;0.000000;0.000000;0.000000;0.000000;40.940026
3524;176.000000;-50.000000;-18.000000;-33.496385;0.000000;0.000000;0.000000;0.000000;0.000000;33.496385
3525;176.000000;-50.000000;-14.000000;-26.052744;0.000000;0.000000;0.000000;0.000000;0.000000;26.052744
3526;176.000000;-50.000000;-10.000000;-18.609103;0.000000;0.000000;0.000000;0.000000;0.000000;18.609103
3527;176.000000;-50.000000;-6.000000;-11.165462;0.000000;0.000000;0.000000;0.000000;0.000000;11.165462
3528;176.000000;-50.000000;-2.000000;-3.721821;0.000000;0.000000;0.000000;0.000000;0.000000;3.721821
3529;176.000000;-50.000000;2.000000;3.721821;0.000000;0.000000;0.000000;0.000000;0.000000;3.721821
3530;176.000000;-50.000000;6.000000;11.165462;0.000000;0.000000;0.000000;0.000000;0.000000;11.165462
3531;176.000000;-50.000000;10.000000;18.609103;0.000000;0.000000;0.000000;0.000000;0.000000;18.609103
3532;176.000000;-50.000000;14.000000;26.052744;0.000000;0.000000;0.000000;0.000000;0.000000;26.052744
3533;176.000000;-50.000000;18.000000;33.496385;0.000000;0.000000;0.000000;0.000000;0.000000;33.496385
3534;176.000000;-50.000000;22.000000;40.940026;0.000000;0.000000;0.000000;0.000000;0.000000;40.940026
3535;176.000000;-50.000000;26.000000;48.383667;0.000000;0.000000;0.000000;0.000000;0.000000;48.383667
3536;176.000000;-50.000000;30.000000;55.827308;0.000000;0.000000;0.000000;0.000000;0.000000;55.827308
3537;176.000000;-46.000000;-30.000000;-55.827308;0.000000;0.000000;0.000000;0.000000;0.000000;55.827308
3538;176.000000;-46.000000;30.000000;55.827308;0.000000;0.000000;0.000000;0.000000;0.000000;55.827308
3539;176.000000;-42.000000;-30.000000;-55.827308;0.000000;0.000000;0.000000;0.000000;0.000000;55.827308
3540;176.000000;-42.000000;30.000000;55.827308;0.000000;0.000000;0.000000;0.000000;0.000000;55.827308
3541;176.000000;-38.000000;-30.000000;-55.827308;0.000000;0.000000;0.000000;0.000000;0.000000;55.827308
3542;176.000000;-38.000000;30.000000;55.827308;0.000000;0.000000;0.000000;0.000000;0.000000;55.827308
3543;176.000000;-34.000000;-30.000000;-55.827308;0.000000;0.000000;0.000000;0.000000;0.000000;55.827308
3544;176.000000;-34.000000;30.000000;55.827308;0.000000;0.000000;0.000000;0.000000;0.000000;55.827308
3545;176.000000;-30.000000;-30.000000;-55.827308;0.000000;0.000000;0.000000;0.000000;0.000000;55.827308
3546;176.000000;-30.000000;30.000000;55.827308;0.000000;0.000000;0.000000;0.000000;0.000000;55.827308
3547;176.000000;-26.000000;-30.000000;-55.827308;0.000000;0.000000;0.000000;0.000000;0.000000;55.827308
3548;176.000000;-26.000000;30.000000;55.827308;0.000000;0.000000;0.000000;0.000000;0.000000;55.827308
3549;176.000000;-22.000000;-30.000000;-55.827308;0.000000;0.000000;0.000000;0.000000;0.000000;55.827308
3550;176.000000;-22.000000;30.000000;55.827308;0.000000;0.000000;0.000000;0.000000;0.000000;55.827308
3551;176.000000;-18.000000;-30.000000;-55.827308;0.000000;0.000000;0.000000;0.000000;0.000000;55.827308
3552;176.000000;-18.000000;30.000000;55.827308;0.000000;0.000000;0.000000;0.000000;0.000000;55.827308
3553;176.000000;-14.000000;-30.000000;-55.827308;0.000000;0.000000;0.000000;0.000000;0.000000;55.827308
3554;176.000000;-14.000000;30.000000;55.827308;0.000000;0.000000;0.000000;0.000000;0.000000;55.827308
3555;176.000000;-10.000000;-30.000000;-55.827308;0.000000;0.000000;0.000000;0.000000;0.000000;55.827308
3556;176.000000;-10.000000;30.000000;55.827308;0.000000;0.000000;0.000000;0.000000;0.000000;55.827308
3557;176.000000;-6.000000;-30.000000;-55.827308;0.000000;0.000000;0.000000;0.000000;0.000000;55.827308
3558;176.000000;-6.000000;30.000000;55.827308;0.000000;0.000000;0.000000;0.000000;0.000000;55.827308
3559;176.000000;-2.000000;-30.000000;-55.827308;0.000000;0.000000;0.000000;0.000000;0.000000;55.827308
3560;176.000000;-2.000000;30.000000;55.827308;0.000000;0.000000;0.000000;0.000000;0.000000;55.827308
3561;176.000000;2.000000;-30.000000;-55.827308;0.000000;0.000000;0.000000;0.000000;0.000000;55.827308
3562;176.000000;2.000000;30.000000;55.827308;0.000000;0.000000;0.000000;0.000000;0.000000;55.827308
3563;176.000000;6.000000;-30.000000;-55.827308;0.000000;0.000000;0.000000;0.000000;0.000000;55.827308
3564;176.000000;6.000000;30.000000;55.827308;0.000000;0.000000;0.000000;0.000000;0.000000;55.827308
3565;176.000000;10.000000;-30.000000;-55.827308;0.000000;0.000000;0.000000;0.000000;0.000000;55.827308
3566;176.000000;10.000000;30.000000;55.827308;0.000000;0.000000;0.000000;0.000000;0.000000;55.827308
3567;176.000000;14.000000;-30.000000;-55.827308;0.000000;0.000000;0.000000;0.000000;0.000000;55.827308
3568;176.000000;14.000000;30.000000;55.827308;0.000000;0.000000;0.000000;0.000000;0.000000;55.827308
3569;176.000000;18.000000;-30.000000;-55.827308;0.000000;0.000000;0.000000;0.000000;0.000000;55.827308
3570;176.000000;18.000000;30.000000;55.827308;0.000000;0.000000;0.000000;0.000000;0.000000;55.827308
3571;176.000000;22.000000;-30.000000;-55.827308;0.000000;0.000000;0.000000;0.000000;0.000000;55.827308
3572;176.000000;22.000000;30.000000;55.827308;0.000000;0.000000;0.000000;0.000000;0.000000;55.827308
3573;176.000000;26.000000;-30.000000;-55.827308;0.000000;0.000000;0.000000;0.000000;0.000000;55.827308
3574;176.000000;26.000000;30.000000;55.827308;0.000000;0.000000;0.000000;0.000000;0.000000;55.827308
3575;176.000000;30.000000;-30.000000;-55.827308;0.000000;0.000000;0.000000;0.000000;0.000000;55.827308
3576;176.000000;30.000000;30.000000;55.827308;0.000000;0.000000;0.000000;0.000000;0.000000;55.827308
3577;176.000000;34.000000;-30.000000;-55.827308;0.000000;0.000000;0.000000;0.000000;0.000000;55.827308
3578;176.000000;34.000000;30.000000;55.827308;0.000000;0.000000;0.000000;0.000000;0.000000;55.827308
3579;176.000000;38.000000;-30.000000;-55.827308;0.000000;0.000000;0.000000;0.000000;0.000000;55.827308
3580;176.000000;38.000000;30.000000;55.827308;0.000000;0.000000;0.000000;0.000000;0.000000;55.827308
3581;176.000000;42.000000;-30.000000;-55.827308;0.000000;0.000000;0.000000;0.000000;0.000000;55.827308
3582;176.000000;42.000000;30.000000;55.827308;0.000000;0.000000;0.000000;0.000000;0.000000;55.827308
3583;176.000000;46.000000;-30.000000;-55.827308;0.000000;0.000000;0.000000;0.000000;0.000000;55.827308
3584;176.000000;46.000000;30.000000;55.827308;0.000000;0.000000;0.000000;0.000000;0.000000;55.827308
3585;176.000000;50.000000;-30.000000;-55.827308;0.000000;0.000000;0.000000;0.000000;0.000000;55.827308
3586;176.000000;50.000000;-26.000000;-48.383667;0.000000;0.000000;0.000000;0.000000;0.000000;48.383667
3587;176.000000;50.000000;-22.000000;-40.940026;0.000000;0.000000;0.000000;0.000000;0.000000;40.940026
3588;176.000000;50.000000;-18.000000;-33.496385;0.000000;0.000000;0.000000;0.000000;0.000000;33.496385
3589;176.000000;50.000000;-14.000000;-26.052744;0.000000;0.000000;0.000000;0.000000;0.000000;26.052744
3590;176.000000;50.000000;-10.000000;-18.609103;0.000000;0.000000;0.000000;0.000000;0.000000;18.609103
3591;176.000000;50.000000;-6.000000;-11.165462;0.000000;0.000000;0.000000;0.000000;0.000000;11.165462
3592;176.000000;50.000000;-2.000000;-3.721821;0.000000;0.000000;0.000000;0.000000;0.000000;3.721821
3593;176.000000;50.000000;2.000000;3.721821;0.000000;0.000000;0.000000;0.000000;0.000000;3.721821
3594;176.000000;50.000000;6.000000;11.165462;0.000000;0.000000;0.000000;0.000000;0.000000;11.165462
3595;176.000000;50.000000;10.000000;18.609103;0.000000;0.000000;0.000000;0.000000;0.000000;18.609103
3596;176.000000;50.000000;14.000000;26.052744;0.000000;0.000000;0.000000;0.000000;0.000000;26.052744
3597;176.000000;50.000000;18.000000;33.496385;0.000000;0.000000;0.000000;0.000000;0.000000;33.496385
3598;176.000000;50.000000;22.000000;40.940026;0.000000;0.000000;0.000000;0.000000;0.000000;40.940026
3599;176.000000;50.000000;26.000000;48.383667;0.000000;0.000000;0.000000;0.000000;0.000000;48.383667
3600;176.000000;50.000000;30.000000;55.827308;0.000000;0.000000;0.000000;0.000000;0.000000;55.827308
3601;180.000000;-50.000000;-30.000000;-54.830391;0.000000;0.000000;0.000000;0.000000;0.000000;54.830391
3602;180.000000;-50.000000;-26.000000;-47.519672;0.000000;0.000000;0.000000;0.000000;0.000000;47.519672
3603;180.000000;-50.000000;-22.000000;-40.208954;0.000000;0.000000;0.000000;0.000000;0.000000;40.208954
3604;180.000000;-50.000000;-18.000000;-32.898235;0.000000;0.000000;0.000000;0.000000;0.000000;32.898235
3605;180.000000;-50.000000;-14.000000;-25.587516;0.000000;0.000000;0.000000;0.000000;0.000000;25.587516
3606;180.000000;-50.000000;-10.000000;-18.276797;0.000000;0.000000;0.000000;0.000000;0.000000;18.276797
3607;180.000000;-50.000000;-6.000000;-10.966078;0.000000;0.000000;0.000000;0.000000;0.000000;10.966078
3608;180.000000;-50.000000;-2.000000;-3.655359;0.000000;0.000000;0.000000;0.000000;0.000000;3.655359
3609;180.000000;-50.000000;2.000000;3.655359;0.000000;0.000000;0.000000;0.000000;0.000000;3.655359
3610;180.000000;-50.000000;6.000000;10.966078;0.000000;0.000000;0.000000;0.000000;0.000000;10.966078
3611;180.000000;-50.000000;10.000000;18.276797;0.000000;0.000000;0.000000;0.000000;0.000000;18.276797
3612;180.000000;-50.000000;14.000000;25.587516;0.000000;0.000000;0.000000;0.000000;0.000000;25.587516
3613;180.000000;-50.000000;18.000000;32.898235;0.000000;0.000000;0.000000;0.000000;0.000000;32.898235
3614;180.000000;-50.000000;22.000000;40.208954;0.000000;0.000000;0.000000;0.000000;0.000000;40.208954
3615;180.000000;-50.000000;26.000000;47.519672;0.000000;0.000000;0.000000;0.000000;0.000000;47.519672
3616;180.000000;-50.000000;30.000000;54.830391;0.000000;0.000000;0.000000;0.000000;0.000000;54.830391
3617;180.000000;-46.000000;-30.000000;-54.830391;0.000000;0.000000;0.000000;0.000000;0.000000;54.830391
3618;180.000000;-46.000000;30.000000;54.830391;0.000000;0.000000;0.000000;0.000000;0.000000;54.830391
3619;180.000000;-42.000000;-30.000000;-54.830391;0.000000;0.000000;0.000000;0.000000;0.000000;54.830391
3620;180.000000;-42.000000;30.000000;54.830391;0.000000;0.000000;0.000000;0.000000;0.000000;54.830391
3621;180.000000;-38.000000;-30.000000;-54.830391;0.000000;0.000000;0.000000;0.000000;0.000000;54.830391
3622;180.000000;-38.000000;30.000000;54.830391;0.000000;0.000000;0.000000;0.000000;0.000000;54.830391
3623;180.000000;-34.000000;-30.000000;-54.830391;0.000000;0.000000;0.000000;0.000000;0.000000;54.830391
3624;180.000000;-34.000000;30.000000;54.830391;0.000000;0.000000;0.000000;0.000000;0.000000;54.830391
3625;180.000000;-30.000000;-30.000000;-54.830391;0.000000;0.000000;0.000000;0.000000;0.000000;54.830391
3626;180.000000;-30.000000;30.000000;54.830391;0.000000;0.000000;0.000000;0.000000;0.000000;54.830391
3627;180.000000;-26.000000;-30.000000;-54.830391;0.000000;0.000000;0.000000;0.000000;0.000000;54.830391
3628;180.000000;-26.000000;30.000000;54.830391;0.000000;0.000000;0.000000;0.000000;0.000000;54.830391
3629;180.000000;-22.000000;-30.000000;-54.830391;0.000000;0.000000;0.000000;0.000000;0.000000;54.830391
3630;180.000000;-22.000000;30.000000;54.830391;0.000000;0.000000;0.000000;0.000000;0.000000;54.830391
3631;180.000000;-18.000000;-30.000000;-54.830391;0.000000;0.000000;0.000000;0.000000;0.000000;54.830391
3632;180.000000;-18.000000;30.000000;54.830391;0.000000;0.000000;0.000000;0.000000;0.000000;54.830391
3633;180.000000;-14.000000;-30.000000;-54.830391;0.000000;0.000000;0.000000;0.000000;0.000000;54.830391
3634;180.000000;-14.000000;30.000000;54.830391;0.000000;0.000000;0.000000;0.000000;0.000000;54.830391
3635;180.000000;-10.000000;-30.000000;-54.830391;0.000000;0.000000;0.000000;0.000000;0.000000;54.830391
3636;180.000000;-10.000000;30.000000;54.830391;0.000000;0.000000;0.000000;0.000000;0.000000;54.830391
3637;180.000000;-6.000000;-30.000000;-54.830391;0.000000;0.000000;0.000000;0.000000;0.000000;54.830391
3638;180.000000;-6.000000;30.000000;54.830391;0.000000;0.000000;0.000000;0.000000;0.000000;54.830391
3639;180.000000;-2.000000;-30.000000;-54.830391;0.000000;0.000000;0.000000;0.000000;0.000000;54.830391
3640;180.000000;-2.000000;30.000000;54.830391;0.000000;0.000000;0.000000;0.000000;0.000000;54.830391
3641;180.000000;2.000000;-30.000000;-54.830391;0.000000;0.000000;0.000000;0.000000;0.000000;54.830391
3642;180.000000;2.000000;30.000000;54.830391;0.000000;0.000000;0.000000;0.000000;0.000000;54.830391
3643;180.000000;6.000000;-30.000000;-54.830391;0.000000;0.000000;0.000000;0.000000;0.000000;54.830391
3644;180.000000;6.000000;30.000000;54.830391;0.000000;0.000000;0.000000;0.000000;0.000000;54.830391
3645;180.000000;10.000000;-30.000000;-54.830391;0.000000;0.000000;0.000000;0.000000;0.000000;54.830391
3646;180.000000;10.000000;30.000000;54.830391;0.000000;0.000000;0.000000;0.000000;0.000000;54.830391
3647;180.000000;14.000000;-30.000000;-54.830391;0.000000;0.000000;0.000000;0.000000;0.000000;54.830391
3648;180.000000;14.000000;30.000000;54.830391;0.000000;0.000000;0.000000;0.000000;0.000000;54.830391
3649;180.000000;18.000000;-30.000000;-54.830391;0.000000;0.000000;0.000000;0.000000;0.000000;54.830391
3650;180.000000;18.000000;30.000000;54.830391;0.000000;0.000000;0.000000;0.000000;0.000000;54.830391
3651;180.000000;22.000000;-30.000000;-54.830391;0.000000;0.000000;0.000000;0.000000;0.000000;54.830391
3652;180.000000;22.000000;30.000000;54.830391;0.000000;0.000000;0.000000;0.000000;0.000000;54.830391
3653;180.000000;26.000000;-30.000000;-54.830391;0.000000;0.000000;0.000000;0.000000;0.000000;54.830391
3654;180.000000;26.000000;30.000000;54.830391;0.000000;0.000000;0.000000;0.000000;0.000000;54.830391
3655;180.000000;30.000000;-30.000000;-54.830391;0.000000;0.000000;0.000000;0.000000;0.000000;54.830391
3656;180.000000;30.000000;30.000000;54.830391;0.000000;0.000000;0.000000;0.000000;0.000000;54.830391
3657;180.000000;34.000000;-30.000000;-54.830391;0.000000;0.000000;0.000000;0.000000;0.000000;54.830391
3658;180.000000;34.000000;30.000000;54.830391;0.000000;0.000000;0.000000;0.000000;0.000000;54.830391
3659;180.000000;38.000000;-30.000000;-54.830391;0.000000;0.000000;0.000000;0.000000;0.000000;54.830391
3660;180.000000;38.000000;30.000000;54.830391;0.000000;0.000000;0.000000;0.000000;0.000000;54.830391
3661;180.000000;42.000000;-30.000000;-54.830391;0.000000;0.000000;0.000000;0.000000;0.000000;54.830391
3662;180.000000;42.000000;30.000000;54.830391;0.000000;0.000000;0.000000;0.000000;0.000000;54.830391
3663;180.000000;46.000000;-30.000000;-54.830391;0.000000;0.000000;0.000000;0.000000;0.000000;54.830391
3664;180.000000;46.000000;30.000000;54.830391;0.000000;0.000000;0.000000;0.000000;0.000000;54.830391
3665;180.000000;50.000000;-30.000000;-54.830391;0.000000;0.000000;0.000000;0.000000;0.000000;54.830391
3666;180.000000;50.000000;-26.000000;-47.519672;0.000000;0.000000;0.000000;0.000000;0.000000;47.519672
3667;180.000000;50.000000;-22.000000;-40.208954;0.000000;0.000000;0.000000;0.000000;0.000000;40.208954
3668;180.000000;50.000000;-18.000000;-32.898235;0.000000;0.000000;0.000000;0.000000;0.000000;32.898235
3669;180.000000;50.000000;-14.000000;-25.587516;0.000000;0.000000;0.000000;0.000000;0.000000;25.587516
3670;180.000000;50.000000;-10.000000;-18.276797;0.000000;0.000000;0.000000;0.000000;0.000000;18.276797
3671;180.000000;50.000000;-6.000000;-10.966078;0.000000;0.000000;0.000000;0.000000;0.000000;10.966078
3672;180.000000;50.000000;-2.000000;-3.655359;0.000000;0.000000;0.000000;0.000000;0.000000;3.655359
3673;180.000000;50.000000;2.000000;3.655359;0.000000;0.000000;0.000000;0.000000;0.000000;3.655359
3674;180.000000;50.000000;6.000000;10.966078;0.000000;0.000000;0.000000;0.000000;0.000000;10.966078
3675;180.000000;50.000000;10.000000;18.276797;0.000000;0.000000;0.000000;0.000000;0.000000;18.276797
3676;180.000000;50.000000;14.000000;25.587516;0.000000;0.000000;0.000000;0.000000;0.000000;25.587516
3677;180.000000;50.000000;18.000000;32.898235;0.000000;0.000000;0.000000;0.000000;0.000000;32.898235
3678;180.000000;50.000000;22.000000;40.208954;0.000000;0.000000;0.000000;0.000000;0.000000;40.208954
3679;180.000000;50.000000;26.000000;47.519672;0.000000;0.000000;0.000000;0.000000;0.000000;47.519672
3680;180.000000;50.000000;30.000000;54.830391;0.000000;0.000000;0.000000;0.000000;0.000000;54.830391
3681;184.000000;-50.000000;-30.000000;-53.833475;0.000000;0.000000;0.000000;0.000000;0.000000;53.833475
3682;184.000000;-50.000000;-26.000000;-46.655678;0.000000;0.000000;0.000000;0.000000;0.000000;46.655678
3683;184.000000;-50.000000;-22.000000;-39.477882;0.000000;0.000000;0.000000;0.000000;0.000000;39.477882
3684;184.000000;-50.000000;-18.000000;-32.300085;0.000000;0.000000;0.000000;0.000000;0.000000;32.300085
3685;184.000000;-50.000000;-14.000000;-25.122288;0.000000;0.000000;0.000000;0.000000;0.000000;25.122288
3686;184.000000;-50.000000;-10.000000;-17.944492;0.000000;0.000000;0.000000;0.000000;0.000000;17.944492
3687;184.000000;-50.000000;-6.000000;-10.766695;0.000000;0.000000;0.000000;0.000000;0.000000;10.766695
3688;184.000000;-50.000000;-2.000000;-3.588898;0.000000;0.000000;0.000000;0.000000;0.000000;3.588898
3689;184.000000;-50.000000;2.000000;3.588898;0.000000;0.000000;0.000000;0.000000;0.000000;3.588898
3690;184.000000;-50.000000;6.000000;10.766695;0.000000;0.000000;0.000000;0.000000;0.000000;10.766695
3691;184.000000;-50.000000;10.000000;17.944492;0.000000;0.000000;0.000000;0.000000;0.000000;17.944492
3692;184.000000;-50.000000;14.000000;25.122288;0.000000;0.000000;0.000000;0.000000;0.000000;25.122288
3693;184.000000;-50.000000;18.000000;32.300085;0.000000;0.000000;0.000000;0.000000;0.000000;32.300085
3694;184.000000;-50.000000;22.000000;39.477882;0.000000;0.000000;0.000000;0.000000;0.000000;39.477882
3695;184.000000;-50.000000;26.000000;46.655678;0.000000;0.000000;0.000000;0.000000;0.000000;46.655678
3696;184.000000;-50.000000;30.000000;53.833475;0.000000;0.000000;0.000000;0.000000;0.000000;53.833475
3697;184.000000;-46.000000;-30.000000;-53.833475;0.000000;0.000000;0.000000;0.000000;0.000000;53.833475
3698;184.000000;-46.000000;30.000000;53.833475;0.000000;0.000000;0.000000;0.000000;0.000000;53.833475
3699;184.000000;-42.000000;-30.000000;-53.833475;0.000000;0.000000;0.000000;0.000000;0.000000;53.833475
3700;184.000000;-42.000000;30.000000;53.833475;0.000000;0.000000;0.000000;0.000000;0.000000;53.833475
3701;184.000000;-38.000000;-30.000000;-53.833475;0.000000;0.000000;0.000000;0.000000;0.000000;53.833475
3702;184.000000;-38.000000;30.000000;53.833475;0.000000;0.000000;0.000000;0.000000;0.000000;53.833475
3703;184.000000;-34.000000;-30.000000;-53.833475;0.000000;0.000000;0.000000;0.000000;0.000000;53.833475
3704;184.000000;-34.000000;30.000000;53.833475;0.000000;0.000000;0.000000;0.000000;0.000000;53.833475
3705;184.000000;-30.000000;-30.000000;-53.833475;0.000000;0.000000;0.000000;0.000000;0.000000;53.833475
3706;184.000000;-30.000000;30.000000;53.833475;0.000000;0.000000;0.000000;0.000000;0.000000;53.833475
3707;184.000000;-26.000000;-30.000000;-53.833475;0.000000;0.000000;0.000000;0.000000;0.000000;53.833475
3708;184.000000;-26.000000;30.000000;53.833475;0.000000;0.000000;0.000000;0.000000;0.000000;53.833475
3709;184.000000;-22.000000;-30.000000;-53.833475;0.000000;0.000000;0.000000;0.000000;0.000000;53.833475
3710;184.000000;-22.000000;30.000000;53.833475;0.000000;0.000000;0.000000;0.000000;0.000000;53.833475
3711;184.000000;-18.000000;-30.000000;-53.833475;0.000000;0.000000;0.000000;0.000000;0.000000;53.833475
3712;184.000000;-18.000000;30.000000;53.833475;0.000000;0.000000;0.000000;0.000000;0.000000;53.833475
3713;184.000000;-14.000000;-30.000000;-53.833475;0.000000;0.000000;0.000000;0.000000;0.000000;53.833475
3714;184.000000;-14.000000;30.000000;53.833475;0.000000;0.000000;0.000000;0.000000;0.000000;53.833475
3715;184.000000;-10.000000;-30.000000;-53.833475;0.000000;0.000000;0.000000;0.000000;0.000000;53.833475
3716;184.000000;-10.000000;30.000000;53.833475;0.000000;0.000000;0.000000;0.000000;0.000000;53.833475
3717;184.000000;-6.000000;-30.000000;-53.833475;0.000000;0.000000;0.000000;0.000000;0.000000;53.833475
3718;184.000000;-6.000000;30.000000;53.833475;0.000000;0.000000;0.000000;0.000000;0.000000;53.833475
3719;184.000000;-2.000000;-30.000000;-53.833475;0.000000;0.000000;0.000000;0.000000;0.000000;53.833475
3720;184.000000;-2.000000;30.000000;53.833475;0.000000;0.000000;0.000000;0.000000;0.000000;53.833475
3721;184.000000;2.000000;-30.000000;-53.833475;0.000000;0.000000;0.000000;0.000000;0.000000;53.833475
3722;184.000000;2.000000;30.000000;53.833475;0.000000;0.000000;0.000000;0.000000;0.000000;53.833475
3723;184.000000;6.000000;-30.000000;-53.833475;0.000000;0.000000;0.000000;0.000000;0.000000;53.833475
3724;184.000000;6.000000;30.000000;53.833475;0.000000;0.000000;0.000000;0.000000;0.000000;53.833475
3725;184.000000;10.000000;-30.000000;-53.833475;0.000000;0.000000;0.000000;0.000000;0.000000;53.833475
3726;184.000000;10.000000;30.000000;53.833475;0.000000;0.000000;0.000000;0.000000;0.000000;53.833475
3727;184.000000;14.000000;-30.000000;-53.833475;0.000000;0.000000;0.000000;0.000000;0.000000;53.833475
3728;184.000000;14.000000;30.000000;53.833475;0.000000;0.000000;0.000000;0.000000;0.000000;53.833475
3729;184.000000;18.000000;-30.000000;-53.833475;0.000000;0.000000;0.000000;0.000000;0.000000;53.833475
3730;184.000000;18.000000;30.000000;53.833475;0.000000;0.000000;0.000000;0.000000;0.000000;53.833475
3731;184.000000;22.000000;-30.000000;-53.833475;0.000000;0.000000;0.000000;0.000000;0.000000;53.833475
3732;184.000000;22.000000;30.000000;53.833475;0.000000;0.000000;0.000000;0.000000;0.000000;53.833475
3733;184.000000;26.000000;-30.000000;-53.833475;0.000000;0.000000;0.000000;0.000000;0.000000;53.833475
3734;184.000000;26.000000;30.000000;53.833475;0.000000;0.000000;0.000000;0.000000;0.000000;53.833475
3735;184.000000;30.000000;-30.000000;-53.833475;0.000000;0.000000;0.000000;0.000000;0.000000;53.833475
3736;184.000000;30.000000;30.000000;53.833475;0.000000;0.000000;0.000000;0.000000;0.000000;53.833475
3737;184.000000;34.000000;-30.000000;-53.833475;0.000000;0.000000;0.000000;0.000000;0.000000;53.833475
3738;184.000000;34.000000;30.000000;53.833475;0.000000;0.000000;0.000000;0.000000;0.000000;53.833475
3739;184.000000;38.000000;-30.000000;-53.833475;0.000000;0.000000;0.000000;0.000000;0.000000;53.833475
3740;184.000000;38.000000;30.000000;53.833475;0.000000;0.000000;0.000000;0.000000;0.000000;53.833475
3741;184.000000;42.000000;-30.000000;-53.833475;0.000000;0.000000;0.000000;0.000000;0.000000;53.833475
3742;184.000000;42.000000;30.000000;53.833475;0.000000;0.000000;0.000000;0.000000;0.000000;53.833475
3743;184.000000;46.000000;-30.000000;-53.833475;0.000000;0.000000;0.000000;0.000000;0.000000;53.833475
3744;184.000000;46.000000;30.000000;53.833475;0.000000;0.000000;0.000000;0.000000;0.000000;53.833475
3745;184.000000;50.000000;-30.000000;-53.833475;0.000000;0.000000;0.000000;0.000000;0.000000;53.833475
3746;184.000000;50.000000;-26.000000;-46.655678;0.000000;0.000000;0.000000;0.000000;0.000000;46.655678
3747;184.000000;50.000000;-22.000000;-39.477882;0.000000;0.000000;0.000000;0.000000;0.000000;39.477882
3748;184.000000;50.000000;-18.000000;-32.300085;0.000000;0.000000;0.000000;0.000000;0.000000;32.300085
3749;184.000000;50.000000;-14.000000;-25.122288;0.000000;0.000000;0.000000;0.000000;0.000000;25.122288
3750;184.000000;50.000000;-10.000000;-17.944492;0.000000;0.000000;0.000000;0.000000;0.000000;17.944492
3751;184.000000;50.000000;-6.000000;-10.766695;0.000000;0.000000;0.000000;0.000000;0.000000;10.766695
3752;184.000000;50.000000;-2.000000;-3.588898;0.000000;0.000000;0.000000;0.000000;0.000000;3.588898
3753;184.000000;50.000000;2.000000;3.588898;0.000000;0.000000;0.000000;0.000000;0.000000;3.588898
3754;184.000000;50.000000;6.000000;10.766695;0.000000;0.000000;0.000000;0.000000;0.000000;10.766695
3755;184.000000;50.000000;10.000000;17.944492;0.000000;0.000000;0.000000;0.000000;0.000000;17.944492
3756;184.000000;50.000000;14.000000;25.122288;0.000000;0.000000;0.000000;0.000000;0.000000;25.122288
3757;184.000000;50.000000;18.000000;32.300085;0.000000;0.000000;0.000000;0.000000;0.000000;32.300085
3758;184.000000;50.000000;22.000000;39.477882;0.000000;0.000000;0.000000;0.000000;0.000000;39.477882
3759;184.000000;50.000000;26.000000;46.655678;0.000000;0.000000;0.000000;0.000000;0.000000;46.655678
3760;184.000000;50.000000;30.000000;53.833475;0.000000;0.000000;0.000000;0.000000;0.000000;53.833475
3761;188.000000;-50.000000;-30.000000;-52.836559;0.000000;0.000000;0.000000;0.000000;0.000000;52.836559
3762;188.000000;-50.000000;-26.000000;-45.791684;0.000000;0.000000;0.000000;0.000000;0.000000;45.791684
3763;188.000000;-50.000000;-22.000000;-38.746810;0.000000;0.000000;0.000000;0.000000;0.000000;38.746810
3764;188.000000;-50.000000;-18.000000;-31.701935;0.000000;0.000000;0.000000;0.000000;0.000000;31.701935
3765;188.000000;-50.000000;-14.000000;-24.657061;0.000000;0.000000;0.000000;0.000000;0.000000;24.657061
3766;188.000000;-50.000000;-10.000000;-17.612186;0.000000;0.000000;0.000000;0.000000;0.000000;17.612186
3767;188.000000;-50.000000;-6.000000;-10.567312;0.000000;0.000000;0.000000;0.000000;0.000000;10.567312
3768;188.000000;-50.000000;-2.000000;-3.522437;0.000000;0.000000;0.000000;0.000000;0.000000;3.522437
3769;188.000000;-50.000000;2.000000;3.522437;0.000000;0.000000;0.000000;0.000000;0.000000;3.522437
3770;188.000000;-50.000000;6.000000;10.567312;0.000000;0.000000;0.000000;0.000000;0.000000;10.567312
3771;188.000000;-50.000000;10.000000;17.612186;0.000000;0.000000;0.000000;0.000000;0.000000;17.612186
3772;188.000000;-50.000000;14.000000;24.657061;0.000000;0.000000;0.000000;0.000000;0.000000;24.657061
3773;188.000000;-50.000000;18.000000;31.701935;0.000000;0.000000;0.000000;0.000000;0.000000;31.701935
3774;188.000000;-50.000000;22.000000;38.746810;0.000000;0.000000;0.000000;0.000000;0.000000;38.746810
3775;188.000000;-50.000000;26.000000;45.791684;0.000000;0.000000;0.000000;0.000000;0.000000;45.791684
3776;188.000000;-50.000000;30.000000;52.836559;0.000000;0.000000;0.000000;0.000000;0.000000;52.836559
3777;188.000000;-46.000000;-30.000000;-52.836559;0.000000;0.000000;0.000000;0.000000;0.000000;52.836559
3778;188.000000;-46.000000;30.000000;52.836559;0.000000;0.000000;0.000000;0.000000;0.000000;52.836559
3779;188.000000;-42.000000;-30.000000;-52.836559;0.000000;0.000000;0.000000;0.000000;0.000000;52.836559
3780;188.000000;-42.000000;30.000000;52.836559;0.000000;0.000000;0.000000;0.000000;0.000000;52.836559
3781;188.000000;-38.000000;-30.000000;-52.836559;0.000000;0.000000;0.000000;0.000000;0.000000;52.836559
3782;188.000000;-38.000000;30.000000;52.836559;0.000000;0.000000;0.000000;0.000000;0.000000;52.836559
3783;188.000000;-34.000000;-30.000000;-52.836559;0.000000;0.000000;0.000000;0.000000;0.000000;52.836559
3784;188.000000;-34.000000;30.000000;52.836559;0.000000;0.000000;0.000000;0.000000;0.000000;52.836559
3785;188.000000;-30.000000;-30.000000;-52.836559;0.000000;0.000000;0.000000;0.000000;0.000000;52.836559
3786;188.000000;-30.000000;30.000000;52.836559;0.000000;0.000000;0.000000;0.000000;0.000000;52.836559
3787;188.000000;-26.000000;-30.000000;-52.836559;0.000000;0.000000;0.000000;0.000000;0.000000;52.836559
3788;188.000000;-26.000000;30.000000;52.836559;0.000000;0.000000;0.000000;0.000000;0.000000;52.836559
3789;188.000000;-22.000000;-30.000000;-52.836559;0.000000;0.000000;0.000000;0.000000;0.000000;52.836559
3790;188.000000;-22.000000;30.000000;52.836559;0.000000;0.000000;0.000000;0.000000;0.000000;52.836559
3791;188.000000;-18.000000;-30.000000;-52.836559;0.000000;0.000000;0.000000;0.000000;0.000000;52.836559
3792;188.000000;-18.000000;30.000000;52.836559;0.000000;0.000000;0.000000;0.000000;0.000000;52.836559
3793;188.000000;-14.000000;-30.000000;-52.836559;0.000000;0.000000;0.000000;0.000000;0.000000;52.836559
3794;188.000000;-14.000000;30.000000;52.836559;0.000000;0.000000;0.000000;0.000000;0.000000;52.836559
3795;188.000000;-10.000000;-30.000000;-52.836559;0.000000;0.000000;0.000000;0.000000;0.000000;52.836559
3796;188.000000;-10.000000;30.000000;52.836559;0.000000;0.000000;0.000000;0.000000;0.000000;52.836559
3797;188.000000;-6.000000;-30.000000;-52.836559;0.000000;0.000000;0.000000;0.000000;0.000000;52.836559
3798;188.000000;-6.000000;30.000000;52.836559;0.000000;0.000000;0.000000;0.000000;0.000000;52.836559
3799;188.000000;-2.000000;-30.000000;-52.836559;0.000000;0.000000;0.000000;0.000000;0.000000;52.836559
3800;188.000000;-2.000000;30.000000;52.836559;0.000000;0.000000;0.000000;0.000000;0.000000;52.836559
3801;188.000000;2.000000;-30.000000;-52.836559;0.000000;0.000000;0.000000;0.000000;0.000000;52.836559
3802;188.000000;2.000000;30.000000;52.836559;0.000000;0.000000;0.000000;0.000000;0.000000;52.836559
3803;188.000000;6.000000;-30.000000;-52.836559;0.000000;0.000000;0.000000;0.000000;0.000000;52.836559
3804;188.000000;6.000000;30.000000;52.836559;0.000000;0.000000;0.000000;0.000000;0.000000;52.836559
3805;188.000000;10.000000;-30.000000;-52.836559;0.000000;0.000000;0.000000;0.000000;0.000000;52.836559
3806;188.000000;10.000000;30.000000;52.836559;0.000000;0.000000;0.000000;0.000000;0.000000;52.836559
3807;188.000000;14.000000;-30.000000;-52.836559;0.000000;0.000000;0.000000;0.000000;0.000000;52.836559
3808;188.000000;14.000000;30.000000;52.836559;0.000000;0.000000;0.000000;0.000000;0.000000;52.836559
3809;188.000000;18.000000;-30.000000;-52.836559;0.000000;0.000000;0.000000;0.000000;0.000000;52.836559
3810;188.000000;18.000000;30.000000;52.836559;0.000000;0.000000;0.000000;0.000000;0.000000;52.836559
3811;188.000000;22.000000;-30.000000;-52.836559;0.000000;0.000000;0.000000;0.000000;0.000000;52.836559
3812;188.000000;22.000000;30.000000;52.836559;0.000000;0.000000;0.000000;0.000000;0.000000;52.836559
3813;188.000000;26.000000;-30.000000;-52.836559;0.000000;0.000000;0.000000;0.000000;0.000000;52.836559
3814;188.000000;26.000000;30.000000;52.836559;0.000000;0.000000;0.000000;0.000000;0.000000;52.836559
3815;188.000000;30.000000;-30.000000;-52.836559;0.000000;0.000000;0.000000;0.000000;0.000000;52.836559
3816;188.000000;30.000000;30.000000;52.836559;0.000000;0.000000;0.000000;0.000000;0.000000;52.836559
3817;188.000000;34.000000;-30.000000;-52.836559;0.000000;0.000000;0.000000;0.000000;0.000000;52.836559
3818;188.000000;34.000000;30.000000;52.836559;0.000000;0.000000;0.000000;0.000000;0.000000;52.836559
3819;188.000000;38.000000;-30.000000;-52.836559;0.000000;0.000000;0.000000;0.000000;0.000000;52.836559
3820;188.000000;38.000000;30.000000;52.836559;0.000000;0.000000;0.000000;0.000000;0.000000;52.836559
3821;188.000000;42.000000;-30.000000;-52.836559;0.000000;0.000000;0.000000;0.000000;0.000000;52.836559
3822;188.000000;42.000000;30.000000;52.836559;0.000000;0.000000;0.000000;0.000000;0.000000;52.836559
3823;188.000000;46.000000;-30.000000;-52.836559;0.000000;0.000000;0.000000;0.000000;0.000000;52.836559
3824;188.000000;46.000000;30.000000;52.836559;0.000000;0.000000;0.000000;0.000000;0.000000;52.836559
3825;188.000000;50.000000;-30.000000;-52.836559;0.000000;0.000000;0.000000;0.000000;0.000000;52.836559
3826;188.000000;50.000000;-26.000000;-45.791684;0.000000;0.000000;0.000000;0.000000;0.000000;45.791684
3827;188.000000;50.000000;-22.000000;-38.746810;0.000000;0.000000;0.000000;0.000000;0.000000;38.746810
3828;188.000000;50.000000;-18.000000;-31.701935;0.000000;0.000000;0.000000;0.000000;0.000000;31.701935
3829;188.000000;50.000000;-14.000000;-24.657061;0.000000;0.000000;0.000000;0.000000;0.000000;24.657061
3830;188.000000;50.000000;-10.000000;-17.612186;0.000000;0.000000;0.000000;0.000000;0.000000;17.612186
3831;188.000000;50.000000;-6.000000;-10.567312;0.000000;0.000000;0.000000;0.000000;0.000000;10.567312
3832;188.000000;50.000000;-2.000000;-3.522437;0.000000;0.000000;0.000000;0.000000;0.000000;3.522437
3833;188.000000;50.000000;2.000000;3.522437;0.000000;0.000000;0.000000;0.000000;0.000000;3.522437
3834;188.000000;50.000000;6.000000;10.567312;0.000000;0.000000;0.000000;0.000000;0.000000;10.567312
3835;188.000000;50.000000;10.000000;17.612186;0.000000;0.000000;0.000000;0.000000;0.000000;17.612186
3836;188.000000;50.000000;14.000000;24.657061;0.000000;0.000000;0.000000;0.000000;0.000000;24.657061
3837;188.000000;50.000000;18.000000;31.701935;0.000000;0.000000;0.000000;0.000000;0.000000;31.701935
3838;188.000000;50.000000;22.000000;38.746810;0.000000;0.000000;0.000000;0.000000;0.000000;38.746810
3839;188.000000;50.000000;26.000000;45.791684;0.000000;0.000000;0.000000;0.000000;0.000000;45.791684
3840;188.000000;50.000000;30.000000;52.836559;0.000000;0.000000;0.000000;0.000000;0.000000;52.836559
3841;192.000000;-50.000000;-30.000000;-51.839643;0.000000;0.000000;0.000000;0.000000;0.000000;51.839643
3842;192.000000;-50.000000;-26.000000;-44.927690;0.000000;0.000000;0.000000;0.000000;0.000000;44.927690
3843;192.000000;-50.000000;-22.000000;-38.015738;0.000000;0.000000;0.000000;0.000000;0.000000;38.015738
3844;192.000000;-50.000000;-18.000000;-31.103786;0.000000;0.000000;0.000000;0.000000;0.000000;31.103786
3845;192.000000;-50.000000;-14.000000;-24.191833;0.000000;0.000000;0.000000;0.000000;0.000000;24.191833
3846;192.000000;-50.000000;-10.000000;-17.279881;0.000000;0.000000;0.000000;0.000000;0.000000;17.279881
3847;192.000000;-50.000000;-6.000000;-10.367929;0.000000;0.000000;0.000000;0.000000;0.000000;10.367929
3848;192.000000;-50.000000;-2.000000;-3.455976;0.000000;0.000000;0.000000;0.000000;0.000000;3.455976
3849;192.000000;-50.000000;2.000000;3.455976;0.000000;0.000000;0.000000;0.000000;0.000000;3.455976
3850;192.000000;-50.000000;6.000000;10.367929;0.000000;0.000000;0.000000;0.000000;0.000000;10.367929
3851;192.000000;-50.000000;10.000000;17.279881;0.000000;0.000000;0.000000;0.000000;0.000000;17.279881
3852;192.000000;-50.000000;14.000000;24.191833;0.000000;0.000000;0.000000;0.000000;0.000000;24.191833
3853;192.000000;-50.000000;18.000000;31.103786;0.000000;0.000000;0.000000;0.000000;0.000000;31.103786
3854;192.000000;-50.000000;22.000000;38.015738;0.000000;0.000000;0.000000;0.000000;0.000000;38.015738
3855;192.000000;-50.000000;26.000000;44.927690;0.000000;0.000000;0.000000;0.000000;0.000000;44.927690
3856;192.000000;-50.000000;30.000000;51.839643;0.000000;0.000000;0.000000;0.000000;0.000000;51.839643
3857;192.000000;-46.000000;-30.000000;-51.839643;0.000000;0.000000;0.000000;0.000000;0.000000;51.839643
3858;192.000000;-46.000000;30.000000;51.839643;0.000000;0.000000;0.000000;0.000000;0.000000;51.839643
3859;192.000000;-42.000000;-30.000000;-51.839643;0.000000;0.000000;0.000000;0.000000;0.000000;51.839643
3860;192.000000;-42.000000;30.000000;51.839643;0.000000;0.000000;0.000000;0.000000;0.000000;51.839643
3861;192.000000;-38.000000;-30.000000;-51.839643;0.000000;0.000000;0.000000;0.000000;0.000000;51.839643
3862;192.000000;-38.000000;30.000000;51.839643;0.000000;0.000000;0.000000;0.000000;0.000000;51.839643
3863;192.000000;-34.000000;-30.000000;-51.839643;0.000000;0.000000;0.000000;0.000000;0.000000;51.839643
3864;192.000000;-34.000000;30.000000;51.839643;0.000000;0.000000;0.000000;0.000000;0.000000;51.839643
3865;192.000000;-30.000000;-30.000000;-51.839643;0.000000;0.000000;0.000000;0.000000;0.000000;51.839643
3866;192.000000;-30.000000;30.000000;51.839643;0.000000;0.000000;0.000000;0.000000;0.000000;51.839643
3867;192.000000;-26.000000;-30.000000;-51.839643;0.000000;0.000000;0.000000;0.000000;0.000000;51.839643
3868;192.000000;-26.000000;30.000000;51.839643;0.000000;0.000000;0.000000;0.000000;0.000000;51.839643
3869;192.000000;-22.000000;-30.000000;-51.839643;0.000000;0.000000;0.000000;0.000000;0.000000;51.839643
3870;192.000000;-22.000000;30.000000;51.839643;0.000000;0.000000;0.000000;0.000000;0.000000;51.839643
3871;192.000000;-18.000000;-30.000000;-51.839643;0.000000;0.000000;0.000000;0.000000;0.000000;51.839643
3872;192.000000;-18.000000;30.000000;51.839643;0.000000;0.000000;0.000000;0.000000;0.000000;51.839643
3873;192.000000;-14.000000;-30.000000;-51.839643;0.000000;0.000000;0.000000;0.000000;0.000000;51.839643
3874;192.000000;-14.000000;30.000000;51.839643;0.000000;0.000000;0.000000;0.000000;0.000000;51.839643
3875;192.000000;-10.000000;-30.000000;-51.839643;0.000000;0.000000;0.000000;0.000000;0.000000;51.839643
3876;192.000000;-10.000000;30.000000;51.839643;0.000000;0.000000;0.000000;0.000000;0.000000;51.839643
3877;192.000000;-6.000000;-30.000000;-51.839643;0.000000;0.000000;0.000000;0.000000;0.000000;51.839643
3878;192.000000;-6.000000;30.000000;51.839643;0.000000;0.000000;0.000000;0.000000;0.000000;51.839643
3879;192.000000;-2.000000;-30.000000;-51.839643;0.000000;0.000000;0.000000;0.000000;0.000000;51.839643
3880;192.000000;-2.000000;30.000000;51.839643;0.000000;0.000000;0.000000;0.000000;0.000000;51.839643
3881;192.000000;2.000000;-30.000000;-51.839643;0.000000;0.000000;0.000000;0.000000;0.000000;51.839643
3882;192.000000;2.000000;30.000000;51.839643;0.000000;0.000000;0.000000;0.000000;0.000000;51.839643
3883;192.000000;6.000000;-30.000000;-51.839643;0.000000;0.000000;0.000000;0.000000;0.000000;51.839643
3884;192.000000;6.000000;30.000000;51.839643;0.000000;0.000000;0.000000;0.000000;0.000000;51.839643
3885;192.000000;10.000000;-30.000000;-51.839643;0.000000;0.000000;0.000000;0.000000;0.000000;51.839643
3886;192.000000;10.000000;30.000000;51.839643;0.000000;0.000000;0.000000;0.000000;0.000000;51.839643
3887;192.000000;14.000000;-30.000000;-51.839643;0.000000;0.000000;0.000000;0.000000;0.000000;51.839643
3888;192.000000;14.000000;30.000000;51.839643;0.000000;0.000000;0.000000;0.000000;0.000000;51.839643
3889;192.000000;18.000000;-30.000000;-51.839643;0.000000;0.000000;0.000000;0.000000;0.000000;51.839643
3890;192.000000;18.000000;30.000000;51.839643;0.000000;0.000000;0.000000;0.000000;0.000000;51.839643
3891;192.000000;22.000000;-30.000000;-51.839643;0.000000;0.000000;0.000000;0.000000;0.000000;51.839643
3892;192.000000;22.000000;30.000000;51.839643;0.000000;0.000000;0.000000;0.000000;0.000000;51.839643
3893;192.000000;26.000000;-30.000000;-51.839643;0.000000;0.000000;0.000000;0.000000;0.000000;51.839643
3894;192.000000;26.000000;30.000000;51.839643;0.000000;0.000000;0.000000;0.000000;0.000000;51.839643
3895;192.000000;30.000000;-30.000000;-51.839643;0.000000;0.000000;0.000000;0.000000;0.000000;51.839643
3896;192.000000;30.000000;30.000000;51.839643;0.000000;0.000000;0.000000;0.000000;0.000000;51.839643
3897;192.000000;34.000000;-30.000000;-51.839643;0.000000;0.000000;0.000000;0.000000;0.000000;51.839643
3898;192.000000;34.000000;30.000000;51.839643;0.000000;0.000000;0.000000;0.000000;0.000000;51.839643
3899;192.000000;38.000000;-30.000000;-51.839643;0.000000;0.000000;0.000000;0.000000;0.000000;51.839643
3900;192.000000;38.000000;30.000000;51.839643;0.000000;0.000000;0.000000;0.000000;0.000000;51.839643
3901;192.000000;42.000000;-30.000000;-51.839643;0.000000;0.000000;0.000000;0.000000;0.000000;51.839643
3902;192.000000;42.000000;30.000000;51.839643;0.000000;0.000000;0.000000;0.000000;0.000000;51.839643
3903;192.000000;46.000000;-30.000000;-51.839643;0.000000;0.000000;0.000000;0.000000;0.000000;51.839643
3904;192.000000;46.000000;30.000000;51.839643;0.000000;0.000000;0.000000;0.000000;0.000000;51.839643
3905;192.000000;50.000000;-30.000000;-51.839643;0.000000;0.000000;0.000000;0.000000;0.000000;51.839643
3906;192.000000;50.000000;-26.000000;-44.927690;0.000000;0.000000;0.000000;0.000000;0.000000;44.927690
3907;192.000000;50.000000;-22.000000;-38.015738;0.000000;0.000000;0.000000;0.000000;0.000000;38.015738
3908;192.000000;50.000000;-18.000000;-31.103786;0.000000;0.000000;0.000000;0.000000;0.000000;31.103786
3909;192.000000;50.000000;-14.000000;-24.191833;0.000000;0.000000;0.000000;0.000000;0.000000;24.191833
3910;192.000000;50.000000;-10.000000;-17.279881;0.000000;0.000000;0.000000;0.000000;0.000000;17.279881
3911;192.000000;50.000000;-6.000000;-10.367929;0.000000;0.000000;0.000000;0.000000;0.000000;10.367929
3912;192.000000;50.000000;-2.000000;-3.455976;0.000000;0.000000;0.000000;0.000000;0.000000;3.455976
3913;192.000000;50.000000;2.000000;3.455976;0.000000;0.000000;0.000000;0.000000;0.000000;3.455976
3914;192.000000;50.000000;6.000000;10.367929;0.000000;0.000000;0.000000;0.000000;0.000000;10.367929
3915;192.000000;50.000000;10.000000;17.279881;0.000000;0.000000;0.000000;0.000000;0.000000;17.279881
3916;192.000000;50.000000;14.000000;24.191833;0.000000;0.000000;0.000000;0.000000;0.000000;24.191833
3917;192.000000;50.000000;18.000000;31.103786;0.000000;0.000000;0.000000;0.000000;0.000000;31.103786
3918;192.000000;50.000000;22.000000;38.015738;0.000000;0.000000;0.000000;0.000000;0.000000;38.015738
3919;192.000000;50.000000;26.000000;44.927690;0.000000;0.000000;0.000000;0.000000;0.000000;44.927690
3920;192.000000;50.000000;30.000000;51.839643;0.000000;0.000000;0.000000;0.000000;0.000000;51.839643
3921;196.000000;-50.000000;-30.000000;-50.842726;0.000000;0.000000;0.000000;0.000000;0.000000;50.842726
3922;196.000000;-50.000000;-26.000000;-44.063696;0.000000;0.000000;0.000000;0.000000;0.000000;44.063696
3923;196.000000;-50.000000;-22.000000;-37.284666;0.000000;0.000000;0.000000;0.000000;0.000000;37.284666
3924;196.000000;-50.000000;-18.000000;-30.505636;0.000000;0.000000;0.000000;0.000000;0.000000;30.505636
3925;196.000000;-50.000000;-14.000000;-23.726606;0.000000;0.000000;0.000000;0.000000;0.000000;23.726606
3926;196.000000;-50.000000;-10.000000;-16.947575;0.000000;0.000000;0.000000;0.000000;0.000000;16.947575
3927;196.000000;-50.000000;-6.000000;-10.168545;0.000000;0.000000;0.000000;0.000000;0.000000;10.168545
3928;196.000000;-50.000000;-2.000000;-3.389515;0.000000;0.000000;0.000000;0.000000;0.000000;3.389515
3929;196.000000;-50.000000;2.000000;3.389515;0.000000;0.000000;0.000000;0.000000;0.000000;3.389515
3930;196.000000;-50.000000;6.000000;10.168545;0.000000;0.000000;0.000000;0.000000;0.000000;10.168545
3931;196.000000;-50.000000;10.000000;16.947575;0.000000;0.000000;0.000000;0.000000;0.000000;16.947575
3932;196.000000;-50.000000;14.000000;23.726606;0.000000;0.000000;0.000000;0.000000;0.000000;23.726606
3933;196.000000;-50.000000;18.000000;30.505636;0.000000;0.000000;0.000000;0.000000;0.000000;30.505636
3934;196.000000;-50.000000;22.000000;37.284666;0.000000;0.000000;0.000000;0.000000;0.000000;37.284666
3935;196.000000;-50.000000;26.000000;44.063696;0.000000;0.000000;0.000000;0.000000;0.000000;44.063696
3936;196.000000;-50.000000;30.000000;50.842726;0.000000;0.000000;0.000000;0.000000;0.000000;50.842726
3937;196.000000;-46.000000;-30.000000;-50.842726;0.000000;0.000000;0.000000;0.000000;0.000000;50.842726
3938;196.000000;-46.000000;30.000000;50.842726;0.000000;0.000000;0.000000;0.000000;0.000000;50.842726
3939;196.000000;-42.000000;-30.000000;-50.842726;0.000000;0.000000;0.000000;0.000000;0.000000;50.842726
3940;196.000000;-42.000000;30.000000;50.842726;0.000000;0.000000;0.000000;0.000000;0.000000;50.842726
3941;196.000000;-38.000000;-30.000000;-50.842726;0.000000;0.000000;0.000000;0.000000;0.000000;50.842726
3942;196.000000;-38.000000;30.000000;50.842726;0.000000;0.000000;0.000000;0.000000;0.000000;50.842726
3943;196.000000;-34.000000;-30.000000;-50.842726;0.000000;0.000000;0.000000;0.000000;0.000000;50.842726
3944;196.000000;-34.000000;30.000000;50.842726;0.000000;0.000000;0.000000;0.000000;0.000000;50.842726
3945;196.000000;-30.000000;-30.000000;-50.842726;0.000000;0.000000;0.000000;0.000000;0.000000;50.842726
3946;196.000000;-30.000000;30.000000;50.842726;0.000000;0.000000;0.000000;0.000000;0.000000;50.842726
3947;196.000000;-26.000000;-30.000000;-50.842726;0.000000;0.000000;0.000000;0.000000;0.000000;50.842726
3948;196.000000;-26.000000;30.000000;50.842726;0.000000;0.000000;0.000000;0.000000;0.000000;50.842726
3949;196.000000;-22.000000;-30.000000;-50.842726;0.000000;0.000000;0.000000;0.000000;0.000000;50.842726
3950;196.000000;-22.000000;30.000000;50.842726;0.000000;0.000000;0.000000;0.000000;0.000000;50.842726
3951;196.000000;-18.000000;-30.000000;-50.842726;0.000000;0.000000;0.000000;0.000000;0.000000;50.842726
3952;196.000000;-18.000000;30.000000;50.842726;0.000000;0.000000;0.000000;0.000000;0.000000;50.842726
3953;196.000000;-14.000000;-30.000000;-50.842726;0.000000;0.000000;0.000000;0.000000;0.000000;50.842726
3954;196.000000;-14.000000;30.000000;50.842726;0.000000;0.000000;0.000000;0.000000;0.000000;50.842726
3955;196.000000;-10.000000;-30.000000;-50.842726;0.000000;0.000000;0.000000;0.000000;0.000000;50.842726
3956;196.000000;-10.000000;30.000000;50.842726;0.000000;0.000000;0.000000;0.000000;0.000000;50.842726
3957;196.000000;-6.000000;-30.000000;-50.842726;0.000000;0.000000;0.000000;0.000000;0.000000;50.842726
3958;196.000000;-6.000000;30.000000;50.842726;0.000000;0.000000;0.000000;0.000000;0.000000;50.842726
3959;196.000000;-2.000000;-30.000000;-50.842726;0.000000;0.000000;0.000000;0.000000;0.000000;50.842726
3960;196.000000;-2.000000;30.000000;50.842726;0.000000;0.000000;0.000000;0.000000;0.000000;50.842726
3961;196.000000;2.000000;-30.000000;-50.842726;0.000000;0.000000;0.000000;0.000000;0.000000;50.842726
3962;196.000000;2.000000;30.000000;50.842726;0.000000;0.000000;0.000000;0.000000;0.000000;50.842726
3963;196.000000;6.000000;-30.000000;-50.842726;0.000000;0.000000;0.000000;0.000000;0.000000;50.842726
3964;196.000000;6.000000;30.000000;50.842726;0.000000;0.000000;0.000000;0.000000;0.000000;50.842726
3965;196.000000;10.000000;-30.000000;-50.842726;0.000000;0.000000;0.000000;0.000000;0.000000;50.842726
3966;196.000000;10.000000;30.000000;50.842726;0.000000;0.000000;0.000000;0.000000;0.000000;50.842726
3967;196.000000;14.000000;-30.000000;-50.842726;0.000000;0.000000;0.000000;0.000000;0.000000;50.842726
3968;196.000000;14.000000;30.000000;50.842726;0.000000;0.000000;0.000000;0.000000;0.000000;50.842726
3969;196.000000;18.000000;-30.000000;-50.842726;0.000000;0.000000;0.000000;0.000000;0.000000;50.842726
3970;196.000000;18.000000;30.000000;50.842726;0.000000;0.000000;0.000000;0.000000;0.000000;50.842726
3971;196.000000;22.000000;-30.000000;-50.842726;0.000000;0.000000;0.000000;0.000000;0.000000;50.842726
3972;196.000000;22.000000;30.000000;50.842726;0.000000;0.000000;0.000000;0.000000;0.000000;50.842726
3973;196.000000;26.000000;-30.000000;-50.842726;0.000000;0.000000;0.000000;0.000000;0.000000;50.842726
3974;196.000000;26.000000;30.000000;50.842726;0.000000;0.000000;0.000000;0.000000;0.000000;50.842726
3975;196.000000;30.000000;-30.000000;-50.842726;0.000000;0.000000;0.000000;0.000000;0.000000;50.842726
3976;196.000000;30.000000;30.000000;50.842726;0.000000;0.000000;0.000000;0.000000;0.000000;50.842726
3977;196.000000;34.000000;-30.000000;-50.842726;0.000000;0.000000;0.000000;0.000000;0.000000;50.842726
3978;196.000000;34.000000;30.000000;50.842726;0.000000;0.000000;0.000000;0.000000;0.000000;50.842726
3979;196.000000;38.000000;-30.000000;-50.842726;0.000000;0.000000;0.000000;0.000000;0.000000;50.842726
3980;196.000000;38.000000;30.000000;50.842726;0.000000;0.000000;0.000000;0.000000;0.000000;50.842726
3981;196.000000;42.000000;-30.000000;-50.842726;0.000000;0.000000;0.000000;0.000000;0.000000;50.842726
3982;196.000000;42.000000;30.000000;50.842726;0.000000;0.000000;0.000000;0.000000;0.000000;50.842726
3983;196.000000;46.000000;-30.000000;-50.842726;0.000000;0.000000;0.000000;0.000000;0.000000;50.842726
3984;196.000000;46.000000;30.000000;50.842726;0.000000;0.000000;0.000000;0.000000;0.000000;50.842726
3985;196.000000;50.000000;-30.000000;-50.842726;0.000000;0.000000;0.000000;0.000000;0.000000;50.842726
3986;196.000000;50.000000;-26.000000;-44.063696;0.000000;0.000000;0.000000;0.000000;0.000000;44.063696
3987;196.000000;50.000000;-22.000000;-37.284666;0.000000;0.000000;0.000000;0.000000;0.000000;37.284666
3988;196.000000;50.000000;-18.000000;-30.505636;0.000000;0.000000;0.000000;0.000000;0.000000;30.505636
3989;196.000000;50.000000;-14.000000;-23.726606;0.000000;0.000000;0.000000;0.000000;0.000000;23.726606
3990;196.000000;50.000000;-10.000000;-16.947575;0.000000;0.000000;0.000000;0.000000;0.000000;16.947575
3991;196.000000;50.000000;-6.000000;-10.168545;0.000000;0.000000;0.000000;0.000000;0.000000;10.168545
3992;196.000000;50.000000;-2.000000;-3.389515;0.000000;0.000000;0.000000;0.000000;0.000000;3.389515
3993;196.000000;50.000000;2.000000;3.389515;0.000000;0.000000;0.000000;0.000000;0.000000;3.389515
3994;196.000000;50.000000;6.000000;10.168545;0.000000;0.000000;0.000000;0.000000;0.000000;10.168545
3995;196.000000;50.000000;10.000000;16.947575;0.000000;0.000000;0.000000;0.000000;0.000000;16.947575
3996;196.000000;50.000000;14.000000;23.726606;0.000000;0.000000;0.000000;0.000000;0.000000;23.726606
3997;196.000000;50.000000;18.000000;30.505636;0.000000;0.000000;0.000000;0.000000;0.000000;30.505636
3998;196.000000;50.000000;22.000000;37.284666;0.000000;0.000000;0.000000;0.000000;0.000000;37.284666
3999;196.000000;50.000000;26.000000;44.063696;0.000000;0.000000;0.000000;0.000000;0.000000;44.063696
4000;196.000000;50.000000;30.000000;50.842726;0.000000;0.000000;0.000000;0.000000;0.000000;50.842726
4001;200.000000;-50.000000;-30.000000;-49.845810;0.000000;0.000000;0.000000;0.000000;0.000000;49.845810
4002;200.000000;-50.000000;-26.000000;-43.199702;0.000000;0.000000;0.000000;0.000000;0.000000;43.199702
4003;200.000000;-50.000000;-22.000000;-36.553594;0.000000;0.000000;0.000000;0.000000;0.000000;36.553594
4004;200.000000;-50.000000;-18.000000;-29.907486;0.000000;0.000000;0.000000;0.000000;0.000000;29.907486
4005;200.000000;-50.000000;-14.000000;-23.261378;0.000000;0.000000;0.000000;0.000000;0.000000;23.261378
4006;200.000000;-50.000000;-10.000000;-16.615270;0.000000;0.000000;0.000000;0.000000;0.000000;16.615270
4007;200.000000;-50.000000;-6.000000;-9.969162;0.000000;0.000000;0.000000;0.000000;0.000000;9.969162
4008;200.000000;-50.000000;-2.000000;-3.323054;0.000000;0.000000;0.000000;0.000000;0.000000;3.323054
4009;200.000000;-50.000000;2.000000;3.323054;0.000000;0.000000;0.000000;0.000000;0.000000;3.323054
4010;200.000000;-50.000000;6.000000;9.969162;0.000000;0.000000;0.000000;0.000000;0.000000;9.969162
4011;200.000000;-50.000000;10.000000;16.615270;0.000000;0.000000;0.000000;0.000000;0.000000;16.615270
4012;200.000000;-50.000000;14.000000;23.261378;0.000000;0.000000;0.000000;0.000000;0.000000;23.261378
4013;200.000000;-50.000000;18.000000;29.907486;0.000000;0.000000;0.000000;0.000000;0.000000;29.907486
4014;200.000000;-50.000000;22.000000;36.553594;0.000000;0.000000;0.000000;0.000000;0.000000;36.553594
4015;200.000000;-50.000000;26.000000;43.199702;0.000000;0.000000;0.000000;0.000000;0.000000;43.199702
4016;200.000000;-50.000000;30.000000;49.845810;0.000000;0.000000;0.000000;0.000000;0.000000;49.845810
4017;200.000000;-46.000000;-30.000000;-49.845810;0.000000;0.000000;0.000000;0.000000;0.000000;49.845810
4018;200.000000;-46.000000;30.000000;49.845810;0.000000;0.000000;0.000000;0.000000;0.000000;49.845810
4019;200.000000;-42.000000;-30.000000;-49.845810;0.000000;0.000000;0.000000;0.000000;0.000000;49.845810
4020;200.000000;-42.000000;30.000000;49.845810;0.000000;0.000000;0.000000;0.000000;0.000000;49.845810
4021;200.000000;-38.000000;-30.000000;-49.845810;0.000000;0.000000;0.000000;0.000000;0.000000;49.845810
4022;200.000000;-38.000000;30.000000;49.845810;0.000000;0.000000;0.000000;0.000000;0.000000;49.845810
4023;200.000000;-34.000000;-30.000000;-49.845810;0.000000;0.000000;0.000000;0.000000;0.000000;49.845810
4024;200.000000;-34.000000;30.000000;49.845810;0.000000;0.000000;0.000000;0.000000;0.000000;49.845810
4025;200.000000;-30.000000;-30.000000;-49.845810;0.000000;0.000000;0.000000;0.000000;0.000000;49.845810
4026;200.000000;-30.000000;30.000000;49.845810;0.000000;0.000000;0.000000;0.000000;0.000000;49.845810
4027;200.000000;-26.000000;-30.000000;-49.845810;0.000000;0.000000;0.000000;0.000000;0.000000;49.845810
4028;200.000000;-26.000000;30.000000;49.845810;0.000000;0.000000;0.000000;0.000000;0.000000;49.845810
4029;200.000000;-22.000000;-30.000000;-49.845810;0.000000;0.000000;0.000000;0.000000;0.000000;49.845810
4030;200.000000;-22.000000;30.000000;49.845810;0.000000;0.000000;0.000000;0.000000;0.000000;49.845810
4031;200.000000;-18.000000;-30.000000;-49.845810;0.000000;0.000000;0.000000;0.000000;0.000000;49.845810
4032;200.000000;-18.000000;30.000000;49.845810;0.000000;0.000000;0.000000;0.000000;0.000000;49.845810
4033;200.000000;-14.000000;-30.000000;-49.845810;0.000000;0.000000;0.000000;0.000000;0.000000;49.845810
4034;200.000000;-14.000000;30.000000;49.845810;0.000000;0.000000;0.000000;0.000000;0.000000;49.845810
4035;200.000000;-10.000000;-30.000000;-49.845810;0.000000;0.000000;0.000000;0.000000;0.000000;49.845810
4036;200.000000;-10.000000;30.000000;49.845810;0.000000;0.000000;0.000000;0.000000;0.000000;49.845810
4037;200.000000;-6.000000;-30.000000;-49.845810;0.000000;0.000000;0.000000;0.000000;0.000000;49.845810
4038;200.000000;-6.000000;30.000000;49.845810;0.000000;0.000000;0.000000;0.000000;0.000000;49.845810
4039;200.000000;-2.000000;-30.000000;-49.845810;0.000000;0.000000;0.000000;0.000000;0.000000;49.845810
4040;200.000000;-2.000000;30.000000;49.845810;0.000000;0.000000;0.000000;0.000000;0.000000;49.845810
4041;200.000000;2.000000;-30.000000;-49.845810;0.000000;0.000000;0.000000;0.000000;0.000000;49.845810
4042;200.000000;2.000000;30.000000;49.845810;0.000000;0.000000;0.000000;0.000000;0.000000;49.845810
4043;200.000000;6.000000;-30.000000;-49.845810;0.000000;0.000000;0.000000;0.000000;0.000000;49.845810
4044;200.000000;6.000000;30.000000;49.845810;0.000000;0.000000;0.000000;0.000000;0.000000;49.845810
4045;200.000000;10.000000;-30.000000;-49.845810;0.000000;0.000000;0.000000;0.000000;0.000000;49.845810
4046;200.000000;10.000000;30.000000;49.845810;0.000000;0.000000;0.000000;0.000000;0.000000;49.845810
4047;200.000000;14.000000;-30.000000;-49.845810;0.000000;0.000000;0.000000;0.000000;0.000000;49.845810
4048;200.000000;14.000000;30.000000;49.845810;0.000000;0.000000;0.000000;0.000000;0.000000;49.845810
4049;200.000000;18.000000;-30.000000;-49.845810;0.000000;0.000000;0.000000;0.000000;0.000000;49.845810
4050;200.000000;18.000000;30.000000;49.845810;0.000000;0.000000;0.000000;0.000000;0.000000;49.845810
4051;200.000000;22.000000;-30.000000;-49.845810;0.000000;0.000000;0.000000;0.000000;0.000000;49.845810
4052;200.000000;22.000000;30.000000;49.845810;0.000000;0.000000;0.000000;0.000000;0.000000;49.845810
4053;200.000000;26.000000;-30.000000;-49.845810;0.000000;0.000000;0.000000;0.000000;0.000000;49.845810
4054;200.000000;26.000000;30.000000;49.845810;0.000000;0.000000;0.000000;0.000000;0.000000;49.845810
4055;200.000000;30.000000;-30.000000;-49.845810;0.000000;0.000000;0.000000;0.000000;0.000000;49.845810
4056;200.000000;30.000000;30.000000;49.845810;0.000000;0.000000;0.000000;0.000000;0.000000;49.845810
4057;200.000000;34.000000;-30.000000;-49.845810;0.000000;0.000000;0.000000;0.000000;0.000000;49.845810
4058;200.000000;34.000000;30.000000;49.845810;0.000000;0.000000;0.000000;0.000000;0.000000;49.845810
4059;200.000000;38.000000;-30.000000;-49.845810;0.000000;0.000000;0.000000;0.000000;0.000000;49.845810
4060;200.000000;38.000000;30.000000;49.845810;0.000000;0.000000;0.000000;0.000000;0.000000;49.845810
4061;200.000000;42.000000;-30.000000;-49.845810;0.000000;0.000000;0.000000;0.000000;0.000000;49.845810
4062;200.000000;42.000000;30.000000;49.845810;0.000000;0.000000;0.000000;0.000000;0.000000;49.845810
4063;200.000000;46.000000;-30.000000;-49.845810;0.000000;0.000000;0.000000;0.000000;0.000000;49.845810
4064;200.000000;46.000000;30.000000;49.845810;0.000000;0.000000;0.000000;0.000000;0.000000;49.845810
4065;200.000000;50.000000;-30.000000;-49.845810;0.000000;0.000000;0.000000;0.000000;0.000000;49.845810
4066;200.000000;50.000000;-26.000000;-43.199702;0.000000;0.000000;0.000000;0.000000;0.000000;43.199702
4067;200.000000;50.000000;-22.000000;-36.553594;0.000000;0.000000;0.000000;0.000000;0.000000;36.553594
4068;200.000000;50.000000;-18.000000;-29.907486;0.000000;0.000000;0.000000;0.000000;0.000000;29.907486
4069;200.000000;50.000000;-14.000000;-23.261378;0.000000;0.000000;0.000000;0.000000;0.000000;23.261378
4070;200.000000;50.000000;-10.000000;-16.615270;0.000000;0.000000;0.000000;0.000000;0.000000;16.615270
4071;200.000000;50.000000;-6.000000;-9.969162;0.000000;0.000000;0.000000;0.000000;0.000000;9.969162
4072;200.000000;50.000000;-2.000000;-3.323054;0.000000;0.000000;0.000000;0.000000;0.000000;3.323054
4073;200.000000;50.000000;2.000000;3.323054;0.000000;0.000000;0.000000;0.000000;0.000000;3.323054
4074;200.000000;50.000000;6.000000;9.969162;0.000000;0.000000;0.000000;0.000000;0.000000;9.969162
4075;200.000000;50.000000;10.000000;16.615270;0.000000;0.000000;0.000000;0.000000;0.000000;16.615270
4076;200.000000;50.000000;14.000000;23.261378;0.000000;0.000000;0.000000;0.000000;0.000000;23.261378
4077;200.000000;50.000000;18.000000;29.907486;0.000000;0.000000;0.000000;0.000000;0.000000;29.907486
4078;200.000000;50.000000;22.000000;36.553594;0.000000;0.000000;0.000000;0.000000;0.000000;36.553594
4079;200.000000;50.000000;26.000000;43.199702;0.000000;0.000000;0.000000;0.000000;0.000000;43.199702
4080;200.000000;50.000000;30.000000;49.845810;0.000000;0.000000;0.000000;0.000000;0.000000;49.845810
4081;204.000000;-50.000000;-30.000000;-48.848894;0.000000;0.000000;0.000000;0.000000;0.000000;48.848894
4082;204.000000;-50.000000;-26.000000;-42.335708;0.000000;0.000000;0.000000;0.000000;0.000000;42.335708
4083;204.000000;-50.000000;-22.000000;-35.822522;0.000000;0.000000;0.000000;0.000000;0.000000;35.822522
4084;204.000000;-50.000000;-18.000000;-29.309336;0.000000;0.000000;0.000000;0.000000;0.000000;29.309336
4085;204.000000;-50.000000;-14.000000;-22.796151;0.000000;0.000000;0.000000;0.000000;0.000000;22.796151
4086;204.000000;-50.000000;-10.000000;-16.282965;0.000000;0.000000;0.000000;0.000000;0.000000;16.282965
4087;204.000000;-50.000000;-6.000000;-9.769779;0.000000;0.000000;0.000000;0.000000;0.000000;9.769779
4088;204.000000;-50.000000;-2.000000;-3.256593;0.000000;0.000000;0.000000;0.000000;0.000000;3.256593
4089;204.000000;-50.000000;2.000000;3.256593;0.000000;0.000000;0.000000;0.000000;0.000000;3.256593
4090;204.000000;-50.000000;6.000000;9.769779;0.000000;0.000000;0.000000;0.000000;0.000000;9.769779
4091;204.000000;-50.000000;10.000000;16.282965;0.000000;0.000000;0.000000;0.000000;0.000000;16.282965
4092;204.000000;-50.000000;14.000000;22.796151;0.000000;0.000000;0.000000;0.000000;0.000000;22.796151
4093;204.000000;-50.000000;18.000000;29.309336;0.000000;0.000000;0.000000;0.000000;0.000000;29.309336
4094;204.000000;-50.000000;22.000000;35.822522;0.000000;0.000000;0.000000;0.000000;0.000000;35.822522
4095;204.000000;-50.000000;26.000000;42.335708;0.000000;0.000000;0.000000;0.000000;0.000000;42.335708
4096;204.000000;-50.000000;30.000000;48.848894;0.000000;0.000000;0.000000;0.000000;0.000000;48.848894
4097;204.000000;-46.000000;-30.000000;-48.848894;0.000000;0.000000;0.000000;0.000000;0.000000;48.848894
4098;204.000000;-46.000000;30.000000;48.848894;0.000000;0.000000;0.000000;0.000000;0.000000;48.848894
4099;204.000000;-42.000000;-30.000000;-48.848894;0.000000;0.000000;0.000000;0.000000;0.000000;48.848894
4100;204.000000;-42.000000;30.000000;48.848894;0.000000;0.000000;0.000000;0.000000;0.000000;48.848894
4101;204.000000;-38.000000;-30.000000;-48.848894;0.000000;0.000000;0.000000;0.000000;0.000000;48.848894
4102;204.000000;-38.000000;30.000000;48.848894;0.000000;0.000000;0.000000;0.000000;0.000000;48.848894
4103;204.000000;-34.000000;-30.000000;-48.848894;0.000000;0.000000;0.000000;0.000000;0.000000;48.848894
4104;204.000000;-34.000000;30.000000;48.848894;0.000000;0.000000;0.000000;0.000000;0.000000;48.848894
4105;204.000000;-30.000000;-30.000000;-48.848894;0.000000;0.000000;0.000000;0.000000;0.000000;48.848894
4106;204.000000;-30.000000;30.000000;48.848894;0.000000;0.000000;0.000000;0.000000;0.000000;48.848894
4107;204.000000;-26.000000;-30.000000;-48.848894;0.000000;0.000000;0.000000;0.000000;0.000000;48.848894
4108;204.000000;-26.000000;30.000000;48.848894;0.000000;0.000000;0.000000;0.000000;0.000000;48.848894
4109;204.000000;-22.000000;-30.000000;-48.848894;0.000000;0.000000;0.000000;0.000000;0.000000;48.848894
4110;204.000000;-22.000000;30.000000;48.848894;0.000000;0.000000;0.000000;0.000000;0.000000;48.848894
4111;204.000000;-18.000000;-30.000000;-48.848894;0.000000;0.000000;0.000000;0.000000;0.000000;48.848894
4112;204.000000;-18.000000;30.000000;48.848894;0.000000;0.000000;0.000000;0.000000;0.000000;48.848894
4113;204.000000;-14.000000;-30.000000;-48.848894;0.000000;0.000000;0.000000;0.000000;0.000000;48.848894
4114;204.000000;-14.000000;30.000000;48.848894;0.000000;0.000000;0.000000;0.000000;0.000000;48.848894
4115;204.000000;-10.000000;-30.000000;-48.848894;0.000000;0.000000;0.000000;0.000000;0.000000;48.848894
4116;204.000000;-10.000000;30.000000;48.848894;0.000000;0.000000;0.000000;0.000000;0.000000;48.848894
4117;204.000000;-6.000000;-30.000000;-48.848894;0.000000;0.000000;0.000000;0.000000;0.000000;48.848894
4118;204.000000;-6.000000;30.000000;48.848894;0.000000;0.000000;0.000000;0.000000;0.000000;48.848894
4119;204.000000;-2.000000;-30.000000;-48.848894;0.000000;0.000000;0.000000;0.000000;0.000000;48.848894
4120;204.000000;-2.000000;30.000000;48.848894;0.000000;0.000000;0.000000;0.000000;0.000000;48.848894
4121;204.000000;2.000000;-30.000000;-48.848894;0.000000;0.000000;0.000000;0.000000;0.000000;48.848894
4122;204.000000;2.000000;30.000000;48.848894;0.000000;0.000000;0.000000;0.000000;0.000000;48.848894
4123;204.000000;6.000000;-30.000000;-48.848894;0.000000;0.000000;0.000000;0.000000;0.000000;48.848894
4124;204.000000;6.000000;30.000000;48.848894;0.000000;0.000000;0.000000;0.000000;0.000000;48.848894
4125;204.000000;10.000000;-30.000000;-48.848894;0.000000;0.000000;0.000000;0.000000;0.000000;48.848894
4126;204.000000;10.000000;30.000000;48.848894;0.000000;0.000000;0.000000;0.000000;0.000000;48.848894
4127;204.000000;14.000000;-30.000000;-48.848894;0.000000;0.000000;0.000000;0.000000;0.000000;48.848894
4128;204.000000;14.000000;30.000000;48.848894;0.000000;0.000000;0.000000;0.000000;0.000000;48.848894
4129;204.000000;18.000000;-30.000000;-48.848894;0.000000;0.000000;0.000000;0.000000;0.000000;48.848894
4130;204.000000;18.000000;30.000000;48.848894;0.000000;0.000000;0.000000;0.000000;0.000000;48.848894
4131;204.000000;22.000000;-30.000000;-48.848894;0.000000;0.000000;0.000000;0.000000;0.000000;48.848894
4132;204.000000;22.000000;30.000000;48.848894;0.000000;0.000000;0.000000;0.000000;0.000000;48.848894
4133;204.000000;26.000000;-30.000000;-48.848894;0.000000;0.000000;0.000000;0.000000;0.000000;48.848894
4134;204.000000;26.000000;30.000000;48.848894;0.000000;0.000000;0.000000;0.000000;0.000000;48.848894
4135;204.000000;30.000000;-30.000000;-48.848894;0.000000;0.000000;0.000000;0.000000;0.000000;48.848894
4136;204.000000;30.000000;30.000000;48.848894;0.000000;0.000000;0.000000;0.000000;0.000000;48.848894
4137;204.000000;34.000000;-30.000000;-48.848894;0.000000;0.000000;0.000000;0.000000;0.000000;48.848894
4138;204.000000;34.000000;30.000000;48.848894;0.000000;0.000000;0.000000;0.000000;0.000000;48.848894
4139;204.000000;38.000000;-30.000000;-48.848894;0.000000;0.000000;0.000000;0.000000;0.000000;48.848894
4140;204.000000;38.000000;30.000000;48.848894;0.000000;0.000000;0.000000;0.000000;0.000000;48.848894
4141;204.000000;42.000000;-30.000000;-48.848894;0.000000;0.000000;0.000000;0.000000;0.000000;48.848894
4142;204.000000;42.000000;30.000000;48.848894;0.000000;0.000000;0.000000;0.000000;0.000000;48.848894
4143;204.000000;46.000000;-30.000000;-48.848894;0.000000;0.000000;0.000000;0.000000;0.000000;48.848894
4144;204.000000;46.000000;30.000000;48.848894;0.000000;0.000000;0.000000;0.000000;0.000000;48.848894
4145;204.000000;50.000000;-30.000000;-48.848894;0.000000;0.000000;0.000000;0.000000;0.000000;48.848894
4146;204.000000;50.000000;-26.000000;-42.335708;0.000000;0.000000;0.000000;0.000000;0.000000;42.335708
4147;204.000000;50.000000;-22.000000;-35.822522;0.000000;0.000000;0.000000;0.000000;0.000000;35.822522
4148;204.000000;50.000000;-18.000000;-29.309336;0.000000;0.000000;0.000000;0.000000;0.000000;29.309336
4149;204.000000;50.000000;-14.000000;-22.796151;0.000000;0.000000;0.000000;0.000000;0.000000;22.796151
4150;204.000000;50.000000;-10.000000;-16.282965;0.000000;0.000000;0.000000;0.000000;0.000000;16.282965
4151;204.000000;50.000000;-6.000000;-9.769779;0.000000;0.000000;0.000000;0.000000;0.000000;9.769779
4152;204.000000;50.000000;-2.000000;-3.256593;0.000000;0.000000;0.000000;0.000000;0.000000;3.256593
4153;204.000000;50.000000;2.000000;3.256593;0.000000;0.000000;0.000000;0.000000;0.000000;3.256593
4154;204.000000;50.000000;6.000000;9.769779;0.000000;0.000000;0.000000;0.000000;0.000000;9.769779
4155;204.000000;50.000000;10.000000;16.282965;0.000000;0.000000;0.000000;0.000000;0.000000;16.282965
4156;204.000000;50.000000;14.000000;22.796151;0.000000;0.000000;0.000000;0.000000;0.000000;22.796151
4157;204.000000;50.000000;18.000000;29.309336;0.000000;0.000000;0.000000;0.000000;0.000000;29.309336
4158;204.000000;50.000000;22.000000;35.822522;0.000000;0.000000;0.000000;0.000000;0.000000;35.822522
4159;204.000000;50.000000;26.000000;42.335708;0.000000;0.000000;0.000000;0.000000;0.000000;42.335708
4160;204.000000;50.000000;30.000000;48.848894;0.000000;0.000000;0.000000;0.000000;0.000000;48.848894
4161;208.000000;-50.000000;-30.000000;-47.851978;0.000000;0.000000;0.000000;0.000000;0.000000;47.851978
4162;208.000000;-50.000000;-26.000000;-41.471714;0.000000;0.000000;0.000000;0.000000;0.000000;41.471714
4163;208.000000;-50.000000;-22.000000;-35.091450;0.000000;0.000000;0.000000;0.000000;0.000000;35.091450
4164;208.000000;-50.000000;-18.000000;-28.711187;0.000000;0.000000;0.000000;0.000000;0.000000;28.711187
4165;208.000000;-50.000000;-14.000000;-22.330923;0.000000;0.000000;0.000000;0.000000;0.000000;22.330923
4166;208.000000;-50.000000;-10.000000;-15.950659;0.000000;0.000000;0.000000;0.000000;0.000000;15.950659
4167;208.000000;-50.000000;-6.000000;-9.570396;0.000000;0.000000;0.000000;0.000000;0.000000;9.570396
4168;208.000000;-50.000000;-2.000000;-3.190132;0.000000;0.000000;0.000000;0.000000;0.000000;3.190132
4169;208.000000;-50.000000;2.000000;3.190132;0.000000;0.000000;0.000000;0.000000;0.000000;3.190132
4170;208.000000;-50.000000;6.000000;9.570396;0.000000;0.000000;0.000000;0.000000;0.000000;9.570396
4171;208.000000;-50.000000;10.000000;15.950659;0.000000;0.000000;0.000000;0.000000;0.000000;15.950659
4172;208.000000;-50.000000;14.000000;22.330923;0.000000;0.000000;0.000000;0.000000;0.000000;22.330923
4173;208.000000;-50.000000;18.000000;28.711187;0.000000;0.000000;0.000000;0.000000;0.000000;28.711187
4174;208.000000;-50.000000;22.000000;35.091450;0.000000;0.000000;0.000000;0.000000;0.000000;35.091450
4175;208.000000;-50.000000;26.000000;41.471714;0.000000;0.000000;0.000000;0.000000;0.000000;41.471714
4176;208.000000;-50.000000;30.000000;47.851978;0.000000;0.000000;0.000000;0.000000;0.000000;47.851978
4177;208.000000;-46.000000;-30.000000;-47.851978;0.000000;0.000000;0.000000;0.000000;0.000000;47.851978
4178;208.000000;-46.000000;30.000000;47.851978;0.000000;0.000000;0.000000;0.000000;0.000000;47.851978
4179;208.000000;-42.000000;-30.000000;-47.851978;0.000000;0.000000;0.000000;0.000000;0.000000;47.851978
4180;208.000000;-42.000000;30.000000;47.851978;0.000000;0.000000;0.000000;0.000000;0.000000;47.851978
4181;208.000000;-38.000000;-30.000000;-47.851978;0.000000;0.000000;0.000000;0.000000;0.000000;47.851978
4182;208.000000;-38.000000;30.000000;47.851978;0.000000;0.000000;0.000000;0.000000;0.000000;47.851978
4183;208.000000;-34.000000;-30.000000;-47.851978;0.000000;0.000000;0.000000;0.000000;0.000000;47.851978
4184;208.000000;-34.000000;30.000000;47.851978;0.000000;0.000000;0.000000;0.000000;0.000000;47.851978
4185;208.000000;-30.000000;-30.000000;-47.851978;0.000000;0.000000;0.000000;0.000000;0.000000;47.851978
4186;208.000000;-30.000000;30.000000;47.851978;0.000000;0.000000;0.000000;0.000000;0.000000;47.851978
4187;208.000000;-26.000000;-30.000000;-47.851978;0.000000;0.000000;0.000000;0.000000;0.000000;47.851978
4188;208.000000;-26.000000;30.000000;47.851978;0.000000;0.000000;0.000000;0.000000;0.000000;47.851978
4189;208.000000;-22.000000;-30.000000;-47.851978;0.000000;0.000000;0.000000;0.000000;0.000000;47.851978
4190;208.000000;-22.000000;30.000000;47.851978;0.000000;0.000000;0.000000;0.000000;0.000000;47.851978
4191;208.000000;-18.000000;-30.000000;-47.851978;0.000000;0.000000;0.000000;0.000000;0.000000;47.851978
4192;208.000000;-18.000000;30.000000;47.851978;0.000000;0.000000;0.000000;0.000000;0.000000;47.851978
4193;208.000000;-14.000000;-30.000000;-47.851978;0.000000;0.000000;0.000000;0.000000;0.000000;47.851978
4194;208.000000;-14.000000;30.000000;47.851978;0.000000;0.000000;0.000000;0.000000;0.000000;47.851978
4195;208.000000;-10.000000;-30.000000;-47.851978;0.000000;0.000000;0.000000;0.000000;0.000000;47.851978
4196;208.000000;-10.000000;30.000000;47.851978;0.000000;0.000000;0.000000;0.000000;0.000000;47.851978
4197;208.000000;-6.000000;-30.000000;-47.851978;0.000000;0.000000;0.000000;0.000000;0.000000;47.851978
4198;208.000000;-6.000000;30.000000;47.851978;0.000000;0.000000;0.000000;0.000000;0.000000;47.851978
4199;208.000000;-2.000000;-30.000000;-47.851978;0.000000;0.000000;0.000000;0.000000;0.000000;47.851978
4200;208.000000;-2.000000;30.000000;47.851978;0.000000;0.000000;0.000000;0.000000;0.000000;47.851978
4201;208.000000;2.000000;-30.000000;-47.851978;0.000000;0.000000;0.000000;0.000000;0.000000;47.851978
4202;208.000000;2.000000;30.000000;47.851978;0.000000;0.000000;0.000000;0.000000;0.000000;47.851978
4203;208.000000;6.000000;-30.000000;-47.851978;0.000000;0.000000;0.000000;0.000000;0.000000;47.851978
4204;208.000000;6.000000;30.000000;47.851978;0.000000;0.000000;0.000000;0.000000;0.000000;47.851978
4205;208.000000;10.000000;-30.000000;-47.851978;0.000000;0.000000;0.000000;0.000000;0.000000;47.851978
4206;208.000000;10.000000;30.000000;47.851978;0.000000;0.000000;0.000000;0.000000;0.000000;47.851978
4207;208.000000;14.000000;-30.000000;-47.851978;0.000000;0.000000;0.000000;0.000000;0.000000;47.851978
4208;208.000000;14.000000;30.000000;47.851978;0.000000;0.000000;0.000000;0.000000;0.000000;47.851978
4209;208.000000;18.000000;-30.000000;-47.851978;0.000000;0.000000;0.000000;0.000000;0.000000;47.851978
4210;208.000000;18.000000;30.000000;47.851978;0.000000;0.000000;0.000000;0.000000;0.000000;47.851978
4211;208.000000;22.000000;-30.000000;-47.851978;0.000000;0.000000;0.000000;0.000000;0.000000;47.851978
4212;208.000000;22.000000;30.000000;47.851978;0.000000;0.000000;0.000000;0.000000;0.000000;47.851978
4213;208.000000;26.000000;-30.000000;-47.851978;0.000000;0.000000;0.000000;0.000000;0.000000;47.851978
4214;208.000000;26.000000;30.000000;47.851978;0.000000;0.000000;0.000000;0.000000;0.000000;47.851978
4215;208.000000;30.000000;-30.000000;-47.851978;0.000000;0.000000;0.000000;0.000000;0.000000;47.851978
4216;208.000000;30.000000;30.000000;47.851978;0.000000;0.000000;0.000000;0.000000;0.000000;47.851978
4217;208.000000;34.000000;-30.000000;-47.851978;0.000000;0.000000;0.000000;0.000000;0.000000;47.851978
4218;208.000000;34.000000;30.000000;47.851978;0.000000;0.000000;0.000000;0.000000;0.000000;47.851978
4219;208.000000;38.000000;-30.000000;-47.851978;0.000000;0.000000;0.000000;0.000000;0.000000;47.851978
4220;208.000000;38.000000;30.000000;47.851978;0.000000;0.000000;0.000000;0.000000;0.000000;47.851978
4221;208.000000;42.000000;-30.000000;-47.851978;0.000000;0.000000;0.000000;0.000000;0.000000;47.851978
4222;208.000000;42.000000;30.000000;47.851978;0.000000;0.000000;0.000000;0.000000;0.000000;47.851978
4223;208.000000;46.000000;-30.000000;-47.851978;0.000000;0.000000;0.000000;0.000000;0.000000;47.851978
4224;208.000000;46.000000;30.000000;47.851978;0.000000;0.000000;0.000000;0.000000;0.000000;47.851978
4225;208.000000;50.000000;-30.000000;-47.851978;0.000000;0.000000;0.000000;0.000000;0.000000;47.851978
4226;208.000000;50.000000;-26.000000;-41.471714;0.000000;0.000000;0.000000;0.000000;0.000000;41.471714
4227;208.000000;50.000000;-22.000000;-35.091450;0.000000;0.000000;0.000000;0.000000;0.000000;35.091450
4228;208.000000;50.000000;-18.000000;-28.711187;0.000000;0.000000;0.000000;0.000000;0.000000;28.711187
4229;208.000000;50.000000;-14.000000;-22.330923;0.000000;0.000000;0.000000;0.000000;0.000000;22.330923
4230;208.000000;50.000000;-10.000000;-15.950659;0.000000;0.000000;0.000000;0.000000;0.000000;15.950659
4231;208.000000;50.000000;-6.000000;-9.570396;0.000000;0.000000;0.000000;0.000000;0.000000;9.570396
4232;208.000000;50.000000;-2.000000;-3.190132;0.000000;0.000000;0.000000;0.000000;0.000000;3.190132
4233;208.000000;50.000000;2.000000;3.190132;0.000000;0.000000;0.000000;0.000000;0.000000;3.190132
4234;208.000000;50.000000;6.000000;9.570396;0.000000;0.000000;0.000000;0.000000;0.000000;9.570396
4235;208.000000;50.000000;10.000000;15.950659;0.000000;0.000000;0.000000;0.000000;0.000000;15.950659
4236;208.000000;50.000000;14.000000;22.330923;0.000000;0.000000;0.000000;0.000000;0.000000;22.330923
4237;208.000000;50.000000;18.000000;28.711187;0.000000;0.000000;0.000000;0.000000;0.000000;28.711187
4238;208.000000;50.000000;22.000000;35.091450;0.000000;0.000000;0.000000;0.000000;0.000000;35.091450
4239;208.000000;50.000000;26.000000;41.471714;0.000000;0.000000;0.000000;0.000000;0.000000;41.471714
4240;208.000000;50.000000;30.000000;47.851978;0.000000;0.000000;0.000000;0.000000;0.000000;47.851978
4241;212.000000;-50.000000;-30.000000;-46.855062;0.000000;0.000000;0.000000;0.000000;0.000000;46.855062
4242;212.000000;-50.000000;-26.000000;-40.607720;0.000000;0.000000;0.000000;0.000000;0.000000;40.607720
4243;212.000000;-50.000000;-22.000000;-34.360379;0.000000;0.000000;0.000000;0.000000;0.000000;34.360379
4244;212.000000;-50.000000;-18.000000;-28.113037;0.000000;0.000000;0.000000;0.000000;0.000000;28.113037
4245;212.000000;-50.000000;-14.000000;-21.865695;0.000000;0.000000;0.000000;0.000000;0.000000;21.865695
4246;212.000000;-50.000000;-10.000000;-15.618354;0.000000;0.000000;0.000000;0.000000;0.000000;15.618354
4247;212.000000;-50.000000;-6.000000;-9.371012;0.000000;0.000000;0.000000;0.000000;0.000000;9.371012
4248;212.000000;-50.000000;-2.000000;-3.123671;0.000000;0.000000;0.000000;0.000000;0.000000;3.123671
4249;212.000000;-50.000000;2.000000;3.123671;0.000000;0.000000;0.000000;0.000000;0.000000;3.123671
4250;212.000000;-50.000000;6.000000;9.371012;0.000000;0.000000;0.000000;0.000000;0.000000;9.371012
4251;212.000000;-50.000000;10.000000;15.618354;0.000000;0.000000;0.000000;0.000000;0.000000;15.618354
4252;212.000000;-50.000000;14.000000;21.865695;0.000000;0.000000;0.000000;0.000000;0.000000;21.865695
4253;212.000000;-50.000000;18.000000;28.113037;0.000000;0.000000;0.000000;0.000000;0.000000;28.113037
4254;212.000000;-50.000000;22.000000;34.360379;0.000000;0.000000;0.000000;0.000000;0.000000;34.360379
4255;212.000000;-50.000000;26.000000;40.607720;0.000000;0.000000;0.000000;0.000000;0.000000;40.607720
4256;212.000000;-50.000000;30.000000;46.855062;0.000000;0.000000;0.000000;0.000000;0.000000;46.855062
4257;212.000000;-46.000000;-30.000000;-46.855062;0.000000;0.000000;0.000000;0.000000;0.000000;46.855062
4258;212.000000;-46.000000;30.000000;46.855062;0.000000;0.000000;0.000000;0.000000;0.000000;46.855062
4259;212.000000;-42.000000;-30.000000;-46.855062;0.000000;0.000000;0.000000;0.000000;0.000000;46.855062
4260;212.000000;-42.000000;30.000000;46.855062;0.000000;0.000000;0.000000;0.000000;0.000000;46.855062
4261;212.000000;-38.000000;-30.000000;-46.855062;0.000000;0.000000;0.000000;0.000000;0.000000;46.855062
4262;212.000000;-38.000000;30.000000;46.855062;0.000000;0.000000;0.000000;0.000000;0.000000;46.855062
4263;212.000000;-34.000000;-30.000000;-46.855062;0.000000;0.000000;0.000000;0.000000;0.000000;46.855062
4264;212.000000;-34.000000;30.000000;46.855062;0.000000;0.000000;0.000000;0.000000;0.000000;46.855062
4265;212.000000;-30.000000;-30.000000;-46.855062;0.000000;0.000000;0.000000;0.000000;0.000000;46.855062
4266;212.000000;-30.000000;30.000000;46.855062;0.000000;0.000000;0.000000;0.000000;0.000000;46.855062
4267;212.000000;-26.000000;-30.000000;-46.855062;0.000000;0.000000;0.000000;0.000000;0.000000;46.855062
4268;212.000000;-26.000000;30.000000;46.855062;0.000000;0.000000;0.000000;0.000000;0.000000;46.855062
4269;212.000000;-22.000000;-30.000000;-46.855062;0.000000;0.000000;0.000000;0.000000;0.000000;46.855062
4270;212.000000;-22.000000;30.000000;46.855062;0.000000;0.000000;0.000000;0.000000;0.000000;46.855062
4271;212.000000;-18.000000;-30.000000;-46.855062;0.000000;0.000000;0.000000;0.000000;0.000000;46.855062
4272;212.000000;-18.000000;30.000000;46.855062;0.000000;0.000000;0.000000;0.000000;0.000000;46.855062
4273;212.000000;-14.000000;-30.000000;-46.855062;0.000000;0.000000;0.000000;0.000000;0.000000;46.855062
4274;212.000000;-14.000000;30.000000;46.855062;0.000000;0.000000;0.000000;0.000000;0.000000;46.855062
4275;212.000000;-10.000000;-30.000000;-46.855062;0.000000;0.000000;0.000000;0.000000;0.000000;46.855062
4276;212.000000;-10.000000;30.000000;46.855062;0.000000;0.000000;0.000000;0.000000;0.000000;46.855062
4277;212.000000;-6.000000;-30.000000;-46.855062;0.000000;0.000000;0.000000;0.000000;0.000000;46.855062
4278;212.000000;-6.000000;30.000000;46.855062;0.000000;0.000000;0.000000;0.000000;0.000000;46.855062
4279;212.000000;-2.000000;-30.000000;-46.855062;0.000000;0.000000;0.000000;0.000000;0.000000;46.855062
4280;212.000000;-2.000000;30.000000;46.855062;0.000000;0.000000;0.000000;0.000000;0.000000;46.855062
4281;212.000000;2.000000;-30.000000;-46.855062;0.000000;0.000000;0.000000;0.000000;0.000000;46.855062
4282;212.000000;2.000000;30.000000;46.855062;0.000000;0.000000;0.000000;0.000000;0.000000;46.855062
4283;212.000000;6.000000;-30.000000;-46.855062;0.000000;0.000000;0.000000;0.000000;0.000000;46.855062
4284;212.000000;6.000000;30.000000;46.855062;0.000000;0.000000;0.000000;0.000000;0.000000;46.855062
4285;212.000000;10.000000;-30.000000;-46.855062;0.000000;0.000000;0.000000;0.000000;0.000000;46.855062
4286;212.000000;10.000000;30.000000;46.855062;0.000000;0.000000;0.000000;0.000000;0.000000;46.855062
4287;212.000000;14.000000;-30.000000;-46.855062;0.000000;0.000000;0.000000;0.000000;0.000000;46.855062
4288;212.000000;14.000000;30.000000;46.855062;0.000000;0.000000;0.000000;0.000000;0.000000;46.855062
4289;212.000000;18.000000;-30.000000;-46.855062;0.000000;0.000000;0.000000;0.000000;0.000000;46.855062
4290;212.000000;18.000000;30.000000;46.855062;0.000000;0.000000;0.000000;0.000000;0.000000;46.855062
4291;212.000000;22.000000;-30.000000;-46.855062;0.000000;0.000000;0.000000;0.000000;0.000000;46.855062
4292;212.000000;22.000000;30.000000;46.855062;0.000000;0.000000;0.000000;0.000000;0.000000;46.855062
4293;212.000000;26.000000;-30.000000;-46.855062;0.000000;0.000000;0.000000;0.000000;0.000000;46.855062
4294;212.000000;26.000000;30.000000;46.855062;0.000000;0.000000;0.000000;0.000000;0.000000;46.855062
4295;212.000000;30.000000;-30.000000;-46.855062;0.000000;0.000000;0.000000;0.000000;0.000000;46.855062
4296;212.000000;30.000000;30.000000;46.855062;0.000000;0.000000;0.000000;0.000000;0.000000;46.855062
4297;212.000000;34.000000;-30.000000;-46.855062;0.000000;0.000000;0.000000;0.000000;0.000000;46.855062
4298;212.000000;34.000000;30.000000;46.855062;0.000000;0.000000;0.000000;0.000000;0.000000;46.855062
4299;212.000000;38.000000;-30.000000;-46.855062;0.000000;0.000000;0.000000;0.000000;0.000000;46.855062
4300;212.000000;38.000000;30.000000;46.855062;0.000000;0.000000;0.000000;0.000000;0.000000;46.855062
4301;212.000000;42.000000;-30.000000;-46.855062;0.000000;0.000000;0.000000;0.000000;0.000000;46.855062
4302;212.000000;42.000000;30.000000;46.855062;0.000000;0.000000;0.000000;0.000000;0.000000;46.855062
4303;212.000000;46.000000;-30.000000;-46.855062;0.000000;0.000000;0.000000;0.000000;0.000000;46.855062
4304;212.000000;46.000000;30.000000;46.855062;0.000000;0.000000;0.000000;0.000000;0.000000;46.855062
4305;212.000000;50.000000;-30.000000;-46.855062;0.000000;0.000000;0.000000;0.000000;0.000000;46.855062
4306;212.000000;50.000000;-26.000000;-40.607720;0.000000;0.000000;0.000000;0.000000;0.000000;40.607720
4307;212.000000;50.000000;-22.000000;-34.360379;0.000000;0.000000;0.000000;0.000000;0.000000;34.360379
4308;212.000000;50.000000;-18.000000;-28.113037;0.000000;0.000000;0.000000;0.000000;0.000000;28.113037
4309;212.000000;50.000000;-14.000000;-21.865695;0.000000;0.000000;0.000000;0.000000;0.000000;21.865695
4310;212.000000;50.000000;-10.000000;-15.618354;0.000000;0.000000;0.000000;0.000000;0.000000;15.618354
4311;212.000000;50.000000;-6.000000;-9.371012;0.000000;0.000000;0.000000;0.000000;0.000000;9.371012
4312;212.000000;50.000000;-2.000000;-3.123671;0.000000;0.000000;0.000000;0.000000;0.000000;3.123671
4313;212.000000;50.000000;2.000000;3.123671;0.000000;0.000000;0.000000;0.000000;0.000000;3.123671
4314;212.000000;50.000000;6.000000;9.371012;0.000000;0.000000;0.000000;0.000000;0.000000;9.371012
4315;212.000000;50.000000;10.000000;15.618354;0.000000;0.000000;0.000000;0.000000;0.000000;15.618354
4316;212.000000;50.000000;14.000000;21.865695;0.000000;0.000000;0.000000;0.000000;0.000000;21.865695
4317;212.000000;50.000000;18.000000;28.113037;0.000000;0.000000;0.000000;0.000000;0.000000;28.113037
4318;212.000000;50.000000;22.000000;34.360379;0.000000;0.000000;0.000000;0.000000;0.000000;34.360379
4319;212.000000;50.000000;26.000000;40.607720;0.000000;0.000000;0.000000;0.000000;0.000000;40.607720
4320;212.000000;50.000000;30.000000;46.855062;0.000000;0.000000;0.000000;0.000000;0.000000;46.855062
4321;216.000000;-50.000000;-30.000000;-45.858145;0.000000;0.000000;0.000000;0.000000;0.000000;45.858145
4322;216.000000;-50.000000;-26.000000;-39.743726;0.000000;0.000000;0.000000;0.000000;0.000000;39.743726
4323;216.000000;-50.000000;-22.000000;-33.629307;0.000000;0.000000;0.000000;0.000000;0.000000;33.629307
4324;216.000000;-50.000000;-18.000000;-27.514887;0.000000;0.000000;0.000000;0.000000;0.000000;27.514887
4325;216.000000;-50.000000;-14.000000;-21.400468;0.000000;0.000000;0.000000;0.000000;0.000000;21.400468
4326;216.000000;-50.000000;-10.000000;-15.286048;0.000000;0.000000;0.000000;0.000000;0.000000;15.286048
4327;216.000000;-50.000000;-6.000000;-9.171629;0.000000;0.000000;0.000000;0.000000;0.000000;9.171629
4328;216.000000;-50.000000;-2.000000;-3.057210;0.000000;0.000000;0.000000;0.000000;0.000000;3.057210
4329;216.000000;-50.000000;2.000000;3.057210;0.000000;0.000000;0.000000;0.000000;0.000000;3.057210
4330;216.000000;-50.000000;6.000000;9.171629;0.000000;0.000000;0.000000;0.000000;0.000000;9.171629
4331;216.000000;-50.000000;10.000000;15.286048;0.000000;0.000000;0.000000;0.000000;0.000000;15.286048
4332;216.000000;-50.000000;14.000000;21.400468;0.000000;0.000000;0.000000;0.000000;0.000000;21.400468
4333;216.000000;-50.000000;18.000000;27.514887;0.000000;0.000000;0.000000;0.000000;0.000000;27.514887
4334;216.000000;-50.000000;22.000000;33.629307;0.000000;0.000000;0.000000;0.000000;0.000000;33.629307
4335;216.000000;-50.000000;26.000000;39.743726;0.000000;0.000000;0.000000;0.000000;0.000000;39.743726
4336;216.000000;-50.000000;30.000000;45.858145;0.000000;0.000000;0.000000;0.000000;0.000000;45.858145
4337;216.000000;-46.000000;-30.000000;-45.858145;0.000000;0.000000;0.000000;0.000000;0.000000;45.858145
4338;216.000000;-46.000000;30.000000;45.858145;0.000000;0.000000;0.000000;0.000000;0.000000;45.858145
4339;216.000000;-42.000000;-30.000000;-45.858145;0.000000;0.000000;0.000000;0.000000;0.000000;45.858145
4340;216.000000;-42.000000;30.000000;45.858145;0.000000;0.000000;0.000000;0.000000;0.000000;45.858145
4341;216.000000;-38.000000;-30.000000;-45.858145;0.000000;0.000000;0.000000;0.000000;0.000000;45.858145
4342;216.000000;-38.000000;30.000000;45.858145;0.000000;0.000000;0.000000;0.000000;0.000000;45.858145
4343;216.000000;-34.000000;-30.000000;-45.858145;0.000000;0.000000;0.000000;0.000000;0.000000;45.858145
4344;216.000000;-34.000000;30.000000;45.858145;0.000000;0.000000;0.000000;0.000000;0.000000;45.858145
4345;216.000000;-30.000000;-30.000000;-45.858145;0.000000;0.000000;0.000000;0.000000;0.000000;45.858145
4346;216.000000;-30.000000;30.000000;45.858145;0.000000;0.000000;0.000000;0.000000;0.000000;45.858145
4347;216.000000;-26.000000;-30.000000;-45.858145;0.000000;0.000000;0.000000;0.000000;0.000000;45.858145
4348;216.000000;-26.000000;30.000000;45.858145;0.000000;0.000000;0.000000;0.000000;0.000000;45.858145
4349;216.000000;-22.000000;-30.000000;-45.858145;0.000000;0.000000;0.000000;0.000000;0.000000;45.858145
4350;216.000000;-22.000000;30.000000;45.858145;0.000000;0.000000;0.000000;0.000000;0.000000;45.858145
4351;216.000000;-18.000000;-30.000000;-45.858145;0.000000;0.000000;0.000000;0.000000;0.000000;45.858145
4352;216.000000;-18.000000;30.000000;45.858145;0.000000;0.000000;0.000000;0.000000;0.000000;45.858145
4353;216.000000;-14.000000;-30.000000;-45.858145;0.000000;0.000000;0.000000;0.000000;0.000000;45.858145
4354;216.000000;-14.000000;30.000000;45.858145;0.000000;0.000000;0.000000;0.000000;0.000000;45.858145
4355;216.000000;-10.000000;-30.000000;-45.858145;0.000000;0.000000;0.000000;0.000000;0.000000;45.858145
4356;216.000000;-10.000000;30.000000;45.858145;0.000000;0.000000;0.000000;0.000000;0.000000;45.858145
4357;216.000000;-6.000000;-30.000000;-45.858145;0.000000;0.000000;0.000000;0.000000;0.000000;45.858145
4358;216.000000;-6.000000;30.000000;45.858145;0.000000;0.000000;0.000000;0.000000;0.000000;45.858145
4359;216.000000;-2.000000;-30.000000;-45.858145;0.000000;0.000000;0.000000;0.000000;0.000000;45.858145
4360;216.000000;-2.000000;30.000000;45.858145;0.000000;0.000000;0.000000;0.000000;0.000000;45.858145
4361;216.000000;2.000000;-30.000000;-45.858145;0.000000;0.000000;0.000000;0.000000;0.000000;45.858145
4362;216.000000;2.000000;30.000000;45.858145;0.000000;0.000000;0.000000;0.000000;0.000000;45.858145
4363;216.000000;6.000000;-30.000000;-45.858145;0.000000;0.000000;0.000000;0.000000;0.000000;45.858145
4364;216.000000;6.000000;30.000000;45.858145;0.000000;0.000000;0.000000;0.000000;0.000000;45.858145
4365;216.000000;10.000000;-30.000000;-45.858145;0.000000;0.000000;0.000000;0.000000;0.000000;45.858145
4366;216.000000;10.000000;30.000000;45.858145;0.000000;0.000000;0.000000;0.000000;0.000000;45.858145
4367;216.000000;14.000000;-30.000000;-45.858145;0.000000;0.000000;0.000000;0.000000;0.000000;45.858145
4368;216.000000;14.000000;30.000000;45.858145;0.000000;0.000000;0.000000;0.000000;0.000000;45.858145
4369;216.000000;18.000000;-30.000000;-45.858145;0.000000;0.000000;0.000000;0.000000;0.000000;45.858145
4370;216.000000;18.000000;30.000000;45.858145;0.000000;0.000000;0.000000;0.000000;0.000000;45.858145
4371;216.000000;22.000000;-30.000000;-45.858145;0.000000;0.000000;0.000000;0.000000;0.000000;45.858145
4372;216.000000;22.000000;30.000000;45.858145;0.000000;0.000000;0.000000;0.000000;0.000000;45.858145
4373;216.000000;26.000000;-30.000000;-45.858145;0.000000;0.000000;0.000000;0.000000;0.000000;45.858145
4374;216.000000;26.000000;30.000000;45.858145;0.000000;0.000000;0.000000;0.000000;0.000000;45.858145
4375;216.000000;30.000000;-30.000000;-45.858145;0.000000;0.000000;0.000000;0.000000;0.000000;45.858145
4376;216.000000;30.000000;30.000000;45.858145;0.000000;0.000000;0.000000;0.000000;0.000000;45.858145
4377;216.000000;34.000000;-30.000000;-45.858145;0.000000;0.000000;0.000000;0.000000;0.000000;45.858145
4378;216.000000;34.000000;30.000000;45.858145;0.000000;0.000000;0.000000;0.000000;0.000000;45.858145
4379;216.000000;38.000000;-30.000000;-45.858145;0.000000;0.000000;0.000000;0.000000;0.000000;45.858145
4380;216.000000;38.000000;30.000000;45.858145;0.000000;0.000000;0.000000;0.000000;0.000000;45.858145
4381;216.000000;42.000000;-30.000000;-45.858145;0.000000;0.000000;0.000000;0.000000;0.000000;45.858145
4382;216.000000;42.000000;30.000000;45.858145;0.000000;0.000000;0.000000;0.000000;0.000000;45.858145
4383;216.000000;46.000000;-30.000000;-45.858145;0.000000;0.000000;0.000000;0.000000;0.000000;45.858145
4384;216.000000;46.000000;30.000000;45.858145;0.000000;0.000000;0.000000;0.000000;0.000000;45.858145
4385;216.000000;50.000000;-30.000000;-45.858145;0.000000;0.000000;0.000000;0.000000;0.000000;45.858145
4386;216.000000;50.000000;-26.000000;-39.743726;0.000000;0.000000;0.000000;0.000000;0.000000;39.743726
4387;216.000000;50.000000;-22.000000;-33.629307;0.000000;0.000000;0.000000;0.000000;0.000000;33.629307
4388;216.000000;50.000000;-18.000000;-27.514887;0.000000;0.000000;0.000000;0.000000;0.000000;27.514887
4389;216.000000;50.000000;-14.000000;-21.400468;0.000000;0.000000;0.000000;0.000000;0.000000;21.400468
4390;216.000000;50.000000;-10.000000;-15.286048;0.000000;0.000000;0.000000;0.000000;0.000000;15.286048
4391;216.000000;50.000000;-6.000000;-9.171629;0.000000;0.000000;0.000000;0.000000;0.000000;9.171629
4392;216.000000;50.000000;-2.000000;-3.057210;0.000000;0.000000;0.000000;0.000000;0.000000;3.057210
4393;216.000000;50.000000;2.000000;3.057210;0.000000;0.000000;0.000000;0.000000;0.000000;3.057210
4394;216.000000;50.000000;6.000000;9.171629;0.000000;0.000000;0.000000;0.000000;0.000000;9.171629
4395;216.000000;50.000000;10.000000;15.286048;0.000000;0.000000;0.000000;0.000000;0.000000;15.286048
4396;216.000000;50.000000;14.000000;21.400468;0.000000;0.000000;0.000000;0.000000;0.000000;21.400468
4397;216.000000;50.000000;18.000000;27.514887;0.000000;0.000000;0.000000;0.000000;0.000000;27.514887
4398;216.000000;50.000000;22.000000;33.629307;0.000000;0.000000;0.000000;0.000000;0.000000;33.629307
4399;216.000000;50.000000;26.000000;39.743726;0.000000;0.000000;0.000000;0.000000;0.000000;39.743726
4400;216.000000;50.000000;30.000000;45.858145;0.000000;0.000000;0.000000;0.000000;0.000000;45.858145
4401;220.000000;-50.000000;-30.000000;-44.861229;0.000000;0.000000;0.000000;0.000000;0.000000;44.861229
4402;220.000000;-50.000000;-26.000000;-38.879732;0.000000;0.000000;0.000000;0.000000;0.000000;38.879732
4403;220.000000;-50.000000;-22.000000;-32.898235;0.000000;0.000000;0.000000;0.000000;0.000000;32.898235
4404;220.000000;-50.000000;-18.000000;-26.916738;0.000000;0.000000;0.000000;0.000000;0.000000;26.916738
4405;220.000000;-50.000000;-14.000000;-20.935240;0.000000;0.000000;0.000000;0.000000;0.000000;20.935240
4406;220.000000;-50.000000;-10.000000;-14.953743;0.000000;0.000000;0.000000;0.000000;0.000000;14.953743
4407;220.000000;-50.000000;-6.000000;-8.972246;0.000000;0.000000;0.000000;0.000000;0.000000;8.972246
4408;220.000000;-50.000000;-2.000000;-2.990749;0.000000;0.000000;0.000000;0.000000;0.000000;2.990749
4409;220.000000;-50.000000;2.000000;2.990749;0.000000;0.000000;0.000000;0.000000;0.000000;2.990749
4410;220.000000;-50.000000;6.000000;8.972246;0.000000;0.000000;0.000000;0.000000;0.000000;8.972246
4411;220.000000;-50.000000;10.000000;14.953743;0.000000;0.000000;0.000000;0.000000;0.000000;14.953743
4412;220.000000;-50.000000;14.000000;20.935240;0.000000;0.000000;0.000000;0.000000;0.000000;20.935240
4413;220.000000;-50.000000;18.000000;26.916738;0.000000;0.000000;0.000000;0.000000;0.000000;26.916738
4414;220.000000;-50.000000;22.000000;32.898235;0.000000;0.000000;0.000000;0.000000;0.000000;32.898235
4415;220.000000;-50.000000;26.000000;38.879732;0.000000;0.000000;0.000000;0.000000;0.000000;38.879732
4416;220.000000;-50.000000;30.000000;44.861229;0.000000;0.000000;0.000000;0.000000;0.000000;44.861229
4417;220.000000;-46.000000;-30.000000;-44.861229;0.000000;0.000000;0.000000;0.000000;0.000000;44.861229
4418;220.000000;-46.000000;30.000000;44.861229;0.000000;0.000000;0.000000;0.000000;0.000000;44.861229
4419;220.000000;-42.000000;-30.000000;-44.861229;0.000000;0.000000;0.000000;0.000000;0.000000;44.861229
4420;220.000000;-42.000000;30.000000;44.861229;0.000000;0.000000;0.000000;0.000000;0.000000;44.861229
4421;220.000000;-38.000000;-30.000000;-44.861229;0.000000;0.000000;0.000000;0.000000;0.000000;44.861229
4422;220.000000;-38.000000;30.000000;44.861229;0.000000;0.000000;0.000000;0.000000;0.000000;44.861229
4423;220.000000;-34.000000;-30.000000;-44.861229;0.000000;0.000000;0.000000;0.000000;0.000000;44.861229
4424;220.000000;-34.000000;30.000000;44.861229;0.000000;0.000000;0.000000;0.000000;0.000000;44.861229
4425;220.000000;-30.000000;-30.000000;-44.861229;0.000000;0.000000;0.000000;0.000000;0.000000;44.861229
4426;220.000000;-30.000000;30.000000;44.861229;0.000000;0.000000;0.000000;0.000000;0.000000;44.861229
4427;220.000000;-26.000000;-30.000000;-44.861229;0.000000;0.000000;0.000000;0.000000;0.000000;44.861229
4428;220.000000;-26.000000;30.000000;44.861229;0.000000;0.000000;0.000000;0.000000;0.000000;44.861229
4429;220.000000;-22.000000;-30.000000;-44.861229;0.000000;0.000000;0.000000;0.000000;0.000000;44.861229
4430;220.000000;-22.000000;30.000000;44.861229;0.000000;0.000000;0.000000;0.000000;0.000000;44.861229
4431;220.000000;-18.000000;-30.000000;-44.861229;0.000000;0.000000;0.000000;0.000000;0.000000;44.861229
4432;220.000000;-18.000000;30.000000;44.861229;0.000000;0.000000;0.000000;0.000000;0.000000;44.861229
4433;220.000000;-14.000000;-30.000000;-44.861229;0.000000;0.000000;0.000000;0.000000;0.000000;44.861229
4434;220.000000;-14.000000;30.000000;44.861229;0.000000;0.000000;0.000000;0.000000;0.000000;44.861229
4435;220.000000;-10.000000;-30.000000;-44.861229;0.000000;0.000000;0.000000;0.000000;0.000000;44.861229
4436;220.000000;-10.000000;30.000000;44.861229;0.000000;0.000000;0.000000;0.000000;0.000000;44.861229
4437;220.000000;-6.000000;-30.000000;-44.861229;0.000000;0.000000;0.000000;0.000000;0.000000;44.861229
4438;220.000000;-6.000000;30.000000;44.861229;0.000000;0.000000;0.000000;0.000000;0.000000;44.861229
4439;220.000000;-2.000000;-30.000000;-44.861229;0.000000;0.000000;0.000000;0.000000;0.000000;44.861229
4440;220.000000;-2.000000;30.000000;44.861229;0.000000;0.000000;0.000000;0.000000;0.000000;44.861229
4441;220.000000;2.000000;-30.000000;-44.861229;0.000000;0.000000;0.000000;0.000000;0.000000;44.861229
4442;220.000000;2.000000;30.000000;44.861229;0.000000;0.000000;0.000000;0.000000;0.000000;44.861229
4443;220.000000;6.000000;-30.000000;-44.861229;0.000000;0.000000;0.000000;0.000000;0.000000;44.861229
4444;220.000000;6.000000;30.000000;44.861229;0.000000;0.000000;0.000000;0.000000;0.000000;44.861229
4445;220.000000;10.000000;-30.000000;-44.861229;0.000000;0.000000;0.000000;0.000000;0.000000;44.861229
4446;220.000000;10.000000;30.000000;44.861229;0.000000;0.000000;0.000000;0.000000;0.000000;44.861229
4447;220.000000;14.000000;-30.000000;-44.861229;0.000000;0.000000;0.000000;0.000000;0.000000;44.861229
4448;220.000000;14.000000;30.000000;44.861229;0.000000;0.000000;0.000000;0.000000;0.000000;44.861229
4449;220.000000;18.000000;-30.000000;-44.861229;0.000000;0.000000;0.000000;0.000000;0.000000;44.861229
4450;220.000000;18.000000;30.000000;44.861229;0.000000;0.000000;0.000000;0.000000;0.000000;44.861229
4451;220.000000;22.000000;-30.000000;-44.861229;0.000000;0.000000;0.000000;0.000000;0.000000;44.861229
4452;220.000000;22.000000;30.000000;44.861229;0.000000;0.000000;0.000000;0.000000;0.000000;44.861229
4453;220.000000;26.000000;-30.000000;-44.861229;0.000000;0.000000;0.000000;0.000000;0.000000;44.861229
4454;220.000000;26.000000;30.000000;44.861229;0.000000;0.000000;0.000000;0.000000;0.000000;44.861229
4455;220.000000;30.000000;-30.000000;-44.861229;0.000000;0.000000;0.000000;0.000000;0.000000;44.861229
4456;220.000000;30.000000;30.000000;44.861229;0.000000;0.000000;0.000000;0.000000;0.000000;44.861229
4457;220.000000;34.000000;-30.000000;-44.861229;0.000000;0.000000;0.000000;0.000000;0.000000;44.861229
4458;220.000000;34.000000;30.000000;44.861229;0.000000;0.000000;0.000000;0.000000;0.000000;44.861229
4459;220.000000;38.000000;-30.000000;-44.861229;0.000000;0.000000;0.000000;0.000000;0.000000;44.861229
4460;220.000000;38.000000;30.000000;44.861229;0.000000;0.000000;0.000000;0.000000;0.000000;44.861229
4461;220.000000;42.000000;-30.000000;-44.861229;0.000000;0.000000;0.000000;0.000000;0.000000;44.861229
4462;220.000000;42.000000;30.000000;44.861229;0.000000;0.000000;0.000000;0.000000;0.000000;44.861229
4463;220.000000;46.000000;-30.000000;-44.861229;0.000000;0.000000;0.000000;0.000000;0.000000;44.861229
4464;220.000000;46.000000;30.000000;44.861229;0.000000;0.000000;0.000000;0.000000;0.000000;44.861229
4465;220.000000;50.000000;-30.000000;-44.861229;0.000000;0.000000;0.000000;0.000000;0.000000;44.861229
4466;220.000000;50.000000;-26.000000;-38.879732;0.000000;0.000000;0.000000;0.000000;0.000000;38.879732
4467;220.000000;50.000000;-22.000000;-32.898235;0.000000;0.000000;0.000000;0.000000;0.000000;32.898235
4468;220.000000;50.000000;-18.000000;-26.916738;0.000000;0.000000;0.000000;0.000000;0.000000;26.916738
4469;220.000000;50.000000;-14.000000;-20.935240;0.000000;0.000000;0.000000;0.000000;0.000000;20.935240
4470;220.000000;50.000000;-10.000000;-14.953743;0.000000;0.000000;0.000000;0.000000;0.000000;14.953743
4471;220.000000;50.000000;-6.000000;-8.972246;0.000000;0.000000;0.000000;0.000000;0.000000;8.972246
4472;220.000000;50.000000;-2.000000;-2.990749;0.000000;0.000000;0.000000;0.000000;0.000000;2.990749
4473;220.000000;50.000000;2.000000;2.990749;0.000000;0.000000;0.000000;0.000000;0.000000;2.990749
4474;220.000000;50.000000;6.000000;8.972246;0.000000;0.000000;0.000000;0.000000;0.000000;8.972246
4475;220.000000;50.000000;10.000000;14.953743;0.000000;0.000000;0.000000;0.000000;0.000000;14.953743
4476;220.000000;50.000000;14.000000;20.935240;0.000000;0.000000;0.000000;0.000000;0.000000;20.935240
4477;220.000000;50.000000;18.000000;26.916738;0.000000;0.000000;0.000000;0.000000;0.000000;26.916738
4478;220.000000;50.000000;22.000000;32.898235;0.000000;0.000000;0.000000;0.000000;0.000000;32.898235
4479;220.000000;50.000000;26.000000;38.879732;0.000000;0.000000;0.000000;0.000000;0.000000;38.879732
4480;220.000000;50.000000;30.000000;44.861229;0.000000;0.000000;0.000000;0.000000;0.000000;44.861229
4481;224.000000;-50.000000;-30.000000;-43.864313;0.000000;0.000000;0.000000;0.000000;0.000000;43.864313
4482;224.000000;-50.000000;-26.000000;-38.015738;0.000000;0.000000;0.000000;0.000000;0.000000;38.015738
4483;224.000000;-50.000000;-22.000000;-32.167163;0.000000;0.000000;0.000000;0.000000;0.000000;32.167163
4484;224.000000;-50.000000;-18.000000;-26.318588;0.000000;0.000000;0.000000;0.000000;0.000000;26.318588
4485;224.000000;-50.000000;-14.000000;-20.470013;0.000000;0.000000;0.000000;0.000000;0.000000;20.470013
4486;224.000000;-50.000000;-10.000000;-14.621438;0.000000;0.000000;0.000000;0.000000;0.000000;14.621438
4487;224.000000;-50.000000;-6.000000;-8.772863;0.000000;0.000000;0.000000;0.000000;0.000000;8.772863
4488;224.000000;-50.000000;-2.000000;-2.924288;0.000000;0.000000;0.000000;0.000000;0.000000;2.924288
4489;224.000000;-50.000000;2.000000;2.924288;0.000000;0.000000;0.000000;0.000000;0.000000;2.924288
4490;224.000000;-50.000000;6.000000;8.772863;0.000000;0.000000;0.000000;0.000000;0.000000;8.772863
4491;224.000000;-50.000000;10.000000;14.621438;0.000000;0.000000;0.000000;0.000000;0.000000;14.621438
4492;224.000000;-50.000000;14.000000;20.470013;0.000000;0.000000;0.000000;0.000000;0.000000;20.470013
4493;224.000000;-50.000000;18.000000;26.318588;0.000000;0.000000;0.000000;0.000000;0.000000;26.318588
4494;224.000000;-50.000000;22.000000;32.167163;0.000000;0.000000;0.000000;0.000000;0.000000;32.167163
4495;224.000000;-50.000000;26.000000;38.015738;0.000000;0.000000;0.000000;0.000000;0.000000;38.015738
4496;224.000000;-50.000000;30.000000;43.864313;0.000000;0.000000;0.000000;0.000000;0.000000;43.864313
4497;224.000000;-46.000000;-30.000000;-43.864313;0.000000;0.000000;0.000000;0.000000;0.000000;43.864313
4498;224.000000;-46.000000;30.000000;43.864313;0.000000;0.000000;0.000000;0.000000;0.000000;43.864313
4499;224.000000;-42.000000;-30.000000;-43.864313;0.000000;0.000000;0.000000;0.000000;0.000000;43.864313
4500;224.000000;-42.000000;30.000000;43.864313;0.000000;0.000000;0.000000;0.000000;0.000000;43.864313
4501;224.000000;-38.000000;-30.000000;-43.864313;0.000000;0.000000;0.000000;0.000000;0.000000;43.864313
4502;224.000000;-38.000000;30.000000;43.864313;0.000000;0.000000;0.000000;0.000000;0.000000;43.864313
4503;224.000000;-34.000000;-30.000000;-43.864313;0.000000;0.000000;0.000000;0.000000;0.000000;43.864313
4504;224.000000;-34.000000;30.000000;43.864313;0.000000;0.000000;0.000000;0.000000;0.000000;43.864313
4505;224.000000;-30.000000;-30.000000;-43.864313;0.000000;0.000000;0.000000;0.000000;0.000000;43.864313
4506;224.000000;-30.000000;30.000000;43.864313;0.000000;0.000000;0.000000;0.000000;0.000000;43.864313
4507;224.000000;-26.000000;-30.000000;-43.864313;0.000000;0.000000;0.000000;0.000000;0.000000;43.864313
4508;224.000000;-26.000000;30.000000;43.864313;0.000000;0.000000;0.000000;0.000000;0.000000;43.864313
4509;224.000000;-22.000000;-30.000000;-43.864313;0.000000;0.000000;0.000000;0.000000;0.000000;43.864313
4510;224.000000;-22.000000;30.000000;43.864313;0.000000;0.000000;0.000000;0.000000;0.000000;43.864313
4511;224.000000;-18.000000;-30.000000;-43.864313;0.000000;0.000000;0.000000;0.000000;0.000000;43.864313
4512;224.000000;-18.000000;30.000000;43.864313;0.000000;0.000000;0.000000;0.000000;0.000000;43.864313
4513;224.000000;-14.000000;-30.000000;-43.864313;0.000000;0.000000;0.000000;0.000000;0.000000;43.864313
4514;224.000000;-14.000000;30.000000;43.864313;0.000000;0.000000;0.000000;0.000000;0.000000;43.864313
4515;224.000000;-10.000000;-30.000000;-43.864313;0.000000;0.000000;0.000000;0.000000;0.000000;43.864313
4516;224.000000;-10.000000;30.000000;43.864313;0.000000;0.000000;0.000000;0.000000;0.000000;43.864313
4517;224.000000;-6.000000;-30.000000;-43.864313;0.000000;0.000000;0.000000;0.000000;0.000000;43.864313
4518;224.000000;-6.000000;30.000000;43.864313;0.000000;0.000000;0.000000;0.000000;0.000000;43.864313
4519;224.000000;-2.000000;-30.000000;-43.864313;0.000000;0.000000;0.000000;0.000000;0.000000;43.864313
4520;224.000000;-2.000000;30.000000;43.864313;0.000000;0.000000;0.000000;0.000000;0.000000;43.864313
4521;224.000000;2.000000;-30.000000;-43.864313;0.000000;0.000000;0.000000;0.000000;0.000000;43.864313
4522;224.000000;2.000000;30.000000;43.864313;0.000000;0.000000;0.000000;0.000000;0.000000;43.864313
4523;224.000000;6.000000;-30.000000;-43.864313;0.000000;0.000000;0.000000;0.000000;0.000000;43.864313
4524;224.000000;6.000000;30.000000;43.864313;0.000000;0.000000;0.000000;0.000000;0.000000;43.864313
4525;224.000000;10.000000;-30.000000;-43.864313;0.000000;0.000000;0.000000;0.000000;0.000000;43.864313
4526;224.000000;10.000000;30.000000;43.864313;0.000000;0.000000;0.000000;0.000000;0.000000;43.864313
4527;224.000000;14.000000;-30.000000;-43.864313;0.000000;0.000000;0.000000;0.000000;0.000000;43.864313
4528;224.000000;14.000000;30.000000;43.864313;0.000000;0.000000;0.000000;0.000000;0.000000;43.864313
4529;224.000000;18.000000;-30.000000;-43.864313;0.000000;0.000000;0.000000;0.000000;0.000000;43.864313
4530;224.000000;18.000000;30.000000;43.864313;0.000000;0.000000;0.000000;0.000000;0.000000;43.864313
4531;224.000000;22.000000;-30.000000;-43.864313;0.000000;0.000000;0.000000;0.000000;0.000000;43.864313
4532;224.000000;22.000000;30.000000;43.864313;0.000000;0.000000;0.000000;0.000000;0.000000;43.864313
4533;224.000000;26.000000;-30.000000;-43.864313;0.000000;0.000000;0.000000;0.000000;0.000000;43.864313
4534;224.000000;26.000000;30.000000;43.864313;0.000000;0.000000;0.000000;0.000000;0.000000;43.864313
4535;224.000000;30.000000;-30.000000;-43.864313;0.000000;0.000000;0.000000;0.000000;0.000000;43.864313
4536;224.000000;30.000000;30.000000;43.864313;0.000000;0.000000;0.000000;0.000000;0.000000;43.864313
4537;224.000000;34.000000;-30.000000;-43.864313;0.000000;0.000000;0.000000;0.000000;0.000000;43.864313
4538;224.000000;34.000000;30.000000;43.864313;0.000000;0.000000;0.000000;0.000000;0.000000;43.864313
4539;224.000000;38.000000;-30.000000;-43.864313;0.000000;0.000000;0.000000;0.000000;0.000000;43.864313
4540;224.000000;38.000000;30.000000;43.864313;0.000000;0.000000;0.000000;0.000000;0.000000;43.864313
4541;224.000000;42.000000;-30.000000;-43.864313;0.000000;0.000000;0.000000;0.000000;0.000000;43.864313
4542;224.000000;42.000000;30.000000;43.864313;0.000000;0.000000;0.000000;0.000000;0.000000;43.864313
4543;224.000000;46.000000;-30.000000;-43.864313;0.000000;0.000000;0.000000;0.000000;0.000000;43.864313
4544;224.000000;46.000000;30.000000;43.864313;0.000000;0.000000;0.000000;0.000000;0.000000;43.864313
4545;224.000000;50.000000;-30.000000;-43.864313;0.000000;0.000000;0.000000;0.000000;0.000000;43.864313
4546;224.000000;50.000000;-26.000000;-38.015738;0.000000;0.000000;0.000000;0.000000;0.000000;38.015738
4547;224.000000;50.000000;-22.000000;-32.167163;0.000000;0.000000;0.000000;0.000000;0.000000;32.167163
4548;224.000000;50.000000;-18.000000;-26.318588;0.000000;0.000000;0.000000;0.000000;0.000000;26.318588
4549;224.000000;50.000000;-14.000000;-20.470013;0.000000;0.000000;0.000000;0.000000;0.000000;20.470013
4550;224.000000;50.000000;-10.000000;-14.621438;0.000000;0.000000;0.000000;0.000000;0.000000;14.621438
4551;224.000000;50.000000;-6.000000;-8.772863;0.000000;0.000000;0.000000;0.000000;0.000000;8.772863
4552;224.000000;50.000000;-2.000000;-2.924288;0.000000;0.000000;0.000000;0.000000;0.000000;2.924288
4553;224.000000;50.000000;2.000000;2.924288;0.000000;0.000000;0.000000;0.000000;0.000000;2.924288
4554;224.000000;50.000000;6.000000;8.772863;0.000000;0.000000;0.000000;0.000000;0.000000;8.772863
4555;224.000000;50.000000;10.000000;14.621438;0.000000;0.000000;0.000000;0.000000;0.000000;14.621438
4556;224.000000;50.000000;14.000000;20.470013;0.000000;0.000000;0.000000;0.000000;0.000000;20.470013
4557;224.000000;50.000000;18.000000;26.318588;0.000000;0.000000;0.000000;0.000000;0.000000;26.318588
4558;224.000000;50.000000;22.000000;32.167163;0.000000;0.000000;0.000000;0.000000;0.000000;32.167163
4559;224.000000;50.000000;26.000000;38.015738;0.000000;0.000000;0.000000;0.000000;0.000000;38.015738
4560;224.000000;50.000000;30.000000;43.864313;0.000000;0.000000;0.000000;0.000000;0.000000;43.864313
4561;228.000000;-50.000000;-30.000000;-42.867397;0.000000;0.000000;0.000000;0.000000;0.000000;42.867397
4562;228.000000;-50.000000;-26.000000;-37.151744;0.000000;0.000000;0.000000;0.000000;0.000000;37.151744
4563;228.000000;-50.000000;-22.000000;-31.436091;0.000000;0.000000;0.000000;0.000000;0.000000;31.436091
4564;228.000000;-50.000000;-18.000000;-25.720438;0.000000;0.000000;0.000000;0.000000;0.000000;25.720438
4565;228.000000;-50.000000;-14.000000;-20.004785;0.000000;0.000000;0.000000;0.000000;0.000000;20.004785
4566;228.000000;-50.000000;-10.000000;-14.289132;0.000000;0.000000;0.000000;0.000000;0.000000;14.289132
4567;228.000000;-50.000000;-6.000000;-8.573479;0.000000;0.000000;0.000000;0.000000;0.000000;8.573479
4568;228.000000;-50.000000;-2.000000;-2.857826;0.000000;0.000000;0.000000;0.000000;0.000000;2.857826
4569;228.000000;-50.000000;2.000000;2.857826;0.000000;0.000000;0.000000;0.000000;0.000000;2.857826
4570;228.000000;-50.000000;6.000000;8.573479;0.000000;0.000000;0.000000;0.000000;0.000000;8.573479
4571;228.000000;-50.000000;10.000000;14.289132;0.000000;0.000000;0.000000;0.000000;0.000000;14.289132
4572;228.000000;-50.000000;14.000000;20.004785;0.000000;0.000000;0.000000;0.000000;0.000000;20.004785
4573;228.000000;-50.000000;18.000000;25.720438;0.000000;0.000000;0.000000;0.000000;0.000000;25.720438
4574;228.000000;-50.000000;22.000000;31.436091;0.000000;0.000000;0.000000;0.000000;0.000000;31.436091
4575;228.000000;-50.000000;26.000000;37.151744;0.000000;0.000000;0.000000;0.000000;0.000000;37.151744
4576;228.000000;-50.000000;30.000000;42.867397;0.000000;0.000000;0.000000;0.000000;0.000000;42.867397
4577;228.000000;-46.000000;-30.000000;-42.867397;0.000000;0.000000;0.000000;0.000000;0.000000;42.867397
4578;228.000000;-46.000000;30.000000;42.867397;0.000000;0.000000;0.000000;0.000000;0.000000;42.867397
4579;228.000000;-42.000000;-30.000000;-42.867397;0.000000;0.000000;0.000000;0.000000;0.000000;42.867397
4580;228.000000;-42.000000;30.000000;42.867397;0.000000;0.000000;0.000000;0.000000;0.000000;42.867397
4581;228.000000;-38.000000;-30.000000;-42.867397;0.000000;0.000000;0.000000;0.000000;0.000000;42.867397
4582;228.000000;-38.000000;30.000000;42.867397;0.000000;0.000000;0.000000;0.000000;0.000000;42.867397
4583;228.000000;-34.000000;-30.000000;-42.867397;0.000000;0.000000;0.000000;0.000000;0.000000;42.867397
4584;228.000000;-34.000000;30.000000;42.867397;0.000000;0.000000;0.000000;0.000000;0.000000;42.867397
4585;228.000000;-30.000000;-30.000000;-42.867397;0.000000;0.000000;0.000000;0.000000;0.000000;42.867397
4586;228.000000;-30.000000;30.000000;42.867397;0.000000;0.000000;0.000000;0.000000;0.000000;42.867397
4587;228.000000;-26.000000;-30.000000;-42.867397;0.000000;0.000000;0.000000;0.000000;0.000000;42.867397
4588;228.000000;-26.000000;30.000000;42.867397;0.000000;0.000000;0.000000;0.000000;0.000000;42.867397
4589;228.000000;-22.000000;-30.000000;-42.867397;0.000000;0.000000;0.000000;0.000000;0.000000;42.867397
4590;228.000000;-22.000000;30.000000;42.867397;0.000000;0.000000;0.000000;0.000000;0.000000;42.867397
4591;228.000000;-18.000000;-30.000000;-42.867397;0.000000;0.000000;0.000000;0.000000;0.000000;42.867397
4592;228.000000;-18.000000;30.000000;42.867397;0.000000;0.000000;0.000000;0.000000;0.000000;42.867397
4593;228.000000;-14.000000;-30.000000;-42.867397;0.000000;0.000000;0.000000;0.000000;0.000000;42.867397
4594;228.000000;-14.000000;30.000000;42.867397;0.000000;0.000000;0.000000;0.000000;0.000000;42.867397
4595;228.000000;-10.000000;-30.000000;-42.867397;0.000000;0.000000;0.000000;0.000000;0.000000;42.867397
4596;228.000000;-10.000000;30.000000;42.867397;0.000000;0.000000;0.000000;0.000000;0.000000;42.867397
4597;228.000000;-6.000000;-30.000000;-42.867397;0.000000;0.000000;0.000000;0.000000;0.000000;42.867397
4598;228.000000;-6.000000;30.000000;42.867397;0.000000;0.000000;0.000000;0.000000;0.000000;42.867397
4599;228.000000;-2.000000;-30.000000;-42.867397;0.000000;0.000000;0.000000;0.000000;0.000000;42.867397
4600;228.000000;-2.000000;30.000000;42.867397;0.000000;0.000000;0.000000;0.000000;0.000000;42.867397
4601;228.000000;2.000000;-30.000000;-42.867397;0.000000;0.000000;0.000000;0.000000;0.000000;42.867397
4602;228.000000;2.000000;30.000000;42.867397;0.000000;0.000000;0.000000;0.000000;0.000000;42.867397
4603;228.000000;6.000000;-30.000000;-42.867397;0.000000;0.000000;0.000000;0.000000;0.000000;42.867397
4604;228.000000;6.000000;30.000000;42.867397;0.000000;0.000000;0.000000;0.000000;0.000000;42.867397
4605;228.000000;10.000000;-30.000000;-42.867397;0.000000;0.000000;0.000000;0.000000;0.000000;42.867397
4606;228.000000;10.000000;30.000000;42.867397;0.000000;0.000000;0.000000;0.000000;0.000000;42.867397
4607;228.000000;14.000000;-30.000000;-42.867397;0.000000;0.000000;0.000000;0.000000;0.000000;42.867397
4608;228.000000;14.000000;30.000000;42.867397;0.000000;0.000000;0.000000;0.000000;0.000000;42.867397
4609;228.000000;18.000000;-30.000000;-42.867397;0.000000;0.000000;0.000000;0.000000;0.000000;42.867397
4610;228.000000;18.000000;30.000000;42.867397;0.000000;0.000000;0.000000;0.000000;0.000000;42.867397
4611;228.000000;22.000000;-30.000000;-42.867397;0.000000;0.000000;0.000000;0.000000;0.000000;42.867397
4612;228.000000;22.000000;30.000000;42.867397;0.000000;0.000000;0.000000;0.000000;0.000000;42.867397
4613;228.000000;26.000000;-30.000000;-42.867397;0.000000;0.000000;0.000000;0.000000;0.000000;42.867397
4614;228.000000;26.000000;30.000000;42.867397;0.000000;0.000000;0.000000;0.000000;0.000000;42.867397
4615;228.000000;30.000000;-30.000000;-42.867397;0.000000;0.000000;0.000000;0.000000;0.000000;42.867397
4616;228.000000;30.000000;30.000000;42.867397;0.000000;0.000000;0.000000;0.000000;0.000000;42.867397
4617;228.000000;34.000000;-30.000000;-42.867397;0.000000;0.000000;0.000000;0.000000;0.000000;42.867397
4618;228.000000;34.000000;30.000000;42.867397;0.000000;0.000000;0.000000;0.000000;0.000000;42.867397
4619;228.000000;38.000000;-30.000000;-42.867397;0.000000;0.000000;0.000000;0.000000;0.000000;42.867397
4620;228.000000;38.000000;30.000000;42.867397;0.000000;0.000000;0.000000;0.000000;0.000000;42.867397
4621;228.000000;42.000000;-30.000000;-42.867397;0.000000;0.000000;0.000000;0.000000;0.000000;42.867397
4622;228.000000;42.000000;30.000000;42.867397;0.000000;0.000000;0.000000;0.000000;0.000000;42.867397
4623;228.000000;46.000000;-30.000000;-42.867397;0.000000;0.000000;0.000000;0.000000;0.000000;42.867397
4624;228.000000;46.000000;30.000000;42.867397;0.000000;0.000000;0.000000;0.000000;0.000000;42.867397
4625;228.000000;50.000000;-30.000000;-42.867397;0.000000;0.000000;0.000000;0.000000;0.000000;42.867397
4626;228.000000;50.000000;-26.000000;-37.151744;0.000000;0.000000;0.000000;0.000000;0.000000;37.151744
4627;228.000000;50.000000;-22.000000;-31.436091;0.000000;0.000000;0.000000;0.000000;0.000000;31.436091
4628;228.000000;50.000000;-18.000000;-25.720438;0.000000;0.000000;0.000000;0.000000;0.000000;25.720438
4629;228.000000;50.000000;-14.000000;-20.004785;0.000000;0.000000;0.000000;0.000000;0.000000;20.004785
4630;228.000000;50.000000;-10.000000;-14.289132;0.000000;0.000000;0.000000;0.000000;0.000000;14.289132
4631;228.000000;50.000000;-6.000000;-8.573479;0.000000;0.000000;0.000000;0.000000;0.000000;8.573479
4632;228.000000;50.000000;-2.000000;-2.857826;0.000000;0.000000;0.000000;0.000000;0.000000;2.857826
4633;228.000000;50.000000;2.000000;2.857826;0.000000;0.000000;0.000000;0.000000;0.000000;2.857826
4634;228.000000;50.000000;6.000000;8.573479;0.000000;0.000000;0.000000;0.000000;0.000000;8.573479
4635;228.000000;50.000000;10.000000;14.289132;0.000000;0.000000;0.000000;0.000000;0.000000;14.289132
4636;228.000000;50.000000;14.000000;20.004785;0.000000;0.000000;0.000000;0.000000;0.000000;20.004785
4637;228.000000;50.000000;18.000000;25.720438;0.000000;0.000000;0.000000;0.000000;0.000000;25.720438
4638;228.000000;50.000000;22.000000;31.436091;0.000000;0.000000;0.000000;0.000000;0.000000;31.436091
4639;228.000000;50.000000;26.000000;37.151744;0.000000;0.000000;0.000000;0.000000;0.000000;37.151744
4640;228.000000;50.000000;30.000000;42.867397;0.000000;0.000000;0.000000;0.000000;0.000000;42.867397
4641;232.000000;-50.000000;-30.000000;-41.870481;0.000000;0.000000;0.000000;0.000000;0.000000;41.870481
4642;232.000000;-50.000000;-26.000000;-36.287750;0.000000;0.000000;0.000000;0.000000;0.000000;36.287750
4643;232.000000;-50.000000;-22.000000;-30.705019;0.000000;0.000000;0.000000;0.000000;0.000000;30.705019
4644;232.000000;-50.000000;-18.000000;-25.122288;0.000000;0.000000;0.000000;0.000000;0.000000;25.122288
4645;232.000000;-50.000000;-14.000000;-19.539558;0.000000;0.000000;0.000000;0.000000;0.000000;19.539558
4646;232.000000;-50.000000;-10.000000;-13.956827;0.000000;0.000000;0.000000;0.000000;0.000000;13.956827
4647;232.000000;-50.000000;-6.000000;-8.374096;0.000000;0.000000;0.000000;0.000000;0.000000;8.374096
4648;232.000000;-50.000000;-2.000000;-2.791365;0.000000;0.000000;0.000000;0.000000;0.000000;2.791365
4649;232.000000;-50.000000;2.000000;2.791365;0.000000;0.000000;0.000000;0.000000;0.000000;2.791365
4650;232.000000;-50.000000;6.000000;8.374096;0.000000;0.000000;0.000000;0.000000;0.000000;8.374096
4651;232.000000;-50.000000;10.000000;13.956827;0.000000;0.000000;0.000000;0.000000;0.000000;13.956827
4652;232.000000;-50.000000;14.000000;19.539558;0.000000;0.000000;0.000000;0.000000;0.000000;19.539558
4653;232.000000;-50.000000;18.000000;25.122288;0.000000;0.000000;0.000000;0.000000;0.000000;25.122288
4654;232.000000;-50.000000;22.000000;30.705019;0.000000;0.000000;0.000000;0.000000;0.000000;30.705019
4655;232.000000;-50.000000;26.000000;36.287750;0.000000;0.000000;0.000000;0.000000;0.000000;36.287750
4656;232.000000;-50.000000;30.000000;41.870481;0.000000;0.000000;0.000000;0.000000;0.000000;41.870481
4657;232.000000;-46.000000;-30.000000;-41.870481;0.000000;0.000000;0.000000;0.000000;0.000000;41.870481
4658;232.000000;-46.000000;30.000000;41.870481;0.000000;0.000000;0.000000;0.000000;0.000000;41.870481
4659;232.000000;-42.000000;-30.000000;-41.870481;0.000000;0.000000;0.000000;0.000000;0.000000;41.870481
4660;232.000000;-42.000000;30.000000;41.870481;0.000000;0.000000;0.000000;0.000000;0.000000;41.870481
4661;232.000000;-38.000000;-30.000000;-41.870481;0.000000;0.000000;0.000000;0.000000;0.000000;41.870481
4662;232.000000;-38.000000;30.000000;41.870481;0.000000;0.000000;0.000000;0.000000;0.000000;41.870481
4663;232.000000;-34.000000;-30.000000;-41.870481;0.000000;0.000000;0.000000;0.000000;0.000000;41.870481
4664;232.000000;-34.000000;30.000000;41.870481;0.000000;0.000000;0.000000;0.000000;0.000000;41.870481
4665;232.000000;-30.000000;-30.000000;-41.870481;0.000000;0.000000;0.000000;0.000000;0.000000;41.870481
4666;232.000000;-30.000000;30.000000;41.870481;0.000000;0.000000;0.000000;0.000000;0.000000;41.870481
4667;232.000000;-26.000000;-30.000000;-41.870481;0.000000;0.000000;0.000000;0.000000;0.000000;41.870481
4668;232.000000;-26.000000;30.000000;41.870481;0.000000;0.000000;0.000000;0.000000;0.000000;41.870481
4669;232.000000;-22.000000;-30.000000;-41.870481;0.000000;0.000000;0.000000;0.000000;0.000000;41.870481
4670;232.000000;-22.000000;30.000000;41.870481;0.000000;0.000000;0.000000;0.000000;0.000000;41.870481
4671;232.000000;-18.000000;-30.000000;-41.870481;0.000000;0.000000;0.000000;0.000000;0.000000;41.870481
4672;232.000000;-18.000000;30.000000;41.870481;0.000000;0.000000;0.000000;0.000000;0.000000;41.870481
4673;232.000000;-14.000000;-30.000000;-41.870481;0.000000;0.000000;0.000000;0.000000;0.000000;41.870481
4674;232.000000;-14.000000;30.000000;41.870481;0.000000;0.000000;0.000000;0.000000;0.000000;41.870481
4675;232.000000;-10.000000;-30.000000;-41.870481;0.000000;0.000000;0.000000;0.000000;0.000000;41.870481
4676;232.000000;-10.000000;30.000000;41.870481;0.000000;0.000000;0.000000;0.000000;0.000000;41.870481
4677;232.000000;-6.000000;-30.000000;-41.870481;0.000000;0.000000;0.000000;0.000000;0.000000;41.870481
4678;232.000000;-6.000000;30.000000;41.870481;0.000000;0.000000;0.000000;0.000000;0.000000;41.870481
4679;232.000000;-2.000000;-30.000000;-41.870481;0.000000;0.000000;0.000000;0.000000;0.000000;41.870481
4680;232.000000;-2.000000;30.000000;41.870481;0.000000;0.000000;0.000000;0.000000;0.000000;41.870481
4681;232.000000;2.000000;-30.000000;-41.870481;0.000000;0.000000;0.000000;0.000000;0.000000;41.870481
4682;232.000000;2.000000;30.000000;41.870481;0.000000;0.000000;0.000000;0.000000;0.000000;41.870481
4683;232.000000;6.000000;-30.000000;-41.870481;0.000000;0.000000;0.000000;0.000000;0.000000;41.870481
4684;232.000000;6.000000;30.000000;41.870481;0.000000;0.000000;0.000000;0.000000;0.000000;41.870481
4685;232.000000;10.000000;-30.000000;-41.870481;0.000000;0.000000;0.000000;0.000000;0.000000;41.870481
4686;232.000000;10.000000;30.000000;41.870481;0.000000;0.000000;0.000000;0.000000;0.000000;41.870481
4687;232.000000;14.000000;-30.000000;-41.870481;0.000000;0.000000;0.000000;0.000000;0.000000;41.870481
4688;232.000000;14.000000;30.000000;41.870481;0.000000;0.000000;0.000000;0.000000;0.000000;41.870481
4689;232.000000;18.000000;-30.000000;-41.870481;0.000000;0.000000;0.000000;0.000000;0.000000;41.870481
4690;232.000000;18.000000;30.000000;41.870481;0.000000;0.000000;0.000000;0.000000;0.000000;41.870481
4691;232.000000;22.000000;-30.000000;-41.870481;0.000000;0.000000;0.000000;0.000000;0.000000;41.870481
4692;232.000000;22.000000;30.000000;41.870481;0.000000;0.000000;0.000000;0.000000;0.000000;41.870481
4693;232.000000;26.000000;-30.000000;-41.870481;0.000000;0.000000;0.000000;0.000000;0.000000;41.870481
4694;232.000000;26.000000;30.000000;41.870481;0.000000;0.000000;0.000000;0.000000;0.000000;41.870481
4695;232.000000;30.000000;-30.000000;-41.870481;0.000000;0.000000;0.000000;0.000000;0.000000;41.870481
4696;232.000000;30.000000;30.000000;41.870481;0.000000;0.000000;0.000000;0.000000;0.000000;41.870481
4697;232.000000;34.000000;-30.000000;-41.870481;0.000000;0.000000;0.000000;0.000000;0.000000;41.870481
4698;232.000000;34.000000;30.000000;41.870481;0.000000;0.000000;0.000000;0.000000;0.000000;41.870481
4699;232.000000;38.000000;-30.000000;-41.870481;0.000000;0.000000;0.000000;0.000000;0.000000;41.870481
4700;232.000000;38.000000;30.000000;41.870481;0.000000;0.000000;0.000000;0.000000;0.000000;41.870481
4701;232.000000;42.000000;-30.000000;-41.870481;0.000000;0.000000;0.000000;0.000000;0.000000;41.870481
4702;232.000000;42.000000;30.000000;41.870481;0.000000;0.000000;0.000000;0.000000;0.000000;41.870481
4703;232.000000;46.000000;-30.000000;-41.870481;0.000000;0.000000;0.000000;0.000000;0.000000;41.870481
4704;232.000000;46.000000;30.000000;41.870481;0.000000;0.000000;0.000000;0.000000;0.000000;41.870481
4705;232.000000;50.000000;-30.000000;-41.870481;0.000000;0.000000;0.000000;0.000000;0.000000;41.870481
4706;232.000000;50.000000;-26.000000;-36.287750;0.000000;0.000000;0.000000;0.000000;0.000000;36.287750
4707;232.000000;50.000000;-22.000000;-30.705019;0.000000;0.000000;0.000000;0.000000;0.000000;30.705019
4708;232.000000;50.000000;-18.000000;-25.122288;0.000000;0.000000;0.000000;0.000000;0.000000;25.122288
4709;232.000000;50.000000;-14.000000;-19.539558;0.000000;0.000000;0.000000;0.000000;0.000000;19.539558
4710;232.000000;50.000000;-10.000000;-13.956827;0.000000;0.000000;0.000000;0.000000;0.000000;13.956827
4711;232.000000;50.000000;-6.000000;-8.374096;0.000000;0.000000;0.000000;0.000000;0.000000;8.374096
4712;232.000000;50.000000;-2.000000;-2.791365;0.000000;0.000000;0.000000;0.000000;0.000000;2.791365
4713;232.000000;50.000000;2.000000;2.791365;0.000000;0.000000;0.000000;0.000000;0.000000;2.791365
4714;232.000000;50.000000;6.000000;8.374096;0.000000;0.000000;0.000000;0.000000;0.000000;8.374096
4715;232.000000;50.000000;10.000000;13.956827;0.000000;0.000000;0.000000;0.000000;0.000000;13.956827
4716;232.000000;50.000000;14.000000;19.539558;0.000000;0.000000;0.000000;0.000000;0.000000;19.539558
4717;232.000000;50.000000;18.000000;25.122288;0.000000;0.000000;0.000000;0.000000;0.000000;25.122288
4718;232.000000;50.000000;22.000000;30.705019;0.000000;0.000000;0.000000;0.000000;0.000000;30.705019
4719;232.000000;50.000000;26.000000;36.287750;0.000000;0.000000;0.000000;0.000000;0.000000;36.287750
4720;232.000000;50.000000;30.000000;41.870481;0.000000;0.000000;0.000000;0.000000;0.000000;41.870481
4721;236.000000;-50.000000;-30.000000;-40.873564;0.000000;0.000000;0.000000;0.000000;0.000000;40.873564
4722;236.000000;-50.000000;-26.000000;-35.423756;0.000000;0.000000;0.000000;0.000000;0.000000;35.423756
4723;236.000000;-50.000000;-22.000000;-29.973947;0.000000;0.000000;0.000000;0.000000;0.000000;29.973947
4724;236.000000;-50.000000;-18.000000;-24.524139;0.000000;0.000000;0.000000;0.000000;0.000000;24.524139
4725;236.000000;-50.000000;-14.000000;-19.074330;0.000000;0.000000;0.000000;0.000000;0.000000;19.074330
4726;236.000000;-50.000000;-10.000000;-13.624521;0.000000;0.000000;0.000000;0.000000;0.000000;13.624521
4727;236.000000;-50.000000;-6.000000;-8.174713;0.000000;0.000000;0.000000;0.000000;0.000000;8.174713
4728;236.000000;-50.000000;-2.000000;-2.724904;0.000000;0.000000;0.000000;0.000000;0.000000;2.724904
4729;236.000000;-50.000000;2.000000;2.724904;0.000000;0.000000;0.000000;0.000000;0.000000;2.724904
4730;236.000000;-50.000000;6.000000;8.174713;0.000000;0.000000;0.000000;0.000000;0.000000;8.174713
4731;236.000000;-50.000000;10.000000;13.624521;0.000000;0.000000;0.000000;0.000000;0.000000;13.624521
4732;236.000000;-50.000000;14.000000;19.074330;0.000000;0.000000;0.000000;0.000000;0.000000;19.074330
4733;236.000000;-50.000000;18.000000;24.524139;0.000000;0.000000;0.000000;0.000000;0.000000;24.524139
4734;236.000000;-50.000000;22.000000;29.973947;0.000000;0.000000;0.000000;0.000000;0.000000;29.973947
4735;236.000000;-50.000000;26.000000;35.423756;0.000000;0.000000;0.000000;0.000000;0.000000;35.423756
4736;236.000000;-50.000000;30.000000;40.873564;0.000000;0.000000;0.000000;0.000000;0.000000;40.873564
4737;236.000000;-46.000000;-30.000000;-40.873564;0.000000;0.000000;0.000000;0.000000;0.000000;40.873564
4738;236.000000;-46.000000;30.000000;40.873564;0.000000;0.000000;0.000000;0.000000;0.000000;40.873564
4739;236.000000;-42.000000;-30.000000;-40.873564;0.000000;0.000000;0.000000;0.000000;0.000000;40.873564
4740;236.000000;-42.000000;30.000000;40.873564;0.000000;0.000000;0.000000;0.000000;0.000000;40.873564
4741;236.000000;-38.000000;-30.000000;-40.873564;0.000000;0.000000;0.000000;0.000000;0.000000;40.873564
4742;236.000000;-38.000000;30.000000;40.873564;0.000000;0.000000;0.000000;0.000000;0.000000;40.873564
4743;236.000000;-34.000000;-30.000000;-40.873564;0.000000;0.000000;0.000000;0.000000;0.000000;40.873564
4744;236.000000;-34.000000;30.000000;40.873564;0.000000;0.000000;0.000000;0.000000;0.000000;40.873564
4745;236.000000;-30.000000;-30.000000;-40.873564;0.000000;0.000000;0.000000;0.000000;0.000000;40.873564
4746;236.000000;-30.000000;30.000000;40.873564;0.000000;0.000000;0.000000;0.000000;0.000000;40.873564
4747;236.000000;-26.000000;-30.000000;-40.873564;0.000000;0.000000;0.000000;0.000000;0.000000;40.873564
4748;236.000000;-26.000000;30.000000;40.873564;0.000000;0.000000;0.000000;0.000000;0.000000;40.873564
4749;236.000000;-22.000000;-30.000000;-40.873564;0.000000;0.000000;0.000000;0.000000;0.000000;40.873564
4750;236.000000;-22.000000;30.000000;40.873564;0.000000;0.000000;0.000000;0.000000;0.000000;40.873564
4751;236.000000;-18.000000;-30.000000;-40.873564;0.000000;0.000000;0.000000;0.000000;0.000000;40.873564
4752;236.000000;-18.000000;30.000000;40.873564;0.000000;0.000000;0.000000;0.000000;0.000000;40.873564
4753;236.000000;-14.000000;-30.000000;-40.873564;0.000000;0.000000;0.000000;0.000000;0.000000;40.873564
4754;236.000000;-14.000000;30.000000;40.873564;0.000000;0.000000;0.000000;0.000000;0.000000;40.873564
4755;236.000000;-10.000000;-30.000000;-40.873564;0.000000;0.000000;0.000000;0.000000;0.000000;40.873564
4756;236.000000;-10.000000;30.000000;40.873564;0.000000;0.000000;0.000000;0.000000;0.000000;40.873564
4757;236.000000;-6.000000;-30.000000;-40.873564;0.000000;0.000000;0.000000;0.000000;0.000000;40.873564
4758;236.000000;-6.000000;30.000000;40.873564;0.000000;0.000000;0.000000;0.000000;0.000000;40.873564
4759;236.000000;-2.000000;-30.000000;-40.873564;0.000000;0.000000;0.000000;0.000000;0.000000;40.873564
4760;236.000000;-2.000000;30.000000;40.873564;0.000000;0.000000;0.000000;0.000000;0.000000;40.873564
4761;236.000000;2.000000;-30.000000;-40.873564;0.000000;0.000000;0.000000;0.000000;0.000000;40.873564
4762;236.000000;2.000000;30.000000;40.873564;0.000000;0.000000;0.000000;0.000000;0.000000;40.873564
4763;236.000000;6.000000;-30.000000;-40.873564;0.000000;0.000000;0.000000;0.000000;0.000000;40.873564
4764;236.000000;6.000000;30.000000;40.873564;0.000000;0.000000;0.000000;0.000000;0.000000;40.873564
4765;236.000000;10.000000;-30.000000;-40.873564;0.000000;0.000000;0.000000;0.000000;0.000000;40.873564
4766;236.000000;10.000000;30.000000;40.873564;0.000000;0.000000;0.000000;0.000000;0.000000;40.873564
4767;236.000000;14.000000;-30.000000;-40.873564;0.000000;0.000000;0.000000;0.000000;0.000000;40.873564
4768;236.000000;14.000000;30.000000;40.873564;0.000000;0.000000;0.000000;0.000000;0.000000;40.873564
4769;236.000000;18.000000;-30.000000;-40.873564;0.000000;0.000000;0.000000;0.000000;0.000000;40.873564
4770;236.000000;18.000000;30.000000;40.873564;0.000000;0.000000;0.000000;0.000000;0.000000;40.873564
4771;236.000000;22.000000;-30.000000;-40.873564;0.000000;0.000000;0.000000;0.000000;0.000000;40.873564
4772;236.000000;22.000000;30.000000;40.873564;0.000000;0.000000;0.000000;0.000000;0.000000;40.873564
4773;236.000000;26.000000;-30.000000;-40.873564;0.000000;0.000000;0.000000;0.000000;0.000000;40.873564
4774;236.000000;26.000000;30.000000;40.873564;0.000000;0.000000;0.000000;0.000000;0.000000;40.873564
4775;236.000000;30.000000;-30.000000;-40.873564;0.000000;0.000000;0.000000;0.000000;0.000000;40.873564
4776;236.000000;30.000000;30.000000;40.873564;0.000000;0.000000;0.000000;0.000000;0.000000;40.873564
4777;236.000000;34.000000;-30.000000;-40.873564;0.000000;0.000000;0.000000;0.000000;0.000000;40.873564
4778;236.000000;34.000000;30.000000;40.873564;0.000000;0.000000;0.000000;0.000000;0.000000;40.873564
4779;236.000000;38.000000;-30.000000;-40.873564;0.000000;0.000000;0.000000;0.000000;0.000000;40.873564
4780;236.000000;38.000000;30.000000;40.873564;0.000000;0.000000;0.000000;0.000000;0.000000;40.873564
4781;236.000000;42.000000;-30.000000;-40.873564;0.000000;0.000000;0.000000;0.000000;0.000000;40.873564
4782;236.000000;42.000000;30.000000;40.873564;0.000000;0.000000;0.000000;0.000000;0.000000;40.873564
4783;236.000000;46.000000;-30.000000;-40.873564;0.000000;0.000000;0.000000;0.000000;0.000000;40.873564
4784;236.000000;46.000000;30.000000;40.873564;0.000000;0.000000;0.000000;0.000000;0.000000;40.873564
4785;236.000000;50.000000;-30.000000;-40.873564;0.000000;0.000000;0.000000;0.000000;0.000000;40.873564
4786;236.000000;50.000000;-26.000000;-35.423756;0.000000;0.000000;0.000000;0.000000;0.000000;35.423756
4787;236.000000;50.000000;-22.000000;-29.973947;0.000000;0.000000;0.000000;0.000000;0.000000;29.973947
4788;236.000000;50.000000;-18.000000;-24.524139;0.000000;0.000000;0.000000;0.000000;0.000000;24.524139
4789;236.000000;50.000000;-14.000000;-19.074330;0.000000;0.000000;0.000000;0.000000;0.000000;19.074330
4790;236.000000;50.000000;-10.000000;-13.624521;0.000000;0.000000;0.000000;0.000000;0.000000;13.624521
4791;236.000000;50.000000;-6.000000;-8.174713;0.000000;0.000000;0.000000;0.000000;0.000000;8.174713
4792;236.000000;50.000000;-2.000000;-2.724904;0.000000;0.000000;0.000000;0.000000;0.000000;2.724904
4793;236.000000;50.000000;2.000000;2.724904;0.000000;0.000000;0.000000;0.000000;0.000000;2.724904
4794;236.000000;50.000000;6.000000;8.174713;0.000000;0.000000;0.000000;0.000000;0.000000;8.174713
4795;236.000000;50.000000;10.000000;13.624521;0.000000;0.000000;0.000000;0.000000;0.000000;13.624521
4796;236.000000;50.000000;14.000000;19.074330;0.000000;0.000000;0.000000;0.000000;0.000000;19.074330
4797;236.000000;50.000000;18.000000;24.524139;0.000000;0.000000;0.000000;0.000000;0.000000;24.524139
4798;236.000000;50.000000;22.000000;29.973947;0.000000;0.000000;0.000000;0.000000;0.000000;29.973947
4799;236.000000;50.000000;26.000000;35.423756;0.000000;0.000000;0.000000;0.000000;0.000000;35.423756
4800;236.000000;50.000000;30.000000;40.873564;0.000000;0.000000;0.000000;0.000000;0.000000;40.873564
4801;240.000000;-50.000000;-30.000000;-39.876648;0.000000;0.000000;0.000000;0.000000;0.000000;39.876648
4802;240.000000;-50.000000;-26.000000;-34.559762;0.000000;0.000000;0.000000;0.000000;0.000000;34.559762
4803;240.000000;-50.000000;-22.000000;-29.242875;0.000000;0.000000;0.000000;0.000000;0.000000;29.242875
4804;240.000000;-50.000000;-18.000000;-23.925989;0.000000;0.000000;0.000000;0.000000;0.000000;23.925989
4805;240.000000;-50.000000;-14.000000;-18.609103;0.000000;0.000000;0.000000;0.000000;0.000000;18.609103
4806;240.000000;-50.000000;-10.000000;-13.292216;0.000000;0.000000;0.000000;0.000000;0.000000;13.292216
4807;240.000000;-50.000000;-6.000000;-7.975330;0.000000;0.000000;0.000000;0.000000;0.000000;7.975330
4808;240.000000;-50.000000;-2.000000;-2.658443;0.000000;0.000000;0.000000;0.000000;0.000000;2.658443
4809;240.000000;-50.000000;2.000000;2.658443;0.000000;0.000000;0.000000;0.000000;0.000000;2.658443
4810;240.000000;-50.000000;6.000000;7.975330;0.000000;0.000000;0.000000;0.000000;0.000000;7.975330
4811;240.000000;-50.000000;10.000000;13.292216;0.000000;0.000000;0.000000;0.000000;0.000000;13.292216
4812;240.000000;-50.000000;14.000000;18.609103;0.000000;0.000000;0.000000;0.000000;0.000000;18.609103
4813;240.000000;-50.000000;18.000000;23.925989;0.000000;0.000000;0.000000;0.000000;0.000000;23.925989
4814;240.000000;-50.000000;22.000000;29.242875;0.000000;0.000000;0.000000;0.000000;0.000000;29.242875
4815;240.000000;-50.000000;26.000000;34.559762;0.000000;0.000000;0.000000;0.000000;0.000000;34.559762
4816;240.000000;-50.000000;30.000000;39.876648;0.000000;0.000000;0.000000;0.000000;0.000000;39.876648
4817;240.000000;-46.000000;-30.000000;-39.876648;0.000000;0.000000;0.000000;0.000000;0.000000;39.876648
4818;240.000000;-46.000000;30.000000;39.876648;0.000000;0.000000;0.000000;0.000000;0.000000;39.876648
4819;240.000000;-42.000000;-30.000000;-39.876648;0.000000;0.000000;0.000000;0.000000;0.000000;39.876648
4820;240.000000;-42.000000;30.000000;39.876648;0.000000;0.000000;0.000000;0.000000;0.000000;39.876648
4821;240.000000;-38.000000;-30.000000;-39.876648;0.000000;0.000000;0.000000;0.000000;0.000000;39.876648
4822;240.000000;-38.000000;30.000000;39.876648;0.000000;0.000000;0.000000;0.000000;0.000000;39.876648
4823;240.000000;-34.000000;-30.000000;-39.876648;0.000000;0.000000;0.000000;0.000000;0.000000;39.876648
4824;240.000000;-34.000000;30.000000;39.876648;0.000000;0.000000;0.000000;0.000000;0.000000;39.876648
4825;240.000000;-30.000000;-30.000000;-39.876648;0.000000;0.000000;0.000000;0.000000;0.000000;39.876648
4826;240.000000;-30.000000;30.000000;39.876648;0.000000;0.000000;0.000000;0.000000;0.000000;39.876648
4827;240.000000;-26.000000;-30.000000;-39.876648;0.000000;0.000000;0.000000;0.000000;0.000000;39.876648
4828;240.000000;-26.000000;30.000000;39.876648;0.000000;0.000000;0.000000;0.000000;0.000000;39.876648
4829;240.000000;-22.000000;-30.000000;-39.876648;0.000000;0.000000;0.000000;0.000000;0.000000;39.876648
4830;240.000000;-22.000000;30.000000;39.876648;0.000000;0.000000;0.000000;0.000000;0.000000;39.876648
4831;240.000000;-18.000000;-30.000000;-39.876648;0.000000;0.000000;0.000000;0.000000;0.000000;39.876648
4832;240.000000;-18.000000;30.000000;39.876648;0.000000;0.000000;0.000000;0.000000;0.000000;39.876648
4833;240.000000;-14.000000;-30.000000;-39.876648;0.000000;0.000000;0.000000;0.000000;0.000000;39.876648
4834;240.000000;-14.000000;30.000000;39.876648;0.000000;0.000000;0.000000;0.000000;0.000000;39.876648
4835;240.000000;-10.000000;-30.000000;-39.876648;0.000000;0.000000;0.000000;0.000000;0.000000;39.876648
4836;240.000000;-10.000000;30.000000;39.876648;0.000000;0.000000;0.000000;0.000000;0.000000;39.876648
4837;240.000000;-6.000000;-30.000000;-39.876648;0.000000;0.000000;0.000000;0.000000;0.000000;39.876648
4838;240.000000;-6.000000;30.000000;39.876648;0.000000;0.000000;0.000000;0.000000;0.000000;39.876648
4839;240.000000;-2.000000;-30.000000;-39.876648;0.000000;0.000000;0.000000;0.000000;0.000000;39.876648
4840;240.000000;-2.000000;30.000000;39.876648;0.000000;0.000000;0.000000;0.000000;0.000000;39.876648
4841;240.000000;2.000000;-30.000000;-39.876648;0.000000;0.000000;0.000000;0.000000;0.000000;39.876648
4842;240.000000;2.000000;30.000000;39.876648;0.000000;0.000000;0.000000;0.000000;0.000000;39.876648
4843;240.000000;6.000000;-30.000000;-39.876648;0.000000;0.000000;0.000000;0.000000;0.000000;39.876648
4844;240.000000;6.000000;30.000000;39.876648;0.000000;0.000000;0.000000;0.000000;0.000000;39.876648
4845;240.000000;10.000000;-30.000000;-39.876648;0.000000;0.000000;0.000000;0.000000;0.000000;39.876648
4846;240.000000;10.000000;30.000000;39.876648;0.000000;0.000000;0.000000;0.000000;0.000000;39.876648
4847;240.000000;14.000000;-30.000000;-39.876648;0.000000;0.000000;0.000000;0.000000;0.000000;39.876648
4848;240.000000;14.000000;30.000000;39.876648;0.000000;0.000000;0.000000;0.000000;0.000000;39.876648
4849;240.000000;18.000000;-30.000000;-39.876648;0.000000;0.000000;0.000000;0.000000;0.000000;39.876648
4850;240.000000;18.000000;30.000000;39.876648;0.000000;0.000000;0.000000;0.000000;0.000000;39.876648
4851;240.000000;22.000000;-30.000000;-39.876648;0.000000;0.000000;0.000000;0.000000;0.000000;39.876648
4852;240.000000;22.000000;30.000000;39.876648;0.000000;0.000000;0.000000;0.000000;0.000000;39.876648
4853;240.000000;26.000000;-30.000000;-39.876648;0.000000;0.000000;0.000000;0.000000;0.000000;39.876648
4854;240.000000;26.000000;30.000000;39.876648;0.000000;0.000000;0.000000;0.000000;0.000000;39.876648
4855;240.000000;30.000000;-30.000000;-39.876648;0.000000;0.000000;0.000000;0.000000;0.000000;39.876648
4856;240.000000;30.000000;30.000000;39.876648;0.000000;0.000000;0.000000;0.000000;0.000000;39.876648
4857;240.000000;34.000000;-30.000000;-39.876648;0.000000;0.000000;0.000000;0.000000;0.000000;39.876648
4858;240.000000;34.000000;30.000000;39.876648;0.000000;0.000000;0.000000;0.000000;0.000000;39.876648
4859;240.000000;38.000000;-30.000000;-39.876648;0.000000;0.000000;0.000000;0.000000;0.000000;39.876648
4860;240.000000;38.000000;30.000000;39.876648;0.000000;0.000000;0.000000;0.000000;0.000000;39.876648
4861;240.000000;42.000000;-30.000000;-39.876648;0.000000;0.000000;0.000000;0.000000;0.000000;39.876648
4862;240.000000;42.000000;30.000000;39.876648;0.000000;0.000000;0.000000;0.000000;0.000000;39.876648
4863;240.000000;46.000000;-30.000000;-39.876648;0.000000;0.000000;0.000000;0.000000;0.000000;39.876648
4864;240.000000;46.000000;30.000000;39.876648;0.000000;0.000000;0.000000;0.000000;0.000000;39.876648
4865;240.000000;50.000000;-30.000000;-39.876648;0.000000;0.000000;0.000000;0.000000;0.000000;39.876648
4866;240.000000;50.000000;-26.000000;-34.559762;0.000000;0.000000;0.000000;0.000000;0.000000;34.559762
4867;240.000000;50.000000;-22.000000;-29.242875;0.000000;0.000000;0.000000;0.000000;0.000000;29.242875
4868;240.000000;50.000000;-18.000000;-23.925989;0.000000;0.000000;0.000000;0.000000;0.000000;23.925989
4869;240.000000;50.000000;-14.000000;-18.609103;0.000000;0.000000;0.000000;0.000000;0.000000;18.609103
4870;240.000000;50.000000;-10.000000;-13.292216;0.000000;0.000000;0.000000;0.000000;0.000000;13.292216
4871;240.000000;50.000000;-6.000000;-7.975330;0.000000;0.000000;0.000000;0.000000;0.000000;7.975330
4872;240.000000;50.000000;-2.000000;-2.658443;0.000000;0.000000;0.000000;0.000000;0.000000;2.658443
4873;240.000000;50.000000;2.000000;2.658443;0.000000;0.000000;0.000000;0.000000;0.000000;2.658443
4874;240.000000;50.000000;6.000000;7.975330;0.000000;0.000000;0.000000;0.000000;0.000000;7.975330
4875;240.000000;50.000000;10.000000;13.292216;0.000000;0.000000;0.000000;0.000000;0.000000;13.292216
4876;240.000000;50.000000;14.000000;18.609103;0.000000;0.000000;0.000000;0.000000;0.000000;18.609103
4877;240.000000;50.000000;18.000000;23.925989;0.000000;0.000000;0.000000;0.000000;0.000000;23.925989
4878;240.000000;50.000000;22.000000;29.242875;0.000000;0.000000;0.000000;0.000000;0.000000;29.242875
4879;240.000000;50.000000;26.000000;34.559762;0.000000;0.000000;0.000000;0.000000;0.000000;34.559762
4880;240.000000;50.000000;30.000000;39.876648;0.000000;0.000000;0.000000;0.000000;0.000000;39.876648
4881;244.000000;-50.000000;-30.000000;-38.879732;0.000000;0.000000;0.000000;0.000000;0.000000;38.879732
4882;244.000000;-50.000000;-26.000000;-33.695768;0.000000;0.000000;0.000000;0.000000;0.000000;33.695768
4883;244.000000;-50.000000;-22.000000;-28.511803;0.000000;0.000000;0.000000;0.000000;0.000000;28.511803
4884;244.000000;-50.000000;-18.000000;-23.327839;0.000000;0.000000;0.000000;0.000000;0.000000;23.327839
4885;244.000000;-50.000000;-14.000000;-18.143875;0.000000;0.000000;0.000000;0.000000;0.000000;18.143875
4886;244.000000;-50.000000;-10.000000;-12.959911;0.000000;0.000000;0.000000;0.000000;0.000000;12.959911
4887;244.000000;-50.000000;-6.000000;-7.775946;0.000000;0.000000;0.000000;0.000000;0.000000;7.775946
4888;244.000000;-50.000000;-2.000000;-2.591982;0.000000;0.000000;0.000000;0.000000;0.000000;2.591982
4889;244.000000;-50.000000;2.000000;2.591982;0.000000;0.000000;0.000000;0.000000;0.000000;2.591982
4890;244.000000;-50.000000;6.000000;7.775946;0.000000;0.000000;0.000000;0.000000;0.000000;7.775946
4891;244.000000;-50.000000;10.000000;12.959911;0.000000;0.000000;0.000000;0.000000;0.000000;12.959911
4892;244.000000;-50.000000;14.000000;18.143875;0.000000;0.000000;0.000000;0.000000;0.000000;18.143875
4893;244.000000;-50.000000;18.000000;23.327839;0.000000;0.000000;0.000000;0.000000;0.000000;23.327839
4894;244.000000;-50.000000;22.000000;28.511803;0.000000;0.000000;0.000000;0.000000;0.000000;28.511803
4895;244.000000;-50.000000;26.000000;33.695768;0.000000;0.000000;0.000000;0.000000;0.000000;33.695768
4896;244.000000;-50.000000;30.000000;38.879732;0.000000;0.000000;0.000000;0.000000;0.000000;38.879732
4897;244.000000;-46.000000;-30.000000;-38.879732;0.000000;0.000000;0.000000;0.000000;0.000000;38.879732
4898;244.000000;-46.000000;30.000000;38.879732;0.000000;0.000000;0.000000;0.000000;0.000000;38.879732
4899;244.000000;-42.000000;-30.000000;-38.879732;0.000000;0.000000;0.000000;0.000000;0.000000;38.879732
4900;244.000000;-42.000000;30.000000;38.879732;0.000000;0.000000;0.000000;0.000000;0.000000;38.879732
4901;244.000000;-38.000000;-30.000000;-38.879732;0.000000;0.000000;0.000000;0.000000;0.000000;38.879732
4902;244.000000;-38.000000;30.000000;38.879732;0.000000;0.000000;0.000000;0.000000;0.000000;38.879732
4903;244.000000;-34.000000;-30.000000;-38.879732;0.000000;0.000000;0.000000;0.000000;0.000000;38.879732
4904;244.000000;-34.000000;30.000000;38.879732;0.000000;0.000000;0.000000;0.000000;0.000000;38.879732
4905;244.000000;-30.000000;-30.000000;-38.879732;0.000000;0.000000;0.000000;0.000000;0.000000;38.879732
4906;244.000000;-30.000000;30.000000;38.879732;0.000000;0.000000;0.000000;0.000000;0.000000;38.879732
4907;244.000000;-26.000000;-30.000000;-38.879732;0.000000;0.000000;0.000000;0.000000;0.000000;38.879732
4908;244.000000;-26.000000;30.000000;38.879732;0.000000;0.000000;0.000000;0.000000;0.000000;38.879732
4909;244.000000;-22.000000;-30.000000;-38.879732;0.000000;0.000000;0.000000;0.000000;0.000000;38.879732
4910;244.000000;-22.000000;30.000000;38.879732;0.000000;0.000000;0.000000;0.000000;0.000000;38.879732
4911;244.000000;-18.000000;-30.000000;-38.879732;0.000000;0.000000;0.000000;0.000000;0.000000;38.879732
4912;244.000000;-18.000000;30.000000;38.879732;0.000000;0.000000;0.000000;0.000000;0.000000;38.879732
4913;244.000000;-14.000000;-30.000000;-38.879732;0.000000;0.000000;0.000000;0.000000;0.000000;38.879732
4914;244.000000;-14.000000;30.000000;38.879732;0.000000;0.000000;0.000000;0.000000;0.000000;38.879732
4915;244.000000;-10.000000;-30.000000;-38.879732;0.000000;0.000000;0.000000;0.000000;0.000000;38.879732
4916;244.000000;-10.000000;30.000000;38.879732;0.000000;0.000000;0.000000;0.000000;0.000000;38.879732
4917;244.000000;-6.000000;-30.000000;-38.879732;0.000000;0.000000;0.000000;0.000000;0.000000;38.879732
4918;244.000000;-6.000000;30.000000;38.879732;0.000000;0.000000;0.000000;0.000000;0.000000;38.879732
4919;244.000000;-2.000000;-30.000000;-38.879732;0.000000;0.000000;0.000000;0.000000;0.000000;38.879732
4920;244.000000;-2.000000;30.000000;38.879732;0.000000;0.000000;0.000000;0.000000;0.000000;38.879732
4921;244.000000;2.000000;-30.000000;-38.879732;0.000000;0.000000;0.000000;0.000000;0.000000;38.879732
4922;244.000000;2.000000;30.000000;38.879732;0.000000;0.000000;0.000000;0.000000;0.000000;38.879732
4923;244.000000;6.000000;-30.000000;-38.879732;0.000000;0.000000;0.000000;0.000000;0.000000;38.879732
4924;244.000000;6.000000;30.000000;38.879732;0.000000;0.000000;0.000000;0.000000;0.000000;38.879732
4925;244.000000;10.000000;-30.000000;-38.879732;0.000000;0.000000;0.000000;0.000000;0.000000;38.879732
4926;244.000000;10.000000;30.000000;38.879732;0.000000;0.000000;0.000000;0.000000;0.000000;38.879732
4927;244.000000;14.000000;-30.000000;-38.879732;0.000000;0.000000;0.000000;0.000000;0.000000;38.879732
4928;244.000000;14.000000;30.000000;38.879732;0.000000;0.000000;0.000000;0.000000;0.000000;38.879732
4929;244.000000;18.000000;-30.000000;-38.879732;0.000000;0.000000;0.000000;0.000000;0.000000;38.879732
4930;244.000000;18.000000;30.000000;38.879732;0.000000;0.000000;0.000000;0.000000;0.000000;38.879732
4931;244.000000;22.000000;-30.000000;-38.879732;0.000000;0.000000;0.000000;0.000000;0.000000;38.879732
4932;244.000000;22.000000;30.000000;38.879732;0.000000;0.000000;0.000000;0.000000;0.000000;38.879732
4933;244.000000;26.000000;-30.000000;-38.879732;0.000000;0.000000;0.000000;0.000000;0.000000;38.879732
4934;244.000000;26.000000;30.000000;38.879732;0.000000;0.000000;0.000000;0.000000;0.000000;38.879732
4935;244.000000;30.000000;-30.000000;-38.879732;0.000000;0.000000;0.000000;0.000000;0.000000;38.879732
4936;244.000000;30.000000;30.000000;38.879732;0.000000;0.000000;0.000000;0.000000;0.000000;38.879732
4937;244.000000;34.000000;-30.000000;-38.879732;0.000000;0.000000;0.000000;0.000000;0.000000;38.879732
4938;244.000000;34.000000;30.000000;38.879732;0.000000;0.000000;0.000000;0.000000;0.000000;38.879732
4939;244.000000;38.000000;-30.000000;-38.879732;0.000000;0.000000;0.000000;0.000000;0.000000;38.879732
4940;244.000000;38.000000;30.000000;38.879732;0.000000;0.000000;0.000000;0.000000;0.000000;38.879732
4941;244.000000;42.000000;-30.000000;-38.879732;0.000000;0.000000;0.000000;0.000000;0.000000;38.879732
4942;244.000000;42.000000;30.000000;38.879732;0.000000;0.000000;0.000000;0.000000;0.000000;38.879732
4943;244.000000;46.000000;-30.000000;-38.879732;0.000000;0.000000;0.000000;0.000000;0.000000;38.879732
4944;244.000000;46.000000;30.000000;38.879732;0.000000;0.000000;0.000000;0.000000;0.000000;38.879732
4945;244.000000;50.000000;-30.000000;-38.879732;0.000000;0.000000;0.000000;0.000000;0.000000;38.879732
4946;244.000000;50.000000;-26.000000;-33.695768;0.000000;0.000000;0.000000;0.000000;0.000000;33.695768
4947;244.000000;50.000000;-22.000000;-28.511803;0.000000;0.000000;0.000000;0.000000;0.000000;28.511803
4948;244.000000;50.000000;-18.000000;-23.327839;0.000000;0.000000;0.000000;0.000000;0.000000;23.327839
4949;244.000000;50.000000;-14.000000;-18.143875;0.000000;0.000000;0.000000;0.000000;0.000000;18.143875
4950;244.000000;50.000000;-10.000000;-12.959911;0.000000;0.000000;0.000000;0.000000;0.000000;12.959911
4951;244.000000;50.000000;-6.000000;-7.775946;0.000000;0.000000;0.000000;0.000000;0.000000;7.775946
4952;244.000000;50.000000;-2.000000;-2.591982;0.000000;0.000000;0.000000;0.000000;0.000000;2.591982
4953;244.000000;50.000000;2.000000;2.591982;0.000000;0.000000;0.000000;0.000000;0.000000;2.591982
4954;244.000000;50.000000;6.000000;7.775946;0.000000;0.000000;0.000000;0.000000;0.000000;7.775946
4955;244.000000;50.000000;10.000000;12.959911;0.000000;0.000000;0.000000;0.000000;0.000000;12.959911
4956;244.000000;50.000000;14.000000;18.143875;0.000000;0.000000;0.000000;0.000000;0.000000;18.143875
4957;244.000000;50.000000;18.000000;23.327839;0.000000;0.000000;0.000000;0.000000;0.000000;23.327839
4958;244.000000;50.000000;22.000000;28.511803;0.000000;0.000000;0.000000;0.000000;0.000000;28.511803
4959;244.000000;50.000000;26.000000;33.695768;0.000000;0.000000;0.000000;0.000000;0.000000;33.695768
4960;244.000000;50.000000;30.000000;38.879732;0.000000;0.000000;0.000000;0.000000;0.000000;38.879732
4961;248.000000;-50.000000;-30.000000;-37.882816;0.000000;0.000000;0.000000;0.000000;0.000000;37.882816
4962;248.000000;-50.000000;-26.000000;-32.831774;0.000000;0.000000;0.000000;0.000000;0.000000;32.831774
4963;248.000000;-50.000000;-22.000000;-27.780732;0.000000;0.000000;0.000000;0.000000;0.000000;27.780732
4964;248.000000;-50.000000;-18.000000;-22.729689;0.000000;0.000000;0.000000;0.000000;0.000000;22.729689
4965;248.000000;-50.000000;-14.000000;-17.678647;0.000000;0.000000;0.000000;0.000000;0.000000;17.678647
4966;248.000000;-50.000000;-10.000000;-12.627605;0.000000;0.000000;0.000000;0.000000;0.000000;12.627605
4967;248.000000;-50.000000;-6.000000;-7.576563;0.000000;0.000000;0.000000;0.000000;0.000000;7.576563
4968;248.000000;-50.000000;-2.000000;-2.525521;0.000000;0.000000;0.000000;0.000000;0.000000;2.525521
4969;248.000000;-50.000000;2.000000;2.525521;0.000000;0.000000;0.000000;0.000000;0.000000;2.525521
4970;248.000000;-50.000000;6.000000;7.576563;0.000000;0.000000;0.000000;0.000000;0.000000;7.576563
4971;248.000000;-50.000000;10.000000;12.627605;0.000000;0.000000;0.000000;0.000000;0.000000;12.627605
4972;248.000000;-50.000000;14.000000;17.678647;0.000000;0.000000;0.000000;0.000000;0.000000;17.678647
4973;248.000000;-50.000000;18.000000;22.729689;0.000000;0.000000;0.000000;0.000000;0.000000;22.729689
4974;248.000000;-50.000000;22.000000;27.780732;0.000000;0.000000;0.000000;0.000000;0.000000;27.780732
4975;248.000000;-50.000000;26.000000;32.831774;0.000000;0.000000;0.000000;0.000000;0.000000;32.831774
4976;248.000000;-50.000000;30.000000;37.882816;0.000000;0.000000;0.000000;0.000000;0.000000;37.882816
4977;248.000000;-46.000000;-30.000000;-37.882816;0.000000;0.000000;0.000000;0.000000;0.000000;37.882816
4978;248.000000;-46.000000;30.000000;37.882816;0.000000;0.000000;0.000000;0.000000;0.000000;37.882816
4979;248.000000;-42.000000;-30.000000;-37.882816;0.000000;0.000000;0.000000;0.000000;0.000000;37.882816
4980;248.000000;-42.000000;30.000000;37.882816;0.000000;0.000000;0.000000;0.000000;0.000000;37.882816
4981;248.000000;-38.000000;-30.000000;-37.882816;0.000000;0.000000;0.000000;0.000000;0.000000;37.882816
4982;248.000000;-38.000000;30.000000;37.882816;0.000000;0.000000;0.000000;0.000000;0.000000;37.882816
4983;248.000000;-34.000000;-30.000000;-37.882816;0.000000;0.000000;0.000000;0.000000;0.000000;37.882816
4984;248.000000;-34.000000;30.000000;37.882816;0.000000;0.000000;0.000000;0.000000;0.000000;37.882816
4985;248.000000;-30.000000;-30.000000;-37.882816;0.000000;0.000000;0.000000;0.000000;0.000000;37.882816
4986;248.000000;-30.000000;30.000000;37.882816;0.000000;0.000000;0.000000;0.000000;0.000000;37.882816
4987;248.000000;-26.000000;-30.000000;-37.882816;0.000000;0.000000;0.000000;0.000000;0.000000;37.882816
4988;248.000000;-26.000000;30.000000;37.882816;0.000000;0.000000;0.000000;0.000000;0.000000;37.882816
4989;248.000000;-22.000000;-30.000000;-37.882816;0.000000;0.000000;0.000000;0.000000;0.000000;37.882816
4990;248.000000;-22.000000;30.000000;37.882816;0.000000;0.000000;0.000000;0.000000;0.000000;37.882816
4991;248.000000;-18.000000;-30.000000;-37.882816;0.000000;0.000000;0.000000;0.000000;0.000000;37.882816
4992;248.000000;-18.000000;30.000000;37.882816;0.000000;0.000000;0.000000;0.000000;0.000000;37.882816
4993;248.000000;-14.000000;-30.000000;-37.882816;0.000000;0.000000;0.000000;0.000000;0.000000;37.882816
4994;248.000000;-14.000000;30.000000;37.882816;0.000000;0.000000;0.000000;0.000000;0.000000;37.882816
4995;248.000000;-10.000000;-30.000000;-37.882816;0.000000;0.000000;0.000000;0.000000;0.000000;37.882816
4996;248.000000;-10.000000;30.000000;37.882816;0.000000;0.000000;0.000000;0.000000;0.000000;37.882816
4997;248.000000;-6.000000;-30.000000;-37.882816;0.000000;0.000000;0.000000;0.000000;0.000000;37.882816
4998;248.000000;-6.000000;30.000000;37.882816;0.000000;0.000000;0.000000;0.000000;0.000000;37.882816
4999;248.000000;-2.000000;-30.000000;-37.882816;0.000000;0.000000;0.000000;0.000000;0.000000;37.882816
5000;248.000000;-2.000000;30.000000;37.882816;0.000000;0.000000;0.000000;0.000000;0.000000;37.882816
5001;248.000000;2.000000;-30.000000;-37.882816;0.000000;0.000000;0.000000;0.000000;0.000000;37.882816
5002;248.000000;2.000000;30.000000;37.882816;0.000000;0.000000;0.000000;0.000000;0.000000;37.882816
5003;248.000000;6.000000;-30.000000;-37.882816;0.000000;0.000000;0.000000;0.000000;0.000000;37.882816
5004;248.000000;6.000000;30.000000;37.882816;0.000000;0.000000;0.000000;0.000000;0.000000;37.882816
5005;248.000000;10.000000;-30.000000;-37.882816;0.000000;0.000000;0.000000;0.000000;0.000000;37.882816
5006;248.000000;10.000000;30.000000;37.882816;0.000000;0.000000;0.000000;0.000000;0.000000;37.882816
5007;248.000000;14.000000;-30.000000;-37.882816;0.000000;0.000000;0.000000;0.000000;0.000000;37.882816
5008;248.000000;14.000000;30.000000;37.882816;0.000000;0.000000;0.000000;0.000000;0.000000;37.882816
5009;248.000000;18.000000;-30.000000;-37.882816;0.000000;0.000000;0.000000;0.000000;0.000000;37.882816
5010;248.000000;18.000000;30.000000;37.882816;0.000000;0.000000;0.000000;0.000000;0.000000;37.882816
5011;248.000000;22.000000;-30.000000;-37.882816;0.000000;0.000000;0.000000;0.000000;0.000000;37.882816
5012;248.000000;22.000000;30.000000;37.882816;0.000000;0.000000;0.000000;0.000000;0.000000;37.882816
5013;248.000000;26.000000;-30.000000;-37.882816;0.000000;0.000000;0.000000;0.000000;0.000000;37.882816
5014;248.000000;26.000000;30.000000;37.882816;0.000000;0.000000;0.000000;0.000000;0.000000;37.882816
5015;248.000000;30.000000;-30.000000;-37.882816;0.000000;0.000000;0.000000;0.000000;0.000000;37.882816
5016;248.000000;30.000000;30.000000;37.882816;0.000000;0.000000;0.000000;0.000000;0.000000;37.882816
5017;248.000000;34.000000;-30.000000;-37.882816;0.000000;0.000000;0.000000;0.000000;0.000000;37.882816
5018;248.000000;34.000000;30.000000;37.882816;0.000000;0.000000;0.000000;0.000000;0.000000;37.882816
5019;248.000000;38.000000;-30.000000;-37.882816;0.000000;0.000000;0.000000;0.000000;0.000000;37.882816
5020;248.000000;38.000000;30.000000;37.882816;0.000000;0.000000;0.000000;0.000000;0.000000;37.882816
5021;248.000000;42.000000;-30.000000;-37.882816;0.000000;0.000000;0.000000;0.000000;0.000000;37.882816
5022;248.000000;42.000000;30.000000;37.882816;0.000000;0.000000;0.000000;0.000000;0.000000;37.882816
5023;248.000000;46.000000;-30.000000;-37.882816;0.000000;0.000000;0.000000;0.000000;0.000000;37.882816
5024;248.000000;46.000000;30.000000;37.882816;0.000000;0.000000;0.000000;0.000000;0.000000;37.882816
5025;248.000000;50.000000;-30.000000;-37.882816;0.000000;0.000000;0.000000;0.000000;0.000000;37.882816
5026;248.000000;50.000000;-26.000000;-32.831774;0.000000;0.000000;0.000000;0.000000;0.000000;32.831774
5027;248.000000;50.000000;-22.000000;-27.780732;0.000000;0.000000;0.000000;0.000000;0.000000;27.780732
5028;248.000000;50.000000;-18.000000;-22.729689;0.000000;0.000000;0.000000;0.000000;0.000000;22.729689
5029;248.000000;50.000000;-14.000000;-17.678647;0.000000;0.000000;0.000000;0.000000;0.000000;17.678647
5030;248.000000;50.000000;-10.000000;-12.627605;0.000000;0.000000;0.000000;0.000000;0.000000;12.627605
5031;248.000000;50.000000;-6.000000;-7.576563;0.000000;0.000000;0.000000;0.000000;0.000000;7.576563
5032;248.000000;50.000000;-2.000000;-2.525521;0.000000;0.000000;0.000000;0.000000;0.000000;2.525521
5033;248.000000;50.000000;2.000000;2.525521;0.000000;0.000000;0.000000;0.000000;0.000000;2.525521
5034;248.000000;50.000000;6.000000;7.576563;0.000000;0.000000;0.000000;0.000000;0.000000;7.576563
5035;248.000000;50.000000;10.000000;12.627605;0.000000;0.000000;0.000000;0.000000;0.000000;12.627605
5036;248.000000;50.000000;14.000000;17.678647;0.000000;0.000000;0.000000;0.000000;0.000000;17.678647
5037;248.000000;50.000000;18.000000;22.729689;0.000000;0.000000;0.000000;0.000000;0.000000;22.729689
5038;248.000000;50.000000;22.000000;27.780732;0.000000;0.000000;0.000000;0.000000;0.000000;27.780732
5039;248.000000;50.000000;26.000000;32.831774;0.000000;0.000000;0.000000;0.000000;0.000000;32.831774
5040;248.000000;50.000000;30.000000;37.882816;0.000000;0.000000;0.000000;0.000000;0.000000;37.882816
5041;252.000000;-50.000000;-30.000000;-36.885900;0.000000;0.000000;0.000000;0.000000;0.000000;36.885900
5042;252.000000;-50.000000;-26.000000;-31.967780;0.000000;0.000000;0.000000;0.000000;0.000000;31.967780
5043;252.000000;-50.000000;-22.000000;-27.049660;0.000000;0.000000;0.000000;0.000000;0.000000;27.049660
5044;252.000000;-50.000000;-18.000000;-22.131540;0.000000;0.000000;0.000000;0.000000;0.000000;22.131540
5045;252.000000;-50.000000;-14.000000;-17.213420;0.000000;0.000000;0.000000;0.000000;0.000000;17.213420
5046;252.000000;-50.000000;-10.000000;-12.295300;0.000000;0.000000;0.000000;0.000000;0.000000;12.295300
5047;252.000000;-50.000000;-6.000000;-7.377180;0.000000;0.000000;0.000000;0.000000;0.000000;7.377180
5048;252.000000;-50.000000;-2.000000;-2.459060;0.000000;0.000000;0.000000;0.000000;0.000000;2.459060
5049;252.000000;-50.000000;2.000000;2.459060;0.000000;0.000000;0.000000;0.000000;0.000000;2.459060
5050;252.000000;-50.000000;6.000000;7.377180;0.000000;0.000000;0.000000;0.000000;0.000000;7.377180
5051;252.000000;-50.000000;10.000000;12.295300;0.000000;0.000000;0.000000;0.000000;0.000000;12.295300
5052;252.000000;-50.000000;14.000000;17.213420;0.000000;0.000000;0.000000;0.000000;0.000000;17.213420
5053;252.000000;-50.000000;18.000000;22.131540;0.000000;0.000000;0.000000;0.000000;0.000000;22.131540
5054;252.000000;-50.000000;22.000000;27.049660;0.000000;0.000000;0.000000;0.000000;0.000000;27.049660
5055;252.000000;-50.000000;26.000000;31.967780;0.000000;0.000000;0.000000;0.000000;0.000000;31.967780
5056;252.000000;-50.000000;30.000000;36.885900;0.000000;0.000000;0.000000;0.000000;0.000000;36.885900
5057;252.000000;-46.000000;-30.000000;-36.885900;0.000000;0.000000;0.000000;0.000000;0.000000;36.885900
5058;252.000000;-46.000000;30.000000;36.885900;0.000000;0.000000;0.000000;0.000000;0.000000;36.885900
5059;252.000000;-42.000000;-30.000000;-36.885900;0.000000;0.000000;0.000000;0.000000;0.000000;36.885900
5060;252.000000;-42.000000;30.000000;36.885900;0.000000;0.000000;0.000000;0.000000;0.000000;36.885900
5061;252.000000;-38.000000;-30.000000;-36.885900;0.000000;0.000000;0.000000;0.000000;0.000000;36.885900
5062;252.000000;-38.000000;30.000000;36.885900;0.000000;0.000000;0.000000;0.000000;0.000000;36.885900
5063;252.000000;-34.000000;-30.000000;-36.885900;0.000000;0.000000;0.000000;0.000000;0.000000;36.885900
5064;252.000000;-34.000000;30.000000;36.885900;0.000000;0.000000;0.000000;0.000000;0.000000;36.885900
5065;252.000000;-30.000000;-30.000000;-36.885900;0.000000;0.000000;0.000000;0.000000;0.000000;36.885900
5066;252.000000;-30.000000;30.000000;36.885900;0.000000;0.000000;0.000000;0.000000;0.000000;36.885900
5067;252.000000;-26.000000;-30.000000;-36.885900;0.000000;0.000000;0.000000;0.000000;0.000000;36.885900
5068;252.000000;-26.000000;30.000000;36.885900;0.000000;0.000000;0.000000;0.000000;0.000000;36.885900
5069;252.000000;-22.000000;-30.000000;-36.885900;0.000000;0.000000;0.000000;0.000000;0.000000;36.885900
5070;252.000000;-22.000000;30.000000;36.885900;0.000000;0.000000;0.000000;0.000000;0.000000;36.885900
5071;252.000000;-18.000000;-30.000000;-36.885900;0.000000;0.000000;0.000000;0.000000;0.000000;36.885900
5072;252.000000;-18.000000;30.000000;36.885900;0.000000;0.000000;0.000000;0.000000;0.000000;36.885900
5073;252.000000;-14.000000;-30.000000;-36.885900;0.000000;0.000000;0.000000;0.000000;0.000000;36.885900
5074;252.000000;-14.000000;30.000000;36.885900;0.000000;0.000000;0.000000;0.000000;0.000000;36.885900
5075;252.000000;-10.000000;-30.000000;-36.885900;0.000000;0.000000;0.000000;0.000000;0.000000;36.885900
5076;252.000000;-10.000000;30.000000;36.885900;0.000000;0.000000;0.000000;0.000000;0.000000;36.885900
5077;252.000000;-6.000000;-30.000000;-36.885900;0.000000;0.000000;0.000000;0.000000;0.000000;36.885900
5078;252.000000;-6.000000;30.000000;36.885900;0.000000;0.000000;0.000000;0.000000;0.000000;36.885900
5079;252.000000;-2.000000;-30.000000;-36.885900;0.000000;0.000000;0.000000;0.000000;0.000000;36.885900
5080;252.000000;-2.000000;30.000000;36.885900;0.000000;0.000000;0.000000;0.000000;0.000000;36.885900
5081;252.000000;2.000000;-30.000000;-36.885900;0.000000;0.000000;0.000000;0.000000;0.000000;36.885900
5082;252.000000;2.000000;30.000000;36.885900;0.000000;0.000000;0.000000;0.000000;0.000000;36.885900
5083;252.000000;6.000000;-30.000000;-36.885900;0.000000;0.000000;0.000000;0.000000;0.000000;36.885900
5084;252.000000;6.000000;30.000000;36.885900;0.000000;0.000000;0.000000;0.000000;0.000000;36.885900
5085;252.000000;10.000000;-30.000000;-36.885900;0.000000;0.000000;0.000000;0.000000;0.000000;36.885900
5086;252.000000;10.000000;30.000000;36.885900;0.000000;0.000000;0.000000;0.000000;0.000000;36.885900
5087;252.000000;14.000000;-30.000000;-36.885900;0.000000;0.000000;0.000000;0.000000;0.000000;36.885900
5088;252.000000;14.000000;30.000000;36.885900;0.000000;0.000000;0.000000;0.000000;0.000000;36.885900
5089;252.000000;18.000000;-30.000000;-36.885900;0.000000;0.000000;0.000000;0.000000;0.000000;36.885900
5090;252.000000;18.000000;30.000000;36.885900;0.000000;0.000000;0.000000;0.000000;0.000000;36.885900
5091;252.000000;22.000000;-30.000000;-36.885900;0.000000;0.000000;0.000000;0.000000;0.000000;36.885900
5092;252.000000;22.000000;30.000000;36.885900;0.000000;0.000000;0.000000;0.000000;0.000000;36.885900
5093;252.000000;26.000000;-30.000000;-36.885900;0.000000;0.000000;0.000000;0.000000;0.000000;36.885900
5094;252.000000;26.000000;30.000000;36.885900;0.000000;0.000000;0.000000;0.000000;0.000000;36.885900
5095;252.000000;30.000000;-30.000000;-36.885900;0.000000;0.000000;0.000000;0.000000;0.000000;36.885900
5096;252.000000;30.000000;30.000000;36.885900;0.000000;0.000000;0.000000;0.000000;0.000000;36.885900
5097;252.000000;34.000000;-30.000000;-36.885900;0.000000;0.000000;0.000000;0.000000;0.000000;36.885900
5098;252.000000;34.000000;30.000000;36.885900;0.000000;0.000000;0.000000;0.000000;0.000000;36.885900
5099;252.000000;38.000000;-30.000000;-36.885900;0.000000;0.000000;0.000000;0.000000;0.000000;36.885900
5100;252.000000;38.000000;30.000000;36.885900;0.000000;0.000000;0.000000;0.000000;0.000000;36.885900
5101;252.000000;42.000000;-30.000000;-36.885900;0.000000;0.000000;0.000000;0.000000;0.000000;36.885900
5102;252.000000;42.000000;30.000000;36.885900;0.000000;0.000000;0.000000;0.000000;0.000000;36.885900
5103;252.000000;46.000000;-30.000000;-36.885900;0.000000;0.000000;0.000000;0.000000;0.000000;36.885900
5104;252.000000;46.000000;30.000000;36.885900;0.000000;0.000000;0.000000;0.000000;0.000000;36.885900
5105;252.000000;50.000000;-30.000000;-36.885900;0.000000;0.000000;0.000000;0.000000;0.000000;36.885900
5106;252.000000;50.000000;-26.000000;-31.967780;0.000000;0.000000;0.000000;0.000000;0.000000;31.967780
5107;252.000000;50.000000;-22.000000;-27.049660;0.000000;0.000000;0.000000;0.000000;0.000000;27.049660
5108;252.000000;50.000000;-18.000000;-22.131540;0.000000;0.000000;0.000000;0.000000;0.000000;22.131540
5109;252.000000;50.000000;-14.000000;-17.213420;0.000000;0.000000;0.000000;0.000000;0.000000;17.213420
5110;252.000000;50.000000;-10.000000;-12.295300;0.000000;0.000000;0.000000;0.000000;0.000000;12.295300
5111;252.000000;50.000000;-6.000000;-7.377180;0.000000;0.000000;0.000000;0.000000;0.000000;7.377180
5112;252.000000;50.000000;-2.000000;-2.459060;0.000000;0.000000;0.000000;0.000000;0.000000;2.459060
5113;252.000000;50.000000;2.000000;2.459060;0.000000;0.000000;0.000000;0.000000;0.000000;2.459060
5114;252.000000;50.000000;6.000000;7.377180;0.000000;0.000000;0.000000;0.000000;0.000000;7.377180
5115;252.000000;50.000000;10.000000;12.295300;0.000000;0.000000;0.000000;0.000000;0.000000;12.295300
5116;252.000000;50.000000;14.000000;17.213420;0.000000;0.000000;0.000000;0.000000;0.000000;17.213420
5117;252.000000;50.000000;18.000000;22.131540;0.000000;0.000000;0.000000;0.000000;0.000000;22.131540
5118;252.000000;50.000000;22.000000;27.049660;0.000000;0.000000;0.000000;0.000000;0.000000;27.049660
5119;252.000000;50.000000;26.000000;31.967780;0.000000;0.000000;0.000000;0.000000;0.000000;31.967780
5120;252.000000;50.000000;30.000000;36.885900;0.000000;0.000000;0.000000;0.000000;0.000000;36.885900
5121;256.000000;-50.000000;-30.000000;-35.888983;0.000000;0.000000;0.000000;0.000000;0.000000;35.888983
5122;256.000000;-50.000000;-26.000000;-31.103786;0.000000;0.000000;0.000000;0.000000;0.000000;31.103786
5123;256.000000;-50.000000;-22.000000;-26.318588;0.000000;0.000000;0.000000;0.000000;0.000000;26.318588
5124;256.000000;-50.000000;-18.000000;-21.533390;0.000000;0.000000;0.000000;0.000000;0.000000;21.533390
5125;256.000000;-50.000000;-14.000000;-16.748192;0.000000;0.000000;0.000000;0.000000;0.000000;16.748192
5126;256.000000;-50.000000;-10.000000;-11.962994;0.000000;0.000000;0.000000;0.000000;0.000000;11.962994
5127;256.000000;-50.000000;-6.000000;-7.177797;0.000000;0.000000;0.000000;0.000000;0.000000;7.177797
5128;256.000000;-50.000000;-2.000000;-2.392599;0.000000;0.000000;0.000000;0.000000;0.000000;2.392599
5129;256.000000;-50.000000;2.000000;2.392599;0.000000;0.000000;0.000000;0.000000;0.000000;2.392599
5130;256.000000;-50.000000;6.000000;7.177797;0.000000;0.000000;0.000000;0.000000;0.000000;7.177797
5131;256.000000;-50.000000;10.000000;11.962994;0.000000;0.000000;0.000000;0.000000;0.000000;11.962994
5132;256.000000;-50.000000;14.000000;16.748192;0.000000;0.000000;0.000000;0.000000;0.000000;16.748192
5133;256.000000;-50.000000;18.000000;21.533390;0.000000;0.000000;0.000000;0.000000;0.000000;21.533390
5134;256.000000;-50.000000;22.000000;26.318588;0.000000;0.000000;0.000000;0.000000;0.000000;26.318588
5135;256.000000;-50.000000;26.000000;31.103786;0.000000;0.000000;0.000000;0.000000;0.000000;31.103786
5136;256.000000;-50.000000;30.000000;35.888983;0.000000;0.000000;0.000000;0.000000;0.000000;35.888983
5137;256.000000;-46.000000;-30.000000;-35.888983;0.000000;0.000000;0.000000;0.000000;0.000000;35.888983
5138;256.000000;-46.000000;30.000000;35.888983;0.000000;0.000000;0.000000;0.000000;0.000000;35.888983
5139;256.000000;-42.000000;-30.000000;-35.888983;0.000000;0.000000;0.000000;0.000000;0.000000;35.888983
5140;256.000000;-42.000000;30.000000;35.888983;0.000000;0.000000;0.000000;0.000000;0.000000;35.888983
5141;256.000000;-38.000000;-30.000000;-35.888983;0.000000;0.000000;0.000000;0.000000;0.000000;35.888983
5142;256.000000;-38.000000;30.000000;35.888983;0.000000;0.000000;0.000000;0.000000;0.000000;35.888983
5143;256.000000;-34.000000;-30.000000;-35.888983;0.000000;0.000000;0.000000;0.000000;0.000000;35.888983
5144;256.000000;-34.000000;30.000000;35.888983;0.000000;0.000000;0.000000;0.000000;0.000000;35.888983
5145;256.000000;-30.000000;-30.000000;-35.888983;0.000000;0.000000;0.000000;0.000000;0.000000;35.888983
5146;256.000000;-30.000000;30.000000;35.888983;0.000000;0.000000;0.000000;0.000000;0.000000;35.888983
5147;256.000000;-26.000000;-30.000000;-35.888983;0.000000;0.000000;0.000000;0.000000;0.000000;35.888983
5148;256.000000;-26.000000;30.000000;35.888983;0.000000;0.000000;0.000000;0.000000;0.000000;35.888983
5149;256.000000;-22.000000;-30.000000;-35.888983;0.000000;0.000000;0.000000;0.000000;0.000000;35.888983
5150;256.000000;-22.000000;30.000000;35.888983;0.000000;0.000000;0.000000;0.000000;0.000000;35.888983
5151;256.000000;-18.000000;-30.000000;-35.888983;0.000000;0.000000;0.000000;0.000000;0.000000;35.888983
5152;256.000000;-18.000000;30.000000;35.888983;0.000000;0.000000;0.000000;0.000000;0.000000;35.888983
5153;256.000000;-14.000000;-30.000000;-35.888983;0.000000;0.000000;0.000000;0.000000;0.000000;35.888983
5154;256.000000;-14.000000;30.000000;35.888983;0.000000;0.000000;0.000000;0.000000;0.000000;35.888983
5155;256.000000;-10.000000;-30.000000;-35.888983;0.000000;0.000000;0.000000;0.000000;0.000000;35.888983
5156;256.000000;-10.000000;30.000000;35.888983;0.000000;0.000000;0.000000;0.000000;0.000000;35.888983
5157;256.000000;-6.000000;-30.000000;-35.888983;0.000000;0.000000;0.000000;0.000000;0.000000;35.888983
5158;256.000000;-6.000000;30.000000;35.888983;0.000000;0.000000;0.000000;0.000000;0.000000;35.888983
5159;256.000000;-2.000000;-30.000000;-35.888983;0.000000;0.000000;0.000000;0.000000;0.000000;35.888983
5160;256.000000;-2.000000;30.000000;35.888983;0.000000;0.000000;0.000000;0.000000;0.000000;35.888983
5161;256.000000;2.000000;-30.000000;-35.888983;0.000000;0.000000;0.000000;0.000000;0.000000;35.888983
5162;256.000000;2.000000;30.000000;35.888983;0.000000;0.000000;0.000000;0.000000;0.000000;35.888983
5163;256.000000;6.000000;-30.000000;-35.888983;0.000000;0.000000;0.000000;0.000000;0.000000;35.888983
5164;256.000000;6.000000;30.000000;35.888983;0.000000;0.000000;0.000000;0.000000;0.000000;35.888983
5165;256.000000;10.000000;-30.000000;-35.888983;0.000000;0.000000;0.000000;0.000000;0.000000;35.888983
5166;256.000000;10.000000;30.000000;35.888983;0.000000;0.000000;0.000000;0.000000;0.000000;35.888983
5167;256.000000;14.000000;-30.000000;-35.888983;0.000000;0.000000;0.000000;0.000000;0.000000;35.888983
5168;256.000000;14.000000;30.000000;35.888983;0.000000;0.000000;0.000000;0.000000;0.000000;35.888983
5169;256.000000;18.000000;-30.000000;-35.888983;0.000000;0.000000;0.000000;0.000000;0.000000;35.888983
5170;256.000000;18.000000;30.000000;35.888983;0.000000;0.000000;0.000000;0.000000;0.000000;35.888983
5171;256.000000;22.000000;-30.000000;-35.888983;0.000000;0.000000;0.000000;0.000000;0.000000;35.888983
5172;256.000000;22.000000;30.000000;35.888983;0.000000;0.000000;0.000000;0.000000;0.000000;35.888983
5173;256.000000;26.000000;-30.000000;-35.888983;0.000000;0.000000;0.000000;0.000000;0.000000;35.888983
5174;256.000000;26.000000;30.000000;35.888983;0.000000;0.000000;0.000000;0.000000;0.000000;35.888983
5175;256.000000;30.000000;-30.000000;-35.888983;0.000000;0.000000;0.000000;0.000000;0.000000;35.888983
5176;256.000000;30.000000;30.000000;35.888983;0.000000;0.000000;0.000000;0.000000;0.000000;35.888983
5177;256.000000;34.000000;-30.000000;-35.888983;0.000000;0.000000;0.000000;0.000000;0.000000;35.888983
5178;256.000000;34.000000;30.000000;35.888983;0.000000;0.000000;0.000000;0.000000;0.000000;35.888983
5179;256.000000;38.000000;-30.000000;-35.888983;0.000000;0.000000;0.000000;0.000000;0.000000;35.888983
5180;256.000000;38.000000;30.000000;35.888983;0.000000;0.000000;0.000000;0.000000;0.000000;35.888983
5181;256.000000;42.000000;-30.000000;-35.888983;0.000000;0.000000;0.000000;0.000000;0.000000;35.888983
5182;256.000000;42.000000;30.000000;35.888983;0.000000;0.000000;0.000000;0.000000;0.000000;35.888983
5183;256.000000;46.000000;-30.000000;-35.888983;0.000000;0.000000;0.000000;0.000000;0.000000;35.888983
5184;256.000000;46.000000;30.000000;35.888983;0.000000;0.000000;0.000000;0.000000;0.000000;35.888983
5185;256.000000;50.000000;-30.000000;-35.888983;0.000000;0.000000;0.000000;0.000000;0.000000;35.888983
5186;256.000000;50.000000;-26.000000;-31.103786;0.000000;0.000000;0.000000;0.000000;0.000000;31.103786
5187;256.000000;50.000000;-22.000000;-26.318588;0.000000;0.000000;0.000000;0.000000;0.000000;26.318588
5188;256.000000;50.000000;-18.000000;-21.533390;0.000000;0.000000;0.000000;0.000000;0.000000;21.533390
5189;256.000000;50.000000;-14.000000;-16.748192;0.000000;0.000000;0.000000;0.000000;0.000000;16.748192
5190;256.000000;50.000000;-10.000000;-11.962994;0.000000;0.000000;0.000000;0.000000;0.000000;11.962994
5191;256.000000;50.000000;-6.000000;-7.177797;0.000000;0.000000;0.000000;0.000000;0.000000;7.177797
5192;256.000000;50.000000;-2.000000;-2.392599;0.000000;0.000000;0.000000;0.000000;0.000000;2.392599
5193;256.000000;50.000000;2.000000;2.392599;0.000000;0.000000;0.000000;0.000000;0.000000;2.392599
5194;256.000000;50.000000;6.000000;7.177797;0.000000;0.000000;0.000000;0.000000;0.000000;7.177797
5195;256.000000;50.000000;10.000000;11.962994;0.000000;0.000000;0.000000;0.000000;0.000000;11.962994
5196;256.000000;50.000000;14.000000;16.748192;0.000000;0.000000;0.000000;0.000000;0.000000;16.748192
5197;256.000000;50.000000;18.000000;21.533390;0.000000;0.000000;0.000000;0.000000;0.000000;21.533390
5198;256.000000;50.000000;22.000000;26.318588;0.000000;0.000000;0.000000;0.000000;0.000000;26.318588
5199;256.000000;50.000000;26.000000;31.103786;0.000000;0.000000;0.000000;0.000000;0.000000;31.103786
5200;256.000000;50.000000;30.000000;35.888983;0.000000;0.000000;0.000000;0.000000;0.000000;35.888983
5201;260.000000;-50.000000;-30.000000;-34.892067;0.000000;0.000000;0.000000;0.000000;0.000000;34.892067
5202;260.000000;-50.000000;-26.000000;-30.239792;0.000000;0.000000;0.000000;0.000000;0.000000;30.239792
5203;260.000000;-50.000000;-22.000000;-25.587516;0.000000;0.000000;0.000000;0.000000;0.000000;25.587516
5204;260.000000;-50.000000;-18.000000;-20.935240;0.000000;0.000000;0.000000;0.000000;0.000000;20.935240
5205;260.000000;-50.000000;-14.000000;-16.282965;0.000000;0.000000;0.000000;0.000000;0.000000;16.282965
5206;260.000000;-50.000000;-10.000000;-11.630689;0.000000;0.000000;0.000000;0.000000;0.000000;11.630689
5207;260.000000;-50.000000;-6.000000;-6.978413;0.000000;0.000000;0.000000;0.000000;0.000000;6.978413
5208;260.000000;-50.000000;-2.000000;-2.326138;0.000000;0.000000;0.000000;0.000000;0.000000;2.326138
5209;260.000000;-50.000000;2.000000;2.326138;0.000000;0.000000;0.000000;0.000000;0.000000;2.326138
5210;260.000000;-50.000000;6.000000;6.978413;0.000000;0.000000;0.000000;0.000000;0.000000;6.978413
5211;260.000000;-50.000000;10.000000;11.630689;0.000000;0.000000;0.000000;0.000000;0.000000;11.630689
5212;260.000000;-50.000000;14.000000;16.282965;0.000000;0.000000;0.000000;0.000000;0.000000;16.282965
5213;260.000000;-50.000000;18.000000;20.935240;0.000000;0.000000;0.000000;0.000000;0.000000;20.935240
5214;260.000000;-50.000000;22.000000;25.587516;0.000000;0.000000;0.000000;0.000000;0.000000;25.587516
5215;260.000000;-50.000000;26.000000;30.239792;0.000000;0.000000;0.000000;0.000000;0.000000;30.239792
5216;260.000000;-50.000000;30.000000;34.892067;0.000000;0.000000;0.000000;0.000000;0.000000;34.892067
5217;260.000000;-46.000000;-30.000000;-34.892067;0.000000;0.000000;0.000000;0.000000;0.000000;34.892067
5218;260.000000;-46.000000;30.000000;34.892067;0.000000;0.000000;0.000000;0.000000;0.000000;34.892067
5219;260.000000;-42.000000;-30.000000;-34.892067;0.000000;0.000000;0.000000;0.000000;0.000000;34.892067
5220;260.000000;-42.000000;30.000000;34.892067;0.000000;0.000000;0.000000;0.000000;0.000000;34.892067
5221;260.000000;-38.000000;-30.000000;-34.892067;0.000000;0.000000;0.000000;0.000000;0.000000;34.892067
5222;260.000000;-38.000000;30.000000;34.892067;0.000000;0.000000;0.000000;0.000000;0.000000;34.892067
5223;260.000000;-34.000000;-30.000000;-34.892067;0.000000;0.000000;0.000000;0.000000;0.000000;34.892067
5224;260.000000;-34.000000;30.000000;34.892067;0.000000;0.000000;0.000000;0.000000;0.000000;34.892067
5225;260.000000;-30.000000;-30.000000;-34.892067;0.000000;0.000000;0.000000;0.000000;0.000000;34.892067
5226;260.000000;-30.000000;30.000000;34.892067;0.000000;0.000000;0.000000;0.000000;0.000000;34.892067
5227;260.000000;-26.000000;-30.000000;-34.892067;0.000000;0.000000;0.000000;0.000000;0.000000;34.892067
5228;260.000000;-26.000000;30.000000;34.892067;0.000000;0.000000;0.000000;0.000000;0.000000;34.892067
5229;260.000000;-22.000000;-30.000000;-34.892067;0.000000;0.000000;0.000000;0.000000;0.000000;34.892067
5230;260.000000;-22.000000;30.000000;34.892067;0.000000;0.000000;0.000000;0.000000;0.000000;34.892067
5231;260.000000;-18.000000;-30.000000;-34.892067;0.000000;0.000000;0.000000;0.000000;0.000000;34.892067
5232;260.000000;-18.000000;30.000000;34.892067;0.000000;0.000000;0.000000;0.000000;0.000000;34.892067
5233;260.000000;-14.000000;-30.000000;-34.892067;0.000000;0.000000;0.000000;0.000000;0.000000;34.892067
5234;260.000000;-14.000000;30.000000;34.892067;0.000000;0.000000;0.000000;0.000000;0.000000;34.892067
5235;260.000000;-10.000000;-30.000000;-34.892067;0.000000;0.000000;0.000000;0.000000;0.000000;34.892067
5236;260.000000;-10.000000;30.000000;34.892067;0.000000;0.000000;0.000000;0.000000;0.000000;34.892067
5237;260.000000;-6.000000;-30.000000;-34.892067;0.000000;0.000000;0.000000;0.000000;0.000000;34.892067
5238;260.000000;-6.000000;30.000000;34.892067;0.000000;0.000000;0.000000;0.000000;0.000000;34.892067
5239;260.000000;-2.000000;-30.000000;-34.892067;0.000000;0.000000;0.000000;0.000000;0.000000;34.892067
5240;260.000000;-2.000000;30.000000;34.892067;0.000000;0.000000;0.000000;0.000000;0.000000;34.892067
5241;260.000000;2.000000;-30.000000;-34.892067;0.000000;0.000000;0.000000;0.000000;0.000000;34.892067
5242;260.000000;2.000000;30.000000;34.892067;0.000000;0.000000;0.000000;0.000000;0.000000;34.892067
5243;260.000000;6.000000;-30.000000;-34.892067;0.000000;0.000000;0.000000;0.000000;0.000000;34.892067
5244;260.000000;6.000000;30.000000;34.892067;0.000000;0.000000;0.000000;0.000000;0.000000;34.892067
5245;260.000000;10.000000;-30.000000;-34.892067;0.000000;0.000000;0.000000;0.000000;0.000000;34.892067
5246;260.000000;10.000000;30.000000;34.892067;0.000000;0.000000;0.000000;0.000000;0.000000;34.892067
5247;260.000000;14.000000;-30.000000;-34.892067;0.000000;0.000000;0.000000;0.000000;0.000000;34.892067
5248;260.000000;14.000000;30.000000;34.892067;0.000000;0.000000;0.000000;0.000000;0.000000;34.892067
5249;260.000000;18.000000;-30.000000;-34.892067;0.000000;0.000000;0.000000;0.000000;0.000000;34.892067
5250;260.000000;18.000000;30.000000;34.892067;0.000000;0.000000;0.000000;0.000000;0.000000;34.892067
5251;260.000000;22.000000;-30.000000;-34.892067;0.000000;0.000000;0.000000;0.000000;0.000000;34.892067
5252;260.000000;22.000000;30.000000;34.892067;0.000000;0.000000;0.000000;0.000000;0.000000;34.892067
5253;260.000000;26.000000;-30.000000;-34.892067;0.000000;0.000000;0.000000;0.000000;0.000000;34.892067
5254;260.000000;26.000000;30.000000;34.892067;0.000000;0.000000;0.000000;0.000000;0.000000;34.892067
5255;260.000000;30.000000;-30.000000;-34.892067;0.000000;0.000000;0.000000;0.000000;0.000000;34.892067
5256;260.000000;30.000000;30.000000;34.892067;0.000000;0.000000;0.000000;0.000000;0.000000;34.892067
5257;260.000000;34.000000;-30.000000;-34.892067;0.000000;0.000000;0.000000;0.000000;0.000000;34.892067
5258;260.000000;34.000000;30.000000;34.892067;0.000000;0.000000;0.000000;0.000000;0.000000;34.892067
5259;260.000000;38.000000;-30.000000;-34.892067;0.000000;0.000000;0.000000;0.000000;0.000000;34.892067
5260;260.000000;38.000000;30.000000;34.892067;0.000000;0.000000;0.000000;0.000000;0.000000;34.892067
5261;260.000000;42.000000;-30.000000;-34.892067;0.000000;0.000000;0.000000;0.000000;0.000000;34.892067
5262;260.000000;42.000000;30.000000;34.892067;0.000000;0.000000;0.000000;0.000000;0.000000;34.892067
5263;260.000000;46.000000;-30.000000;-34.892067;0.000000;0.000000;0.000000;0.000000;0.000000;34.892067
5264;260.000000;46.000000;30.000000;34.892067;0.000000;0.000000;0.000000;0.000000;0.000000;34.892067
5265;260.000000;50.000000;-30.000000;-34.892067;0.000000;0.000000;0.000000;0.000000;0.000000;34.892067
5266;260.000000;50.000000;-26.000000;-30.239792;0.000000;0.000000;0.000000;0.000000;0.000000;30.239792
5267;260.000000;50.000000;-22.000000;-25.587516;0.000000;0.000000;0.000000;0.000000;0.000000;25.587516
5268;260.000000;50.000000;-18.000000;-20.935240;0.000000;0.000000;0.000000;0.000000;0.000000;20.935240
5269;260.000000;50.000000;-14.000000;-16.282965;0.000000;0.000000;0.000000;0.000000;0.000000;16.282965
5270;260.000000;50.000000;-10.000000;-11.630689;0.000000;0.000000;0.000000;0.000000;0.000000;11.630689
5271;260.000000;50.000000;-6.000000;-6.978413;0.000000;0.000000;0.000000;0.000000;0.000000;6.978413
5272;260.000000;50.000000;-2.000000;-2.326138;0.000000;0.000000;0.000000;0.000000;0.000000;2.326138
5273;260.000000;50.000000;2.000000;2.326138;0.000000;0.000000;0.000000;0.000000;0.000000;2.326138
5274;260.000000;50.000000;6.000000;6.978413;0.000000;0.000000;0.000000;0.000000;0.000000;6.978413
5275;260.000000;50.000000;10.000000;11.630689;0.000000;0.000000;0.000000;0.000000;0.000000;11.630689
5276;260.000000;50.000000;14.000000;16.282965;0.000000;0.000000;0.000000;0.000000;0.000000;16.282965
5277;260.000000;50.000000;18.000000;20.935240;0.000000;0.000000;0.000000;0.000000;0.000000;20.935240
5278;260.000000;50.000000;22.000000;25.587516;0.000000;0.000000;0.000000;0.000000;0.000000;25.587516
5279;260.000000;50.000000;26.000000;30.239792;0.000000;0.000000;0.000000;0.000000;0.000000;30.239792
5280;260.000000;50.000000;30.000000;34.892067;0.000000;0.000000;0.000000;0.000000;0.000000;34.892067
5281;264.000000;-50.000000;-30.000000;-33.895151;0.000000;0.000000;0.000000;0.000000;0.000000;33.895151
5282;264.000000;-50.000000;-26.000000;-29.375798;0.000000;0.000000;0.000000;0.000000;0.000000;29.375798
5283;264.000000;-50.000000;-22.000000;-24.856444;0.000000;0.000000;0.000000;0.000000;0.000000;24.856444
5284;264.000000;-50.000000;-18.000000;-20.337091;0.000000;0.000000;0.000000;0.000000;0.000000;20.337091
5285;264.000000;-50.000000;-14.000000;-15.817737;0.000000;0.000000;0.000000;0.000000;0.000000;15.817737
5286;264.000000;-50.000000;-10.000000;-11.298384;0.000000;0.000000;0.000000;0.000000;0.000000;11.298384
5287;264.000000;-50.000000;-6.000000;-6.779030;0.000000;0.000000;0.000000;0.000000;0.000000;6.779030
5288;264.000000;-50.000000;-2.000000;-2.259677;0.000000;0.000000;0.000000;0.000000;0.000000;2.259677
5289;264.000000;-50.000000;2.000000;2.259677;0.000000;0.000000;0.000000;0.000000;0.000000;2.259677
5290;264.000000;-50.000000;6.000000;6.779030;0.000000;0.000000;0.000000;0.000000;0.000000;6.779030
5291;264.000000;-50.000000;10.000000;11.298384;0.000000;0.000000;0.000000;0.000000;0.000000;11.298384
5292;264.000000;-50.000000;14.000000;15.817737;0.000000;0.000000;0.000000;0.000000;0.000000;15.817737
5293;264.000000;-50.000000;18.000000;20.337091;0.000000;0.000000;0.000000;0.000000;0.000000;20.337091
5294;264.000000;-50.000000;22.000000;24.856444;0.000000;0.000000;0.000000;0.000000;0.000000;24.856444
5295;264.000000;-50.000000;26.000000;29.375798;0.000000;0.000000;0.000000;0.000000;0.000000;29.375798
5296;264.000000;-50.000000;30.000000;33.895151;0.000000;0.000000;0.000000;0.000000;0.000000;33.895151
5297;264.000000;-46.000000;-30.000000;-33.895151;0.000000;0.000000;0.000000;0.000000;0.000000;33.895151
5298;264.000000;-46.000000;30.000000;33.895151;0.000000;0.000000;0.000000;0.000000;0.000000;33.895151
5299;264.000000;-42.000000;-30.000000;-33.895151;0.000000;0.000000;0.000000;0.000000;0.000000;33.895151
5300;264.000000;-42.000000;30.000000;33.895151;0.000000;0.000000;0.000000;0.000000;0.000000;33.895151
5301;264.000000;-38.000000;-30.000000;-33.895151;0.000000;0.000000;0.000000;0.000000;0.000000;33.895151
5302;264.000000;-38.000000;30.000000;33.895151;0.000000;0.000000;0.000000;0.000000;0.000000;33.895151
5303;264.000000;-34.000000;-30.000000;-33.895151;0.000000;0.000000;0.000000;0.000000;0.000000;33.895151
5304;264.000000;-34.000000;30.000000;33.895151;0.000000;0.000000;0.000000;0.000000;0.000000;33.895151
5305;264.000000;-30.000000;-30.000000;-33.895151;0.000000;0.000000;0.000000;0.000000;0.000000;33.895151
5306;264.000000;-30.000000;30.000000;33.895151;0.000000;0.000000;0.000000;0.000000;0.000000;33.895151
5307;264.000000;-26.000000;-30.000000;-33.895151;0.000000;0.000000;0.000000;0.000000;0.000000;33.895151
5308;264.000000;-26.000000;30.000000;33.895151;0.000000;0.000000;0.000000;0.000000;0.000000;33.895151
5309;264.000000;-22.000000;-30.000000;-33.895151;0.000000;0.000000;0.000000;0.000000;0.000000;33.895151
5310;264.000000;-22.000000;30.000000;33.895151;0.000000;0.000000;0.000000;0.000000;0.000000;33.895151
5311;264.000000;-18.000000;-30.000000;-33.895151;0.000000;0.000000;0.000000;0.000000;0.000000;33.895151
5312;264.000000;-18.000000;30.000000;33.895151;0.000000;0.000000;0.000000;0.000000;0.000000;33.895151
5313;264.000000;-14.000000;-30.000000;-33.895151;0.000000;0.000000;0.000000;0.000000;0.000000;33.895151
5314;264.000000;-14.000000;30.000000;33.895151;0.000000;0.000000;0.000000;0.000000;0.000000;33.895151
5315;264.000000;-10.000000;-30.000000;-33.895151;0.000000;0.000000;0.000000;0.000000;0.000000;33.895151
5316;264.000000;-10.000000;30.000000;33.895151;0.000000;0.000000;0.000000;0.000000;0.000000;33.895151
5317;264.000000;-6.000000;-30.000000;-33.895151;0.000000;0.000000;0.000000;0.000000;0.000000;33.895151
5318;264.000000;-6.000000;30.000000;33.895151;0.000000;0.000000;0.000000;0.000000;0.000000;33.895151
5319;264.000000;-2.000000;-30.000000;-33.895151;0.000000;0.000000;0.000000;0.000000;0.000000;33.895151
5320;264.000000;-2.000000;30.000000;33.895151;0.000000;0.000000;0.000000;0.000000;0.000000;33.895151
5321;264.000000;2.000000;-30.000000;-33.895151;0.000000;0.000000;0.000000;0.000000;0.000000;33.895151
5322;264.000000;2.000000;30.000000;33.895151;0.000000;0.000000;0.000000;0.000000;0.000000;33.895151
5323;264.000000;6.000000;-30.000000;-33.895151;0.000000;0.000000;0.000000;0.000000;0.000000;33.895151
5324;264.000000;6.000000;30.000000;33.895151;0.000000;0.000000;0.000000;0.000000;0.000000;33.895151
5325;264.000000;10.000000;-30.000000;-33.895151;0.000000;0.000000;0.000000;0.000000;0.000000;33.895151
5326;264.000000;10.000000;30.000000;33.895151;0.000000;0.000000;0.000000;0.000000;0.000000;33.895151
5327;264.000000;14.000000;-30.000000;-33.895151;0.000000;0.000000;0.000000;0.000000;0.000000;33.895151
5328;264.000000;14.000000;30.000000;33.895151;0.000000;0.000000;0.000000;0.000000;0.000000;33.895151
5329;264.000000;18.000000;-30.000000;-33.895151;0.000000;0.000000;0.000000;0.000000;0.000000;33.895151
5330;264.000000;18.000000;30.000000;33.895151;0.000000;0.000000;0.000000;0.000000;0.000000;33.895151
5331;264.000000;22.000000;-30.000000;-33.895151;0.000000;0.000000;0.000000;0.000000;0.000000;33.895151
5332;264.000000;22.000000;30.000000;33.895151;0.000000;0.000000;0.000000;0.000000;0.000000;33.895151
5333;264.000000;26.000000;-30.000000;-33.895151;0.000000;0.000000;0.000000;0.000000;0.000000;33.895151
5334;264.000000;26.000000;30.000000;33.895151;0.000000;0.000000;0.000000;0.000000;0.000000;33.895151
5335;264.000000;30.000000;-30.000000;-33.895151;0.000000;0.000000;0.000000;0.000000;0.000000;33.895151
5336;264.000000;30.000000;30.000000;33.895151;0.000000;0.000000;0.000000;0.000000;0.000000;33.895151
5337;264.000000;34.000000;-30.000000;-33.895151;0.000000;0.000000;0.000000;0.000000;0.000000;33.895151
5338;264.000000;34.000000;30.000000;33.895151;0.000000;0.000000;0.000000;0.000000;0.000000;33.895151
5339;264.000000;38.000000;-30.000000;-33.895151;0.000000;0.000000;0.000000;0.000000;0.000000;33.895151
5340;264.000000;38.000000;30.000000;33.895151;0.000000;0.000000;0.000000;0.000000;0.000000;33.895151
5341;264.000000;42.000000;-30.000000;-33.895151;0.000000;0.000000;0.000000;0.000000;0.000000;33.895151
5342;264.000000;42.000000;30.000000;33.895151;0.000000;0.000000;0.000000;0.000000;0.000000;33.895151
5343;264.000000;46.000000;-30.000000;-33.895151;0.000000;0.000000;0.000000;0.000000;0.000000;33.895151
5344;264.000000;46.000000;30.000000;33.895151;0.000000;0.000000;0.000000;0.000000;0.000000;33.895151
5345;264.000000;50.000000;-30.000000;-33.895151;0.000000;0.000000;0.000000;0.000000;0.000000;33.895151
5346;264.000000;50.000000;-26.000000;-29.375798;0.000000;0.000000;0.000000;0.000000;0.000000;29.375798
5347;264.000000;50.000000;-22.000000;-24.856444;0.000000;0.000000;0.000000;0.000000;0.000000;24.856444
5348;264.000000;50.000000;-18.000000;-20.337091;0.000000;0.000000;0.000000;0.000000;0.000000;20.337091
5349;264.000000;50.000000;-14.000000;-15.817737;0.000000;0.000000;0.000000;0.000000;0.000000;15.817737
5350;264.000000;50.000000;-10.000000;-11.298384;0.000000;0.000000;0.000000;0.000000;0.000000;11.298384
5351;264.000000;50.000000;-6.000000;-6.779030;0.000000;0.000000;0.000000;0.000000;0.000000;6.779030
5352;264.000000;50.000000;-2.000000;-2.259677;0.000000;0.000000;0.000000;0.000000;0.000000;2.259677
5353;264.000000;50.000000;2.000000;2.259677;0.000000;0.000000;0.000000;0.000000;0.000000;2.259677
5354;264.000000;50.000000;6.000000;6.779030;0.000000;0.000000;0.000000;0.000000;0.000000;6.779030
5355;264.000000;50.000000;10.000000;11.298384;0.000000;0.000000;0.000000;0.000000;0.000000;11.298384
5356;264.000000;50.000000;14.000000;15.817737;0.000000;0.000000;0.000000;0.000000;0.000000;15.817737
5357;264.000000;50.000000;18.000000;20.337091;0.000000;0.000000;0.000000;0.000000;0.000000;20.337091
5358;264.000000;50.000000;22.000000;24.856444;0.000000;0.000000;0.000000;0.000000;0.000000;24.856444
5359;264.000000;50.000000;26.000000;29.375798;0.000000;0.000000;0.000000;0.000000;0.000000;29.375798
5360;264.000000;50.000000;30.000000;33.895151;0.000000;0.000000;0.000000;0.000000;0.000000;33.895151
5361;268.000000;-50.000000;-30.000000;-32.898235;0.000000;0.000000;0.000000;0.000000;0.000000;32.898235
5362;268.000000;-50.000000;-26.000000;-28.511803;0.000000;0.000000;0.000000;0.000000;0.000000;28.511803
5363;268.000000;-50.000000;-22.000000;-24.125372;0.000000;0.000000;0.000000;0.000000;0.000000;24.125372
5364;268.000000;-50.000000;-18.000000;-19.738941;0.000000;0.000000;0.000000;0.000000;0.000000;19.738941
5365;268.000000;-50.000000;-14.000000;-15.352510;0.000000;0.000000;0.000000;0.000000;0.000000;15.352510
5366;268.000000;-50.000000;-10.000000;-10.966078;0.000000;0.000000;0.000000;0.000000;0.000000;10.966078
5367;268.000000;-50.000000;-6.000000;-6.579647;0.000000;0.000000;0.000000;0.000000;0.000000;6.579647
5368;268.000000;-50.000000;-2.000000;-2.193216;0.000000;0.000000;0.000000;0.000000;0.000000;2.193216
5369;268.000000;-50.000000;2.000000;2.193216;0.000000;0.000000;0.000000;0.000000;0.000000;2.193216
5370;268.000000;-50.000000;6.000000;6.579647;0.000000;0.000000;0.000000;0.000000;0.000000;6.579647
5371;268.000000;-50.000000;10.000000;10.966078;0.000000;0.000000;0.000000;0.000000;0.000000;10.966078
5372;268.000000;-50.000000;14.000000;15.352510;0.000000;0.000000;0.000000;0.000000;0.000000;15.352510
5373;268.000000;-50.000000;18.000000;19.738941;0.000000;0.000000;0.000000;0.000000;0.000000;19.738941
5374;268.000000;-50.000000;22.000000;24.125372;0.000000;0.000000;0.000000;0.000000;0.000000;24.125372
5375;268.000000;-50.000000;26.000000;28.511803;0.000000;0.000000;0.000000;0.000000;0.000000;28.511803
5376;268.000000;-50.000000;30.000000;32.898235;0.000000;0.000000;0.000000;0.000000;0.000000;32.898235
5377;268.000000;-46.000000;-30.000000;-32.898235;0.000000;0.000000;0.000000;0.000000;0.000000;32.898235
5378;268.000000;-46.000000;30.000000;32.898235;0.000000;0.000000;0.000000;0.000000;0.000000;32.898235
5379;268.000000;-42.000000;-30.000000;-32.898235;0.000000;0.000000;0.000000;0.000000;0.000000;32.898235
5380;268.000000;-42.000000;30.000000;32.898235;0.000000;0.000000;0.000000;0.000000;0.000000;32.898235
5381;268.000000;-38.000000;-30.000000;-32.898235;0.000000;0.000000;0.000000;0.000000;0.000000;32.898235
5382;268.000000;-38.000000;30.000000;32.898235;0.000000;0.000000;0.000000;0.000000;0.000000;32.898235
5383;268.000000;-34.000000;-30.000000;-32.898235;0.000000;0.000000;0.000000;0.000000;0.000000;32.898235
5384;268.000000;-34.000000;30.000000;32.898235;0.000000;0.000000;0.000000;0.000000;0.000000;32.898235
5385;268.000000;-30.000000;-30.000000;-32.898235;0.000000;0.000000;0.000000;0.000000;0.000000;32.898235
5386;268.000000;-30.000000;30.000000;32.898235;0.000000;0.000000;0.000000;0.000000;0.000000;32.898235
5387;268.000000;-26.000000;-30.000000;-32.898235;0.000000;0.000000;0.000000;0.000000;0.000000;32.898235
5388;268.000000;-26.000000;30.000000;32.898235;0.000000;0.000000;0.000000;0.000000;0.000000;32.898235
5389;268.000000;-22.000000;-30.000000;-32.898235;0.000000;0.000000;0.000000;0.000000;0.000000;32.898235
5390;268.000000;-22.000000;30.000000;32.898235;0.000000;0.000000;0.000000;0.000000;0.000000;32.898235
5391;268.000000;-18.000000;-30.000000;-32.898235;0.000000;0.000000;0.000000;0.000000;0.000000;32.898235
5392;268.000000;-18.000000;30.000000;32.898235;0.000000;0.000000;0.000000;0.000000;0.000000;32.898235
5393;268.000000;-14.000000;-30.000000;-32.898235;0.000000;0.000000;0.000000;0.000000;0.000000;32.898235
5394;268.000000;-14.000000;30.000000;32.898235;0.000000;0.000000;0.000000;0.000000;0.000000;32.898235
5395;268.000000;-10.000000;-30.000000;-32.898235;0.000000;0.000000;0.000000;0.000000;0.000000;32.898235
5396;268.000000;-10.000000;30.000000;32.898235;0.000000;0.000000;0.000000;0.000000;0.000000;32.898235
5397;268.000000;-6.000000;-30.000000;-32.898235;0.000000;0.000000;0.000000;0.000000;0.000000;32.898235
5398;268.000000;-6.000000;30.000000;32.898235;0.000000;0.000000;0.000000;0.000000;0.000000;32.898235
5399;268.000000;-2.000000;-30.000000;-32.898235;0.000000;0.000000;0.000000;0.000000;0.000000;32.898235
5400;268.000000;-2.000000;30.000000;32.898235;0.000000;0.000000;0.000000;0.000000;0.000000;32.898235
5401;268.000000;2.000000;-30.000000;-32.898235;0.000000;0.000000;0.000000;0.000000;0.000000;32.898235
5402;268.000000;2.000000;30.000000;32.898235;0.000000;0.000000;0.000000;0.000000;0.000000;32.898235
5403;268.000000;6.000000;-30.000000;-32.898235;0.000000;0.000000;0.000000;0.000000;0.000000;32.898235
5404;268.000000;6.000000;30.000000;32.898235;0.000000;0.000000;0.000000;0.000000;0.000000;32.898235
5405;268.000000;10.000000;-30.000000;-32.898235;0.000000;0.000000;0.000000;0.000000;0.000000;32.898235
5406;268.000000;10.000000;30.000000;32.898235;0.000000;0.000000;0.000000;0.000000;0.000000;32.898235
5407;268.000000;14.000000;-30.000000;-32.898235;0.000000;0.000000;0.000000;0.000000;0.000000;32.898235
5408;268.000000;14.000000;30.000000;32.898235;0.000000;0.000000;0.000000;0.000000;0.000000;32.898235
5409;268.000000;18.000000;-30.000000;-32.898235;0.000000;0.000000;0.000000;0.000000;0.000000;32.898235
5410;268.000000;18.000000;30.000000;32.898235;0.000000;0.000000;0.000000;0.000000;0.000000;32.898235
5411;268.000000;22.000000;-30.000000;-32.898235;0.000000;0.000000;0.000000;0.000000;0.000000;32.898235
5412;268.000000;22.000000;30.000000;32.898235;0.000000;0.000000;0.000000;0.000000;0.000000;32.898235
5413;268.000000;26.000000;-30.000000;-32.898235;0.000000;0.000000;0.000000;0.000000;0.000000;32.898235
5414;268.000000;26.000000;30.000000;32.898235;0.000000;0.000000;0.000000;0.000000;0.000000;32.898235
5415;268.000000;30.000000;-30.000000;-32.898235;0.000000;0.000000;0.000000;0.000000;0.000000;32.898235
5416;268.000000;30.000000;30.000000;32.898235;0.000000;0.000000;0.000000;0.000000;0.000000;32.898235
5417;268.000000;34.000000;-30.000000;-32.898235;0.000000;0.000000;0.000000;0.000000;0.000000;32.898235
5418;268.000000;34.000000;30.000000;32.898235;0.000000;0.000000;0.000000;0.000000;0.000000;32.898235
5419;268.000000;38.000000;-30.000000;-32.898235;0.000000;0.000000;0.000000;0.000000;0.000000;32.898235
5420;268.000000;38.000000;30.000000;32.898235;0.000000;0.000000;0.000000;0.000000;0.000000;32.898235
5421;268.000000;42.000000;-30.000000;-32.898235;0.000000;0.000000;0.000000;0.000000;0.000000;32.898235
5422;268.000000;42.000000;30.000000;32.898235;0.000000;0.000000;0.000000;0.000000;0.000000;32.898235
5423;268.000000;46.000000;-30.000000;-32.898235;0.000000;0.000000;0.000000;0.000000;0.000000;32.898235
5424;268.000000;46.000000;30.000000;32.898235;0.000000;0.000000;0.000000;0.000000;0.000000;32.898235
5425;268.000000;50.000000;-30.000000;-32.898235;0.000000;0.000000;0.000000;0.000000;0.000000;32.898235
5426;268.000000;50.000000;-26.000000;-28.511803;0.000000;0.000000;0.000000;0.000000;0.000000;28.511803
5427;268.000000;50.000000;-22.000000;-24.125372;0.000000;0.000000;0.000000;0.000000;0.000000;24.125372
5428;268.000000;50.000000;-18.000000;-19.738941;0.000000;0.000000;0.000000;0.000000;0.000000;19.738941
5429;268.000000;50.000000;-14.000000;-15.352510;0.000000;0.000000;0.000000;0.000000;0.000000;15.352510
5430;268.000000;50.000000;-10.000000;-10.966078;0.000000;0.000000;0.000000;0.000000;0.000000;10.966078
5431;268.000000;50.000000;-6.000000;-6.579647;0.000000;0.000000;0.000000;0.000000;0.000000;6.579647
5432;268.000000;50.000000;-2.000000;-2.193216;0.000000;0.000000;0.000000;0.000000;0.000000;2.193216
5433;268.000000;50.000000;2.000000;2.193216;0.000000;0.000000;0.000000;0.000000;0.000000;2.193216
5434;268.000000;50.000000;6.000000;6.579647;0.000000;0.000000;0.000000;0.000000;0.000000;6.579647
5435;268.000000;50.000000;10.000000;10.966078;0.000000;0.000000;0.000000;0.000000;0.000000;10.966078
5436;268.000000;50.000000;14.000000;15.352510;0.000000;0.000000;0.000000;0.000000;0.000000;15.352510
5437;268.000000;50.000000;18.000000;19.738941;0.000000;0.000000;0.000000;0.000000;0.000000;19.738941
5438;268.000000;50.000000;22.000000;24.125372;0.000000;0.000000;0.000000;0.000000;0.000000;24.125372
5439;268.000000;50.000000;26.000000;28.511803;0.000000;0.000000;0.000000;0.000000;0.000000;28.511803
5440;268.000000;50.000000;30.000000;32.898235;0.000000;0.000000;0.000000;0.000000;0.000000;32.898235
5441;272.000000;-50.000000;-30.000000;-31.901319;0.000000;0.000000;0.000000;0.000000;0.000000;31.901319
5442;272.000000;-50.000000;-26.000000;-27.647809;0.000000;0.000000;0.000000;0.000000;0.000000;27.647809
5443;272.000000;-50.000000;-22.000000;-23.394300;0.000000;0.000000;0.000000;0.000000;0.000000;23.394300
5444;272.000000;-50.000000;-18.000000;-19.140791;0.000000;0.000000;0.000000;0.000000;0.000000;19.140791
5445;272.000000;-50.000000;-14.000000;-14.887282;0.000000;0.000000;0.000000;0.000000;0.000000;14.887282
5446;272.000000;-50.000000;-10.000000;-10.633773;0.000000;0.000000;0.000000;0.000000;0.000000;10.633773
5447;272.000000;-50.000000;-6.000000;-6.380264;0.000000;0.000000;0.000000;0.000000;0.000000;6.380264
5448;272.000000;-50.000000;-2.000000;-2.126755;0.000000;0.000000;0.000000;0.000000;0.000000;2.126755
5449;272.000000;-50.000000;2.000000;2.126755;0.000000;0.000000;0.000000;0.000000;0.000000;2.126755
5450;272.000000;-50.000000;6.000000;6.380264;0.000000;0.000000;0.000000;0.000000;0.000000;6.380264
5451;272.000000;-50.000000;10.000000;10.633773;0.000000;0.000000;0.000000;0.000000;0.000000;10.633773
5452;272.000000;-50.000000;14.000000;14.887282;0.000000;0.000000;0.000000;0.000000;0.000000;14.887282
5453;272.000000;-50.000000;18.000000;19.140791;0.000000;0.000000;0.000000;0.000000;0.000000;19.140791
5454;272.000000;-50.000000;22.000000;23.394300;0.000000;0.000000;0.000000;0.000000;0.000000;23.394300
5455;272.000000;-50.000000;26.000000;27.647809;0.000000;0.000000;0.000000;0.000000;0.000000;27.647809
5456;272.000000;-50.000000;30.000000;31.901319;0.000000;0.000000;0.000000;0.000000;0.000000;31.901319
5457;272.000000;-46.000000;-30.000000;-31.901319;0.000000;0.000000;0.000000;0.000000;0.000000;31.901319
5458;272.000000;-46.000000;30.000000;31.901319;0.000000;0.000000;0.000000;0.000000;0.000000;31.901319
5459;272.000000;-42.000000;-30.000000;-31.901319;0.000000;0.000000;0.000000;0.000000;0.000000;31.901319
5460;272.000000;-42.000000;30.000000;31.901319;0.000000;0.000000;0.000000;0.000000;0.000000;31.901319
5461;272.000000;-38.000000;-30.000000;-31.901319;0.000000;0.000000;0.000000;0.000000;0.000000;31.901319
5462;272.000000;-38.000000;30.000000;31.901319;0.000000;0.000000;0.000000;0.000000;0.000000;31.901319
5463;272.000000;-34.000000;-30.000000;-31.901319;0.000000;0.000000;0.000000;0.000000;0.000000;31.901319
5464;272.000000;-34.000000;30.000000;31.901319;0.000000;0.000000;0.000000;0.000000;0.000000;31.901319
5465;272.000000;-30.000000;-30.000000;-31.901319;0.000000;0.000000;0.000000;0.000000;0.000000;31.901319
5466;272.000000;-30.000000;30.000000;31.901319;0.000000;0.000000;0.000000;0.000000;0.000000;31.901319
5467;272.000000;-26.000000;-30.000000;-31.901319;0.000000;0.000000;0.000000;0.000000;0.000000;31.901319
5468;272.000000;-26.000000;30.000000;31.901319;0.000000;0.000000;0.000000;0.000000;0.000000;31.901319
5469;272.000000;-22.000000;-30.000000;-31.901319;0.000000;0.000000;0.000000;0.000000;0.000000;31.901319
5470;272.000000;-22.000000;30.000000;31.901319;0.000000;0.000000;0.000000;0.000000;0.000000;31.901319
5471;272.000000;-18.000000;-30.000000;-31.901319;0.000000;0.000000;0.000000;0.000000;0.000000;31.901319
5472;272.000000;-18.000000;30.000000;31.901319;0.000000;0.000000;0.000000;0.000000;0.000000;31.901319
5473;272.000000;-14.000000;-30.000000;-31.901319;0.000000;0.000000;0.000000;0.000000;0.000000;31.901319
5474;272.000000;-14.000000;30.000000;31.901319;0.000000;0.000000;0.000000;0.000000;0.000000;31.901319
5475;272.000000;-10.000000;-30.000000;-31.901319;0.000000;0.000000;0.000000;0.000000;0.000000;31.901319
5476;272.000000;-10.000000;30.000000;31.901319;0.000000;0.000000;0.000000;0.000000;0.000000;31.901319
5477;272.000000;-6.000000;-30.000000;-31.901319;0.000000;0.000000;0.000000;0.000000;0.000000;31.901319
5478;272.000000;-6.000000;30.000000;31.901319;0.000000;0.000000;0.000000;0.000000;0.000000;31.901319
5479;272.000000;-2.000000;-30.000000;-31.901319;0.000000;0.000000;0.000000;0.000000;0.000000;31.901319
5480;272.000000;-2.000000;30.000000;31.901319;0.000000;0.000000;0.000000;0.000000;0.000000;31.901319
5481;272.000000;2.000000;-30.000000;-31.901319;0.000000;0.000000;0.000000;0.000000;0.000000;31.901319
5482;272.000000;2.000000;30.000000;31.901319;0.000000;0.000000;0.000000;0.000000;0.000000;31.901319
5483;272.000000;6.000000;-30.000000;-31.901319;0.000000;0.000000;0.000000;0.000000;0.000000;31.901319
5484;272.000000;6.000000;30.000000;31.901319;0.000000;0.000000;0.000000;0.000000;0.000000;31.901319
5485;272.000000;10.000000;-30.000000;-31.901319;0.000000;0.000000;0.000000;0.000000;0.000000;31.901319
5486;272.000000;10.000000;30.000000;31.901319;0.000000;0.000000;0.000000;0.000000;0.000000;31.901319
5487;272.000000;14.000000;-30.000000;-31.901319;0.000000;0.000000;0.000000;0.000000;0.000000;31.901319
5488;272.000000;14.000000;30.000000;31.901319;0.000000;0.000000;0.000000;0.000000;0.000000;31.901319
5489;272.000000;18.000000;-30.000000;-31.901319;0.000000;0.000000;0.000000;0.000000;0.000000;31.901319
5490;272.000000;18.000000;30.000000;31.901319;0.000000;0.000000;0.000000;0.000000;0.000000;31.901319
5491;272.000000;22.000000;-30.000000;-31.901319;0.000000;0.000000;0.000000;0.000000;0.000000;31.901319
5492;272.000000;22.000000;30.000000;31.901319;0.000000;0.000000;0.000000;0.000000;0.000000;31.901319
5493;272.000000;26.000000;-30.000000;-31.901319;0.000000;0.000000;0.000000;0.000000;0.000000;31.901319
5494;272.000000;26.000000;30.000000;31.901319;0.000000;0.000000;0.000000;0.000000;0.000000;31.901319
5495;272.000000;30.000000;-30.000000;-31.901319;0.000000;0.000000;0.000000;0.000000;0.000000;31.901319
5496;272.000000;30.000000;30.000000;31.901319;0.000000;0.000000;0.000000;0.000000;0.000000;31.901319
5497;272.000000;34.000000;-30.000000;-31.901319;0.000000;0.000000;0.000000;0.000000;0.000000;31.901319
5498;272.000000;34.000000;30.000000;31.901319;0.000000;0.000000;0.000000;0.000000;0.000000;31.901319
5499;272.000000;38.000000;-30.000000;-31.901319;0.000000;0.000000;0.000000;0.000000;0.000000;31.901319
5500;272.000000;38.000000;30.000000;31.901319;0.000000;0.000000;0.000000;0.000000;0.000000;31.901319
5501;272.000000;42.000000;-30.000000;-31.901319;0.000000;0.000000;0.000000;0.000000;0.000000;31.901319
5502;272.000000;42.000000;30.000000;31.901319;0.000000;0.000000;0.000000;0.000000;0.000000;31.901319
5503;272.000000;46.000000;-30.000000;-31.901319;0.000000;0.000000;0.000000;0.000000;0.000000;31.901319
5504;272.000000;46.000000;30.000000;31.901319;0.000000;0.000000;0.000000;0.000000;0.000000;31.901319
5505;272.000000;50.000000;-30.000000;-31.901319;0.000000;0.000000;0.000000;0.000000;0.000000;31.901319
5506;272.000000;50.000000;-26.000000;-27.647809;0.000000;0.000000;0.000000;0.000000;0.000000;27.647809
5507;272.000000;50.000000;-22.000000;-23.394300;0.000000;0.000000;0.000000;0.000000;0.000000;23.394300
5508;272.000000;50.000000;-18.000000;-19.140791;0.000000;0.000000;0.000000;0.000000;0.000000;19.140791
5509;272.000000;50.000000;-14.000000;-14.887282;0.000000;0.000000;0.000000;0.000000;0.000000;14.887282
5510;272.000000;50.000000;-10.000000;-10.633773;0.000000;0.000000;0.000000;0.000000;0.000000;10.633773
5511;272.000000;50.000000;-6.000000;-6.380264;0.000000;0.000000;0.000000;0.000000;0.000000;6.380264
5512;272.000000;50.000000;-2.000000;-2.126755;0.000000;0.000000;0.000000;0.000000;0.000000;2.126755
5513;272.000000;50.000000;2.000000;2.126755;0.000000;0.000000;0.000000;0.000000;0.000000;2.126755
5514;272.000000;50.000000;6.000000;6.380264;0.000000;0.000000;0.000000;0.000000;0.000000;6.380264
5515;272.000000;50.000000;10.000000;10.633773;0.000000;0.000000;0.000000;0.000000;0.000000;10.633773
5516;272.000000;50.000000;14.000000;14.887282;0.000000;0.000000;0.000000;0.000000;0.000000;14.887282
5517;272.000000;50.000000;18.000000;19.140791;0.000000;0.000000;0.000000;0.000000;0.000000;19.140791
5518;272.000000;50.000000;22.000000;23.394300;0.000000;0.000000;0.000000;0.000000;0.000000;23.394300
5519;272.000000;50.000000;26.000000;27.647809;0.000000;0.000000;0.000000;0.000000;0.000000;27.647809
5520;272.000000;50.000000;30.000000;31.901319;0.000000;0.000000;0.000000;0.000000;0.000000;31.901319
5521;276.000000;-50.000000;-30.000000;-30.904402;0.000000;0.000000;0.000000;0.000000;0.000000;30.904402
5522;276.000000;-50.000000;-26.000000;-26.783815;0.000000;0.000000;0.000000;0.000000;0.000000;26.783815
5523;276.000000;-50.000000;-22.000000;-22.663228;0.000000;0.000000;0.000000;0.000000;0.000000;22.663228
5524;276.000000;-50.000000;-18.000000;-18.542641;0.000000;0.000000;0.000000;0.000000;0.000000;18.542641
5525;276.000000;-50.000000;-14.000000;-14.422054;0.000000;0.000000;0.000000;0.000000;0.000000;14.422054
5526;276.000000;-50.000000;-10.000000;-10.301467;0.000000;0.000000;0.000000;0.000000;0.000000;10.301467
5527;276.000000;-50.000000;-6.000000;-6.180880;0.000000;0.000000;0.000000;0.000000;0.000000;6.180880
5528;276.000000;-50.000000;-2.000000;-2.060293;0.000000;0.000000;0.000000;0.000000;0.000000;2.060293
5529;276.000000;-50.000000;2.000000;2.060293;0.000000;0.000000;0.000000;0.000000;0.000000;2.060293
5530;276.000000;-50.000000;6.000000;6.180880;0.000000;0.000000;0.000000;0.000000;0.000000;6.180880
5531;276.000000;-50.000000;10.000000;10.301467;0.000000;0.000000;0.000000;0.000000;0.000000;10.301467
5532;276.000000;-50.000000;14.000000;14.422054;0.000000;0.000000;0.000000;0.000000;0.000000;14.422054
5533;276.000000;-50.000000;18.000000;18.542641;0.000000;0.000000;0.000000;0.000000;0.000000;18.542641
5534;276.000000;-50.000000;22.000000;22.663228;0.000000;0.000000;0.000000;0.000000;0.000000;22.663228
5535;276.000000;-50.000000;26.000000;26.783815;0.000000;0.000000;0.000000;0.000000;0.000000;26.783815
5536;276.000000;-50.000000;30.000000;30.904402;0.000000;0.000000;0.000000;0.000000;0.000000;30.904402
5537;276.000000;-46.000000;-30.000000;-30.904402;0.000000;0.000000;0.000000;0.000000;0.000000;30.904402
5538;276.000000;-46.000000;30.000000;30.904402;0.000000;0.000000;0.000000;0.000000;0.000000;30.904402
5539;276.000000;-42.000000;-30.000000;-30.904402;0.000000;0.000000;0.000000;0.000000;0.000000;30.904402
5540;276.000000;-42.000000;30.000000;30.904402;0.000000;0.000000;0.000000;0.000000;0.000000;30.904402
5541;276.000000;-38.000000;-30.000000;-30.904402;0.000000;0.000000;0.000000;0.000000;0.000000;30.904402
5542;276.000000;-38.000000;30.000000;30.904402;0.000000;0.000000;0.000000;0.000000;0.000000;30.904402
5543;276.000000;-34.000000;-30.000000;-30.904402;0.000000;0.000000;0.000000;0.000000;0.000000;30.904402
5544;276.000000;-34.000000;30.000000;30.904402;0.000000;0.000000;0.000000;0.000000;0.000000;30.904402
5545;276.000000;-30.000000;-30.000000;-30.904402;0.000000;0.000000;0.000000;0.000000;0.000000;30.904402
5546;276.000000;-30.000000;30.000000;30.904402;0.000000;0.000000;0.000000;0.000000;0.000000;30.904402
5547;276.000000;-26.000000;-30.000000;-30.904402;0.000000;0.000000;0.000000;0.000000;0.000000;30.904402
5548;276.000000;-26.000000;30.000000;30.904402;0.000000;0.000000;0.000000;0.000000;0.000000;30.904402
5549;276.000000;-22.000000;-30.000000;-30.904402;0.000000;0.000000;0.000000;0.000000;0.000000;30.904402
5550;276.000000;-22.000000;30.000000;30.904402;0.000000;0.000000;0.000000;0.000000;0.000000;30.904402
5551;276.000000;-18.000000;-30.000000;-30.904402;0.000000;0.000000;0.000000;0.000000;0.000000;30.904402
5552;276.000000;-18.000000;30.000000;30.904402;0.000000;0.000000;0.000000;0.000000;0.000000;30.904402
5553;276.000000;-14.000000;-30.000000;-30.904402;0.000000;0.000000;0.000000;0.000000;0.000000;30.904402
5554;276.000000;-14.000000;30.000000;30.904402;0.000000;0.000000;0.000000;0.000000;0.000000;30.904402
5555;276.000000;-10.000000;-30.000000;-30.904402;0.000000;0.000000;0.000000;0.000000;0.000000;30.904402
5556;276.000000;-10.000000;30.000000;30.904402;0.000000;0.000000;0.000000;0.000000;0.000000;30.904402
5557;276.000000;-6.000000;-30.000000;-30.904402;0.000000;0.000000;0.000000;0.000000;0.000000;30.904402
5558;276.000000;-6.000000;30.000000;30.904402;0.000000;0.000000;0.000000;0.000000;0.000000;30.904402
5559;276.000000;-2.000000;-30.000000;-30.904402;0.000000;0.000000;0.000000;0.000000;0.000000;30.904402
5560;276.000000;-2.000000;30.000000;30.904402;0.000000;0.000000;0.000000;0.000000;0.000000;30.904402
5561;276.000000;2.000000;-30.000000;-30.904402;0.000000;0.000000;0.000000;0.000000;0.000000;30.904402
5562;276.000000;2.000000;30.000000;30.904402;0.000000;0.000000;0.000000;0.000000;0.000000;30.904402
5563;276.000000;6.000000;-30.000000;-30.904402;0.000000;0.000000;0.000000;0.000000;0.000000;30.904402
5564;276.000000;6.000000;30.000000;30.904402;0.000000;0.000000;0.000000;0.000000;0.000000;30.904402
5565;276.000000;10.000000;-30.000000;-30.904402;0.000000;0.000000;0.000000;0.000000;0.000000;30.904402
5566;276.000000;10.000000;30.000000;30.904402;0.000000;0.000000;0.000000;0.000000;0.000000;30.904402
5567;276.000000;14.000000;-30.000000;-30.904402;0.000000;0.000000;0.000000;0.000000;0.000000;30.904402
5568;276.000000;14.000000;30.000000;30.904402;0.000000;0.000000;0.000000;0.000000;0.000000;30.904402
5569;276.000000;18.000000;-30.000000;-30.904402;0.000000;0.000000;0.000000;0.000000;0.000000;30.904402
5570;276.000000;18.000000;30.000000;30.904402;0.000000;0.000000;0.000000;0.000000;0.000000;30.904402
5571;276.000000;22.000000;-30.000000;-30.904402;0.000000;0.000000;0.000000;0.000000;0.000000;30.904402
5572;276.000000;22.000000;30.000000;30.904402;0.000000;0.000000;0.000000;0.000000;0.000000;30.904402
5573;276.000000;26.000000;-30.000000;-30.904402;0.000000;0.000000;0.000000;0.000000;0.000000;30.904402
5574;276.000000;26.000000;30.000000;30.904402;0.000000;0.000000;0.000000;0.000000;0.000000;30.904402
5575;276.000000;30.000000;-30.000000;-30.904402;0.000000;0.000000;0.000000;0.000000;0.000000;30.904402
5576;276.000000;30.000000;30.000000;30.904402;0.000000;0.000000;0.000000;0.000000;0.000000;30.904402
5577;276.000000;34.000000;-30.000000;-30.904402;0.000000;0.000000;0.000000;0.000000;0.000000;30.904402
5578;276.000000;34.000000;30.000000;30.904402;0.000000;0.000000;0.000000;0.000000;0.000000;30.904402
5579;276.000000;38.000000;-30.000000;-30.904402;0.000000;0.000000;0.000000;0.000000;0.000000;30.904402
5580;276.000000;38.000000;30.000000;30.904402;0.000000;0.000000;0.000000;0.000000;0.000000;30.904402
5581;276.000000;42.000000;-30.000000;-30.904402;0.000000;0.000000;0.000000;0.000000;0.000000;30.904402
5582;276.000000;42.000000;30.000000;30.904402;0.000000;0.000000;0.000000;0.000000;0.000000;30.904402
5583;276.000000;46.000000;-30.000000;-30.904402;0.000000;0.000000;0.000000;0.000000;0.000000;30.904402
5584;276.000000;46.000000;30.000000;30.904402;0.000000;0.000000;0.000000;0.000000;0.000000;30.904402
5585;276.000000;50.000000;-30.000000;-30.904402;0.000000;0.000000;0.000000;0.000000;0.000000;30.904402
5586;276.000000;50.000000;-26.000000;-26.783815;0.000000;0.000000;0.000000;0.000000;0.000000;26.783815
5587;276.000000;50.000000;-22.000000;-22.663228;0.000000;0.000000;0.000000;0.000000;0.000000;22.663228
5588;276.000000;50.000000;-18.000000;-18.542641;0.000000;0.000000;0.000000;0.000000;0.000000;18.542641
5589;276.000000;50.000000;-14.000000;-14.422054;0.000000;0.000000;0.000000;0.000000;0.000000;14.422054
5590;276.000000;50.000000;-10.000000;-10.301467;0.000000;0.000000;0.000000;0.000000;0.000000;10.301467
5591;276.000000;50.000000;-6.000000;-6.180880;0.000000;0.000000;0.000000;0.000000;0.000000;6.180880
5592;276.000000;50.000000;-2.000000;-2.060293;0.000000;0.000000;0.000000;0.000000;0.000000;2.060293
5593;276.000000;50.000000;2.000000;2.060293;0.000000;0.000000;0.000000;0.000000;0.000000;2.060293
5594;276.000000;50.000000;6.000000;6.180880;0.000000;0.000000;0.000000;0.000000;0.000000;6.180880
5595;276.000000;50.000000;10.000000;10.301467;0.000000;0.000000;0.000000;0.000000;0.000000;10.301467
5596;276.000000;50.000000;14.000000;14.422054;0.000000;0.000000;0.000000;0.000000;0.000000;14.422054
5597;276.000000;50.000000;18.000000;18.542641;0.000000;0.000000;0.000000;0.000000;0.000000;18.542641
5598;276.000000;50.000000;22.000000;22.663228;0.000000;0.000000;0.000000;0.000000;0.000000;22.663228
5599;276.000000;50.000000;26.000000;26.783815;0.000000;0.000000;0.000000;0.000000;0.000000;26.783815
5600;276.000000;50.000000;30.000000;30.904402;0.000000;0.000000;0.000000;0.000000;0.000000;30.904402
5601;280.000000;-50.000000;-30.000000;-29.907486;0.000000;0.000000;0.000000;0.000000;0.000000;29.907486
5602;280.000000;-50.000000;-26.000000;-25.919821;0.000000;0.000000;0.000000;0.000000;0.000000;25.919821
5603;280.000000;-50.000000;-22.000000;-21.932157;0.000000;0.000000;0.000000;0.000000;0.000000;21.932157
5604;280.000000;-50.000000;-18.000000;-17.944492;0.000000;0.000000;0.000000;0.000000;0.000000;17.944492
5605;280.000000;-50.000000;-14.000000;-13.956827;0.000000;0.000000;0.000000;0.000000;0.000000;13.956827
5606;280.000000;-50.000000;-10.000000;-9.969162;0.000000;0.000000;0.000000;0.000000;0.000000;9.969162
5607;280.000000;-50.000000;-6.000000;-5.981497;0.000000;0.000000;0.000000;0.000000;0.000000;5.981497
5608;280.000000;-50.000000;-2.000000;-1.993832;0.000000;0.000000;0.000000;0.000000;0.000000;1.993832
5609;280.000000;-50.000000;2.000000;1.993832;0.000000;0.000000;0.000000;0.000000;0.000000;1.993832
5610;280.000000;-50.000000;6.000000;5.981497;0.000000;0.000000;0.000000;0.000000;0.000000;5.981497
5611;280.000000;-50.000000;10.000000;9.969162;0.000000;0.000000;0.000000;0.000000;0.000000;9.969162
5612;280.000000;-50.000000;14.000000;13.956827;0.000000;0.000000;0.000000;0.000000;0.000000;13.956827
5613;280.000000;-50.000000;18.000000;17.944492;0.000000;0.000000;0.000000;0.000000;0.000000;17.944492
5614;280.000000;-50.000000;22.000000;21.932157;0.000000;0.000000;0.000000;0.000000;0.000000;21.932157
5615;280.000000;-50.000000;26.000000;25.919821;0.000000;0.000000;0.000000;0.000000;0.000000;25.919821
5616;280.000000;-50.000000;30.000000;29.907486;0.000000;0.000000;0.000000;0.000000;0.000000;29.907486
5617;280.000000;-46.000000;-30.000000;-29.907486;0.000000;0.000000;0.000000;0.000000;0.000000;29.907486
5618;280.000000;-46.000000;30.000000;29.907486;0.000000;0.000000;0.000000;0.000000;0.000000;29.907486
5619;280.000000;-42.000000;-30.000000;-29.907486;0.000000;0.000000;0.000000;0.000000;0.000000;29.907486
5620;280.000000;-42.000000;30.000000;29.907486;0.000000;0.000000;0.000000;0.000000;0.000000;29.907486
5621;280.000000;-38.000000;-30.000000;-29.907486;0.000000;0.000000;0.000000;0.000000;0.000000;29.907486
5622;280.000000;-38.000000;30.000000;29.907486;0.000000;0.000000;0.000000;0.000000;0.000000;29.907486
5623;280.000000;-34.000000;-30.000000;-29.907486;0.000000;0.000000;0.000000;0.000000;0.000000;29.907486
5624;280.000000;-34.000000;30.000000;29.907486;0.000000;0.000000;0.000000;0.000000;0.000000;29.907486
5625;280.000000;-30.000000;-30.000000;-29.907486;0.000000;0.000000;0.000000;0.000000;0.000000;29.907486
5626;280.000000;-30.000000;30.000000;29.907486;0.000000;0.000000;0.000000;0.000000;0.000000;29.907486
5627;280.000000;-26.000000;-30.000000;-29.907486;0.000000;0.000000;0.000000;0.000000;0.000000;29.907486
5628;280.000000;-26.000000;30.000000;29.907486;0.000000;0.000000;0.000000;0.000000;0.000000;29.907486
5629;280.000000;-22.000000;-30.000000;-29.907486;0.000000;0.000000;0.000000;0.000000;0.000000;29.907486
5630;280.000000;-22.000000;30.000000;29.907486;0.000000;0.000000;0.000000;0.000000;0.000000;29.907486
5631;280.000000;-18.000000;-30.000000;-29.907486;0.000000;0.000000;0.000000;0.000000;0.000000;29.907486
5632;280.000000;-18.000000;30.000000;29.907486;0.000000;0.000000;0.000000;0.000000;0.000000;29.907486
5633;280.000000;-14.000000;-30.000000;-29.907486;0.000000;0.000000;0.000000;0.000000;0.000000;29.907486
5634;280.000000;-14.000000;30.000000;29.907486;0.000000;0.000000;0.000000;0.000000;0.000000;29.907486
5635;280.000000;-10.000000;-30.000000;-29.907486;0.000000;0.000000;0.000000;0.000000;0.000000;29.907486
5636;280.000000;-10.000000;30.000000;29.907486;0.000000;0.000000;0.000000;0.000000;0.000000;29.907486
5637;280.000000;-6.000000;-30.000000;-29.907486;0.000000;0.000000;0.000000;0.000000;0.000000;29.907486
5638;280.000000;-6.000000;30.000000;29.907486;0.000000;0.000000;0.000000;0.000000;0.000000;29.907486
5639;280.000000;-2.000000;-30.000000;-29.907486;0.000000;0.000000;0.000000;0.000000;0.000000;29.907486
5640;280.000000;-2.000000;30.000000;29.907486;0.000000;0.000000;0.000000;0.000000;0.000000;29.907486
5641;280.000000;2.000000;-30.000000;-29.907486;0.000000;0.000000;0.000000;0.000000;0.000000;29.907486
5642;280.000000;2.000000;30.000000;29.907486;0.000000;0.000000;0.000000;0.000000;0.000000;29.907486
5643;280.000000;6.000000;-30.000000;-29.907486;0.000000;0.000000;0.000000;0.000000;0.000000;29.907486
5644;280.000000;6.000000;30.000000;29.907486;0.000000;0.000000;0.000000;0.000000;0.000000;29.907486
5645;280.000000;10.000000;-30.000000;-29.907486;0.000000;0.000000;0.000000;0.000000;0.000000;29.907486
5646;280.000000;10.000000;30.000000;29.907486;0.000000;0.000000;0.000000;0.000000;0.000000;29.907486
5647;280.000000;14.000000;-30.000000;-29.907486;0.000000;0.000000;0.000000;0.000000;0.000000;29.907486
5648;280.000000;14.000000;30.000000;29.907486;0.000000;0.000000;0.000000;0.000000;0.000000;29.907486
5649;280.000000;18.000000;-30.000000;-29.907486;0.000000;0.000000;0.000000;0.000000;0.000000;29.907486
5650;280.000000;18.000000;30.000000;29.907486;0.000000;0.000000;0.000000;0.000000;0.000000;29.907486
5651;280.000000;22.000000;-30.000000;-29.907486;0.000000;0.000000;0.000000;0.000000;0.000000;29.907486
5652;280.000000;22.000000;30.000000;29.907486;0.000000;0.000000;0.000000;0.000000;0.000000;29.907486
5653;280.000000;26.000000;-30.000000;-29.907486;0.000000;0.000000;0.000000;0.000000;0.000000;29.907486
5654;280.000000;26.000000;30.000000;29.907486;0.000000;0.000000;0.000000;0.000000;0.000000;29.907486
5655;280.000000;30.000000;-30.000000;-29.907486;0.000000;0.000000;0.000000;0.000000;0.000000;29.907486
5656;280.000000;30.000000;30.000000;29.907486;0.000000;0.000000;0.000000;0.000000;0.000000;29.907486
5657;280.000000;34.000000;-30.000000;-29.907486;0.000000;0.000000;0.000000;0.000000;0.000000;29.907486
5658;280.000000;34.000000;30.000000;29.907486;0.000000;0.000000;0.000000;0.000000;0.000000;29.907486
5659;280.000000;38.000000;-30.000000;-29.907486;0.000000;0.000000;0.000000;0.000000;0.000000;29.907486
5660;280.000000;38.000000;30.000000;29.907486;0.000000;0.000000;0.000000;0.000000;0.000000;29.907486
5661;280.000000;42.000000;-30.000000;-29.907486;0.000000;0.000000;0.000000;0.000000;0.000000;29.907486
5662;280.000000;42.000000;30.000000;29.907486;0.000000;0.000000;0.000000;0.000000;0.000000;29.907486
5663;280.000000;46.000000;-30.000000;-29.907486;0.000000;0.000000;0.000000;0.000000;0.000000;29.907486
5664;280.000000;46.000000;30.000000;29.907486;0.000000;0.000000;0.000000;0.000000;0.000000;29.907486
5665;280.000000;50.000000;-30.000000;-29.907486;0.000000;0.000000;0.000000;0.000000;0.000000;29.907486
5666;280.000000;50.000000;-26.000000;-25.919821;0.000000;0.000000;0.000000;0.000000;0.000000;25.919821
5667;280.000000;50.000000;-22.000000;-21.932157;0.000000;0.000000;0.000000;0.000000;0.000000;21.932157
5668;280.000000;50.000000;-18.000000;-17.944492;0.000000;0.000000;0.000000;0.000000;0.000000;17.944492
5669;280.000000;50.000000;-14.000000;-13.956827;0.000000;0.000000;0.000000;0.000000;0.000000;13.956827
5670;280.000000;50.000000;-10.000000;-9.969162;0.000000;0.000000;0.000000;0.000000;0.000000;9.969162
5671;280.000000;50.000000;-6.000000;-5.981497;0.000000;0.000000;0.000000;0.000000;0.000000;5.981497
5672;280.000000;50.000000;-2.000000;-1.993832;0.000000;0.000000;0.000000;0.000000;0.000000;1.993832
5673;280.000000;50.000000;2.000000;1.993832;0.000000;0.000000;0.000000;0.000000;0.000000;1.993832
5674;280.000000;50.000000;6.000000;5.981497;0.000000;0.000000;0.000000;0.000000;0.000000;5.981497
5675;280.000000;50.000000;10.000000;9.969162;0.000000;0.000000;0.000000;0.000000;0.000000;9.969162
5676;280.000000;50.000000;14.000000;13.956827;0.000000;0.000000;0.000000;0.000000;0.000000;13.956827
5677;280.000000;50.000000;18.000000;17.944492;0.000000;0.000000;0.000000;0.000000;0.000000;17.944492
5678;280.000000;50.000000;22.000000;21.932157;0.000000;0.000000;0.000000;0.000000;0.000000;21.932157
5679;280.000000;50.000000;26.000000;25.919821;0.000000;0.000000;0.000000;0.000000;0.000000;25.919821
5680;280.000000;50.000000;30.000000;29.907486;0.000000;0.000000;0.000000;0.000000;0.000000;29.907486
5681;284.000000;-50.000000;-30.000000;-28.910570;0.000000;0.000000;0.000000;0.000000;0.000000;28.910570
5682;284.000000;-50.000000;-26.000000;-25.055827;0.000000;0.000000;0.000000;0.000000;0.000000;25.055827
5683;284.000000;-50.000000;-22.000000;-21.201085;0.000000;0.000000;0.000000;0.000000;0.000000;21.201085
5684;284.000000;-50.000000;-18.000000;-17.346342;0.000000;0.000000;0.000000;0.000000;0.000000;17.346342
5685;284.000000;-50.000000;-14.000000;-13.491599;0.000000;0.000000;0.000000;0.000000;0.000000;13.491599
5686;284.000000;-50.000000;-10.000000;-9.636857;0.000000;0.000000;0.000000;0.000000;0.000000;9.636857
5687;284.000000;-50.000000;-6.000000;-5.782114;0.000000;0.000000;0.000000;0.000000;0.000000;5.782114
5688;284.000000;-50.000000;-2.000000;-1.927371;0.000000;0.000000;0.000000;0.000000;0.000000;1.927371
5689;284.000000;-50.000000;2.000000;1.927371;0.000000;0.000000;0.000000;0.000000;0.000000;1.927371
5690;284.000000;-50.000000;6.000000;5.782114;0.000000;0.000000;0.000000;0.000000;0.000000;5.782114
5691;284.000000;-50.000000;10.000000;9.636857;0.000000;0.000000;0.000000;0.000000;0.000000;9.636857
5692;284.000000;-50.000000;14.000000;13.491599;0.000000;0.000000;0.000000;0.000000;0.000000;13.491599
5693;284.000000;-50.000000;18.000000;17.346342;0.000000;0.000000;0.000000;0.000000;0.000000;17.346342
5694;284.000000;-50.000000;22.000000;21.201085;0.000000;0.000000;0.000000;0.000000;0.000000;21.201085
5695;284.000000;-50.000000;26.000000;25.055827;0.000000;0.000000;0.000000;0.000000;0.000000;25.055827
5696;284.000000;-50.000000;30.000000;28.910570;0.000000;0.000000;0.000000;0.000000;0.000000;28.910570
5697;284.000000;-46.000000;-30.000000;-28.910570;0.000000;0.000000;0.000000;0.000000;0.000000;28.910570
5698;284.000000;-46.000000;30.000000;28.910570;0.000000;0.000000;0.000000;0.000000;0.000000;28.910570
5699;284.000000;-42.000000;-30.000000;-28.910570;0.000000;0.000000;0.000000;0.000000;0.000000;28.910570
5700;284.000000;-42.000000;30.000000;28.910570;0.000000;0.000000;0.000000;0.000000;0.000000;28.910570
5701;284.000000;-38.000000;-30.000000;-28.910570;0.000000;0.000000;0.000000;0.000000;0.000000;28.910570
5702;284.000000;-38.000000;30.000000;28.910570;0.000000;0.000000;0.000000;0.000000;0.000000;28.910570
5703;284.000000;-34.000000;-30.000000;-28.910570;0.000000;0.000000;0.000000;0.000000;0.000000;28.910570
5704;284.000000;-34.000000;30.000000;28.910570;0.000000;0.000000;0.000000;0.000000;0.000000;28.910570
5705;284.000000;-30.000000;-30.000000;-28.910570;0.000000;0.000000;0.000000;0.000000;0.000000;28.910570
5706;284.000000;-30.000000;30.000000;28.910570;0.000000;0.000000;0.000000;0.000000;0.000000;28.910570
5707;284.000000;-26.000000;-30.000000;-28.910570;0.000000;0.000000;0.000000;0.000000;0.000000;28.910570
5708;284.000000;-26.000000;30.000000;28.910570;0.000000;0.000000;0.000000;0.000000;0.000000;28.910570
5709;284.000000;-22.000000;-30.000000;-28.910570;0.000000;0.000000;0.000000;0.000000;0.000000;28.910570
5710;284.000000;-22.000000;30.000000;28.910570;0.000000;0.000000;0.000000;0.000000;0.000000;28.910570
5711;284.000000;-18.000000;-30.000000;-28.910570;0.000000;0.000000;0.000000;0.000000;0.000000;28.910570
5712;284.000000;-18.000000;30.000000;28.910570;0.000000;0.000000;0.000000;0.000000;0.000000;28.910570
5713;284.000000;-14.000000;-30.000000;-28.910570;0.000000;0.000000;0.000000;0.000000;0.000000;28.910570
5714;284.000000;-14.000000;30.000000;28.910570;0.000000;0.000000;0.000000;0.000000;0.000000;28.910570
5715;284.000000;-10.000000;-30.000000;-28.910570;0.000000;0.000000;0.000000;0.000000;0.000000;28.910570
5716;284.000000;-10.000000;30.000000;28.910570;0.000000;0.000000;0.000000;0.000000;0.000000;28.910570
5717;284.000000;-6.000000;-30.000000;-28.910570;0.000000;0.000000;0.000000;0.000000;0.000000;28.910570
5718;284.000000;-6.000000;30.000000;28.910570;0.000000;0.000000;0.000000;0.000000;0.000000;28.910570
5719;284.000000;-2.000000;-30.000000;-28.910570;0.000000;0.000000;0.000000;0.000000;0.000000;28.910570
5720;284.000000;-2.000000;30.000000;28.910570;0.000000;0.000000;0.000000;0.000000;0.000000;28.910570
5721;284.000000;2.000000;-30.000000;-28.910570;0.000000;0.000000;0.000000;0.000000;0.000000;28.910570
5722;284.000000;2.000000;30.000000;28.910570;0.000000;0.000000;0.000000;0.000000;0.000000;28.910570
5723;284.000000;6.000000;-30.000000;-28.910570;0.000000;0.000000;0.000000;0.000000;0.000000;28.910570
5724;284.000000;6.000000;30.000000;28.910570;0.000000;0.000000;0.000000;0.000000;0.000000;28.910570
5725;284.000000;10.000000;-30.000000;-28.910570;0.000000;0.000000;0.000000;0.000000;0.000000;28.910570
5726;284.000000;10.000000;30.000000;28.910570;0.000000;0.000000;0.000000;0.000000;0.000000;28.910570
5727;284.000000;14.000000;-30.000000;-28.910570;0.000000;0.000000;0.000000;0.000000;0.000000;28.910570
5728;284.000000;14.000000;30.000000;28.910570;0.000000;0.000000;0.000000;0.000000;0.000000;28.910570
5729;284.000000;18.000000;-30.000000;-28.910570;0.000000;0.000000;0.000000;0.000000;0.000000;28.910570
5730;284.000000;18.000000;30.000000;28.910570;0.000000;0.000000;0.000000;0.000000;0.000000;28.910570
5731;284.000000;22.000000;-30.000000;-28.910570;0.000000;0.000000;0.000000;0.000000;0.000000;28.910570
5732;284.000000;22.000000;30.000000;28.910570;0.000000;0.000000;0.000000;0.000000;0.000000;28.910570
5733;284.000000;26.000000;-30.000000;-28.910570;0.000000;0.000000;0.000000;0.000000;0.000000;28.910570
5734;284.000000;26.000000;30.000000;28.910570;0.000000;0.000000;0.000000;0.000000;0.000000;28.910570
5735;284.000000;30.000000;-30.000000;-28.910570;0.000000;0.000000;0.000000;0.000000;0.000000;28.910570
5736;284.000000;30.000000;30.000000;28.910570;0.000000;0.000000;0.000000;0.000000;0.000000;28.910570
5737;284.000000;34.000000;-30.000000;-28.910570;0.000000;0.000000;0.000000;0.000000;0.000000;28.910570
5738;284.000000;34.000000;30.000000;28.910570;0.000000;0.000000;0.000000;0.000000;0.000000;28.910570
5739;284.000000;38.000000;-30.000000;-28.910570;0.000000;0.000000;0.000000;0.000000;0.000000;28.910570
5740;284.000000;38.000000;30.000000;28.910570;0.000000;0.000000;0.000000;0.000000;0.000000;28.910570
5741;284.000000;42.000000;-30.000000;-28.910570;0.000000;0.000000;0.000000;0.000000;0.000000;28.910570
5742;284.000000;42.000000;30.000000;28.910570;0.000000;0.000000;0.000000;0.000000;0.000000;28.910570
5743;284.000000;46.000000;-30.000000;-28.910570;0.000000;0.000000;0.000000;0.000000;0.000000;28.910570
5744;284.000000;46.000000;30.000000;28.910570;0.000000;0.000000;0.000000;0.000000;0.000000;28.910570
5745;284.000000;50.000000;-30.000000;-28.910570;0.000000;0.000000;0.000000;0.000000;0.000000;28.910570
5746;284.000000;50.000000;-26.000000;-25.055827;0.000000;0.000000;0.000000;0.000000;0.000000;25.055827
5747;284.000000;50.000000;-22.000000;-21.201085;0.000000;0.000000;0.000000;0.000000;0.000000;21.201085
5748;284.000000;50.000000;-18.000000;-17.346342;0.000000;0.000000;0.000000;0.000000;0.000000;17.346342
5749;284.000000;50.000000;-14.000000;-13.491599;0.000000;0.000000;0.000000;0.000000;0.000000;13.491599
5750;284.000000;50.000000;-10.000000;-9.636857;0.000000;0.000000;0.000000;0.000000;0.000000;9.636857
5751;284.000000;50.000000;-6.000000;-5.782114;0.000000;0.000000;0.000000;0.000000;0.000000;5.782114
5752;284.000000;50.000000;-2.000000;-1.927371;0.000000;0.000000;0.000000;0.000000;0.000000;1.927371
5753;284.000000;50.000000;2.000000;1.927371;0.000000;0.000000;0.000000;0.000000;0.000000;1.927371
5754;284.000000;50.000000;6.000000;5.782114;0.000000;0.000000;0.000000;0.000000;0.000000;5.782114
5755;284.000000;50.000000;10.000000;9.636857;0.000000;0.000000;0.000000;0.000000;0.000000;9.636857
5756;284.000000;50.000000;14.000000;13.491599;0.000000;0.000000;0.000000;0.000000;0.000000;13.491599
5757;284.000000;50.000000;18.000000;17.346342;0.000000;0.000000;0.000000;0.000000;0.000000;17.346342
5758;284.000000;50.000000;22.000000;21.201085;0.000000;0.000000;0.000000;0.000000;0.000000;21.201085
5759;284.000000;50.000000;26.000000;25.055827;0.000000;0.000000;0.000000;0.000000;0.000000;25.055827
5760;284.000000;50.000000;30.000000;28.910570;0.000000;0.000000;0.000000;0.000000;0.000000;28.910570
5761;288.000000;-50.000000;-30.000000;-27.913654;0.000000;0.000000;0.000000;0.000000;0.000000;27.913654
5762;288.000000;-50.000000;-26.000000;-24.191833;0.000000;0.000000;0.000000;0.000000;0.000000;24.191833
5763;288.000000;-50.000000;-22.000000;-20.470013;0.000000;0.000000;0.000000;0.000000;0.000000;20.470013
5764;288.000000;-50.000000;-18.000000;-16.748192;0.000000;0.000000;0.000000;0.000000;0.000000;16.748192
5765;288.000000;-50.000000;-14.000000;-13.026372;0.000000;0.000000;0.000000;0.000000;0.000000;13.026372
5766;288.000000;-50.000000;-10.000000;-9.304551;0.000000;0.000000;0.000000;0.000000;0.000000;9.304551
5767;288.000000;-50.000000;-6.000000;-5.582731;0.000000;0.000000;0.000000;0.000000;0.000000;5.582731
5768;288.000000;-50.000000;-2.000000;-1.860910;0.000000;0.000000;0.000000;0.000000;0.000000;1.860910
5769;288.000000;-50.000000;2.000000;1.860910;0.000000;0.000000;0.000000;0.000000;0.000000;1.860910
5770;288.000000;-50.000000;6.000000;5.582731;0.000000;0.000000;0.000000;0.000000;0.000000;5.582731
5771;288.000000;-50.000000;10.000000;9.304551;0.000000;0.000000;0.000000;0.000000;0.000000;9.304551
5772;288.000000;-50.000000;14.000000;13.026372;0.000000;0.000000;0.000000;0.000000;0.000000;13.026372
5773;288.000000;-50.000000;18.000000;16.748192;0.000000;0.000000;0.000000;0.000000;0.000000;16.748192
5774;288.000000;-50.000000;22.000000;20.470013;0.000000;0.000000;0.000000;0.000000;0.000000;20.470013
5775;288.000000;-50.000000;26.000000;24.191833;0.000000;0.000000;0.000000;0.000000;0.000000;24.191833
5776;288.000000;-50.000000;30.000000;27.913654;0.000000;0.000000;0.000000;0.000000;0.000000;27.913654
5777;288.000000;-46.000000;-30.000000;-27.913654;0.000000;0.000000;0.000000;0.000000;0.000000;27.913654
5778;288.000000;-46.000000;30.000000;27.913654;0.000000;0.000000;0.000000;0.000000;0.000000;27.913654
5779;288.000000;-42.000000;-30.000000;-27.913654;0.000000;0.000000;0.000000;0.000000;0.000000;27.913654
5780;288.000000;-42.000000;30.000000;27.913654;0.000000;0.000000;0.000000;0.000000;0.000000;27.913654
5781;288.000000;-38.000000;-30.000000;-27.913654;0.000000;0.000000;0.000000;0.000000;0.000000;27.913654
5782;288.000000;-38.000000;30.000000;27.913654;0.000000;0.000000;0.000000;0.000000;0.000000;27.913654
5783;288.000000;-34.000000;-30.000000;-27.913654;0.000000;0.000000;0.000000;0.000000;0.000000;27.913654
5784;288.000000;-34.000000;30.000000;27.913654;0.000000;0.000000;0.000000;0.000000;0.000000;27.913654
5785;288.000000;-30.000000;-30.000000;-27.913654;0.000000;0.000000;0.000000;0.000000;0.000000;27.913654
5786;288.000000;-30.000000;30.000000;27.913654;0.000000;0.000000;0.000000;0.000000;0.000000;27.913654
5787;288.000000;-26.000000;-30.000000;-27.913654;0.000000;0.000000;0.000000;0.000000;0.000000;27.913654
5788;288.000000;-26.000000;30.000000;27.913654;0.000000;0.000000;0.000000;0.000000;0.000000;27.913654
5789;288.000000;-22.000000;-30.000000;-27.913654;0.000000;0.000000;0.000000;0.000000;0.000000;27.913654
5790;288.000000;-22.000000;30.000000;27.913654;0.000000;0.000000;0.000000;0.000000;0.000000;27.913654
5791;288.000000;-18.000000;-30.000000;-27.913654;0.000000;0.000000;0.000000;0.000000;0.000000;27.913654
5792;288.000000;-18.000000;30.000000;27.913654;0.000000;0.000000;0.000000;0.000000;0.000000;27.913654
5793;288.000000;-14.000000;-30.000000;-27.913654;0.000000;0.000000;0.000000;0.000000;0.000000;27.913654
5794;288.000000;-14.000000;30.000000;27.913654;0.000000;0.000000;0.000000;0.000000;0.000000;27.913654
5795;288.000000;-10.000000;-30.000000;-27.913654;0.000000;0.000000;0.000000;0.000000;0.000000;27.913654
5796;288.000000;-10.000000;30.000000;27.913654;0.000000;0.000000;0.000000;0.000000;0.000000;27.913654
5797;288.000000;-6.000000;-30.000000;-27.913654;0.000000;0.000000;0.000000;0.000000;0.000000;27.913654
5798;288.000000;-6.000000;30.000000;27.913654;0.000000;0.000000;0.000000;0.000000;0.000000;27.913654
5799;288.000000;-2.000000;-30.000000;-27.913654;0.000000;0.000000;0.000000;0.000000;0.000000;27.913654
5800;288.000000;-2.000000;30.000000;27.913654;0.000000;0.000000;0.000000;0.000000;0.000000;27.913654
5801;288.000000;2.000000;-30.000000;-27.913654;0.000000;0.000000;0.000000;0.000000;0.000000;27.913654
5802;288.000000;2.000000;30.000000;27.913654;0.000000;0.000000;0.000000;0.000000;0.000000;27.913654
5803;288.000000;6.000000;-30.000000;-27.913654;0.000000;0.000000;0.000000;0.000000;0.000000;27.913654
5804;288.000000;6.000000;30.000000;27.913654;0.000000;0.000000;0.000000;0.000000;0.000000;27.913654
5805;288.000000;10.000000;-30.000000;-27.913654;0.000000;0.000000;0.000000;0.000000;0.000000;27.913654
5806;288.000000;10.000000;30.000000;27.913654;0.000000;0.000000;0.000000;0.000000;0.000000;27.913654
5807;288.000000;14.000000;-30.000000;-27.913654;0.000000;0.000000;0.000000;0.000000;0.000000;27.913654
5808;288.000000;14.000000;30.000000;27.913654;0.000000;0.000000;0.000000;0.000000;0.000000;27.913654
5809;288.000000;18.000000;-30.000000;-27.913654;0.000000;0.000000;0.000000;0.000000;0.000000;27.913654
5810;288.000000;18.000000;30.000000;27.913654;0.000000;0.000000;0.000000;0.000000;0.000000;27.913654
5811;288.000000;22.000000;-30.000000;-27.913654;0.000000;0.000000;0.000000;0.000000;0.000000;27.913654
5812;288.000000;22.000000;30.000000;27.913654;0.000000;0.000000;0.000000;0.000000;0.000000;27.913654
5813;288.000000;26.000000;-30.000000;-27.913654;0.000000;0.000000;0.000000;0.000000;0.000000;27.913654
5814;288.000000;26.000000;30.000000;27.913654;0.000000;0.000000;0.000000;0.000000;0.000000;27.913654
5815;288.000000;30.000000;-30.000000;-27.913654;0.000000;0.000000;0.000000;0.000000;0.000000;27.913654
5816;288.000000;30.000000;30.000000;27.913654;0.000000;0.000000;0.000000;0.000000;0.000000;27.913654
5817;288.000000;34.000000;-30.000000;-27.913654;0.000000;0.000000;0.000000;0.000000;0.000000;27.913654
5818;288.000000;34.000000;30.000000;27.913654;0.000000;0.000000;0.000000;0.000000;0.000000;27.913654
5819;288.000000;38.000000;-30.000000;-27.913654;0.000000;0.000000;0.000000;0.000000;0.000000;27.913654
5820;288.000000;38.000000;30.000000;27.913654;0.000000;0.000000;0.000000;0.000000;0.000000;27.913654
5821;288.000000;42.000000;-30.000000;-27.913654;0.000000;0.000000;0.000000;0.000000;0.000000;27.913654
5822;288.000000;42.000000;30.000000;27.913654;0.000000;0.000000;0.000000;0.000000;0.000000;27.913654
5823;288.000000;46.000000;-30.000000;-27.913654;0.000000;0.000000;0.000000;0.000000;0.000000;27.913654
5824;288.000000;46.000000;30.000000;27.913654;0.000000;0.000000;0.000000;0.000000;0.000000;27.913654
5825;288.000000;50.000000;-30.000000;-27.913654;0.000000;0.000000;0.000000;0.000000;0.000000;27.913654
5826;288.000000;50.000000;-26.000000;-24.191833;0.000000;0.000000;0.000000;0.000000;0.000000;24.191833
5827;288.000000;50.000000;-22.000000;-20.470013;0.000000;0.000000;0.000000;0.000000;0.000000;20.470013
5828;288.000000;50.000000;-18.000000;-16.748192;0.000000;0.000000;0.000000;0.000000;0.000000;16.748192
5829;288.000000;50.000000;-14.000000;-13.026372;0.000000;0.000000;0.000000;0.000000;0.000000;13.026372
5830;288.000000;50.000000;-10.000000;-9.304551;0.000000;0.000000;0.000000;0.000000;0.000000;9.304551
5831;288.000000;50.000000;-6.000000;-5.582731;0.000000;0.000000;0.000000;0.000000;0.000000;5.582731
5832;288.000000;50.000000;-2.000000;-1.860910;0.000000;0.000000;0.000000;0.000000;0.000000;1.860910
5833;288.000000;50.000000;2.000000;1.860910;0.000000;0.000000;0.000000;0.000000;0.000000;1.860910
5834;288.000000;50.000000;6.000000;5.582731;0.000000;0.000000;0.000000;0.000000;0.000000;5.582731
5835;288.000000;50.000000;10.000000;9.304551;0.000000;0.000000;0.000000;0.000000;0.000000;9.304551
5836;288.000000;50.000000;14.000000;13.026372;0.000000;0.000000;0.000000;0.000000;0.000000;13.026372
5837;288.000000;50.000000;18.000000;16.748192;0.000000;0.000000;0.000000;0.000000;0.000000;16.748192
5838;288.000000;50.000000;22.000000;20.470013;0.000000;0.000000;0.000000;0.000000;0.000000;20.470013
5839;288.000000;50.000000;26.000000;24.191833;0.000000;0.000000;0.000000;0.000000;0.000000;24.191833
5840;288.000000;50.000000;30.000000;27.913654;0.000000;0.000000;0.000000;0.000000;0.000000;27.913654
5841;292.000000;-50.000000;-30.000000;-26.916738;0.000000;0.000000;0.000000;0.000000;0.000000;26.916738
5842;292.000000;-50.000000;-26.000000;-23.327839;0.000000;0.000000;0.000000;0.000000;0.000000;23.327839
5843;292.000000;-50.000000;-22.000000;-19.738941;0.000000;0.000000;0.000000;0.000000;0.000000;19.738941
5844;292.000000;-50.000000;-18.000000;-16.150043;0.000000;0.000000;0.000000;0.000000;0.000000;16.150043
5845;292.000000;-50.000000;-14.000000;-12.561144;0.000000;0.000000;0.000000;0.000000;0.000000;12.561144
5846;292.000000;-50.000000;-10.000000;-8.972246;0.000000;0.000000;0.000000;0.000000;0.000000;8.972246
5847;292.000000;-50.000000;-6.000000;-5.383348;0.000000;0.000000;0.000000;0.000000;0.000000;5.383348
5848;292.000000;-50.000000;-2.000000;-1.794449;0.000000;0.000000;0.000000;0.000000;0.000000;1.794449
5849;292.000000;-50.000000;2.000000;1.794449;0.000000;0.000000;0.000000;0.000000;0.000000;1.794449
5850;292.000000;-50.000000;6.000000;5.383348;0.000000;0.000000;0.000000;0.000000;0.000000;5.383348
5851;292.000000;-50.000000;10.000000;8.972246;0.000000;0.000000;0.000000;0.000000;0.000000;8.972246
5852;292.000000;-50.000000;14.000000;12.561144;0.000000;0.000000;0.000000;0.000000;0.000000;12.561144
5853;292.000000;-50.000000;18.000000;16.150043;0.000000;0.000000;0.000000;0.000000;0.000000;16.150043
5854;292.000000;-50.000000;22.000000;19.738941;0.000000;0.000000;0.000000;0.000000;0.000000;19.738941
5855;292.000000;-50.000000;26.000000;23.327839;0.000000;0.000000;0.000000;0.000000;0.000000;23.327839
5856;292.000000;-50.000000;30.000000;26.916738;0.000000;0.000000;0.000000;0.000000;0.000000;26.916738
5857;292.000000;-46.000000;-30.000000;-26.916738;0.000000;0.000000;0.000000;0.000000;0.000000;26.916738
5858;292.000000;-46.000000;30.000000;26.916738;0.000000;0.000000;0.000000;0.000000;0.000000;26.916738
5859;292.000000;-42.000000;-30.000000;-26.916738;0.000000;0.000000;0.000000;0.000000;0.000000;26.916738
5860;292.000000;-42.000000;30.000000;26.916738;0.000000;0.000000;0.000000;0.000000;0.000000;26.916738
5861;292.000000;-38.000000;-30.000000;-26.916738;0.000000;0.000000;0.000000;0.000000;0.000000;26.916738
5862;292.000000;-38.000000;30.000000;26.916738;0.000000;0.000000;0.000000;0.000000;0.000000;26.916738
5863;292.000000;-34.000000;-30.000000;-26.916738;0.000000;0.000000;0.000000;0.000000;0.000000;26.916738
5864;292.000000;-34.000000;30.000000;26.916738;0.000000;0.000000;0.000000;0.000000;0.000000;26.916738
5865;292.000000;-30.000000;-30.000000;-26.916738;0.000000;0.000000;0.000000;0.000000;0.000000;26.916738
5866;292.000000;-30.000000;30.000000;26.916738;0.000000;0.000000;0.000000;0.000000;0.000000;26.916738
5867;292.000000;-26.000000;-30.000000;-26.916738;0.000000;0.000000;0.000000;0.000000;0.000000;26.916738
5868;292.000000;-26.000000;30.000000;26.916738;0.000000;0.000000;0.000000;0.000000;0.000000;26.916738
5869;292.000000;-22.000000;-30.000000;-26.916738;0.000000;0.000000;0.000000;0.000000;0.000000;26.916738
5870;292.000000;-22.000000;30.000000;26.916738;0.000000;0.000000;0.000000;0.000000;0.000000;26.916738
5871;292.000000;-18.000000;-30.000000;-26.916738;0.000000;0.000000;0.000000;0.000000;0.000000;26.916738
5872;292.000000;-18.000000;30.000000;26.916738;0.000000;0.000000;0.000000;0.000000;0.000000;26.916738
5873;292.000000;-14.000000;-30.000000;-26.916738;0.000000;0.000000;0.000000;0.000000;0.000000;26.916738
5874;292.000000;-14.000000;30.000000;26.916738;0.000000;0.000000;0.000000;0.000000;0.000000;26.916738
5875;292.000000;-10.000000;-30.000000;-26.916738;0.000000;0.000000;0.000000;0.000000;0.000000;26.916738
5876;292.000000;-10.000000;30.000000;26.916738;0.000000;0.000000;0.000000;0.000000;0.000000;26.916738
5877;292.000000;-6.000000;-30.000000;-26.916738;0.000000;0.000000;0.000000;0.000000;0.000000;26.916738
5878;292.000000;-6.000000;30.000000;26.916738;0.000000;0.000000;0.000000;0.000000;0.000000;26.916738
5879;292.000000;-2.000000;-30.000000;-26.916738;0.000000;0.000000;0.000000;0.000000;0.000000;26.916738
5880;292.000000;-2.000000;30.000000;26.916738;0.000000;0.000000;0.000000;0.000000;0.000000;26.916738
5881;292.000000;2.000000;-30.000000;-26.916738;0.000000;0.000000;0.000000;0.000000;0.000000;26.916738
5882;292.000000;2.000000;30.000000;26.916738;0.000000;0.000000;0.000000;0.000000;0.000000;26.916738
5883;292.000000;6.000000;-30.000000;-26.916738;0.000000;0.000000;0.000000;0.000000;0.000000;26.916738
5884;292.000000;6.000000;30.000000;26.916738;0.000000;0.000000;0.000000;0.000000;0.000000;26.916738
5885;292.000000;10.000000;-30.000000;-26.916738;0.000000;0.000000;0.000000;0.000000;0.000000;26.916738
5886;292.000000;10.000000;30.000000;26.916738;0.000000;0.000000;0.000000;0.000000;0.000000;26.916738
5887;292.000000;14.000000;-30.000000;-26.916738;0.000000;0.000000;0.000000;0.000000;0.000000;26.916738
5888;292.000000;14.000000;30.000000;26.916738;0.000000;0.000000;0.000000;0.000000;0.000000;26.916738
5889;292.000000;18.000000;-30.000000;-26.916738;0.000000;0.000000;0.000000;0.000000;0.000000;26.916738
5890;292.000000;18.000000;30.000000;26.916738;0.000000;0.000000;0.000000;0.000000;0.000000;26.916738
5891;292.000000;22.000000;-30.000000;-26.916738;0.000000;0.000000;0.000000;0.000000;0.000000;26.916738
5892;292.000000;22.000000;30.000000;26.916738;0.000000;0.000000;0.000000;0.000000;0.000000;26.916738
5893;292.000000;26.000000;-30.000000;-26.916738;0.000000;0.000000;0.000000;0.000000;0.000000;26.916738
5894;292.000000;26.000000;30.000000;26.916738;0.000000;0.000000;0.000000;0.000000;0.000000;26.916738
5895;292.000000;30.000000;-30.000000;-26.916738;0.000000;0.000000;0.000000;0.000000;0.000000;26.916738
5896;292.000000;30.000000;30.000000;26.916738;0.000000;0.000000;0.000000;0.000000;0.000000;26.916738
5897;292.000000;34.000000;-30.000000;-26.916738;0.000000;0.000000;0.000000;0.000000;0.000000;26.916738
5898;292.000000;34.000000;30.000000;26.916738;0.000000;0.000000;0.000000;0.000000;0.000000;26.916738
5899;292.000000;38.000000;-30.000000;-26.916738;0.000000;0.000000;0.000000;0.000000;0.000000;26.916738
5900;292.000000;38.000000;30.000000;26.916738;0.000000;0.000000;0.000000;0.000000;0.000000;26.916738
5901;292.000000;42.000000;-30.000000;-26.916738;0.000000;0.000000;0.000000;0.000000;0.000000;26.916738
5902;292.000000;42.000000;30.000000;26.916738;0.000000;0.000000;0.000000;0.000000;0.000000;26.916738
5903;292.000000;46.000000;-30.000000;-26.916738;0.000000;0.000000;0.000000;0.000000;0.000000;26.916738
5904;292.000000;46.000000;30.000000;26.916738;0.000000;0.000000;0.000000;0.000000;0.000000;26.916738
5905;292.000000;50.000000;-30.000000;-26.916738;0.000000;0.000000;0.000000;0.000000;0.000000;26.916738
5906;292.000000;50.000000;-26.000000;-23.327839;0.000000;0.000000;0.000000;0.000000;0.000000;23.327839
5907;292.000000;50.000000;-22.000000;-19.738941;0.000000;0.000000;0.000000;0.000000;0.000000;19.738941
5908;292.000000;50.000000;-18.000000;-16.150043;0.000000;0.000000;0.000000;0.000000;0.000000;16.150043
5909;292.000000;50.000000;-14.000000;-12.561144;0.000000;0.000000;0.000000;0.000000;0.000000;12.561144
5910;292.000000;50.000000;-10.000000;-8.972246;0.000000;0.000000;0.000000;0.000000;0.000000;8.972246
5911;292.000000;50.000000;-6.000000;-5.383348;0.000000;0.000000;0.000000;0.000000;0.000000;5.383348
5912;292.000000;50.000000;-2.000000;-1.794449;0.000000;0.000000;0.000000;0.000000;0.000000;1.794449
5913;292.000000;50.000000;2.000000;1.794449;0.000000;0.000000;0.000000;0.000000;0.000000;1.794449
5914;292.000000;50.000000;6.000000;5.383348;0.000000;0.000000;0.000000;0.000000;0.000000;5.383348
5915;292.000000;50.000000;10.000000;8.972246;0.000000;0.000000;0.000000;0.000000;0.000000;8.972246
5916;292.000000;50.000000;14.000000;12.561144;0.000000;0.000000;0.000000;0.000000;0.000000;12.561144
5917;292.000000;50.000000;18.000000;16.150043;0.000000;0.000000;0.000000;0.000000;0.000000;16.150043
5918;292.000000;50.000000;22.000000;19.738941;0.000000;0.000000;0.000000;0.000000;0.000000;19.738941
5919;292.000000;50.000000;26.000000;23.327839;0.000000;0.000000;0.000000;0.000000;0.000000;23.327839
5920;292.000000;50.000000;30.000000;26.916738;0.000000;0.000000;0.000000;0.000000;0.000000;26.916738
5921;296.000000;-50.000000;-30.000000;-25.919821;0.000000;0.000000;0.000000;0.000000;0.000000;25.919821
5922;296.000000;-50.000000;-26.000000;-22.463845;0.000000;0.000000;0.000000;0.000000;0.000000;22.463845
5923;296.000000;-50.000000;-22.000000;-19.007869;0.000000;0.000000;0.000000;0.000000;0.000000;19.007869
5924;296.000000;-50.000000;-18.000000;-15.551893;0.000000;0.000000;0.000000;0.000000;0.000000;15.551893
5925;296.000000;-50.000000;-14.000000;-12.095917;0.000000;0.000000;0.000000;0.000000;0.000000;12.095917
5926;296.000000;-50.000000;-10.000000;-8.639940;0.000000;0.000000;0.000000;0.000000;0.000000;8.639940
5927;296.000000;-50.000000;-6.000000;-5.183964;0.000000;0.000000;0.000000;0.000000;0.000000;5.183964
5928;296.000000;-50.000000;-2.000000;-1.727988;0.000000;0.000000;0.000000;0.000000;0.000000;1.727988
5929;296.000000;-50.000000;2.000000;1.727988;0.000000;0.000000;0.000000;0.000000;0.000000;1.727988
5930;296.000000;-50.000000;6.000000;5.183964;0.000000;0.000000;0.000000;0.000000;0.000000;5.183964
5931;296.000000;-50.000000;10.000000;8.639940;0.000000;0.000000;0.000000;0.000000;0.000000;8.639940
5932;296.000000;-50.000000;14.000000;12.095917;0.000000;0.000000;0.000000;0.000000;0.000000;12.095917
5933;296.000000;-50.000000;18.000000;15.551893;0.000000;0.000000;0.000000;0.000000;0.000000;15.551893
5934;296.000000;-50.000000;22.000000;19.007869;0.000000;0.000000;0.000000;0.000000;0.000000;19.007869
5935;296.000000;-50.000000;26.000000;22.463845;0.000000;0.000000;0.000000;0.000000;0.000000;22.463845
5936;296.000000;-50.000000;30.000000;25.919821;0.000000;0.000000;0.000000;0.000000;0.000000;25.919821
5937;296.000000;-46.000000;-30.000000;-25.919821;0.000000;0.000000;0.000000;0.000000;0.000000;25.919821
5938;296.000000;-46.000000;30.000000;25.919821;0.000000;0.000000;0.000000;0.000000;0.000000;25.919821
5939;296.000000;-42.000000;-30.000000;-25.919821;0.000000;0.000000;0.000000;0.000000;0.000000;25.919821
5940;296.000000;-42.000000;30.000000;25.919821;0.000000;0.000000;0.000000;0.000000;0.000000;25.919821
5941;296.000000;-38.000000;-30.000000;-25.919821;0.000000;0.000000;0.000000;0.000000;0.000000;25.919821
5942;296.000000;-38.000000;30.000000;25.919821;0.000000;0.000000;0.000000;0.000000;0.000000;25.919821
5943;296.000000;-34.000000;-30.000000;-25.919821;0.000000;0.000000;0.000000;0.000000;0.000000;25.919821
5944;296.000000;-34.000000;30.000000;25.919821;0.000000;0.000000;0.000000;0.000000;0.000000;25.919821
5945;296.000000;-30.000000;-30.000000;-25.919821;0.000000;0.000000;0.000000;0.000000;0.000000;25.919821
5946;296.000000;-30.000000;30.000000;25.919821;0.000000;0.000000;0.000000;0.000000;0.000000;25.919821
5947;296.000000;-26.000000;-30.000000;-25.919821;0.000000;0.000000;0.000000;0.000000;0.000000;25.919821
5948;296.000000;-26.000000;30.000000;25.919821;0.000000;0.000000;0.000000;0.000000;0.000000;25.919821
5949;296.000000;-22.000000;-30.000000;-25.919821;0.000000;0.000000;0.000000;0.000000;0.000000;25.919821
5950;296.000000;-22.000000;30.000000;25.919821;0.000000;0.000000;0.000000;0.000000;0.000000;25.919821
5951;296.000000;-18.000000;-30.000000;-25.919821;0.000000;0.000000;0.000000;0.000000;0.000000;25.919821
5952;296.000000;-18.000000;30.000000;25.919821;0.000000;0.000000;0.000000;0.000000;0.000000;25.919821
5953;296.000000;-14.000000;-30.000000;-25.919821;0.000000;0.000000;0.000000;0.000000;0.000000;25.919821
5954;296.000000;-14.000000;30.000000;25.919821;0.000000;0.000000;0.000000;0.000000;0.000000;25.919821
5955;296.000000;-10.000000;-30.000000;-25.919821;0.000000;0.000000;0.000000;0.000000;0.000000;25.919821
5956;296.000000;-10.000000;30.000000;25.919821;0.000000;0.000000;0.000000;0.000000;0.000000;25.919821
5957;296.000000;-6.000000;-30.000000;-25.919821;0.000000;0.000000;0.000000;0.000000;0.000000;25.919821
5958;296.000000;-6.000000;30.000000;25.919821;0.000000;0.000000;0.000000;0.000000;0.000000;25.919821
5959;296.000000;-2.000000;-30.000000;-25.919821;0.000000;0.000000;0.000000;0.000000;0.000000;25.919821
5960;296.000000;-2.000000;30.000000;25.919821;0.000000;0.000000;0.000000;0.000000;0.000000;25.919821
5961;296.000000;2.000000;-30.000000;-25.919821;0.000000;0.000000;0.000000;0.000000;0.000000;25.919821
5962;296.000000;2.000000;30.000000;25.919821;0.000000;0.000000;0.000000;0.000000;0.000000;25.919821
5963;296.000000;6.000000;-30.000000;-25.919821;0.000000;0.000000;0.000000;0.000000;0.000000;25.919821
5964;296.000000;6.000000;30.000000;25.919821;0.000000;0.000000;0.000000;0.000000;0.000000;25.919821
5965;296.000000;10.000000;-30.000000;-25.919821;0.000000;0.000000;0.000000;0.000000;0.000000;25.919821
5966;296.000000;10.000000;30.000000;25.919821;0.000000;0.000000;0.000000;0.000000;0.000000;25.919821
5967;296.000000;14.000000;-30.000000;-25.919821;0.000000;0.000000;0.000000;0.000000;0.000000;25.919821
5968;296.000000;14.000000;30.000000;25.919821;0.000000;0.000000;0.000000;0.000000;0.000000;25.919821
5969;296.000000;18.000000;-30.000000;-25.919821;0.000000;0.000000;0.000000;0.000000;0.000000;25.919821
5970;296.000000;18.000000;30.000000;25.919821;0.000000;0.000000;0.000000;0.000000;0.000000;25.919821
5971;296.000000;22.000000;-30.000000;-25.919821;0.000000;0.000000;0.000000;0.000000;0.000000;25.919821
5972;296.000000;22.000000;30.000000;25.919821;0.000000;0.000000;0.000000;0.000000;0.000000;25.919821
5973;296.000000;26.000000;-30.000000;-25.919821;0.000000;0.000000;0.000000;0.000000;0.000000;25.919821
5974;296.000000;26.000000;30.000000;25.919821;0.000000;0.000000;0.000000;0.000000;0.000000;25.919821
5975;296.000000;30.000000;-30.000000;-25.919821;0.000000;0.000000;0.000000;0.000000;0.000000;25.919821
5976;296.000000;30.000000;30.000000;25.919821;0.000000;0.000000;0.000000;0.000000;0.000000;25.919821
5977;296.000000;34.000000;-30.000000;-25.919821;0.000000;0.000000;0.000000;0.000000;0.000000;25.919821
5978;296.000000;34.000000;30.000000;25.919821;0.000000;0.000000;0.000000;0.000000;0.000000;25.919821
5979;296.000000;38.000000;-30.000000;-25.919821;0.000000;0.000000;0.000000;0.000000;0.000000;25.919821
5980;296.000000;38.000000;30.000000;25.919821;0.000000;0.000000;0.000000;0.000000;0.000000;25.919821
5981;296.000000;42.000000;-30.000000;-25.919821;0.000000;0.000000;0.000000;0.000000;0.000000;25.919821
5982;296.000000;42.000000;30.000000;25.919821;0.000000;0.000000;0.000000;0.000000;0.000000;25.919821
5983;296.000000;46.000000;-30.000000;-25.919821;0.000000;0.000000;0.000000;0.000000;0.000000;25.919821
5984;296.000000;46.000000;30.000000;25.919821;0.000000;0.000000;0.000000;0.000000;0.000000;25.919821
5985;296.000000;50.000000;-30.000000;-25.919821;0.000000;0.000000;0.000000;0.000000;0.000000;25.919821
5986;296.000000;50.000000;-26.000000;-22.463845;0.000000;0.000000;0.000000;0.000000;0.000000;22.463845
5987;296.000000;50.000000;-22.000000;-19.007869;0.000000;0.000000;0.000000;0.000000;0.000000;19.007869
5988;296.000000;50.000000;-18.000000;-15.551893;0.000000;0.000000;0.000000;0.000000;0.000000;15.551893
5989;296.000000;50.000000;-14.000000;-12.095917;0.000000;0.000000;0.000000;0.000000;0.000000;12.095917
5990;296.000000;50.000000;-10.000000;-8.639940;0.000000;0.000000;0.000000;0.000000;0.000000;8.639940
5991;296.000000;50.000000;-6.000000;-5.183964;0.000000;0.000000;0.000000;0.000000;0.000000;5.183964
5992;296.000000;50.000000;-2.000000;-1.727988;0.000000;0.000000;0.000000;0.000000;0.000000;1.727988
5993;296.000000;50.000000;2.000000;1.727988;0.000000;0.000000;0.000000;0.000000;0.000000;1.727988
5994;296.000000;50.000000;6.000000;5.183964;0.000000;0.000000;0.000000;0.000000;0.000000;5.183964
5995;296.000000;50.000000;10.000000;8.639940;0.000000;0.000000;0.000000;0.000000;0.000000;8.639940
5996;296.000000;50.000000;14.000000;12.095917;0.000000;0.000000;0.000000;0.000000;0.000000;12.095917
5997;296.000000;50.000000;18.000000;15.551893;0.000000;0.000000;0.000000;0.000000;0.000000;15.551893
5998;296.000000;50.000000;22.000000;19.007869;0.000000;0.000000;0.000000;0.000000;0.000000;19.007869
5999;296.000000;50.000000;26.000000;22.463845;0.000000;0.000000;0.000000;0.000000;0.000000;22.463845
6000;296.000000;50.000000;30.000000;25.919821;0.000000;0.000000;0.000000;0.000000;0.000000;25.919821
6001;300.000000;-50.000000;-30.000000;-24.922905;0.000000;0.000000;0.000000;0.000000;0.000000;24.922905
6002;300.000000;-50.000000;-26.000000;-21.599851;0.000000;0.000000;0.000000;0.000000;0.000000;21.599851
6003;300.000000;-50.000000;-22.000000;-18.276797;0.000000;0.000000;0.000000;0.000000;0.000000;18.276797
6004;300.000000;-50.000000;-18.000000;-14.953743;0.000000;0.000000;0.000000;0.000000;0.000000;14.953743
6005;300.000000;-50.000000;-14.000000;-11.630689;0.000000;0.000000;0.000000;0.000000;0.000000;11.630689
6006;300.000000;-50.000000;-10.000000;-8.307635;0.000000;0.000000;0.000000;0.000000;0.000000;8.307635
6007;300.000000;-50.000000;-6.000000;-4.984581;0.000000;0.000000;0.000000;0.000000;0.000000;4.984581
6008;300.000000;-50.000000;-2.000000;-1.661527;0.000000;0.000000;0.000000;0.000000;0.000000;1.661527
6009;300.000000;-50.000000;2.000000;1.661527;0.000000;0.000000;0.000000;0.000000;0.000000;1.661527
6010;300.000000;-50.000000;6.000000;4.984581;0.000000;0.000000;0.000000;0.000000;0.000000;4.984581
6011;300.000000;-50.000000;10.000000;8.307635;0.000000;0.000000;0.000000;0.000000;0.000000;8.307635
6012;300.000000;-50.000000;14.000000;11.630689;0.000000;0.000000;0.000000;0.000000;0.000000;11.630689
6013;300.000000;-50.000000;18.000000;14.953743;0.000000;0.000000;0.000000;0.000000;0.000000;14.953743
6014;300.000000;-50.000000;22.000000;18.276797;0.000000;0.000000;0.000000;0.000000;0.000000;18.276797
6015;300.000000;-50.000000;26.000000;21.599851;0.000000;0.000000;0.000000;0.000000;0.000000;21.599851
6016;300.000000;-50.000000;30.000000;24.922905;0.000000;0.000000;0.000000;0.000000;0.000000;24.922905
6017;300.000000;-46.000000;-30.000000;-24.922905;0.000000;0.000000;0.000000;0.000000;0.000000;24.922905
6018;300.000000;-46.000000;30.000000;24.922905;0.000000;0.000000;0.000000;0.000000;0.000000;24.922905
6019;300.000000;-42.000000;-30.000000;-24.922905;0.000000;0.000000;0.000000;0.000000;0.000000;24.922905
6020;300.000000;-42.000000;30.000000;24.922905;0.000000;0.000000;0.000000;0.000000;0.000000;24.922905
6021;300.000000;-38.000000;-30.000000;-24.922905;0.000000;0.000000;0.000000;0.000000;0.000000;24.922905
6022;300.000000;-38.000000;30.000000;24.922905;0.000000;0.000000;0.000000;0.000000;0.000000;24.922905
6023;300.000000;-34.000000;-30.000000;-24.922905;0.000000;0.000000;0.000000;0.000000;0.000000;24.922905
6024;300.000000;-34.000000;30.000000;24.922905;0.000000;0.000000;0.000000;0.000000;0.000000;24.922905
6025;300.000000;-30.000000;-30.000000;-24.922905;0.000000;0.000000;0.000000;0.000000;0.000000;24.922905
6026;300.000000;-30.000000;30.000000;24.922905;0.000000;0.000000;0.000000;0.000000;0.000000;24.922905
6027;300.000000;-26.000000;-30.000000;-24.922905;0.000000;0.000000;0.000000;0.000000;0.000000;24.922905
6028;300.000000;-26.000000;30.000000;24.922905;0.000000;0.000000;0.000000;0.000000;0.000000;24.922905
6029;300.000000;-22.000000;-30.000000;-24.922905;0.000000;0.000000;0.000000;0.000000;0.000000;24.922905
6030;300.000000;-22.000000;30.000000;24.922905;0.000000;0.000000;0.000000;0.000000;0.000000;24.922905
6031;300.000000;-18.000000;-30.000000;-24.922905;0.000000;0.000000;0.000000;0.000000;0.000000;24.922905
6032;300.000000;-18.000000;30.000000;24.922905;0.000000;0.000000;0.000000;0.000000;0.000000;24.922905
6033;300.000000;-14.000000;-30.000000;-24.922905;0.000000;0.000000;0.000000;0.000000;0.000000;24.922905
6034;300.000000;-14.000000;30.000000;24.922905;0.000000;0.000000;0.000000;0.000000;0.000000;24.922905
6035;300.000000;-10.000000;-30.000000;-24.922905;0.000000;0.000000;0.000000;0.000000;0.000000;24.922905
6036;300.000000;-10.000000;30.000000;24.922905;0.000000;0.000000;0.000000;0.000000;0.000000;24.922905
6037;300.000000;-6.000000;-30.000000;-24.922905;0.000000;0.000000;0.000000;0.000000;0.000000;24.922905
6038;300.000000;-6.000000;30.000000;24.922905;0.000000;0.000000;0.000000;0.000000;0.000000;24.922905
6039;300.000000;-2.000000;-30.000000;-24.922905;0.000000;0.000000;0.000000;0.000000;0.000000;24.922905
6040;300.000000;-2.000000;30.000000;24.922905;0.000000;0.000000;0.000000;0.000000;0.000000;24.922905
6041;300.000000;2.000000;-30.000000;-24.922905;0.000000;0.000000;0.000000;0.000000;0.000000;24.922905
6042;300.000000;2.000000;30.000000;24.922905;0.000000;0.000000;0.000000;0.000000;0.000000;24.922905
6043;300.000000;6.000000;-30.000000;-24.922905;0.000000;0.000000;0.000000;0.000000;0.000000;24.922905
6044;300.000000;6.000000;30.000000;24.922905;0.000000;0.000000;0.000000;0.000000;0.000000;24.922905
6045;300.000000;10.000000;-30.000000;-24.922905;0.000000;0.000000;0.000000;0.000000;0.000000;24.922905
6046;300.000000;10.000000;30.000000;24.922905;0.000000;0.000000;0.000000;0.000000;0.000000;24.922905
6047;300.000000;14.000000;-30.000000;-24.922905;0.000000;0.000000;0.000000;0.000000;0.000000;24.922905
6048;300.000000;14.000000;30.000000;24.922905;0.000000;0.000000;0.000000;0.000000;0.000000;24.922905
6049;300.000000;18.000000;-30.000000;-24.922905;0.000000;0.000000;0.000000;0.000000;0.000000;24.922905
6050;300.000000;18.000000;30.000000;24.922905;0.000000;0.000000;0.000000;0.000000;0.000000;24.922905
6051;300.000000;22.000000;-30.000000;-24.922905;0.000000;0.000000;0.000000;0.000000;0.000000;24.922905
6052;300.000000;22.000000;30.000000;24.922905;0.000000;0.000000;0.000000;0.000000;0.000000;24.922905
6053;300.000000;26.000000;-30.000000;-24.922905;0.000000;0.000000;0.000000;0.000000;0.000000;24.922905
6054;300.000000;26.000000;30.000000;24.922905;0.000000;0.000000;0.000000;0.000000;0.000000;24.922905
6055;300.000000;30.000000;-30.000000;-24.922905;0.000000;0.000000;0.000000;0.000000;0.000000;24.922905
6056;300.000000;30.000000;30.000000;24.922905;0.000000;0.000000;0.000000;0.000000;0.000000;24.922905
6057;300.000000;34.000000;-30.000000;-24.922905;0.000000;0.000000;0.000000;0.000000;0.000000;24.922905
6058;300.000000;34.000000;30.000000;24.922905;0.000000;0.000000;0.000000;0.000000;0.000000;24.922905
6059;300.000000;38.000000;-30.000000;-24.922905;0.000000;0.000000;0.000000;0.000000;0.000000;24.922905
6060;300.000000;38.000000;30.000000;24.922905;0.000000;0.000000;0.000000;0.000000;0.000000;24.922905
6061;300.000000;42.000000;-30.000000;-24.922905;0.000000;0.000000;0.000000;0.000000;0.000000;24.922905
6062;300.000000;42.000000;30.000000;24.922905;0.000000;0.000000;0.000000;0.000000;0.000000;24.922905
6063;300.000000;46.000000;-30.000000;-24.922905;0.000000;0.000000;0.000000;0.000000;0.000000;24.922905
6064;300.000000;46.000000;30.000000;24.922905;0.000000;0.000000;0.000000;0.000000;0.000000;24.922905
6065;300.000000;50.000000;-30.000000;-24.922905;0.000000;0.000000;0.000000;0.000000;0.000000;24.922905
6066;300.000000;50.000000;-26.000000;-21.599851;0.000000;0.000000;0.000000;0.000000;0.000000;21.599851
6067;300.000000;50.000000;-22.000000;-18.276797;0.000000;0.000000;0.000000;0.000000;0.000000;18.276797
6068;300.000000;50.000000;-18.000000;-14.953743;0.000000;0.000000;0.000000;0.000000;0.000000;14.953743
6069;300.000000;50.000000;-14.000000;-11.630689;0.000000;0.000000;0.000000;0.000000;0.000000;11.630689
6070;300.000000;50.000000;-10.000000;-8.307635;0.000000;0.000000;0.000000;0.000000;0.000000;8.307635
6071;300.000000;50.000000;-6.000000;-4.984581;0.000000;0.000000;0.000000;0.000000;0.000000;4.984581
6072;300.000000;50.000000;-2.000000;-1.661527;0.000000;0.000000;0.000000;0.000000;0.000000;1.661527
6073;300.000000;50.000000;2.000000;1.661527;0.000000;0.000000;0.000000;0.000000;0.000000;1.661527
6074;300.000000;50.000000;6.000000;4.984581;0.000000;0.000000;0.000000;0.000000;0.000000;4.984581
6075;300.000000;50.000000;10.000000;8.307635;0.000000;0.000000;0.000000;0.000000;0.000000;8.307635
6076;300.000000;50.000000;14.000000;11.630689;0.000000;0.000000;0.000000;0.000000;0.000000;11.630689
6077;300.000000;50.000000;18.000000;14.953743;0.000000;0.000000;0.000000;0.000000;0.000000;14.953743
6078;300.000000;50.000000;22.000000;18.276797;0.000000;0.000000;0.000000;0.000000;0.000000;18.276797
6079;300.000000;50.000000;26.000000;21.599851;0.000000;0.000000;0.000000;0.000000;0.000000;21.599851
6080;300.000000;50.000000;30.000000;24.922905;0.000000;0.000000;0.000000;0.000000;0.000000;24.922905
6081;304.000000;-50.000000;-30.000000;-23.925989;0.000000;0.000000;0.000000;0.000000;0.000000;23.925989
6082;304.000000;-50.000000;-26.000000;-20.735857;0.000000;0.000000;0.000000;0.000000;0.000000;20.735857
6083;304.000000;-50.000000;-22.000000;-17.545725;0.000000;0.000000;0.000000;0.000000;0.000000;17.545725
6084;304.000000;-50.000000;-18.000000;-14.355593;0.000000;0.000000;0.000000;0.000000;0.000000;14.355593
6085;304.000000;-50.000000;-14.000000;-11.165462;0.000000;0.000000;0.000000;0.000000;0.000000;11.165462
6086;304.000000;-50.000000;-10.000000;-7.975330;0.000000;0.000000;0.000000;0.000000;0.000000;7.975330
6087;304.000000;-50.000000;-6.000000;-4.785198;0.000000;0.000000;0.000000;0.000000;0.000000;4.785198
6088;304.000000;-50.000000;-2.000000;-1.595066;0.000000;0.000000;0.000000;0.000000;0.000000;1.595066
6089;304.000000;-50.000000;2.000000;1.595066;0.000000;0.000000;0.000000;0.000000;0.000000;1.595066
6090;304.000000;-50.000000;6.000000;4.785198;0.000000;0.000000;0.000000;0.000000;0.000000;4.785198
6091;304.000000;-50.000000;10.000000;7.975330;0.000000;0.000000;0.000000;0.000000;0.000000;7.975330
6092;304.000000;-50.000000;14.000000;11.165462;0.000000;0.000000;0.000000;0.000000;0.000000;11.165462
6093;304.000000;-50.000000;18.000000;14.355593;0.000000;0.000000;0.000000;0.000000;0.000000;14.355593
6094;304.000000;-50.000000;22.000000;17.545725;0.000000;0.000000;0.000000;0.000000;0.000000;17.545725
6095;304.000000;-50.000000;26.000000;20.735857;0.000000;0.000000;0.000000;0.000000;0.000000;20.735857
6096;304.000000;-50.000000;30.000000;23.925989;0.000000;0.000000;0.000000;0.000000;0.000000;23.925989
6097;304.000000;-46.000000;-30.000000;-23.925989;0.000000;0.000000;0.000000;0.000000;0.000000;23.925989
6098;304.000000;-46.000000;30.000000;23.925989;0.000000;0.000000;0.000000;0.000000;0.000000;23.925989
6099;304.000000;-42.000000;-30.000000;-23.925989;0.000000;0.000000;0.000000;0.000000;0.000000;23.925989
6100;304.000000;-42.000000;30.000000;23.925989;0.000000;0.000000;0.000000;0.000000;0.000000;23.925989
6101;304.000000;-38.000000;-30.000000;-23.925989;0.000000;0.000000;0.000000;0.000000;0.000000;23.925989
6102;304.000000;-38.000000;30.000000;23.925989;0.000000;0.000000;0.000000;0.000000;0.000000;23.925989
6103;304.000000;-34.000000;-30.000000;-23.925989;0.000000;0.000000;0.000000;0.000000;0.000000;23.925989
6104;304.000000;-34.000000;30.000000;23.925989;0.000000;0.000000;0.000000;0.000000;0.000000;23.925989
6105;304.000000;-30.000000;-30.000000;-23.925989;0.000000;0.000000;0.000000;0.000000;0.000000;23.925989
6106;304.000000;-30.000000;30.000000;23.925989;0.000000;0.000000;0.000000;0.000000;0.000000;23.925989
6107;304.000000;-26.000000;-30.000000;-23.925989;0.000000;0.000000;0.000000;0.000000;0.000000;23.925989
6108;304.000000;-26.000000;30.000000;23.925989;0.000000;0.000000;0.000000;0.000000;0.000000;23.925989
6109;304.000000;-22.000000;-30.000000;-23.925989;0.000000;0.000000;0.000000;0.000000;0.000000;23.925989
6110;304.000000;-22.000000;30.000000;23.925989;0.000000;0.000000;0.000000;0.000000;0.000000;23.925989
6111;304.000000;-18.000000;-30.000000;-23.925989;0.000000;0.000000;0.000000;0.000000;0.000000;23.925989
6112;304.000000;-18.000000;30.000000;23.925989;0.000000;0.000000;0.000000;0.000000;0.000000;23.925989
6113;304.000000;-14.000000;-30.000000;-23.925989;0.000000;0.000000;0.000000;0.000000;0.000000;23.925989
6114;304.000000;-14.000000;30.000000;23.925989;0.000000;0.000000;0.000000;0.000000;0.000000;23.925989
6115;304.000000;-10.000000;-30.000000;-23.925989;0.000000;0.000000;0.000000;0.000000;0.000000;23.925989
6116;304.000000;-10.000000;30.000000;23.925989;0.000000;0.000000;0.000000;0.000000;0.000000;23.925989
6117;304.000000;-6.000000;-30.000000;-23.925989;0.000000;0.000000;0.000000;0.000000;0.000000;23.925989
6118;304.000000;-6.000000;30.000000;23.925989;0.000000;0.000000;0.000000;0.000000;0.000000;23.925989
6119;304.000000;-2.000000;-30.000000;-23.925989;0.000000;0.000000;0.000000;0.000000;0.000000;23.925989
6120;304.000000;-2.000000;30.000000;23.925989;0.000000;0.000000;0.000000;0.000000;0.000000;23.925989
6121;304.000000;2.000000;-30.000000;-23.925989;0.000000;0.000000;0.000000;0.000000;0.000000;23.925989
6122;304.000000;2.000000;30.000000;23.925989;0.000000;0.000000;0.000000;0.000000;0.000000;23.925989
6123;304.000000;6.000000;-30.000000;-23.925989;0.000000;0.000000;0.000000;0.000000;0.000000;23.925989
6124;304.000000;6.000000;30.000000;23.925989;0.000000;0.000000;0.000000;0.000000;0.000000;23.925989
6125;304.000000;10.000000;-30.000000;-23.925989;0.000000;0.000000;0.000000;0.000000;0.000000;23.925989
6126;304.000000;10.000000;30.000000;23.925989;0.000000;0.000000;0.000000;0.000000;0.000000;23.925989
6127;304.000000;14.000000;-30.000000;-23.925989;0.000000;0.000000;0.000000;0.000000;0.000000;23.925989
6128;304.000000;14.000000;30.000000;23.925989;0.000000;0.000000;0.000000;0.000000;0.000000;23.925989
6129;304.000000;18.000000;-30.000000;-23.925989;0.000000;0.000000;0.000000;0.000000;0.000000;23.925989
6130;304.000000;18.000000;30.000000;23.925989;0.000000;0.000000;0.000000;0.000000;0.000000;23.925989
6131;304.000000;22.000000;-30.000000;-23.925989;0.000000;0.000000;0.000000;0.000000;0.000000;23.925989
6132;304.000000;22.000000;30.000000;23.925989;0.000000;0.000000;0.000000;0.000000;0.000000;23.925989
6133;304.000000;26.000000;-30.000000;-23.925989;0.000000;0.000000;0.000000;0.000000;0.000000;23.925989
6134;304.000000;26.000000;30.000000;23.925989;0.000000;0.000000;0.000000;0.000000;0.000000;23.925989
6135;304.000000;30.000000;-30.000000;-23.925989;0.000000;0.000000;0.000000;0.000000;0.000000;23.925989
6136;304.000000;30.000000;30.000000;23.925989;0.000000;0.000000;0.000000;0.000000;0.000000;23.925989
6137;304.000000;34.000000;-30.000000;-23.925989;0.000000;0.000000;0.000000;0.000000;0.000000;23.925989
6138;304.000000;34.000000;30.000000;23.925989;0.000000;0.000000;0.000000;0.000000;0.000000;23.925989
6139;304.000000;38.000000;-30.000000;-23.925989;0.000000;0.000000;0.000000;0.000000;0.000000;23.925989
6140;304.000000;38.000000;30.000000;23.925989;0.000000;0.000000;0.000000;0.000000;0.000000;23.925989
6141;304.000000;42.000000;-30.000000;-23.925989;0.000000;0.000000;0.000000;0.000000;0.000000;23.925989
6142;304.000000;42.000000;30.000000;23.925989;0.000000;0.000000;0.000000;0.000000;0.000000;23.925989
6143;304.000000;46.000000;-30.000000;-23.925989;0.000000;0.000000;0.000000;0.000000;0.000000;23.925989
6144;304.000000;46.000000;30.000000;23.925989;0.000000;0.000000;0.000000;0.000000;0.000000;23.925989
6145;304.000000;50.000000;-30.000000;-23.925989;0.000000;0.000000;0.000000;0.000000;0.000000;23.925989
6146;304.000000;50.000000;-26.000000;-20.735857;0.000000;0.000000;0.000000;0.000000;0.000000;20.735857
6147;304.000000;50.000000;-22.000000;-17.545725;0.000000;0.000000;0.000000;0.000000;0.000000;17.545725
6148;304.000000;50.000000;-18.000000;-14.355593;0.000000;0.000000;0.000000;0.000000;0.000000;14.355593
6149;304.000000;50.000000;-14.000000;-11.165462;0.000000;0.000000;0.000000;0.000000;0.000000;11.165462
6150;304.000000;50.000000;-10.000000;-7.975330;0.000000;0.000000;0.000000;0.000000;0.000000;7.975330
6151;304.000000;50.000000;-6.000000;-4.785198;0.000000;0.000000;0.000000;0.000000;0.000000;4.785198
6152;304.000000;50.000000;-2.000000;-1.595066;0.000000;0.000000;0.000000;0.000000;0.000000;1.595066
6153;304.000000;50.000000;2.000000;1.595066;0.000000;0.000000;0.000000;0.000000;0.000000;1.595066
6154;304.000000;50.000000;6.000000;4.785198;0.000000;0.000000;0.000000;0.000000;0.000000;4.785198
6155;304.000000;50.000000;10.000000;7.975330;0.000000;0.000000;0.000000;0.000000;0.000000;7.975330
6156;304.000000;50.000000;14.000000;11.165462;0.000000;0.000000;0.000000;0.000000;0.000000;11.165462
6157;304.000000;50.000000;18.000000;14.355593;0.000000;0.000000;0.000000;0.000000;0.000000;14.355593
6158;304.000000;50.000000;22.000000;17.545725;0.000000;0.000000;0.000000;0.000000;0.000000;17.545725
6159;304.000000;50.000000;26.000000;20.735857;0.000000;0.000000;0.000000;0.000000;0.000000;20.735857
6160;304.000000;50.000000;30.000000;23.925989;0.000000;0.000000;0.000000;0.000000;0.000000;23.925989
6161;308.000000;-50.000000;-30.000000;-22.929073;0.000000;0.000000;0.000000;0.000000;0.000000;22.929073
6162;308.000000;-50.000000;-26.000000;-19.871863;0.000000;0.000000;0.000000;0.000000;0.000000;19.871863
6163;308.000000;-50.000000;-22.000000;-16.814653;0.000000;0.000000;0.000000;0.000000;0.000000;16.814653
6164;308.000000;-50.000000;-18.000000;-13.757444;0.000000;0.000000;0.000000;0.000000;0.000000;13.757444
6165;308.000000;-50.000000;-14.000000;-10.700234;0.000000;0.000000;0.000000;0.000000;0.000000;10.700234
6166;308.000000;-50.000000;-10.000000;-7.643024;0.000000;0.000000;0.000000;0.000000;0.000000;7.643024
6167;308.000000;-50.000000;-6.000000;-4.585815;0.000000;0.000000;0.000000;0.000000;0.000000;4.585815
6168;308.000000;-50.000000;-2.000000;-1.528605;0.000000;0.000000;0.000000;0.000000;0.000000;1.528605
6169;308.000000;-50.000000;2.000000;1.528605;0.000000;0.000000;0.000000;0.000000;0.000000;1.528605
6170;308.000000;-50.000000;6.000000;4.585815;0.000000;0.000000;0.000000;0.000000;0.000000;4.585815
6171;308.000000;-50.000000;10.000000;7.643024;0.000000;0.000000;0.000000;0.000000;0.000000;7.643024
6172;308.000000;-50.000000;14.000000;10.700234;0.000000;0.000000;0.000000;0.000000;0.000000;10.700234
6173;308.000000;-50.000000;18.000000;13.757444;0.000000;0.000000;0.000000;0.000000;0.000000;13.757444
6174;308.000000;-50.000000;22.000000;16.814653;0.000000;0.000000;0.000000;0.000000;0.000000;16.814653
6175;308.000000;-50.000000;26.000000;19.871863;0.000000;0.000000;0.000000;0.000000;0.000000;19.871863
6176;308.000000;-50.000000;30.000000;22.929073;0.000000;0.000000;0.000000;0.000000;0.000000;22.929073
6177;308.000000;-46.000000;-30.000000;-22.929073;0.000000;0.000000;0.000000;0.000000;0.000000;22.929073
6178;308.000000;-46.000000;30.000000;22.929073;0.000000;0.000000;0.000000;0.000000;0.000000;22.929073
6179;308.000000;-42.000000;-30.000000;-22.929073;0.000000;0.000000;0.000000;0.000000;0.000000;22.929073
6180;308.000000;-42.000000;30.000000;22.929073;0.000000;0.000000;0.000000;0.000000;0.000000;22.929073
6181;308.000000;-38.000000;-30.000000;-22.929073;0.000000;0.000000;0.000000;0.000000;0.000000;22.929073
6182;308.000000;-38.000000;30.000000;22.929073;0.000000;0.000000;0.000000;0.000000;0.000000;22.929073
6183;308.000000;-34.000000;-30.000000;-22.929073;0.000000;0.000000;0.000000;0.000000;0.000000;22.929073
6184;308.000000;-34.000000;30.000000;22.929073;0.000000;0.000000;0.000000;0.000000;0.000000;22.929073
6185;308.000000;-30.000000;-30.000000;-22.929073;0.000000;0.000000;0.000000;0.000000;0.000000;22.929073
6186;308.000000;-30.000000;30.000000;22.929073;0.000000;0.000000;0.000000;0.000000;0.000000;22.929073
6187;308.000000;-26.000000;-30.000000;-22.929073;0.000000;0.000000;0.000000;0.000000;0.000000;22.929073
6188;308.000000;-26.000000;30.000000;22.929073;0.000000;0.000000;0.000000;0.000000;0.000000;22.929073
6189;308.000000;-22.000000;-30.000000;-22.929073;0.000000;0.000000;0.000000;0.000000;0.000000;22.929073
6190;308.000000;-22.000000;30.000000;22.929073;0.000000;0.000000;0.000000;0.000000;0.000000;22.929073
6191;308.000000;-18.000000;-30.000000;-22.929073;0.000000;0.000000;0.000000;0.000000;0.000000;22.929073
6192;308.000000;-18.000000;30.000000;22.929073;0.000000;0.000000;0.000000;0.000000;0.000000;22.929073
6193;308.000000;-14.000000;-30.000000;-22.929073;0.000000;0.000000;0.000000;0.000000;0.000000;22.929073
6194;308.000000;-14.000000;30.000000;22.929073;0.000000;0.000000;0.000000;0.000000;0.000000;22.929073
6195;308.000000;-10.000000;-30.000000;-22.929073;0.000000;0.000000;0.000000;0.000000;0.000000;22.929073
6196;308.000000;-10.000000;30.000000;22.929073;0.000000;0.000000;0.000000;0.000000;0.000000;22.929073
6197;308.000000;-6.000000;-30.000000;-22.929073;0.000000;0.000000;0.000000;0.000000;0.000000;22.929073
6198;308.000000;-6.000000;30.000000;22.929073;0.000000;0.000000;0.000000;0.000000;0.000000;22.929073
6199;308.000000;-2.000000;-30.000000;-22.929073;0.000000;0.000000;0.000000;0.000000;0.000000;22.929073
6200;308.000000;-2.000000;30.000000;22.929073;0.000000;0.000000;0.000000;0.000000;0.000000;22.929073
6201;308.000000;2.000000;-30.000000;-22.929073;0.000000;0.000000;0.000000;0.000000;0.000000;22.929073
6202;308.000000;2.000000;30.000000;22.929073;0.000000;0.000000;0.000000;0.000000;0.000000;22.929073
6203;308.000000;6.000000;-30.000000;-22.929073;0.000000;0.000000;0.000000;0.000000;0.000000;22.929073
6204;308.000000;6.000000;30.000000;22.929073;0.000000;0.000000;0.000000;0.000000;0.000000;22.929073
6205;308.000000;10.000000;-30.000000;-22.929073;0.000000;0.000000;0.000000;0.000000;0.000000;22.929073
6206;308.000000;10.000000;30.000000;22.929073;0.000000;0.000000;0.000000;0.000000;0.000000;22.929073
6207;308.000000;14.000000;-30.000000;-22.929073;0.000000;0.000000;0.000000;0.000000;0.000000;22.929073
6208;308.000000;14.000000;30.000000;22.929073;0.000000;0.000000;0.000000;0.000000;0.000000;22.929073
6209;308.000000;18.000000;-30.000000;-22.929073;0.000000;0.000000;0.000000;0.000000;0.000000;22.929073
6210;308.000000;18.000000;30.000000;22.929073;0.000000;0.000000;0.000000;0.000000;0.000000;22.929073
6211;308.000000;22.000000;-30.000000;-22.929073;0.000000;0.000000;0.000000;0.000000;0.000000;22.929073
6212;308.000000;22.000000;30.000000;22.929073;0.000000;0.000000;0.000000;0.000000;0.000000;22.929073
6213;308.000000;26.000000;-30.000000;-22.929073;0.000000;0.000000;0.000000;0.000000;0.000000;22.929073
6214;308.000000;26.000000;30.000000;22.929073;0.000000;0.000000;0.000000;0.000000;0.000000;22.929073
6215;308.000000;30.000000;-30.000000;-22.929073;0.000000;0.000000;0.000000;0.000000;0.000000;22.929073
6216;308.000000;30.000000;30.000000;22.929073;0.000000;0.000000;0.000000;0.000000;0.000000;22.929073
6217;308.000000;34.000000;-30.000000;-22.929073;0.000000;0.000000;0.000000;0.000000;0.000000;22.929073
6218;308.000000;34.000000;30.000000;22.929073;0.000000;0.000000;0.000000;0.000000;0.000000;22.929073
6219;308.000000;38.000000;-30.000000;-22.929073;0.000000;0.000000;0.000000;0.000000;0.000000;22.929073
6220;308.000000;38.000000;30.000000;22.929073;0.000000;0.000000;0.000000;0.000000;0.000000;22.929073
6221;308.000000;42.000000;-30.000000;-22.929073;0.000000;0.000000;0.000000;0.000000;0.000000;22.929073
6222;308.000000;42.000000;30.000000;22.929073;0.000000;0.000000;0.000000;0.000000;0.000000;22.929073
6223;308.000000;46.000000;-30.000000;-22.929073;0.000000;0.000000;0.000000;0.000000;0.000000;22.929073
6224;308.000000;46.000000;30.000000;22.929073;0.000000;0.000000;0.000000;0.000000;0.000000;22.929073
6225;308.000000;50.000000;-30.000000;-22.929073;0.000000;0.000000;0.000000;0.000000;0.000000;22.929073
6226;308.000000;50.000000;-26.000000;-19.871863;0.000000;0.000000;0.000000;0.000000;0.000000;19.871863
6227;308.000000;50.000000;-22.000000;-16.814653;0.000000;0.000000;0.000000;0.000000;0.000000;16.814653
6228;308.000000;50.000000;-18.000000;-13.757444;0.000000;0.000000;0.000000;0.000000;0.000000;13.757444
6229;308.000000;50.000000;-14.000000;-10.700234;0.000000;0.000000;0.000000;0.000000;0.000000;10.700234
6230;308.000000;50.000000;-10.000000;-7.643024;0.000000;0.000000;0.000000;0.000000;0.000000;7.643024
6231;308.000000;50.000000;-6.000000;-4.585815;0.000000;0.000000;0.000000;0.000000;0.000000;4.585815
6232;308.000000;50.000000;-2.000000;-1.528605;0.000000;0.000000;0.000000;0.000000;0.000000;1.528605
6233;308.000000;50.000000;2.000000;1.528605;0.000000;0.000000;0.000000;0.000000;0.000000;1.528605
6234;308.000000;50.000000;6.000000;4.585815;0.000000;0.000000;0.000000;0.000000;0.000000;4.585815
6235;308.000000;50.000000;10.000000;7.643024;0.000000;0.000000;0.000000;0.000000;0.000000;7.643024
6236;308.000000;50.000000;14.000000;10.700234;0.000000;0.000000;0.000000;0.000000;0.000000;10.700234
6237;308.000000;50.000000;18.000000;13.757444;0.000000;0.000000;0.000000;0.000000;0.000000;13.757444
6238;308.000000;50.000000;22.000000;16.814653;0.000000;0.000000;0.000000;0.000000;0.000000;16.814653
6239;308.000000;50.000000;26.000000;19.871863;0.000000;0.000000;0.000000;0.000000;0.000000;19.871863
6240;308.000000;50.000000;30.000000;22.929073;0.000000;0.000000;0.000000;0.000000;0.000000;22.929073
6241;312.000000;-50.000000;-30.000000;-21.932157;0.000000;0.000000;0.000000;0.000000;0.000000;21.932157
6242;312.000000;-50.000000;-26.000000;-19.007869;0.000000;0.000000;0.000000;0.000000;0.000000;19.007869
6243;312.000000;-50.000000;-22.000000;-16.083581;0.000000;0.000000;0.000000;0.000000;0.000000;16.083581
6244;312.000000;-50.000000;-18.000000;-13.159294;0.000000;0.000000;0.000000;0.000000;0.000000;13.159294
6245;312.000000;-50.000000;-14.000000;-10.235006;0.000000;0.000000;0.000000;0.000000;0.000000;10.235006
6246;312.000000;-50.000000;-10.000000;-7.310719;0.000000;0.000000;0.000000;0.000000;0.000000;7.310719
6247;312.000000;-50.000000;-6.000000;-4.386431;0.000000;0.000000;0.000000;0.000000;0.000000;4.386431
6248;312.000000;-50.000000;-2.000000;-1.462144;0.000000;0.000000;0.000000;0.000000;0.000000;1.462144
6249;312.000000;-50.000000;2.000000;1.462144;0.000000;0.000000;0.000000;0.000000;0.000000;1.462144
6250;312.000000;-50.000000;6.000000;4.386431;0.000000;0.000000;0.000000;0.000000;0.000000;4.386431
6251;312.000000;-50.000000;10.000000;7.310719;0.000000;0.000000;0.000000;0.000000;0.000000;7.310719
6252;312.000000;-50.000000;14.000000;10.235006;0.000000;0.000000;0.000000;0.000000;0.000000;10.235006
6253;312.000000;-50.000000;18.000000;13.159294;0.000000;0.000000;0.000000;0.000000;0.000000;13.159294
6254;312.000000;-50.000000;22.000000;16.083581;0.000000;0.000000;0.000000;0.000000;0.000000;16.083581
6255;312.000000;-50.000000;26.000000;19.007869;0.000000;0.000000;0.000000;0.000000;0.000000;19.007869
6256;312.000000;-50.000000;30.000000;21.932157;0.000000;0.000000;0.000000;0.000000;0.000000;21.932157
6257;312.000000;-46.000000;-30.000000;-21.932157;0.000000;0.000000;0.000000;0.000000;0.000000;21.932157
6258;312.000000;-46.000000;30.000000;21.932157;0.000000;0.000000;0.000000;0.000000;0.000000;21.932157
6259;312.000000;-42.000000;-30.000000;-21.932157;0.000000;0.000000;0.000000;0.000000;0.000000;21.932157
6260;312.000000;-42.000000;30.000000;21.932157;0.000000;0.000000;0.000000;0.000000;0.000000;21.932157
6261;312.000000;-38.000000;-30.000000;-21.932157;0.000000;0.000000;0.000000;0.000000;0.000000;21.932157
6262;312.000000;-38.000000;30.000000;21.932157;0.000000;0.000000;0.000000;0.000000;0.000000;21.932157
6263;312.000000;-34.000000;-30.000000;-21.932157;0.000000;0.000000;0.000000;0.000000;0.000000;21.932157
6264;312.000000;-34.000000;30.000000;21.932157;0.000000;0.000000;0.000000;0.000000;0.000000;21.932157
6265;312.000000;-30.000000;-30.000000;-21.932157;0.000000;0.000000;0.000000;0.000000;0.000000;21.932157
6266;312.000000;-30.000000;30.000000;21.932157;0.000000;0.000000;0.000000;0.000000;0.000000;21.932157
6267;312.000000;-26.000000;-30.000000;-21.932157;0.000000;0.000000;0.000000;0.000000;0.000000;21.932157
6268;312.000000;-26.000000;30.000000;21.932157;0.000000;0.000000;0.000000;0.000000;0.000000;21.932157
6269;312.000000;-22.000000;-30.000000;-21.932157;0.000000;0.000000;0.000000;0.000000;0.000000;21.932157
6270;312.000000;-22.000000;30.000000;21.932157;0.000000;0.000000;0.000000;0.000000;0.000000;21.932157
6271;312.000000;-18.000000;-30.000000;-21.932157;0.000000;0.000000;0.000000;0.000000;0.000000;21.932157
6272;312.000000;-18.000000;30.000000;21.932157;0.000000;0.000000;0.000000;0.000000;0.000000;21.932157
6273;312.000000;-14.000000;-30.000000;-21.932157;0.000000;0.000000;0.000000;0.000000;0.000000;21.932157
6274;312.000000;-14.000000;30.000000;21.932157;0.000000;0.000000;0.000000;0.000000;0.000000;21.932157
6275;312.000000;-10.000000;-30.000000;-21.932157;0.000000;0.000000;0.000000;0.000000;0.000000;21.932157
6276;312.000000;-10.000000;30.000000;21.932157;0.000000;0.000000;0.000000;0.000000;0.000000;21.932157
6277;312.000000;-6.000000;-30.000000;-21.932157;0.000000;0.000000;0.000000;0.000000;0.000000;21.932157
6278;312.000000;-6.000000;30.000000;21.932157;0.000000;0.000000;0.000000;0.000000;0.000000;21.932157
6279;312.000000;-2.000000;-30.000000;-21.932157;0.000000;0.000000;0.000000;0.000000;0.000000;21.932157
6280;312.000000;-2.000000;30.000000;21.932157;0.000000;0.000000;0.000000;0.000000;0.000000;21.932157
6281;312.000000;2.000000;-30.000000;-21.932157;0.000000;0.000000;0.000000;0.000000;0.000000;21.932157
6282;312.000000;2.000000;30.000000;21.932157;0.000000;0.000000;0.000000;0.000000;0.000000;21.932157
6283;312.000000;6.000000;-30.000000;-21.932157;0.000000;0.000000;0.000000;0.000000;0.000000;21.932157
6284;312.000000;6.000000;30.000000;21.932157;0.000000;0.000000;0.000000;0.000000;0.000000;21.932157
6285;312.000000;10.000000;-30.000000;-21.932157;0.000000;0.000000;0.000000;0.000000;0.000000;21.932157
6286;312.000000;10.000000;30.000000;21.932157;0.000000;0.000000;0.000000;0.000000;0.000000;21.932157
6287;312.000000;14.000000;-30.000000;-21.932157;0.000000;0.000000;0.000000;0.000000;0.000000;21.932157
6288;312.000000;14.000000;30.000000;21.932157;0.000000;0.000000;0.000000;0.000000;0.000000;21.932157
6289;312.000000;18.000000;-30.000000;-21.932157;0.000000;0.000000;0.000000;0.000000;0.000000;21.932157
6290;312.000000;18.000000;30.000000;21.932157;0.000000;0.000000;0.000000;0.000000;0.000000;21.932157
6291;312.000000;22.000000;-30.000000;-21.932157;0.000000;0.000000;0.000000;0.000000;0.000000;21.932157
6292;312.000000;22.000000;30.000000;21.932157;0.000000;0.000000;0.000000;0.000000;0.000000;21.932157
6293;312.000000;26.000000;-30.000000;-21.932157;0.000000;0.000000;0.000000;0.000000;0.000000;21.932157
6294;312.000000;26.000000;30.000000;21.932157;0.000000;0.000000;0.000000;0.000000;0.000000;21.932157
6295;312.000000;30.000000;-30.000000;-21.932157;0.000000;0.000000;0.000000;0.000000;0.000000;21.932157
6296;312.000000;30.000000;30.000000;21.932157;0.000000;0.000000;0.000000;0.000000;0.000000;21.932157
6297;312.000000;34.000000;-30.000000;-21.932157;0.000000;0.000000;0.000000;0.000000;0.000000;21.932157
6298;312.000000;34.000000;30.000000;21.932157;0.000000;0.000000;0.000000;0.000000;0.000000;21.932157
6299;312.000000;38.000000;-30.000000;-21.932157;0.000000;0.000000;0.000000;0.000000;0.000000;21.932157
6300;312.000000;38.000000;30.000000;21.932157;0.000000;0.000000;0.000000;0.000000;0.000000;21.932157
6301;312.000000;42.000000;-30.000000;-21.932157;0.000000;0.000000;0.000000;0.000000;0.000000;21.932157
6302;312.000000;42.000000;30.000000;21.932157;0.000000;0.000000;0.000000;0.000000;0.000000;21.932157
6303;312.000000;46.000000;-30.000000;-21.932157;0.000000;0.000000;0.000000;0.000000;0.000000;21.932157
6304;312.000000;46.000000;30.000000;21.932157;0.000000;0.000000;0.000000;0.000000;0.000000;21.932157
6305;312.000000;50.000000;-30.000000;-21.932157;0.000000;0.000000;0.000000;0.000000;0.000000;21.932157
6306;312.000000;50.000000;-26.000000;-19.007869;0.000000;0.000000;0.000000;0.000000;0.000000;19.007869
6307;312.000000;50.000000;-22.000000;-16.083581;0.000000;0.000000;0.000000;0.000000;0.000000;16.083581
6308;312.000000;50.000000;-18.000000;-13.159294;0.000000;0.000000;0.000000;0.000000;0.000000;13.159294
6309;312.000000;50.000000;-14.000000;-10.235006;0.000000;0.000000;0.000000;0.000000;0.000000;10.235006
6310;312.000000;50.000000;-10.000000;-7.310719;0.000000;0.000000;0.000000;0.000000;0.000000;7.310719
6311;312.000000;50.000000;-6.000000;-4.386431;0.000000;0.000000;0.000000;0.000000;0.000000;4.386431
6312;312.000000;50.000000;-2.000000;-1.462144;0.000000;0.000000;0.000000;0.000000;0.000000;1.462144
6313;312.000000;50.000000;2.000000;1.462144;0.000000;0.000000;0.000000;0.000000;0.000000;1.462144
6314;312.000000;50.000000;6.000000;4.386431;0.000000;0.000000;0.000000;0.000000;0.000000;4.386431
6315;312.000000;50.000000;10.000000;7.310719;0.000000;0.000000;0.000000;0.000000;0.000000;7.310719
6316;312.000000;50.000000;14.000000;10.235006;0.000000;0.000000;0.000000;0.000000;0.000000;10.235006
6317;312.000000;50.000000;18.000000;13.159294;0.000000;0.000000;0.000000;0.000000;0.000000;13.159294
6318;312.000000;50.000000;22.000000;16.083581;0.000000;0.000000;0.000000;0.000000;0.000000;16.083581
6319;312.000000;50.000000;26.000000;19.007869;0.000000;0.000000;0.000000;0.000000;0.000000;19.007869
6320;312.000000;50.000000;30.000000;21.932157;0.000000;0.000000;0.000000;0.000000;0.000000;21.932157
6321;316.000000;-50.000000;-30.000000;-20.935240;0.000000;0.000000;0.000000;0.000000;0.000000;20.935240
6322;316.000000;-50.000000;-26.000000;-18.143875;0.000000;0.000000;0.000000;0.000000;0.000000;18.143875
6323;316.000000;-50.000000;-22.000000;-15.352510;0.000000;0.000000;0.000000;0.000000;0.000000;15.352510
6324;316.000000;-50.000000;-18.000000;-12.561144;0.000000;0.000000;0.000000;0.000000;0.000000;12.561144
6325;316.000000;-50.000000;-14.000000;-9.769779;0.000000;0.000000;0.000000;0.000000;0.000000;9.769779
6326;316.000000;-50.000000;-10.000000;-6.978413;0.000000;0.000000;0.000000;0.000000;0.000000;6.978413
6327;316.000000;-50.000000;-6.000000;-4.187048;0.000000;0.000000;0.000000;0.000000;0.000000;4.187048
6328;316.000000;-50.000000;-2.000000;-1.395683;0.000000;0.000000;0.000000;0.000000;0.000000;1.395683
6329;316.000000;-50.000000;2.000000;1.395683;0.000000;0.000000;0.000000;0.000000;0.000000;1.395683
6330;316.000000;-50.000000;6.000000;4.187048;0.000000;0.000000;0.000000;0.000000;0.000000;4.187048
6331;316.000000;-50.000000;10.000000;6.978413;0.000000;0.000000;0.000000;0.000000;0.000000;6.978413
6332;316.000000;-50.000000;14.000000;9.769779;0.000000;0.000000;0.000000;0.000000;0.000000;9.769779
6333;316.000000;-50.000000;18.000000;12.561144;0.000000;0.000000;0.000000;0.000000;0.000000;12.561144
6334;316.000000;-50.000000;22.000000;15.352510;0.000000;0.000000;0.000000;0.000000;0.000000;15.352510
6335;316.000000;-50.000000;26.000000;18.143875;0.000000;0.000000;0.000000;0.000000;0.000000;18.143875
6336;316.000000;-50.000000;30.000000;20.935240;0.000000;0.000000;0.000000;0.000000;0.000000;20.935240
6337;316.000000;-46.000000;-30.000000;-20.935240;0.000000;0.000000;0.000000;0.000000;0.000000;20.935240
6338;316.000000;-46.000000;30.000000;20.935240;0.000000;0.000000;0.000000;0.000000;0.000000;20.935240
6339;316.000000;-42.000000;-30.000000;-20.935240;0.000000;0.000000;0.000000;0.000000;0.000000;20.935240
6340;316.000000;-42.000000;30.000000;20.935240;0.000000;0.000000;0.000000;0.000000;0.000000;20.935240
6341;316.000000;-38.000000;-30.000000;-20.935240;0.000000;0.000000;0.000000;0.000000;0.000000;20.935240
6342;316.000000;-38.000000;30.000000;20.935240;0.000000;0.000000;0.000000;0.000000;0.000000;20.935240
6343;316.000000;-34.000000;-30.000000;-20.935240;0.000000;0.000000;0.000000;0.000000;0.000000;20.935240
6344;316.000000;-34.000000;30.000000;20.935240;0.000000;0.000000;0.000000;0.000000;0.000000;20.935240
6345;316.000000;-30.000000;-30.000000;-20.935240;0.000000;0.000000;0.000000;0.000000;0.000000;20.935240
6346;316.000000;-30.000000;30.000000;20.935240;0.000000;0.000000;0.000000;0.000000;0.000000;20.935240
6347;316.000000;-26.000000;-30.000000;-20.935240;0.000000;0.000000;0.000000;0.000000;0.000000;20.935240
6348;316.000000;-26.000000;30.000000;20.935240;0.000000;0.000000;0.000000;0.000000;0.000000;20.935240
6349;316.000000;-22.000000;-30.000000;-20.935240;0.000000;0.000000;0.000000;0.000000;0.000000;20.935240
6350;316.000000;-22.000000;30.000000;20.935240;0.000000;0.000000;0.000000;0.000000;0.000000;20.935240
6351;316.000000;-18.000000;-30.000000;-20.935240;0.000000;0.000000;0.000000;0.000000;0.000000;20.935240
6352;316.000000;-18.000000;30.000000;20.935240;0.000000;0.000000;0.000000;0.000000;0.000000;20.935240
6353;316.000000;-14.000000;-30.000000;-20.935240;0.000000;0.000000;0.000000;0.000000;0.000000;20.935240
6354;316.000000;-14.000000;30.000000;20.935240;0.000000;0.000000;0.000000;0.000000;0.000000;20.935240
6355;316.000000;-10.000000;-30.000000;-20.935240;0.000000;0.000000;0.000000;0.000000;0.000000;20.935240
6356;316.000000;-10.000000;30.000000;20.935240;0.000000;0.000000;0.000000;0.000000;0.000000;20.935240
6357;316.000000;-6.000000;-30.000000;-20.935240;0.000000;0.000000;0.000000;0.000000;0.000000;20.935240
6358;316.000000;-6.000000;30.000000;20.935240;0.000000;0.000000;0.000000;0.000000;0.000000;20.935240
6359;316.000000;-2.000000;-30.000000;-20.935240;0.000000;0.000000;0.000000;0.000000;0.000000;20.935240
6360;316.000000;-2.000000;30.000000;20.935240;0.000000;0.000000;0.000000;0.000000;0.000000;20.935240
6361;316.000000;2.000000;-30.000000;-20.935240;0.000000;0.000000;0.000000;0.000000;0.000000;20.935240
6362;316.000000;2.000000;30.000000;20.935240;0.000000;0.000000;0.000000;0.000000;0.000000;20.935240
6363;316.000000;6.000000;-30.000000;-20.935240;0.000000;0.000000;0.000000;0.000000;0.000000;20.935240
6364;316.000000;6.000000;30.000000;20.935240;0.000000;0.000000;0.000000;0.000000;0.000000;20.935240
6365;316.000000;10.000000;-30.000000;-20.935240;0.000000;0.000000;0.000000;0.000000;0.000000;20.935240
6366;316.000000;10.000000;30.000000;20.935240;0.000000;0.000000;0.000000;0.000000;0.000000;20.935240
6367;316.000000;14.000000;-30.000000;-20.935240;0.000000;0.000000;0.000000;0.000000;0.000000;20.935240
6368;316.000000;14.000000;30.000000;20.935240;0.000000;0.000000;0.000000;0.000000;0.000000;20.935240
6369;316.000000;18.000000;-30.000000;-20.935240;0.000000;0.000000;0.000000;0.000000;0.000000;20.935240
6370;316.000000;18.000000;30.000000;20.935240;0.000000;0.000000;0.000000;0.000000;0.000000;20.935240
6371;316.000000;22.000000;-30.000000;-20.935240;0.000000;0.000000;0.000000;0.000000;0.000000;20.935240
6372;316.000000;22.000000;30.000000;20.935240;0.000000;0.000000;0.000000;0.000000;0.000000;20.935240
6373;316.000000;26.000000;-30.000000;-20.935240;0.000000;0.000000;0.000000;0.000000;0.000000;20.935240
6374;316.000000;26.000000;30.000000;20.935240;0.000000;0.000000;0.000000;0.000000;0.000000;20.935240
6375;316.000000;30.000000;-30.000000;-20.935240;0.000000;0.000000;0.000000;0.000000;0.000000;20.935240
6376;316.000000;30.000000;30.000000;20.935240;0.000000;0.000000;0.000000;0.000000;0.000000;20.935240
6377;316.000000;34.000000;-30.000000;-20.935240;0.000000;0.000000;0.000000;0.000000;0.000000;20.935240
6378;316.000000;34.000000;30.000000;20.935240;0.000000;0.000000;0.000000;0.000000;0.000000;20.935240
6379;316.000000;38.000000;-30.000000;-20.935240;0.000000;0.000000;0.000000;0.000000;0.000000;20.935240
6380;316.000000;38.000000;30.000000;20.935240;0.000000;0.000000;0.000000;0.000000;0.000000;20.935240
6381;316.000000;42.000000;-30.000000;-20.935240;0.000000;0.000000;0.000000;0.000000;0.000000;20.935240
6382;316.000000;42.000000;30.000000;20.935240;0.000000;0.000000;0.000000;0.000000;0.000000;20.935240
6383;316.000000;46.000000;-30.000000;-20.935240;0.000000;0.000000;0.000000;0.000000;0.000000;20.935240
6384;316.000000;46.000000;30.000000;20.935240;0.000000;0.000000;0.000000;0.000000;0.000000;20.935240
6385;316.000000;50.000000;-30.000000;-20.935240;0.000000;0.000000;0.000000;0.000000;0.000000;20.935240
6386;316.000000;50.000000;-26.000000;-18.143875;0.000000;0.000000;0.000000;0.000000;0.000000;18.143875
6387;316.000000;50.000000;-22.000000;-15.352510;0.000000;0.000000;0.000000;0.000000;0.000000;15.352510
6388;316.000000;50.000000;-18.000000;-12.561144;0.000000;0.000000;0.000000;0.000000;0.000000;12.561144
6389;316.000000;50.000000;-14.000000;-9.769779;0.000000;0.000000;0.000000;0.000000;0.000000;9.769779
6390;316.000000;50.000000;-10.000000;-6.978413;0.000000;0.000000;0.000000;0.000000;0.000000;6.978413
6391;316.000000;50.000000;-6.000000;-4.187048;0.000000;0.000000;0.000000;0.000000;0.000000;4.187048
6392;316.000000;50.000000;-2.000000;-1.395683;0.000000;0.000000;0.000000;0.000000;0.000000;1.395683
6393;316.000000;50.000000;2.000000;1.395683;0.000000;0.000000;0.000000;0.000000;0.000000;1.395683
6394;316.000000;50.000000;6.000000;4.187048;0.000000;0.000000;0.000000;0.000000;0.000000;4.187048
6395;316.000000;50.000000;10.000000;6.978413;0.000000;0.000000;0.000000;0.000000;0.000000;6.978413
6396;316.000000;50.000000;14.000000;9.769779;0.000000;0.000000;0.000000;0.000000;0.000000;9.769779
6397;316.000000;50.000000;18.000000;12.561144;0.000000;0.000000;0.000000;0.000000;0.000000;12.561144
6398;316.000000;50.000000;22.000000;15.352510;0.000000;0.000000;0.000000;0.000000;0.000000;15.352510
6399;316.000000;50.000000;26.000000;18.143875;0.000000;0.000000;0.000000;0.000000;0.000000;18.143875
6400;316.000000;50.000000;30.000000;20.935240;0.000000;0.000000;0.000000;0.000000;0.000000;20.935240
6401;320.000000;-50.000000;-30.000000;-19.938324;0.000000;0.000000;0.000000;0.000000;0.000000;19.938324
6402;320.000000;-50.000000;-26.000000;-17.279881;0.000000;0.000000;0.000000;0.000000;0.000000;17.279881
6403;320.000000;-50.000000;-22.000000;-14.621438;0.000000;0.000000;0.000000;0.000000;0.000000;14.621438
6404;320.000000;-50.000000;-18.000000;-11.962994;0.000000;0.000000;0.000000;0.000000;0.000000;11.962994
6405;320.000000;-50.000000;-14.000000;-9.304551;0.000000;0.000000;0.000000;0.000000;0.000000;9.304551
6406;320.000000;-50.000000;-10.000000;-6.646108;0.000000;0.000000;0.000000;0.000000;0.000000;6.646108
6407;320.000000;-50.000000;-6.000000;-3.987665;0.000000;0.000000;0.000000;0.000000;0.000000;3.987665
6408;320.000000;-50.000000;-2.000000;-1.329222;0.000000;0.000000;0.000000;0.000000;0.000000;1.329222
6409;320.000000;-50.000000;2.000000;1.329222;0.000000;0.000000;0.000000;0.000000;0.000000;1.329222
6410;320.000000;-50.000000;6.000000;3.987665;0.000000;0.000000;0.000000;0.000000;0.000000;3.987665
6411;320.000000;-50.000000;10.000000;6.646108;0.000000;0.000000;0.000000;0.000000;0.000000;6.646108
6412;320.000000;-50.000000;14.000000;9.304551;0.000000;0.000000;0.000000;0.000000;0.000000;9.304551
6413;320.000000;-50.000000;18.000000;11.962994;0.000000;0.000000;0.000000;0.000000;0.000000;11.962994
6414;320.000000;-50.000000;22.000000;14.621438;0.000000;0.000000;0.000000;0.000000;0.000000;14.621438
6415;320.000000;-50.000000;26.000000;17.279881;0.000000;0.000000;0.000000;0.000000;0.000000;17.279881
6416;320.000000;-50.000000;30.000000;19.938324;0.000000;0.000000;0.000000;0.000000;0.000000;19.938324
6417;320.000000;-46.000000;-30.000000;-19.938324;0.000000;0.000000;0.000000;0.000000;0.000000;19.938324
6418;320.000000;-46.000000;30.000000;19.938324;0.000000;0.000000;0.000000;0.000000;0.000000;19.938324
6419;320.000000;-42.000000;-30.000000;-19.938324;0.000000;0.000000;0.000000;0.000000;0.000000;19.938324
6420;320.000000;-42.000000;30.000000;19.938324;0.000000;0.000000;0.000000;0.000000;0.000000;19.938324
6421;320.000000;-38.000000;-30.000000;-19.938324;0.000000;0.000000;0.000000;0.000000;0.000000;19.938324
6422;320.000000;-38.000000;30.000000;19.938324;0.000000;0.000000;0.000000;0.000000;0.000000;19.938324
6423;320.000000;-34.000000;-30.000000;-19.938324;0.000000;0.000000;0.000000;0.000000;0.000000;19.938324
6424;320.000000;-34.000000;30.000000;19.938324;0.000000;0.000000;0.000000;0.000000;0.000000;19.938324
6425;320.000000;-30.000000;-30.000000;-19.938324;0.000000;0.000000;0.000000;0.000000;0.000000;19.938324
6426;320.000000;-30.000000;30.000000;19.938324;0.000000;0.000000;0.000000;0.000000;0.000000;19.938324
6427;320.000000;-26.000000;-30.000000;-19.938324;0.000000;0.000000;0.000000;0.000000;0.000000;19.938324
6428;320.000000;-26.000000;30.000000;19.938324;0.000000;0.000000;0.000000;0.000000;0.000000;19.938324
6429;320.000000;-22.000000;-30.000000;-19.938324;0.000000;0.000000;0.000000;0.000000;0.000000;19.938324
6430;320.000000;-22.000000;30.000000;19.938324;0.000000;0.000000;0.000000;0.000000;0.000000;19.938324
6431;320.000000;-18.000000;-30.000000;-19.938324;0.000000;0.000000;0.000000;0.000000;0.000000;19.938324
6432;320.000000;-18.000000;30.000000;19.938324;0.000000;0.000000;0.000000;0.000000;0.000000;19.938324
6433;320.000000;-14.000000;-30.000000;-19.938324;0.000000;0.000000;0.000000;0.000000;0.000000;19.938324
6434;320.000000;-14.000000;30.000000;19.938324;0.000000;0.000000;0.000000;0.000000;0.000000;19.938324
6435;320.000000;-10.000000;-30.000000;-19.938324;0.000000;0.000000;0.000000;0.000000;0.000000;19.938324
6436;320.000000;-10.000000;30.000000;19.938324;0.000000;0.000000;0.000000;0.000000;0.000000;19.938324
6437;320.000000;-6.000000;-30.000000;-19.938324;0.000000;0.000000;0.000000;0.000000;0.000000;19.938324
6438;320.000000;-6.000000;30.000000;19.938324;0.000000;0.000000;0.000000;0.000000;0.000000;19.938324
6439;320.000000;-2.000000;-30.000000;-19.938324;0.000000;0.000000;0.000000;0.000000;0.000000;19.938324
6440;320.000000;-2.000000;30.000000;19.938324;0.000000;0.000000;0.000000;0.000000;0.000000;19.938324
6441;320.000000;2.000000;-30.000000;-19.938324;0.000000;0.000000;0.000000;0.000000;0.000000;19.938324
6442;320.000000;2.000000;30.000000;19.938324;0.000000;0.000000;0.000000;0.000000;0.000000;19.938324
6443;320.000000;6.000000;-30.000000;-19.938324;0.000000;0.000000;0.000000;0.000000;0.000000;19.938324
6444;320.000000;6.000000;30.000000;19.938324;0.000000;0.000000;0.000000;0.000000;0.000000;19.938324
6445;320.000000;10.000000;-30.000000;-19.938324;0.000000;0.000000;0.000000;0.000000;0.000000;19.938324
6446;320.000000;10.000000;30.000000;19.938324;0.000000;0.000000;0.000000;0.000000;0.000000;19.938324
6447;320.000000;14.000000;-30.000000;-19.938324;0.000000;0.000000;0.000000;0.000000;0.000000;19.938324
6448;320.000000;14.000000;30.000000;19.938324;0.000000;0.000000;0.000000;0.000000;0.000000;19.938324
6449;320.000000;18.000000;-30.000000;-19.938324;0.000000;0.000000;0.000000;0.000000;0.000000;19.938324
6450;320.000000;18.000000;30.000000;19.938324;0.000000;0.000000;0.000000;0.000000;0.000000;19.938324
6451;320.000000;22.000000;-30.000000;-19.938324;0.000000;0.000000;0.000000;0.000000;0.000000;19.938324
6452;320.000000;22.000000;30.000000;19.938324;0.000000;0.000000;0.000000;0.000000;0.000000;19.938324
6453;320.000000;26.000000;-30.000000;-19.938324;0.000000;0.000000;0.000000;0.000000;0.000000;19.938324
6454;320.000000;26.000000;30.000000;19.938324;0.000000;0.000000;0.000000;0.000000;0.000000;19.938324
6455;320.000000;30.000000;-30.000000;-19.938324;0.000000;0.000000;0.000000;0.000000;0.000000;19.938324
6456;320.000000;30.000000;30.000000;19.938324;0.000000;0.000000;0.000000;0.000000;0.000000;19.938324
6457;320.000000;34.000000;-30.000000;-19.938324;0.000000;0.000000;0.000000;0.000000;0.000000;19.938324
6458;320.000000;34.000000;30.000000;19.938324;0.000000;0.000000;0.000000;0.000000;0.000000;19.938324
6459;320.000000;38.000000;-30.000000;-19.938324;0.000000;0.000000;0.000000;0.000000;0.000000;19.938324
6460;320.000000;38.000000;30.000000;19.938324;0.000000;0.000000;0.000000;0.000000;0.000000;19.938324
6461;320.000000;42.000000;-30.000000;-19.938324;0.000000;0.000000;0.000000;0.000000;0.000000;19.938324
6462;320.000000;42.000000;30.000000;19.938324;0.000000;0.000000;0.000000;0.000000;0.000000;19.938324
6463;320.000000;46.000000;-30.000000;-19.938324;0.000000;0.000000;0.000000;0.000000;0.000000;19.938324
6464;320.000000;46.000000;30.000000;19.938324;0.000000;0.000000;0.000000;0.000000;0.000000;19.938324
6465;320.000000;50.000000;-30.000000;-19.938324;0.000000;0.000000;0.000000;0.000000;0.000000;19.938324
6466;320.000000;50.000000;-26.000000;-17.279881;0.000000;0.000000;0.000000;0.000000;0.000000;17.279881
6467;320.000000;50.000000;-22.000000;-14.621438;0.000000;0.000000;0.000000;0.000000;0.000000;14.621438
6468;320.000000;50.000000;-18.000000;-11.962994;0.000000;0.000000;0.000000;0.000000;0.000000;11.962994
6469;320.000000;50.000000;-14.000000;-9.304551;0.000000;0.000000;0.000000;0.000000;0.000000;9.304551
6470;320.000000;50.000000;-10.000000;-6.646108;0.000000;0.000000;0.000000;0.000000;0.000000;6.646108
6471;320.000000;50.000000;-6.000000;-3.987665;0.000000;0.000000;0.000000;0.000000;0.000000;3.987665
6472;320.000000;50.000000;-2.000000;-1.329222;0.000000;0.000000;0.000000;0.000000;0.000000;1.329222
6473;320.000000;50.000000;2.000000;1.329222;0.000000;0.000000;0.000000;0.000000;0.000000;1.329222
6474;320.000000;50.000000;6.000000;3.987665;0.000000;0.000000;0.000000;0.000000;0.000000;3.987665
6475;320.000000;50.000000;10.000000;6.646108;0.000000;0.000000;0.000000;0.000000;0.000000;6.646108
6476;320.000000;50.000000;14.000000;9.304551;0.000000;0.000000;0.000000;0.000000;0.000000;9.304551
6477;320.000000;50.000000;18.000000;11.962994;0.000000;0.000000;0.000000;0.000000;0.000000;11.962994
6478;320.000000;50.000000;22.000000;14.621438;0.000000;0.000000;0.000000;0.000000;0.000000;14.621438
6479;320.000000;50.000000;26.000000;17.279881;0.000000;0.000000;0.000000;0.000000;0.000000;17.279881
6480;320.000000;50.000000;30.000000;19.938324;0.000000;0.000000;0.000000;0.000000;0.000000;19.938324
6481;324.000000;-50.000000;-30.000000;-18.941408;0.000000;0.000000;0.000000;0.000000;0.000000;18.941408
6482;324.000000;-50.000000;-26.000000;-16.415887;0.000000;0.000000;0.000000;0.000000;0.000000;16.415887
6483;324.000000;-50.000000;-22.000000;-13.890366;0.000000;0.000000;0.000000;0.000000;0.000000;13.890366
6484;324.000000;-50.000000;-18.000000;-11.364845;0.000000;0.000000;0.000000;0.000000;0.000000;11.364845
6485;324.000000;-50.000000;-14.000000;-8.839324;0.000000;0.000000;0.000000;0.000000;0.000000;8.839324
6486;324.000000;-50.000000;-10.000000;-6.313803;0.000000;0.000000;0.000000;0.000000;0.000000;6.313803
6487;324.000000;-50.000000;-6.000000;-3.788282;0.000000;0.000000;0.000000;0.000000;0.000000;3.788282
6488;324.000000;-50.000000;-2.000000;-1.262761;0.000000;0.000000;0.000000;0.000000;0.000000;1.262761
6489;324.000000;-50.000000;2.000000;1.262761;0.000000;0.000000;0.000000;0.000000;0.000000;1.262761
6490;324.000000;-50.000000;6.000000;3.788282;0.000000;0.000000;0.000000;0.000000;0.000000;3.788282
6491;324.000000;-50.000000;10.000000;6.313803;0.000000;0.000000;0.000000;0.000000;0.000000;6.313803
6492;324.000000;-50.000000;14.000000;8.839324;0.000000;0.000000;0.000000;0.000000;0.000000;8.839324
6493;324.000000;-50.000000;18.000000;11.364845;0.000000;0.000000;0.000000;0.000000;0.000000;11.364845
6494;324.000000;-50.000000;22.000000;13.890366;0.000000;0.000000;0.000000;0.000000;0.000000;13.890366
6495;324.000000;-50.000000;26.000000;16.415887;0.000000;0.000000;0.000000;0.000000;0.000000;16.415887
6496;324.000000;-50.000000;30.000000;18.941408;0.000000;0.000000;0.000000;0.000000;0.000000;18.941408
6497;324.000000;-46.000000;-30.000000;-18.941408;0.000000;0.000000;0.000000;0.000000;0.000000;18.941408
6498;324.000000;-46.000000;30.000000;18.941408;0.000000;0.000000;0.000000;0.000000;0.000000;18.941408
6499;324.000000;-42.000000;-30.000000;-18.941408;0.000000;0.000000;0.000000;0.000000;0.000000;18.941408
6500;324.000000;-42.000000;30.000000;18.941408;0.000000;0.000000;0.000000;0.000000;0.000000;18.941408
6501;324.000000;-38.000000;-30.000000;-18.941408;0.000000;0.000000;0.000000;0.000000;0.000000;18.941408
6502;324.000000;-38.000000;30.000000;18.941408;0.000000;0.000000;0.000000;0.000000;0.000000;18.941408
6503;324.000000;-34.000000;-30.000000;-18.941408;0.000000;0.000000;0.000000;0.000000;0.000000;18.941408
6504;324.000000;-34.000000;30.000000;18.941408;0.000000;0.000000;0.000000;0.000000;0.000000;18.941408
6505;324.000000;-30.000000;-30.000000;-18.941408;0.000000;0.000000;0.000000;0.000000;0.000000;18.941408
6506;324.000000;-30.000000;30.000000;18.941408;0.000000;0.000000;0.000000;0.000000;0.000000;18.941408
6507;324.000000;-26.000000;-30.000000;-18.941408;0.000000;0.000000;0.000000;0.000000;0.000000;18.941408
6508;324.000000;-26.000000;30.000000;18.941408;0.000000;0.000000;0.000000;0.000000;0.000000;18.941408
6509;324.000000;-22.000000;-30.000000;-18.941408;0.000000;0.000000;0.000000;0.000000;0.000000;18.941408
6510;324.000000;-22.000000;30.000000;18.941408;0.000000;0.000000;0.000000;0.000000;0.000000;18.941408
6511;324.000000;-18.000000;-30.000000;-18.941408;0.000000;0.000000;0.000000;0.000000;0.000000;18.941408
6512;324.000000;-18.000000;30.000000;18.941408;0.000000;0.000000;0.000000;0.000000;0.000000;18.941408
6513;324.000000;-14.000000;-30.000000;-18.941408;0.000000;0.000000;0.000000;0.000000;0.000000;18.941408
6514;324.000000;-14.000000;30.000000;18.941408;0.000000;0.000000;0.000000;0.000000;0.000000;18.941408
6515;324.000000;-10.000000;-30.000000;-18.941408;0.000000;0.000000;0.000000;0.000000;0.000000;18.941408
6516;324.000000;-10.000000;30.000000;18.941408;0.000000;0.000000;0.000000;0.000000;0.000000;18.941408
6517;324.000000;-6.000000;-30.000000;-18.941408;0.000000;0.000000;0.000000;0.000000;0.000000;18.941408
6518;324.000000;-6.000000;30.000000;18.941408;0.000000;0.000000;0.000000;0.000000;0.000000;18.941408
6519;324.000000;-2.000000;-30.000000;-18.941408;0.000000;0.000000;0.000000;0.000000;0.000000;18.941408
6520;324.000000;-2.000000;30.000000;18.941408;0.000000;0.000000;0.000000;0.000000;0.000000;18.941408
6521;324.000000;2.000000;-30.000000;-18.941408;0.000000;0.000000;0.000000;0.000000;0.000000;18.941408
6522;324.000000;2.000000;30.000000;18.941408;0.000000;0.000000;0.000000;0.000000;0.000000;18.941408
6523;324.000000;6.000000;-30.000000;-18.941408;0.000000;0.000000;0.000000;0.000000;0.000000;18.941408
6524;324.000000;6.000000;30.000000;18.941408;0.000000;0.000000;0.000000;0.000000;0.000000;18.941408
6525;324.000000;10.000000;-30.000000;-18.941408;0.000000;0.000000;0.000000;0.000000;0.000000;18.941408
6526;324.000000;10.000000;30.000000;18.941408;0.000000;0.000000;0.000000;0.000000;0.000000;18.941408
6527;324.000000;14.000000;-30.000000;-18.941408;0.000000;0.000000;0.000000;0.000000;0.000000;18.941408
6528;324.000000;14.000000;30.000000;18.941408;0.000000;0.000000;0.000000;0.000000;0.000000;18.941408
6529;324.000000;18.000000;-30.000000;-18.941408;0.000000;0.000000;0.000000;0.000000;0.000000;18.941408
6530;324.000000;18.000000;30.000000;18.941408;0.000000;0.000000;0.000000;0.000000;0.000000;18.941408
6531;324.000000;22.000000;-30.000000;-18.941408;0.000000;0.000000;0.000000;0.000000;0.000000;18.941408
6532;324.000000;22.000000;30.000000;18.941408;0.000000;0.000000;0.000000;0.000000;0.000000;18.941408
6533;324.000000;26.000000;-30.000000;-18.941408;0.000000;0.000000;0.000000;0.000000;0.000000;18.941408
6534;324.000000;26.000000;30.000000;18.941408;0.000000;0.000000;0.000000;0.000000;0.000000;18.941408
6535;324.000000;30.000000;-30.000000;-18.941408;0.000000;0.000000;0.000000;0.000000;0.000000;18.941408
6536;324.000000;30.000000;30.000000;18.941408;0.000000;0.000000;0.000000;0.000000;0.000000;18.941408
6537;324.000000;34.000000;-30.000000;-18.941408;0.000000;0.000000;0.000000;0.000000;0.000000;18.941408
6538;324.000000;34.000000;30.000000;18.941408;0.000000;0.000000;0.000000;0.000000;0.000000;18.941408
6539;324.000000;38.000000;-30.000000;-18.941408;0.000000;0.000000;0.000000;0.000000;0.000000;18.941408
6540;324.000000;38.000000;30.000000;18.941408;0.000000;0.000000;0.000000;0.000000;0.000000;18.941408
6541;324.000000;42.000000;-30.000000;-18.941408;0.000000;0.000000;0.000000;0.000000;0.000000;18.941408
6542;324.000000;42.000000;30.000000;18.941408;0.000000;0.000000;0.000000;0.000000;0.000000;18.941408
6543;324.000000;46.000000;-30.000000;-18.941408;0.000000;0.000000;0.000000;0.000000;0.000000;18.941408
6544;324.000000;46.000000;30.000000;18.941408;0.000000;0.000000;0.000000;0.000000;0.000000;18.941408
6545;324.000000;50.000000;-30.000000;-18.941408;0.000000;0.000000;0.000000;0.000000;0.000000;18.941408
6546;324.000000;50.000000;-26.000000;-16.415887;0.000000;0.000000;0.000000;0.000000;0.000000;16.415887
6547;324.000000;50.000000;-22.000000;-13.890366;0.000000;0.000000;0.000000;0.000000;0.000000;13.890366
6548;324.000000;50.000000;-18.000000;-11.364845;0.000000;0.000000;0.000000;0.000000;0.000000;11.364845
6549;324.000000;50.000000;-14.000000;-8.839324;0.000000;0.000000;0.000000;0.000000;0.000000;8.839324
6550;324.000000;50.000000;-10.000000;-6.313803;0.000000;0.000000;0.000000;0.000000;0.000000;6.313803
6551;324.000000;50.000000;-6.000000;-3.788282;0.000000;0.000000;0.000000;0.000000;0.000000;3.788282
6552;324.000000;50.000000;-2.000000;-1.262761;0.000000;0.000000;0.000000;0.000000;0.000000;1.262761
6553;324.000000;50.000000;2.000000;1.262761;0.000000;0.000000;0.000000;0.000000;0.000000;1.262761
6554;324.000000;50.000000;6.000000;3.788282;0.000000;0.000000;0.000000;0.000000;0.000000;3.788282
6555;324.000000;50.000000;10.000000;6.313803;0.000000;0.000000;0.000000;0.000000;0.000000;6.313803
6556;324.000000;50.000000;14.000000;8.839324;0.000000;0.000000;0.000000;0.000000;0.000000;8.839324
6557;324.000000;50.000000;18.000000;11.364845;0.000000;0.000000;0.000000;0.000000;0.000000;11.364845
6558;324.000000;50.000000;22.000000;13.890366;0.000000;0.000000;0.000000;0.000000;0.000000;13.890366
6559;324.000000;50.000000;26.000000;16.415887;0.000000;0.000000;0.000000;0.000000;0.000000;16.415887
6560;324.000000;50.000000;30.000000;18.941408;0.000000;0.000000;0.000000;0.000000;0.000000;18.941408
6561;328.000000;-50.000000;-30.000000;-17.944492;0.000000;0.000000;0.000000;0.000000;0.000000;17.944492
6562;328.000000;-50.000000;-26.000000;-15.551893;0.000000;0.000000;0.000000;0.000000;0.000000;15.551893
6563;328.000000;-50.000000;-22.000000;-13.159294;0.000000;0.000000;0.000000;0.000000;0.000000;13.159294
6564;328.000000;-50.000000;-18.000000;-10.766695;0.000000;0.000000;0.000000;0.000000;0.000000;10.766695
6565;328.000000;-50.000000;-14.000000;-8.374096;0.000000;0.000000;0.000000;0.000000;0.000000;8.374096
6566;328.000000;-50.000000;-10.000000;-5.981497;0.000000;0.000000;0.000000;0.000000;0.000000;5.981497
6567;328.000000;-50.000000;-6.000000;-3.588898;0.000000;0.000000;0.000000;0.000000;0.000000;3.588898
6568;328.000000;-50.000000;-2.000000;-1.196299;0.000000;0.000000;0.000000;0.000000;0.000000;1.196299
6569;328.000000;-50.000000;2.000000;1.196299;0.000000;0.000000;0.000000;0.000000;0.000000;1.196299
6570;328.000000;-50.000000;6.000000;3.588898;0.000000;0.000000;0.000000;0.000000;0.000000;3.588898
6571;328.000000;-50.000000;10.000000;5.981497;0.000000;0.000000;0.000000;0.000000;0.000000;5.981497
6572;328.000000;-50.000000;14.000000;8.374096;0.000000;0.000000;0.000000;0.000000;0.000000;8.374096
6573;328.000000;-50.000000;18.000000;10.766695;0.000000;0.000000;0.000000;0.000000;0.000000;10.766695
6574;328.000000;-50.000000;22.000000;13.159294;0.000000;0.000000;0.000000;0.000000;0.000000;13.159294
6575;328.000000;-50.000000;26.000000;15.551893;0.000000;0.000000;0.000000;0.000000;0.000000;15.551893
6576;328.000000;-50.000000;30.000000;17.944492;0.000000;0.000000;0.000000;0.000000;0.000000;17.944492
6577;328.000000;-46.000000;-30.000000;-17.944492;0.000000;0.000000;0.000000;0.000000;0.000000;17.944492
6578;328.000000;-46.000000;30.000000;17.944492;0.000000;0.000000;0.000000;0.000000;0.000000;17.944492
6579;328.000000;-42.000000;-30.000000;-17.944492;0.000000;0.000000;0.000000;0.000000;0.000000;17.944492
6580;328.000000;-42.000000;30.000000;17.944492;0.000000;0.000000;0.000000;0.000000;0.000000;17.944492
6581;328.000000;-38.000000;-30.000000;-17.944492;0.000000;0.000000;0.000000;0.000000;0.000000;17.944492
6582;328.000000;-38.000000;30.000000;17.944492;0.000000;0.000000;0.000000;0.000000;0.000000;17.944492
6583;328.000000;-34.000000;-30.000000;-17.944492;0.000000;0.000000;0.000000;0.000000;0.000000;17.944492
6584;328.000000;-34.000000;30.000000;17.944492;0.000000;0.000000;0.000000;0.000000;0.000000;17.944492
6585;328.000000;-30.000000;-30.000000;-17.944492;0.000000;0.000000;0.000000;0.000000;0.000000;17.944492
6586;328.000000;-30.000000;30.000000;17.944492;0.000000;0.000000;0.000000;0.000000;0.000000;17.944492
6587;328.000000;-26.000000;-30.000000;-17.944492;0.000000;0.000000;0.000000;0.000000;0.000000;17.944492
6588;328.000000;-26.000000;30.000000;17.944492;0.000000;0.000000;0.000000;0.000000;0.000000;17.944492
6589;328.000000;-22.000000;-30.000000;-17.944492;0.000000;0.000000;0.000000;0.000000;0.000000;17.944492
6590;328.000000;-22.000000;30.000000;17.944492;0.000000;0.000000;0.000000;0.000000;0.000000;17.944492
6591;328.000000;-18.000000;-30.000000;-17.944492;0.000000;0.000000;0.000000;0.000000;0.000000;17.944492
6592;328.000000;-18.000000;30.000000;17.944492;0.000000;0.000000;0.000000;0.000000;0.000000;17.944492
6593;328.000000;-14.000000;-30.000000;-17.944492;0.000000;0.000000;0.000000;0.000000;0.000000;17.944492
6594;328.000000;-14.000000;30.000000;17.944492;0.000000;0.000000;0.000000;0.000000;0.000000;17.944492
6595;328.000000;-10.000000;-30.000000;-17.944492;0.000000;0.000000;0.000000;0.000000;0.000000;17.944492
6596;328.000000;-10.000000;30.000000;17.944492;0.000000;0.000000;0.000000;0.000000;0.000000;17.944492
6597;328.000000;-6.000000;-30.000000;-17.944492;0.000000;0.000000;0.000000;0.000000;0.000000;17.944492
6598;328.000000;-6.000000;30.000000;17.944492;0.000000;0.000000;0.000000;0.000000;0.000000;17.944492
6599;328.000000;-2.000000;-30.000000;-17.944492;0.000000;0.000000;0.000000;0.000000;0.000000;17.944492
6600;328.000000;-2.000000;30.000000;17.944492;0.000000;0.000000;0.000000;0.000000;0.000000;17.944492
6601;328.000000;2.000000;-30.000000;-17.944492;0.000000;0.000000;0.000000;0.000000;0.000000;17.944492
6602;328.000000;2.000000;30.000000;17.944492;0.000000;0.000000;0.000000;0.000000;0.000000;17.944492
6603;328.000000;6.000000;-30.000000;-17.944492;0.000000;0.000000;0.000000;0.000000;0.000000;17.944492
6604;328.000000;6.000000;30.000000;17.944492;0.000000;0.000000;0.000000;0.000000;0.000000;17.944492
6605;328.000000;10.000000;-30.000000;-17.944492;0.000000;0.000000;0.000000;0.000000;0.000000;17.944492
6606;328.000000;10.000000;30.000000;17.944492;0.000000;0.000000;0.000000;0.000000;0.000000;17.944492
6607;328.000000;14.000000;-30.000000;-17.944492;0.000000;0.000000;0.000000;0.000000;0.000000;17.944492
6608;328.000000;14.000000;30.000000;17.944492;0.000000;0.000000;0.000000;0.000000;0.000000;17.944492
6609;328.000000;18.000000;-30.000000;-17.944492;0.000000;0.000000;0.000000;0.000000;0.000000;17.944492
6610;328.000000;18.000000;30.000000;17.944492;0.000000;0.000000;0.000000;0.000000;0.000000;17.944492
6611;328.000000;22.000000;-30.000000;-17.944492;0.000000;0.000000;0.000000;0.000000;0.000000;17.944492
6612;328.000000;22.000000;30.000000;17.944492;0.000000;0.000000;0.000000;0.000000;0.000000;17.944492
6613;328.000000;26.000000;-30.000000;-17.944492;0.000000;0.000000;0.000000;0.000000;0.000000;17.944492
6614;328.000000;26.000000;30.000000;17.944492;0.000000;0.000000;0.000000;0.000000;0.000000;17.944492
6615;328.000000;30.000000;-30.000000;-17.944492;0.000000;0.000000;0.000000;0.000000;0.000000;17.944492
6616;328.000000;30.000000;30.000000;17.944492;0.000000;0.000000;0.000000;0.000000;0.000000;17.944492
6617;328.000000;34.000000;-30.000000;-17.944492;0.000000;0.000000;0.000000;0.000000;0.000000;17.944492
6618;328.000000;34.000000;30.000000;17.944492;0.000000;0.000000;0.000000;0.000000;0.000000;17.944492
6619;328.000000;38.000000;-30.000000;-17.944492;0.000000;0.000000;0.000000;0.000000;0.000000;17.944492
6620;328.000000;38.000000;30.000000;17.944492;0.000000;0.000000;0.000000;0.000000;0.000000;17.944492
6621;328.000000;42.000000;-30.000000;-17.944492;0.000000;0.000000;0.000000;0.000000;0.000000;17.944492
6622;328.000000;42.000000;30.000000;17.944492;0.000000;0.000000;0.000000;0.000000;0.000000;17.944492
6623;328.000000;46.000000;-30.000000;-17.944492;0.000000;0.000000;0.000000;0.000000;0.000000;17.944492
6624;328.000000;46.000000;30.000000;17.944492;0.000000;0.000000;0.000000;0.000000;0.000000;17.944492
6625;328.000000;50.000000;-30.000000;-17.944492;0.000000;0.000000;0.000000;0.000000;0.000000;17.944492
6626;328.000000;50.000000;-26.000000;-15.551893;0.000000;0.000000;0.000000;0.000000;0.000000;15.551893
6627;328.000000;50.000000;-22.000000;-13.159294;0.000000;0.000000;0.000000;0.000000;0.000000;13.159294
6628;328.000000;50.000000;-18.000000;-10.766695;0.000000;0.000000;0.000000;0.000000;0.000000;10.766695
6629;328.000000;50.000000;-14.000000;-8.374096;0.000000;0.000000;0.000000;0.000000;0.000000;8.374096
6630;328.000000;50.000000;-10.000000;-5.981497;0.000000;0.000000;0.000000;0.000000;0.000000;5.981497
6631;328.000000;50.000000;-6.000000;-3.588898;0.000000;0.000000;0.000000;0.000000;0.000000;3.588898
6632;328.000000;50.000000;-2.000000;-1.196299;0.000000;0.000000;0.000000;0.000000;0.000000;1.196299
6633;328.000000;50.000000;2.000000;1.196299;0.000000;0.000000;0.000000;0.000000;0.000000;1.196299
6634;328.000000;50.000000;6.000000;3.588898;0.000000;0.000000;0.000000;0.000000;0.000000;3.588898
6635;328.000000;50.000000;10.000000;5.981497;0.000000;0.000000;0.000000;0.000000;0.000000;5.981497
6636;328.000000;50.000000;14.000000;8.374096;0.000000;0.000000;0.000000;0.000000;0.000000;8.374096
6637;328.000000;50.000000;18.000000;10.766695;0.000000;0.000000;0.000000;0.000000;0.000000;10.766695
6638;328.000000;50.000000;22.000000;13.159294;0.000000;0.000000;0.000000;0.000000;0.000000;13.159294
6639;328.000000;50.000000;26.000000;15.551893;0.000000;0.000000;0.000000;0.000000;0.000000;15.551893
6640;328.000000;50.000000;30.000000;17.944492;0.000000;0.000000;0.000000;0.000000;0.000000;17.944492
6641;332.000000;-50.000000;-30.000000;-16.947575;0.000000;0.000000;0.000000;0.000000;0.000000;16.947575
6642;332.000000;-50.000000;-26.000000;-14.687899;0.000000;0.000000;0.000000;0.000000;0.000000;14.687899
6643;332.000000;-50.000000;-22.000000;-12.428222;0.000000;0.000000;0.000000;0.000000;0.000000;12.428222
6644;332.000000;-50.000000;-18.000000;-10.168545;0.000000;0.000000;0.000000;0.000000;0.000000;10.168545
6645;332.000000;-50.000000;-14.000000;-7.908869;0.000000;0.000000;0.000000;0.000000;0.000000;7.908869
6646;332.000000;-50.000000;-10.000000;-5.649192;0.000000;0.000000;0.000000;0.000000;0.000000;5.649192
6647;332.000000;-50.000000;-6.000000;-3.389515;0.000000;0.000000;0.000000;0.000000;0.000000;3.389515
6648;332.000000;-50.000000;-2.000000;-1.129838;0.000000;0.000000;0.000000;0.000000;0.000000;1.129838
6649;332.000000;-50.000000;2.000000;1.129838;0.000000;0.000000;0.000000;0.000000;0.000000;1.129838
6650;332.000000;-50.000000;6.000000;3.389515;0.000000;0.000000;0.000000;0.000000;0.000000;3.389515
6651;332.000000;-50.000000;10.000000;5.649192;0.000000;0.000000;0.000000;0.000000;0.000000;5.649192
6652;332.000000;-50.000000;14.000000;7.908869;0.000000;0.000000;0.000000;0.000000;0.000000;7.908869
6653;332.000000;-50.000000;18.000000;10.168545;0.000000;0.000000;0.000000;0.000000;0.000000;10.168545
6654;332.000000;-50.000000;22.000000;12.428222;0.000000;0.000000;0.000000;0.000000;0.000000;12.428222
6655;332.000000;-50.000000;26.000000;14.687899;0.000000;0.000000;0.000000;0.000000;0.000000;14.687899
6656;332.000000;-50.000000;30.000000;16.947575;0.000000;0.000000;0.000000;0.000000;0.000000;16.947575
6657;332.000000;-46.000000;-30.000000;-16.947575;0.000000;0.000000;0.000000;0.000000;0.000000;16.947575
6658;332.000000;-46.000000;30.000000;16.947575;0.000000;0.000000;0.000000;0.000000;0.000000;16.947575
6659;332.000000;-42.000000;-30.000000;-16.947575;0.000000;0.000000;0.000000;0.000000;0.000000;16.947575
6660;332.000000;-42.000000;30.000000;16.947575;0.000000;0.000000;0.000000;0.000000;0.000000;16.947575
6661;332.000000;-38.000000;-30.000000;-16.947575;0.000000;0.000000;0.000000;0.000000;0.000000;16.947575
6662;332.000000;-38.000000;30.000000;16.947575;0.000000;0.000000;0.000000;0.000000;0.000000;16.947575
6663;332.000000;-34.000000;-30.000000;-16.947575;0.000000;0.000000;0.000000;0.000000;0.000000;16.947575
6664;332.000000;-34.000000;30.000000;16.947575;0.000000;0.000000;0.000000;0.000000;0.000000;16.947575
6665;332.000000;-30.000000;-30.000000;-16.947575;0.000000;0.000000;0.000000;0.000000;0.000000;16.947575
6666;332.000000;-30.000000;30.000000;16.947575;0.000000;0.000000;0.000000;0.000000;0.000000;16.947575
6667;332.000000;-26.000000;-30.000000;-16.947575;0.000000;0.000000;0.000000;0.000000;0.000000;16.947575
6668;332.000000;-26.000000;30.000000;16.947575;0.000000;0.000000;0.000000;0.000000;0.000000;16.947575
6669;332.000000;-22.000000;-30.000000;-16.947575;0.000000;0.000000;0.000000;0.000000;0.000000;16.947575
6670;332.000000;-22.000000;30.000000;16.947575;0.000000;0.000000;0.000000;0.000000;0.000000;16.947575
6671;332.000000;-18.000000;-30.000000;-16.947575;0.000000;0.000000;0.000000;0.000000;0.000000;16.947575
6672;332.000000;-18.000000;30.000000;16.947575;0.000000;0.000000;0.000000;0.000000;0.000000;16.947575
6673;332.000000;-14.000000;-30.000000;-16.947575;0.000000;0.000000;0.000000;0.000000;0.000000;16.947575
6674;332.000000;-14.000000;30.000000;16.947575;0.000000;0.000000;0.000000;0.000000;0.000000;16.947575
6675;332.000000;-10.000000;-30.000000;-16.947575;0.000000;0.000000;0.000000;0.000000;0.000000;16.947575
6676;332.000000;-10.000000;30.000000;16.947575;0.000000;0.000000;0.000000;0.000000;0.000000;16.947575
6677;332.000000;-6.000000;-30.000000;-16.947575;0.000000;0.000000;0.000000;0.000000;0.000000;16.947575
6678;332.000000;-6.000000;30.000000;16.947575;0.000000;0.000000;0.000000;0.000000;0.000000;16.947575
6679;332.000000;-2.000000;-30.000000;-16.947575;0.000000;0.000000;0.000000;0.000000;0.000000;16.947575
6680;332.000000;-2.000000;30.000000;16.947575;0.000000;0.000000;0.000000;0.000000;0.000000;16.947575
6681;332.000000;2.000000;-30.000000;-16.947575;0.000000;0.000000;0.000000;0.000000;0.000000;16.947575
6682;332.000000;2.000000;30.000000;16.947575;0.000000;0.000000;0.000000;0.000000;0.000000;16.947575
6683;332.000000;6.000000;-30.000000;-16.947575;0.000000;0.000000;0.000000;0.000000;0.000000;16.947575
6684;332.000000;6.000000;30.000000;16.947575;0.000000;0.000000;0.000000;0.000000;0.000000;16.947575
6685;332.000000;10.000000;-30.000000;-16.947575;0.000000;0.000000;0.000000;0.000000;0.000000;16.947575
6686;332.000000;10.000000;30.000000;16.947575;0.000000;0.000000;0.000000;0.000000;0.000000;16.947575
6687;332.000000;14.000000;-30.000000;-16.947575;0.000000;0.000000;0.000000;0.000000;0.000000;16.947575
6688;332.000000;14.000000;30.000000;16.947575;0.000000;0.000000;0.000000;0.000000;0.000000;16.947575
6689;332.000000;18.000000;-30.000000;-16.947575;0.000000;0.000000;0.000000;0.000000;0.000000;16.947575
6690;332.000000;18.000000;30.000000;16.947575;0.000000;0.000000;0.000000;0.000000;0.000000;16.947575
6691;332.000000;22.000000;-30.000000;-16.947575;0.000000;0.000000;0.000000;0.000000;0.000000;16.947575
6692;332.000000;22.000000;30.000000;16.947575;0.000000;0.000000;0.000000;0.000000;0.000000;16.947575
6693;332.000000;26.000000;-30.000000;-16.947575;0.000000;0.000000;0.000000;0.000000;0.000000;16.947575
6694;332.000000;26.000000;30.000000;16.947575;0.000000;0.000000;0.000000;0.000000;0.000000;16.947575
6695;332.000000;30.000000;-30.000000;-16.947575;0.000000;0.000000;0.000000;0.000000;0.000000;16.947575
6696;332.000000;30.000000;30.000000;16.947575;0.000000;0.000000;0.000000;0.000000;0.000000;16.947575
6697;332.000000;34.000000;-30.000000;-16.947575;0.000000;0.000000;0.000000;0.000000;0.000000;16.947575
6698;332.000000;34.000000;30.000000;16.947575;0.000000;0.000000;0.000000;0.000000;0.000000;16.947575
6699;332.000000;38.000000;-30.000000;-16.947575;0.000000;0.000000;0.000000;0.000000;0.000000;16.947575
6700;332.000000;38.000000;30.000000;16.947575;0.000000;0.000000;0.000000;0.000000;0.000000;16.947575
6701;332.000000;42.000000;-30.000000;-16.947575;0.000000;0.000000;0.000000;0.000000;0.000000;16.947575
6702;332.000000;42.000000;30.000000;16.947575;0.000000;0.000000;0.000000;0.000000;0.000000;16.947575
6703;332.000000;46.000000;-30.000000;-16.947575;0.000000;0.000000;0.000000;0.000000;0.000000;16.947575
6704;332.000000;46.000000;30.000000;16.947575;0.000000;0.000000;0.000000;0.000000;0.000000;16.947575
6705;332.000000;50.000000;-30.000000;-16.947575;0.000000;0.000000;0.000000;0.000000;0.000000;16.947575
6706;332.000000;50.000000;-26.000000;-14.687899;0.000000;0.000000;0.000000;0.000000;0.000000;14.687899
6707;332.000000;50.000000;-22.000000;-12.428222;0.000000;0.000000;0.000000;0.000000;0.000000;12.428222
6708;332.000000;50.000000;-18.000000;-10.168545;0.000000;0.000000;0.000000;0.000000;0.000000;10.168545
6709;332.000000;50.000000;-14.000000;-7.908869;0.000000;0.000000;0.000000;0.000000;0.000000;7.908869
6710;332.000000;50.000000;-10.000000;-5.649192;0.000000;0.000000;0.000000;0.000000;0.000000;5.649192
6711;332.000000;50.000000;-6.000000;-3.389515;0.000000;0.000000;0.000000;0.000000;0.000000;3.389515
6712;332.000000;50.000000;-2.000000;-1.129838;0.000000;0.000000;0.000000;0.000000;0.000000;1.129838
6713;332.000000;50.000000;2.000000;1.129838;0.000000;0.000000;0.000000;0.000000;0.000000;1.129838
6714;332.000000;50.000000;6.000000;3.389515;0.000000;0.000000;0.000000;0.000000;0.000000;3.389515
6715;332.000000;50.000000;10.000000;5.649192;0.000000;0.000000;0.000000;0.000000;0.000000;5.649192
6716;332.000000;50.000000;14.000000;7.908869;0.000000;0.000000;0.000000;0.000000;0.000000;7.908869
6717;332.000000;50.000000;18.000000;10.168545;0.000000;0.000000;0.000000;0.000000;0.000000;10.168545
6718;332.000000;50.000000;22.000000;12.428222;0.000000;0.000000;0.000000;0.000000;0.000000;12.428222
6719;332.000000;50.000000;26.000000;14.687899;0.000000;0.000000;0.000000;0.000000;0.000000;14.687899
6720;332.000000;50.000000;30.000000;16.947575;0.000000;0.000000;0.000000;0.000000;0.000000;16.947575
6721;336.000000;-50.000000;-30.000000;-15.950659;0.000000;0.000000;0.000000;0.000000;0.000000;15.950659
6722;336.000000;-50.000000;-26.000000;-13.823905;0.000000;0.000000;0.000000;0.000000;0.000000;13.823905
6723;336.000000;-50.000000;-22.000000;-11.697150;0.000000;0.000000;0.000000;0.000000;0.000000;11.697150
6724;336.000000;-50.000000;-18.000000;-9.570396;0.000000;0.000000;0.000000;0.000000;0.000000;9.570396
6725;336.000000;-50.000000;-14.000000;-7.443641;0.000000;0.000000;0.000000;0.000000;0.000000;7.443641
6726;336.000000;-50.000000;-10.000000;-5.316886;0.000000;0.000000;0.000000;0.000000;0.000000;5.316886
6727;336.000000;-50.000000;-6.000000;-3.190132;0.000000;0.000000;0.000000;0.000000;0.000000;3.190132
6728;336.000000;-50.000000;-2.000000;-1.063377;0.000000;0.000000;0.000000;0.000000;0.000000;1.063377
6729;336.000000;-50.000000;2.000000;1.063377;0.000000;0.000000;0.000000;0.000000;0.000000;1.063377
6730;336.000000;-50.000000;6.000000;3.190132;0.000000;0.000000;0.000000;0.000000;0.000000;3.190132
6731;336.000000;-50.000000;10.000000;5.316886;0.000000;0.000000;0.000000;0.000000;0.000000;5.316886
6732;336.000000;-50.000000;14.000000;7.443641;0.000000;0.000000;0.000000;0.000000;0.000000;7.443641
6733;336.000000;-50.000000;18.000000;9.570396;0.000000;0.000000;0.000000;0.000000;0.000000;9.570396
6734;336.000000;-50.000000;22.000000;11.697150;0.000000;0.000000;0.000000;0.000000;0.000000;11.697150
6735;336.000000;-50.000000;26.000000;13.823905;0.000000;0.000000;0.000000;0.000000;0.000000;13.823905
6736;336.000000;-50.000000;30.000000;15.950659;0.000000;0.000000;0.000000;0.000000;0.000000;15.950659
6737;336.000000;-46.000000;-30.000000;-15.950659;0.000000;0.000000;0.000000;0.000000;0.000000;15.950659
6738;336.000000;-46.000000;30.000000;15.950659;0.000000;0.000000;0.000000;0.000000;0.000000;15.950659
6739;336.000000;-42.000000;-30.000000;-15.950659;0.000000;0.000000;0.000000;0.000000;0.000000;15.950659
6740;336.000000;-42.000000;30.000000;15.950659;0.000000;0.000000;0.000000;0.000000;0.000000;15.950659
6741;336.000000;-38.000000;-30.000000;-15.950659;0.000000;0.000000;0.000000;0.000000;0.000000;15.950659
6742;336.000000;-38.000000;30.000000;15.950659;0.000000;0.000000;0.000000;0.000000;0.000000;15.950659
6743;336.000000;-34.000000;-30.000000;-15.950659;0.000000;0.000000;0.000000;0.000000;0.000000;15.950659
6744;336.000000;-34.000000;30.000000;15.950659;0.000000;0.000000;0.000000;0.000000;0.000000;15.950659
6745;336.000000;-30.000000;-30.000000;-15.950659;0.000000;0.000000;0.000000;0.000000;0.000000;15.950659
6746;336.000000;-30.000000;30.000000;15.950659;0.000000;0.000000;0.000000;0.000000;0.000000;15.950659
6747;336.000000;-26.000000;-30.000000;-15.950659;0.000000;0.000000;0.000000;0.000000;0.000000;15.950659
6748;336.000000;-26.000000;30.000000;15.950659;0.000000;0.000000;0.000000;0.000000;0.000000;15.950659
6749;336.000000;-22.000000;-30.000000;-15.950659;0.000000;0.000000;0.000000;0.000000;0.000000;15.950659
6750;336.000000;-22.000000;30.000000;15.950659;0.000000;0.000000;0.000000;0.000000;0.000000;15.950659
6751;336.000000;-18.000000;-30.000000;-15.950659;0.000000;0.000000;0.000000;0.000000;0.000000;15.950659
6752;336.000000;-18.000000;30.000000;15.950659;0.000000;0.000000;0.000000;0.000000;0.000000;15.950659
6753;336.000000;-14.000000;-30.000000;-15.950659;0.000000;0.000000;0.000000;0.000000;0.000000;15.950659
6754;336.000000;-14.000000;30.000000;15.950659;0.000000;0.000000;0.000000;0.000000;0.000000;15.950659
6755;336.000000;-10.000000;-30.000000;-15.950659;0.000000;0.000000;0.000000;0.000000;0.000000;15.950659
6756;336.000000;-10.000000;30.000000;15.950659;0.000000;0.000000;0.000000;0.000000;0.000000;15.950659
6757;336.000000;-6.000000;-30.000000;-15.950659;0.000000;0.000000;0.000000;0.000000;0.000000;15.950659
6758;336.000000;-6.000000;30.000000;15.950659;0.000000;0.000000;0.000000;0.000000;0.000000;15.950659
6759;336.000000;-2.000000;-30.000000;-15.950659;0.000000;0.000000;0.000000;0.000000;0.000000;15.950659
6760;336.000000;-2.000000;30.000000;15.950659;0.000000;0.000000;0.000000;0.000000;0.000000;15.950659
6761;336.000000;2.000000;-30.000000;-15.950659;0.000000;0.000000;0.000000;0.000000;0.000000;15.950659
6762;336.000000;2.000000;30.000000;15.950659;0.000000;0.000000;0.000000;0.000000;0.000000;15.950659
6763;336.000000;6.000000;-30.000000;-15.950659;0.000000;0.000000;0.000000;0.000000;0.000000;15.950659
6764;336.000000;6.000000;30.000000;15.950659;0.000000;0.000000;0.000000;0.000000;0.000000;15.950659
6765;336.000000;10.000000;-30.000000;-15.950659;0.000000;0.000000;0.000000;0.000000;0.000000;15.950659
6766;336.000000;10.000000;30.000000;15.950659;0.000000;0.000000;0.000000;0.000000;0.000000;15.950659
6767;336.000000;14.000000;-30.000000;-15.950659;0.000000;0.000000;0.000000;0.000000;0.000000;15.950659
6768;336.000000;14.000000;30.000000;15.950659;0.000000;0.000000;0.000000;0.000000;0.000000;15.950659
6769;336.000000;18.000000;-30.000000;-15.950659;0.000000;0.000000;0.000000;0.000000;0.000000;15.950659
6770;336.000000;18.000000;30.000000;15.950659;0.000000;0.000000;0.000000;0.000000;0.000000;15.950659
6771;336.000000;22.000000;-30.000000;-15.950659;0.000000;0.000000;0.000000;0.000000;0.000000;15.950659
6772;336.000000;22.000000;30.000000;15.950659;0.000000;0.000000;0.000000;0.000000;0.000000;15.950659
6773;336.000000;26.000000;-30.000000;-15.950659;0.000000;0.000000;0.000000;0.000000;0.000000;15.950659
6774;336.000000;26.000000;30.000000;15.950659;0.000000;0.000000;0.000000;0.000000;0.000000;15.950659
6775;336.000000;30.000000;-30.000000;-15.950659;0.000000;0.000000;0.000000;0.000000;0.000000;15.950659
6776;336.000000;30.000000;30.000000;15.950659;0.000000;0.000000;0.000000;0.000000;0.000000;15.950659
6777;336.000000;34.000000;-30.000000;-15.950659;0.000000;0.000000;0.000000;0.000000;0.000000;15.950659
6778;336.000000;34.000000;30.000000;15.950659;0.000000;0.000000;0.000000;0.000000;0.000000;15.950659
6779;336.000000;38.000000;-30.000000;-15.950659;0.000000;0.000000;0.000000;0.000000;0.000000;15.950659
6780;336.000000;38.000000;30.000000;15.950659;0.000000;0.000000;0.000000;0.000000;0.000000;15.950659
6781;336.000000;42.000000;-30.000000;-15.950659;0.000000;0.000000;0.000000;0.000000;0.000000;15.950659
6782;336.000000;42.000000;30.000000;15.950659;0.000000;0.000000;0.000000;0.000000;0.000000;15.950659
6783;336.000000;46.000000;-30.000000;-15.950659;0.000000;0.000000;0.000000;0.000000;0.000000;15.950659
6784;336.000000;46.000000;30.000000;15.950659;0.000000;0.000000;0.000000;0.000000;0.000000;15.950659
6785;336.000000;50.000000;-30.000000;-15.950659;0.000000;0.000000;0.000000;0.000000;0.000000;15.950659
6786;336.000000;50.000000;-26.000000;-13.823905;0.000000;0.000000;0.000000;0.000000;0.000000;13.823905
6787;336.000000;50.000000;-22.000000;-11.697150;0.000000;0.000000;0.000000;0.000000;0.000000;11.697150
6788;336.000000;50.000000;-18.000000;-9.570396;0.000000;0.000000;0.000000;0.000000;0.000000;9.570396
6789;336.000000;50.000000;-14.000000;-7.443641;0.000000;0.000000;0.000000;0.000000;0.000000;7.443641
6790;336.000000;50.000000;-10.000000;-5.316886;0.000000;0.000000;0.000000;0.000000;0.000000;5.316886
6791;336.000000;50.000000;-6.000000;-3.190132;0.000000;0.000000;0.000000;0.000000;0.000000;3.190132
6792;336.000000;50.000000;-2.000000;-1.063377;0.000000;0.000000;0.000000;0.000000;0.000000;1.063377
6793;336.000000;50.000000;2.000000;1.063377;0.000000;0.000000;0.000000;0.000000;0.000000;1.063377
6794;336.000000;50.000000;6.000000;3.190132;0.000000;0.000000;0.000000;0.000000;0.000000;3.190132
6795;336.000000;50.000000;10.000000;5.316886;0.000000;0.000000;0.000000;0.000000;0.000000;5.316886
6796;336.000000;50.000000;14.000000;7.443641;0.000000;0.000000;0.000000;0.000000;0.000000;7.443641
6797;336.000000;50.000000;18.000000;9.570396;0.000000;0.000000;0.000000;0.000000;0.000000;9.570396
6798;336.000000;50.000000;22.000000;11.697150;0.000000;0.000000;0.000000;0.000000;0.000000;11.697150
6799;336.000000;50.000000;26.000000;13.823905;0.000000;0.000000;0.000000;0.000000;0.000000;13.823905
6800;336.000000;50.000000;30.000000;15.950659;0.000000;0.000000;0.000000;0.000000;0.000000;15.950659
6801;340.000000;-50.000000;-30.000000;-14.953743;0.000000;0.000000;0.000000;0.000000;0.000000;14.953743
6802;340.000000;-50.000000;-26.000000;-12.959911;0.000000;0.000000;0.000000;0.000000;0.000000;12.959911
6803;340.000000;-50.000000;-22.000000;-10.966078;0.000000;0.000000;0.000000;0.000000;0.000000;10.966078
6804;340.000000;-50.000000;-18.000000;-8.972246;0.000000;0.000000;0.000000;0.000000;0.000000;8.972246
6805;340.000000;-50.000000;-14.000000;-6.978413;0.000000;0.000000;0.000000;0.000000;0.000000;6.978413
6806;340.000000;-50.000000;-10.000000;-4.984581;0.000000;0.000000;0.000000;0.000000;0.000000;4.984581
6807;340.000000;-50.000000;-6.000000;-2.990749;0.000000;0.000000;0.000000;0.000000;0.000000;2.990749
6808;340.000000;-50.000000;-2.000000;-0.996916;0.000000;0.000000;0.000000;0.000000;0.000000;0.996916
6809;340.000000;-50.000000;2.000000;0.996916;0.000000;0.000000;0.000000;0.000000;0.000000;0.996916
6810;340.000000;-50.000000;6.000000;2.990749;0.000000;0.000000;0.000000;0.000000;0.000000;2.990749
6811;340.000000;-50.000000;10.000000;4.984581;0.000000;0.000000;0.000000;0.000000;0.000000;4.984581
6812;340.000000;-50.000000;14.000000;6.978413;0.000000;0.000000;0.000000;0.000000;0.000000;6.978413
6813;340.000000;-50.000000;18.000000;8.972246;0.000000;0.000000;0.000000;0.000000;0.000000;8.972246
6814;340.000000;-50.000000;22.000000;10.966078;0.000000;0.000000;0.000000;0.000000;0.000000;10.966078
6815;340.000000;-50.000000;26.000000;12.959911;0.000000;0.000000;0.000000;0.000000;0.000000;12.959911
6816;340.000000;-50.000000;30.000000;14.953743;0.000000;0.000000;0.000000;0.000000;0.000000;14.953743
6817;340.000000;-46.000000;-30.000000;-14.953743;0.000000;0.000000;0.000000;0.000000;0.000000;14.953743
6818;340.000000;-46.000000;30.000000;14.953743;0.000000;0.000000;0.000000;0.000000;0.000000;14.953743
6819;340.000000;-42.000000;-30.000000;-14.953743;0.000000;0.000000;0.000000;0.000000;0.000000;14.953743
6820;340.000000;-42.000000;30.000000;14.953743;0.000000;0.000000;0.000000;0.000000;0.000000;14.953743
6821;340.000000;-38.000000;-30.000000;-14.953743;0.000000;0.000000;0.000000;0.000000;0.000000;14.953743
6822;340.000000;-38.000000;30.000000;14.953743;0.000000;0.000000;0.000000;0.000000;0.000000;14.953743
6823;340.000000;-34.000000;-30.000000;-14.953743;0.000000;0.000000;0.000000;0.000000;0.000000;14.953743
6824;340.000000;-34.000000;30.000000;14.953743;0.000000;0.000000;0.000000;0.000000;0.000000;14.953743
6825;340.000000;-30.000000;-30.000000;-14.953743;0.000000;0.000000;0.000000;0.000000;0.000000;14.953743
6826;340.000000;-30.000000;30.000000;14.953743;0.000000;0.000000;0.000000;0.000000;0.000000;14.953743
6827;340.000000;-26.000000;-30.000000;-14.953743;0.000000;0.000000;0.000000;0.000000;0.000000;14.953743
6828;340.000000;-26.000000;30.000000;14.953743;0.000000;0.000000;0.000000;0.000000;0.000000;14.953743
6829;340.000000;-22.000000;-30.000000;-14.953743;0.000000;0.000000;0.000000;0.000000;0.000000;14.953743
6830;340.000000;-22.000000;30.000000;14.953743;0.000000;0.000000;0.000000;0.000000;0.000000;14.953743
6831;340.000000;-18.000000;-30.000000;-14.953743;0.000000;0.000000;0.000000;0.000000;0.000000;14.953743
6832;340.000000;-18.000000;30.000000;14.953743;0.000000;0.000000;0.000000;0.000000;0.000000;14.953743
6833;340.000000;-14.000000;-30.000000;-14.953743;0.000000;0.000000;0.000000;0.000000;0.000000;14.953743
6834;340.000000;-14.000000;30.000000;14.953743;0.000000;0.000000;0.000000;0.000000;0.000000;14.953743
6835;340.000000;-10.000000;-30.000000;-14.953743;0.000000;0.000000;0.000000;0.000000;0.000000;14.953743
6836;340.000000;-10.000000;30.000000;14.953743;0.000000;0.000000;0.000000;0.000000;0.000000;14.953743
6837;340.000000;-6.000000;-30.000000;-14.953743;0.000000;0.000000;0.000000;0.000000;0.000000;14.953743
6838;340.000000;-6.000000;30.000000;14.953743;0.000000;0.000000;0.000000;0.000000;0.000000;14.953743
6839;340.000000;-2.000000;-30.000000;-14.953743;0.000000;0.000000;0.000000;0.000000;0.000000;14.953743
6840;340.000000;-2.000000;30.000000;14.953743;0.000000;0.000000;0.000000;0.000000;0.000000;14.953743
6841;340.000000;2.000000;-30.000000;-14.953743;0.000000;0.000000;0.000000;0.000000;0.000000;14.953743
6842;340.000000;2.000000;30.000000;14.953743;0.000000;0.000000;0.000000;0.000000;0.000000;14.953743
6843;340.000000;6.000000;-30.000000;-14.953743;0.000000;0.000000;0.000000;0.000000;0.000000;14.953743
6844;340.000000;6.000000;30.000000;14.953743;0.000000;0.000000;0.000000;0.000000;0.000000;14.953743
6845;340.000000;10.000000;-30.000000;-14.953743;0.000000;0.000000;0.000000;0.000000;0.000000;14.953743
6846;340.000000;10.000000;30.000000;14.953743;0.000000;0.000000;0.000000;0.000000;0.000000;14.953743
6847;340.000000;14.000000;-30.000000;-14.953743;0.000000;0.000000;0.000000;0.000000;0.000000;14.953743
6848;340.000000;14.000000;30.000000;14.953743;0.000000;0.000000;0.000000;0.000000;0.000000;14.953743
6849;340.000000;18.000000;-30.000000;-14.953743;0.000000;0.000000;0.000000;0.000000;0.000000;14.953743
6850;340.000000;18.000000;30.000000;14.953743;0.000000;0.000000;0.000000;0.000000;0.000000;14.953743
6851;340.000000;22.000000;-30.000000;-14.953743;0.000000;0.000000;0.000000;0.000000;0.000000;14.953743
6852;340.000000;22.000000;30.000000;14.953743;0.000000;0.000000;0.000000;0.000000;0.000000;14.953743
6853;340.000000;26.000000;-30.000000;-14.953743;0.000000;0.000000;0.000000;0.000000;0.000000;14.953743
6854;340.000000;26.000000;30.000000;14.953743;0.000000;0.000000;0.000000;0.000000;0.000000;14.953743
6855;340.000000;30.000000;-30.000000;-14.953743;0.000000;0.000000;0.000000;0.000000;0.000000;14.953743
6856;340.000000;30.000000;30.000000;14.953743;0.000000;0.000000;0.000000;0.000000;0.000000;14.953743
6857;340.000000;34.000000;-30.000000;-14.953743;0.000000;0.000000;0.000000;0.000000;0.000000;14.953743
6858;340.000000;34.000000;30.000000;14.953743;0.000000;0.000000;0.000000;0.000000;0.000000;14.953743
6859;340.000000;38.000000;-30.000000;-14.953743;0.000000;0.000000;0.000000;0.000000;0.000000;14.953743
6860;340.000000;38.000000;30.000000;14.953743;0.000000;0.000000;0.000000;0.000000;0.000000;14.953743
6861;340.000000;42.000000;-30.000000;-14.953743;0.000000;0.000000;0.000000;0.000000;0.000000;14.953743
6862;340.000000;42.000000;30.000000;14.953743;0.000000;0.000000;0.000000;0.000000;0.000000;14.953743
6863;340.000000;46.000000;-30.000000;-14.953743;0.000000;0.000000;0.000000;0.000000;0.000000;14.953743
6864;340.000000;46.000000;30.000000;14.953743;0.000000;0.000000;0.000000;0.000000;0.000000;14.953743
6865;340.000000;50.000000;-30.000000;-14.953743;0.000000;0.000000;0.000000;0.000000;0.000000;14.953743
6866;340.000000;50.000000;-26.000000;-12.959911;0.000000;0.000000;0.000000;0.000000;0.000000;12.959911
6867;340.000000;50.000000;-22.000000;-10.966078;0.000000;0.000000;0.000000;0.000000;0.000000;10.966078
6868;340.000000;50.000000;-18.000000;-8.972246;0.000000;0.000000;0.000000;0.000000;0.000000;8.972246
6869;340.000000;50.000000;-14.000000;-6.978413;0.000000;0.000000;0.000000;0.000000;0.000000;6.978413
6870;340.000000;50.000000;-10.000000;-4.984581;0.000000;0.000000;0.000000;0.000000;0.000000;4.984581
6871;340.000000;50.000000;-6.000000;-2.990749;0.000000;0.000000;0.000000;0.000000;0.000000;2.990749
6872;340.000000;50.000000;-2.000000;-0.996916;0.000000;0.000000;0.000000;0.000000;0.000000;0.996916
6873;340.000000;50.000000;2.000000;0.996916;0.000000;0.000000;0.000000;0.000000;0.000000;0.996916
6874;340.000000;50.000000;6.000000;2.990749;0.000000;0.000000;0.000000;0.000000;0.000000;2.990749
6875;340.000000;50.000000;10.000000;4.984581;0.000000;0.000000;0.000000;0.000000;0.000000;4.984581
6876;340.000000;50.000000;14.000000;6.978413;0.000000;0.000000;0.000000;0.000000;0.000000;6.978413
6877;340.000000;50.000000;18.000000;8.972246;0.000000;0.000000;0.000000;0.000000;0.000000;8.972246
6878;340.000000;50.000000;22.000000;10.966078;0.000000;0.000000;0.000000;0.000000;0.000000;10.966078
6879;340.000000;50.000000;26.000000;12.959911;0.000000;0.000000;0.000000;0.000000;0.000000;12.959911
6880;340.000000;50.000000;30.000000;14.953743;0.000000;0.000000;0.000000;0.000000;0.000000;14.953743
6881;344.000000;-50.000000;-30.000000;-13.956827;0.000000;0.000000;0.000000;0.000000;0.000000;13.956827
6882;344.000000;-50.000000;-26.000000;-12.095917;0.000000;0.000000;0.000000;0.000000;0.000000;12.095917
6883;344.000000;-50.000000;-22.000000;-10.235006;0.000000;0.000000;0.000000;0.000000;0.000000;10.235006
6884;344.000000;-50.000000;-18.000000;-8.374096;0.000000;0.000000;0.000000;0.000000;0.000000;8.374096
6885;344.000000;-50.000000;-14.000000;-6.513186;0.000000;0.000000;0.000000;0.000000;0.000000;6.513186
6886;344.000000;-50.000000;-10.000000;-4.652276;0.000000;0.000000;0.000000;0.000000;0.000000;4.652276
6887;344.000000;-50.000000;-6.000000;-2.791365;0.000000;0.000000;0.000000;0.000000;0.000000;2.791365
6888;344.000000;-50.000000;-2.000000;-0.930455;0.000000;0.000000;0.000000;0.000000;0.000000;0.930455
6889;344.000000;-50.000000;2.000000;0.930455;0.000000;0.000000;0.000000;0.000000;0.000000;0.930455
6890;344.000000;-50.000000;6.000000;2.791365;0.000000;0.000000;0.000000;0.000000;0.000000;2.791365
6891;344.000000;-50.000000;10.000000;4.652276;0.000000;0.000000;0.000000;0.000000;0.000000;4.652276
6892;344.000000;-50.000000;14.000000;6.513186;0.000000;0.000000;0.000000;0.000000;0.000000;6.513186
6893;344.000000;-50.000000;18.000000;8.374096;0.000000;0.000000;0.000000;0.000000;0.000000;8.374096
6894;344.000000;-50.000000;22.000000;10.235006;0.000000;0.000000;0.000000;0.000000;0.000000;10.235006
6895;344.000000;-50.000000;26.000000;12.095917;0.000000;0.000000;0.000000;0.000000;0.000000;12.095917
6896;344.000000;-50.000000;30.000000;13.956827;0.000000;0.000000;0.000000;0.000000;0.000000;13.956827
6897;344.000000;-46.000000;-30.000000;-13.956827;0.000000;0.000000;0.000000;0.000000;0.000000;13.956827
6898;344.000000;-46.000000;30.000000;13.956827;0.000000;0.000000;0.000000;0.000000;0.000000;13.956827
6899;344.000000;-42.000000;-30.000000;-13.956827;0.000000;0.000000;0.000000;0.000000;0.000000;13.956827
6900;344.000000;-42.000000;30.000000;13.956827;0.000000;0.000000;0.000000;0.000000;0.000000;13.956827
6901;344.000000;-38.000000;-30.000000;-13.956827;0.000000;0.000000;0.000000;0.000000;0.000000;13.956827
6902;344.000000;-38.000000;30.000000;13.956827;0.000000;0.000000;0.000000;0.000000;0.000000;13.956827
6903;344.000000;-34.000000;-30.000000;-13.956827;0.000000;0.000000;0.000000;0.000000;0.000000;13.956827
6904;344.000000;-34.000000;30.000000;13.956827;0.000000;0.000000;0.000000;0.000000;0.000000;13.956827
6905;344.000000;-30.000000;-30.000000;-13.956827;0.000000;0.000000;0.000000;0.000000;0.000000;13.956827
6906;344.000000;-30.000000;30.000000;13.956827;0.000000;0.000000;0.000000;0.000000;0.000000;13.956827
6907;344.000000;-26.000000;-30.000000;-13.956827;0.000000;0.000000;0.000000;0.000000;0.000000;13.956827
6908;344.000000;-26.000000;30.000000;13.956827;0.000000;0.000000;0.000000;0.000000;0.000000;13.956827
6909;344.000000;-22.000000;-30.000000;-13.956827;0.000000;0.000000;0.000000;0.000000;0.000000;13.956827
6910;344.000000;-22.000000;30.000000;13.956827;0.000000;0.000000;0.000000;0.000000;0.000000;13.956827
6911;344.000000;-18.000000;-30.000000;-13.956827;0.000000;0.000000;0.000000;0.000000;0.000000;13.956827
6912;344.000000;-18.000000;30.000000;13.956827;0.000000;0.000000;0.000000;0.000000;0.000000;13.956827
6913;344.000000;-14.000000;-30.000000;-13.956827;0.000000;0.000000;0.000000;0.000000;0.000000;13.956827
6914;344.000000;-14.000000;30.000000;13.956827;0.000000;0.000000;0.000000;0.000000;0.000000;13.956827
6915;344.000000;-10.000000;-30.000000;-13.956827;0.000000;0.000000;0.000000;0.000000;0.000000;13.956827
6916;344.000000;-10.000000;30.000000;13.956827;0.000000;0.000000;0.000000;0.000000;0.000000;13.956827
6917;344.000000;-6.000000;-30.000000;-13.956827;0.000000;0.000000;0.000000;0.000000;0.000000;13.956827
6918;344.000000;-6.000000;30.000000;13.956827;0.000000;0.000000;0.000000;0.000000;0.000000;13.956827
6919;344.000000;-2.000000;-30.000000;-13.956827;0.000000;0.000000;0.000000;0.000000;0.000000;13.956827
6920;344.000000;-2.000000;30.000000;13.956827;0.000000;0.000000;0.000000;0.000000;0.000000;13.956827
6921;344.000000;2.000000;-30.000000;-13.956827;0.000000;0.000000;0.000000;0.000000;0.000000;13.956827
6922;344.000000;2.000000;30.000000;13.956827;0.000000;0.000000;0.000000;0.000000;0.000000;13.956827
6923;344.000000;6.000000;-30.000000;-13.956827;0.000000;0.000000;0.000000;0.000000;0.000000;13.956827
6924;344.000000;6.000000;30.000000;13.956827;0.000000;0.000000;0.000000;0.000000;0.000000;13.956827
6925;344.000000;10.000000;-30.000000;-13.956827;0.000000;0.000000;0.000000;0.000000;0.000000;13.956827
6926;344.000000;10.000000;30.000000;13.956827;0.000000;0.000000;0.000000;0.000000;0.000000;13.956827
6927;344.000000;14.000000;-30.000000;-13.956827;0.000000;0.000000;0.000000;0.000000;0.000000;13.956827
6928;344.000000;14.000000;30.000000;13.956827;0.000000;0.000000;0.000000;0.000000;0.000000;13.956827
6929;344.000000;18.000000;-30.000000;-13.956827;0.000000;0.000000;0.000000;0.000000;0.000000;13.956827
6930;344.000000;18.000000;30.000000;13.956827;0.000000;0.000000;0.000000;0.000000;0.000000;13.956827
6931;344.000000;22.000000;-30.000000;-13.956827;0.000000;0.000000;0.000000;0.000000;0.000000;13.956827
6932;344.000000;22.000000;30.000000;13.956827;0.000000;0.000000;0.000000;0.000000;0.000000;13.956827
6933;344.000000;26.000000;-30.000000;-13.956827;0.000000;0.000000;0.000000;0.000000;0.000000;13.956827
6934;344.000000;26.000000;30.000000;13.956827;0.000000;0.000000;0.000000;0.000000;0.000000;13.956827
6935;344.000000;30.000000;-30.000000;-13.956827;0.000000;0.000000;0.000000;0.000000;0.000000;13.956827
6936;344.000000;30.000000;30.000000;13.956827;0.000000;0.000000;0.000000;0.000000;0.000000;13.956827
6937;344.000000;34.000000;-30.000000;-13.956827;0.000000;0.000000;0.000000;0.000000;0.000000;13.956827
6938;344.000000;34.000000;30.000000;13.956827;0.000000;0.000000;0.000000;0.000000;0.000000;13.956827
6939;344.000000;38.000000;-30.000000;-13.956827;0.000000;0.000000;0.000000;0.000000;0.000000;13.956827
6940;344.000000;38.000000;30.000000;13.956827;0.000000;0.000000;0.000000;0.000000;0.000000;13.956827
6941;344.000000;42.000000;-30.000000;-13.956827;0.000000;0.000000;0.000000;0.000000;0.000000;13.956827
6942;344.000000;42.000000;30.000000;13.956827;0.000000;0.000000;0.000000;0.000000;0.000000;13.956827
6943;344.000000;46.000000;-30.000000;-13.956827;0.000000;0.000000;0.000000;0.000000;0.000000;13.956827
6944;344.000000;46.000000;30.000000;13.956827;0.000000;0.000000;0.000000;0.000000;0.000000;13.956827
6945;344.000000;50.000000;-30.000000;-13.956827;0.000000;0.000000;0.000000;0.000000;0.000000;13.956827
6946;344.000000;50.000000;-26.000000;-12.095917;0.000000;0.000000;0.000000;0.000000;0.000000;12.095917
6947;344.000000;50.000000;-22.000000;-10.235006;0.000000;0.000000;0.000000;0.000000;0.000000;10.235006
6948;344.000000;50.000000;-18.000000;-8.374096;0.000000;0.000000;0.000000;0.000000;0.000000;8.374096
6949;344.000000;50.000000;-14.000000;-6.513186;0.000000;0.000000;0.000000;0.000000;0.000000;6.513186
6950;344.000000;50.000000;-10.000000;-4.652276;0.000000;0.000000;0.000000;0.000000;0.000000;4.652276
6951;344.000000;50.000000;-6.000000;-2.791365;0.000000;0.000000;0.000000;0.000000;0.000000;2.791365
6952;344.000000;50.000000;-2.000000;-0.930455;0.000000;0.000000;0.000000;0.000000;0.000000;0.930455
6953;344.000000;50.000000;2.000000;0.930455;0.000000;0.000000;0.000000;0.000000;0.000000;0.930455
6954;344.000000;50.000000;6.000000;2.791365;0.000000;0.000000;0.000000;0.000000;0.000000;2.791365
6955;344.000000;50.000000;10.000000;4.652276;0.000000;0.000000;0.000000;0.000000;0.000000;4.652276
6956;344.000000;50.000000;14.000000;6.513186;0.000000;0.000000;0.000000;0.000000;0.000000;6.513186
6957;344.000000;50.000000;18.000000;8.374096;0.000000;0.000000;0.000000;0.000000;0.000000;8.374096
6958;344.000000;50.000000;22.000000;10.235006;0.000000;0.000000;0.000000;0.000000;0.000000;10.235006
6959;344.000000;50.000000;26.000000;12.095917;0.000000;0.000000;0.000000;0.000000;0.000000;12.095917
6960;344.000000;50.000000;30.000000;13.956827;0.000000;0.000000;0.000000;0.000000;0.000000;13.956827
6961;348.000000;-50.000000;-30.000000;-12.959911;0.000000;0.000000;0.000000;0.000000;0.000000;12.959911
6962;348.000000;-50.000000;-26.000000;-11.231923;0.000000;0.000000;0.000000;0.000000;0.000000;11.231923
6963;348.000000;-50.000000;-22.000000;-9.503934;0.000000;0.000000;0.000000;0.000000;0.000000;9.503934
6964;348.000000;-50.000000;-18.000000;-7.775946;0.000000;0.000000;0.000000;0.000000;0.000000;7.775946
6965;348.000000;-50.000000;-14.000000;-6.047958;0.000000;0.000000;0.000000;0.000000;0.000000;6.047958
6966;348.000000;-50.000000;-10.000000;-4.319970;0.000000;0.000000;0.000000;0.000000;0.000000;4.319970
6967;348.000000;-50.000000;-6.000000;-2.591982;0.000000;0.000000;0.000000;0.000000;0.000000;2.591982
6968;348.000000;-50.000000;-2.000000;-0.863994;0.000000;0.000000;0.000000;0.000000;0.000000;0.863994
6969;348.000000;-50.000000;2.000000;0.863994;0.000000;0.000000;0.000000;0.000000;0.000000;0.863994
6970;348.000000;-50.000000;6.000000;2.591982;0.000000;0.000000;0.000000;0.000000;0.000000;2.591982
6971;348.000000;-50.000000;10.000000;4.319970;0.000000;0.000000;0.000000;0.000000;0.000000;4.319970
6972;348.000000;-50.000000;14.000000;6.047958;0.000000;0.000000;0.000000;0.000000;0.000000;6.047958
6973;348.000000;-50.000000;18.000000;7.775946;0.000000;0.000000;0.000000;0.000000;0.000000;7.775946
6974;348.000000;-50.000000;22.000000;9.503934;0.000000;0.000000;0.000000;0.000000;0.000000;9.503934
6975;348.000000;-50.000000;26.000000;11.231923;0.000000;0.000000;0.000000;0.000000;0.000000;11.231923
6976;348.000000;-50.000000;30.000000;12.959911;0.000000;0.000000;0.000000;0.000000;0.000000;12.959911
6977;348.000000;-46.000000;-30.000000;-12.959911;0.000000;0.000000;0.000000;0.000000;0.000000;12.959911
6978;348.000000;-46.000000;30.000000;12.959911;0.000000;0.000000;0.000000;0.000000;0.000000;12.959911
6979;348.000000;-42.000000;-30.000000;-12.959911;0.000000;0.000000;0.000000;0.000000;0.000000;12.959911
6980;348.000000;-42.000000;30.000000;12.959911;0.000000;0.000000;0.000000;0.000000;0.000000;12.959911
6981;348.000000;-38.000000;-30.000000;-12.959911;0.000000;0.000000;0.000000;0.000000;0.000000;12.959911
6982;348.000000;-38.000000;30.000000;12.959911;0.000000;0.000000;0.000000;0.000000;0.000000;12.959911
6983;348.000000;-34.000000;-30.000000;-12.959911;0.000000;0.000000;0.000000;0.000000;0.000000;12.959911
6984;348.000000;-34.000000;30.000000;12.959911;0.000000;0.000000;0.000000;0.000000;0.000000;12.959911
6985;348.000000;-30.000000;-30.000000;-12.959911;0.000000;0.000000;0.000000;0.000000;0.000000;12.959911
6986;348.000000;-30.000000;30.000000;12.959911;0.000000;0.000000;0.000000;0.000000;0.000000;12.959911
6987;348.000000;-26.000000;-30.000000;-12.959911;0.000000;0.000000;0.000000;0.000000;0.000000;12.959911
6988;348.000000;-26.000000;30.000000;12.959911;0.000000;0.000000;0.000000;0.000000;0.000000;12.959911
6989;348.000000;-22.000000;-30.000000;-12.959911;0.000000;0.000000;0.000000;0.000000;0.000000;12.959911
6990;348.000000;-22.000000;30.000000;12.959911;0.000000;0.000000;0.000000;0.000000;0.000000;12.959911
6991;348.000000;-18.000000;-30.000000;-12.959911;0.000000;0.000000;0.000000;0.000000;0.000000;12.959911
6992;348.000000;-18.000000;30.000000;12.959911;0.000000;0.000000;0.000000;0.000000;0.000000;12.959911
6993;348.000000;-14.000000;-30.000000;-12.959911;0.000000;0.000000;0.000000;0.000000;0.000000;12.959911
6994;348.000000;-14.000000;30.000000;12.959911;0.000000;0.000000;0.000000;0.000000;0.000000;12.959911
6995;348.000000;-10.000000;-30.000000;-12.959911;0.000000;0.000000;0.000000;0.000000;0.000000;12.959911
6996;348.000000;-10.000000;30.000000;12.959911;0.000000;0.000000;0.000000;0.000000;0.000000;12.959911
6997;348.000000;-6.000000;-30.000000;-12.959911;0.000000;0.000000;0.000000;0.000000;0.000000;12.959911
6998;348.000000;-6.000000;30.000000;12.959911;0.000000;0.000000;0.000000;0.000000;0.000000;12.959911
6999;348.000000;-2.000000;-30.000000;-12.959911;0.000000;0.000000;0.000000;0.000000;0.000000;12.959911
7000;348.000000;-2.000000;30.000000;12.959911;0.000000;0.000000;0.000000;0.000000;0.000000;12.959911
7001;348.000000;2.000000;-30.000000;-12.959911;0.000000;0.000000;0.000000;0.000000;0.000000;12.959911
7002;348.000000;2.000000;30.000000;12.959911;0.000000;0.000000;0.000000;0.000000;0.000000;12.959911
7003;348.000000;6.000000;-30.000000;-12.959911;0.000000;0.000000;0.000000;0.000000;0.000000;12.959911
7004;348.000000;6.000000;30.000000;12.959911;0.000000;0.000000;0.000000;0.000000;0.000000;12.959911
7005;348.000000;10.000000;-30.000000;-12.959911;0.000000;0.000000;0.000000;0.000000;0.000000;12.959911
7006;348.000000;10.000000;30.000000;12.959911;0.000000;0.000000;0.000000;0.000000;0.000000;12.959911
7007;348.000000;14.000000;-30.000000;-12.959911;0.000000;0.000000;0.000000;0.000000;0.000000;12.959911
7008;348.000000;14.000000;30.000000;12.959911;0.000000;0.000000;0.000000;0.000000;0.000000;12.959911
7009;348.000000;18.000000;-30.000000;-12.959911;0.000000;0.000000;0.000000;0.000000;0.000000;12.959911
7010;348.000000;18.000000;30.000000;12.959911;0.000000;0.000000;0.000000;0.000000;0.000000;12.959911
7011;348.000000;22.000000;-30.000000;-12.959911;0.000000;0.000000;0.000000;0.000000;0.000000;12.959911
7012;348.000000;22.000000;30.000000;12.959911;0.000000;0.000000;0.000000;0.000000;0.000000;12.959911
7013;348.000000;26.000000;-30.000000;-12.959911;0.000000;0.000000;0.000000;0.000000;0.000000;12.959911
7014;348.000000;26.000000;30.000000;12.959911;0.000000;0.000000;0.000000;0.000000;0.000000;12.959911
7015;348.000000;30.000000;-30.000000;-12.959911;0.000000;0.000000;0.000000;0.000000;0.000000;12.959911
7016;348.000000;30.000000;30.000000;12.959911;0.000000;0.000000;0.000000;0.000000;0.000000;12.959911
7017;348.000000;34.000000;-30.000000;-12.959911;0.000000;0.000000;0.000000;0.000000;0.000000;12.959911
7018;348.000000;34.000000;30.000000;12.959911;0.000000;0.000000;0.000000;0.000000;0.000000;12.959911
7019;348.000000;38.000000;-30.000000;-12.959911;0.000000;0.000000;0.000000;0.000000;0.000000;12.959911
7020;348.000000;38.000000;30.000000;12.959911;0.000000;0.000000;0.000000;0.000000;0.000000;12.959911
7021;348.000000;42.000000;-30.000000;-12.959911;0.000000;0.000000;0.000000;0.000000;0.000000;12.959911
7022;348.000000;42.000000;30.000000;12.959911;0.000000;0.000000;0.000000;0.000000;0.000000;12.959911
7023;348.000000;46.000000;-30.000000;-12.959911;0.000000;0.000000;0.000000;0.000000;0.000000;12.959911
7024;348.000000;46.000000;30.000000;12.959911;0.000000;0.000000;0.000000;0.000000;0.000000;12.959911
7025;348.000000;50.000000;-30.000000;-12.959911;0.000000;0.000000;0.000000;0.000000;0.000000;12.959911
7026;348.000000;50.000000;-26.000000;-11.231923;0.000000;0.000000;0.000000;0.000000;0.000000;11.231923
7027;348.000000;50.000000;-22.000000;-9.503934;0.000000;0.000000;0.000000;0.000000;0.000000;9.503934
7028;348.000000;50.000000;-18.000000;-7.775946;0.000000;0.000000;0.000000;0.000000;0.000000;7.775946
7029;348.000000;50.000000;-14.000000;-6.047958;0.000000;0.000000;0.000000;0.000000;0.000000;6.047958
7030;348.000000;50.000000;-10.000000;-4.319970;0.000000;0.000000;0.000000;0.000000;0.000000;4.319970
7031;348.000000;50.000000;-6.000000;-2.591982;0.000000;0.000000;0.000000;0.000000;0.000000;2.591982
7032;348.000000;50.000000;-2.000000;-0.863994;0.000000;0.000000;0.000000;0.000000;0.000000;0.863994
7033;348.000000;50.000000;2.000000;0.863994;0.000000;0.000000;0.000000;0.000000;0.000000;0.863994
7034;348.000000;50.000000;6.000000;2.591982;0.000000;0.000000;0.000000;0.000000;0.000000;2.591982
7035;348.000000;50.000000;10.000000;4.319970;0.000000;0.000000;0.000000;0.000000;0.000000;4.319970
7036;348.000000;50.000000;14.000000;6.047958;0.000000;0.000000;0.000000;0.000000;0.000000;6.047958
7037;348.000000;50.000000;18.000000;7.775946;0.000000;0.000000;0.000000;0.000000;0.000000;7.775946
7038;348.000000;50.000000;22.000000;9.503934;0.000000;0.000000;0.000000;0.000000;0.000000;9.503934
7039;348.000000;50.000000;26.000000;11.231923;0.000000;0.000000;0.000000;0.000000;0.000000;11.231923
7040;348.000000;50.000000;30.000000;12.959911;0.000000;0.000000;0.000000;0.000000;0.000000;12.959911
7041;352.000000;-50.000000;-30.000000;-11.962994;0.000000;0.000000;0.000000;0.000000;0.000000;11.962994
7042;352.000000;-50.000000;-26.000000;-10.367929;0.000000;0.000000;0.000000;0.000000;0.000000;10.367929
7043;352.000000;-50.000000;-22.000000;-8.772863;0.000000;0.000000;0.000000;0.000000;0.000000;8.772863
7044;352.000000;-50.000000;-18.000000;-7.177797;0.000000;0.000000;0.000000;0.000000;0.000000;7.177797
7045;352.000000;-50.000000;-14.000000;-5.582731;0.000000;0.000000;0.000000;0.000000;0.000000;5.582731
7046;352.000000;-50.000000;-10.000000;-3.987665;0.000000;0.000000;0.000000;0.000000;0.000000;3.987665
7047;352.000000;-50.000000;-6.000000;-2.392599;0.000000;0.000000;0.000000;0.000000;0.000000;2.392599
7048;352.000000;-50.000000;-2.000000;-0.797533;0.000000;0.000000;0.000000;0.000000;0.000000;0.797533
7049;352.000000;-50.000000;2.000000;0.797533;0.000000;0.000000;0.000000;0.000000;0.000000;0.797533
7050;352.000000;-50.000000;6.000000;2.392599;0.000000;0.000000;0.000000;0.000000;0.000000;2.392599
7051;352.000000;-50.000000;10.000000;3.987665;0.000000;0.000000;0.000000;0.000000;0.000000;3.987665
7052;352.000000;-50.000000;14.000000;5.582731;0.000000;0.000000;0.000000;0.000000;0.000000;5.582731
7053;352.000000;-50.000000;18.000000;7.177797;0.000000;0.000000;0.000000;0.000000;0.000000;7.177797
7054;352.000000;-50.000000;22.000000;8.772863;0.000000;0.000000;0.000000;0.000000;0.000000;8.772863
7055;352.000000;-50.000000;26.000000;10.367929;0.000000;0.000000;0.000000;0.000000;0.000000;10.367929
7056;352.000000;-50.000000;30.000000;11.962994;0.000000;0.000000;0.000000;0.000000;0.000000;11.962994
7057;352.000000;-46.000000;-30.000000;-11.962994;0.000000;0.000000;0.000000;0.000000;0.000000;11.962994
7058;352.000000;-46.000000;30.000000;11.962994;0.000000;0.000000;0.000000;0.000000;0.000000;11.962994
7059;352.000000;-42.000000;-30.000000;-11.962994;0.000000;0.000000;0.000000;0.000000;0.000000;11.962994
7060;352.000000;-42.000000;30.000000;11.962994;0.000000;0.000000;0.000000;0.000000;0.000000;11.962994
7061;352.000000;-38.000000;-30.000000;-11.962994;0.000000;0.000000;0.000000;0.000000;0.000000;11.962994
7062;352.000000;-38.000000;30.000000;11.962994;0.000000;0.000000;0.000000;0.000000;0.000000;11.962994
7063;352.000000;-34.000000;-30.000000;-11.962994;0.000000;0.000000;0.000000;0.000000;0.000000;11.962994
7064;352.000000;-34.000000;30.000000;11.962994;0.000000;0.000000;0.000000;0.000000;0.000000;11.962994
7065;352.000000;-30.000000;-30.000000;-11.962994;0.000000;0.000000;0.000000;0.000000;0.000000;11.962994
7066;352.000000;-30.000000;30.000000;11.962994;0.000000;0.000000;0.000000;0.000000;0.000000;11.962994
7067;352.000000;-26.000000;-30.000000;-11.962994;0.000000;0.000000;0.000000;0.000000;0.000000;11.962994
7068;352.000000;-26.000000;30.000000;11.962994;0.000000;0.000000;0.000000;0.000000;0.000000;11.962994
7069;352.000000;-22.000000;-30.000000;-11.962994;0.000000;0.000000;0.000000;0.000000;0.000000;11.962994
7070;352.000000;-22.000000;30.000000;11.962994;0.000000;0.000000;0.000000;0.000000;0.000000;11.962994
7071;352.000000;-18.000000;-30.000000;-11.962994;0.000000;0.000000;0.000000;0.000000;0.000000;11.962994
7072;352.000000;-18.000000;30.000000;11.962994;0.000000;0.000000;0.000000;0.000000;0.000000;11.962994
7073;352.000000;-14.000000;-30.000000;-11.962994;0.000000;0.000000;0.000000;0.000000;0.000000;11.962994
7074;352.000000;-14.000000;30.000000;11.962994;0.000000;0.000000;0.000000;0.000000;0.000000;11.962994
7075;352.000000;-10.000000;-30.000000;-11.962994;0.000000;0.000000;0.000000;0.000000;0.000000;11.962994
7076;352.000000;-10.000000;30.000000;11.962994;0.000000;0.000000;0.000000;0.000000;0.000000;11.962994
7077;352.000000;-6.000000;-30.000000;-11.962994;0.000000;0.000000;0.000000;0.000000;0.000000;11.962994
7078;352.000000;-6.000000;30.000000;11.962994;0.000000;0.000000;0.000000;0.000000;0.000000;11.962994
7079;352.000000;-2.000000;-30.000000;-11.962994;0.000000;0.000000;0.000000;0.000000;0.000000;11.962994
7080;352.000000;-2.000000;30.000000;11.962994;0.000000;0.000000;0.000000;0.000000;0.000000;11.962994
7081;352.000000;2.000000;-30.000000;-11.962994;0.000000;0.000000;0.000000;0.000000;0.000000;11.962994
7082;352.000000;2.000000;30.000000;11.962994;0.000000;0.000000;0.000000;0.000000;0.000000;11.962994
7083;352.000000;6.000000;-30.000000;-11.962994;0.000000;0.000000;0.000000;0.000000;0.000000;11.962994
7084;352.000000;6.000000;30.000000;11.962994;0.000000;0.000000;0.000000;0.000000;0.000000;11.962994
7085;352.000000;10.000000;-30.000000;-11.962994;0.000000;0.000000;0.000000;0.000000;0.000000;11.962994
7086;352.000000;10.000000;30.000000;11.962994;0.000000;0.000000;0.000000;0.000000;0.000000;11.962994
7087;352.000000;14.000000;-30.000000;-11.962994;0.000000;0.000000;0.000000;0.000000;0.000000;11.962994
7088;352.000000;14.000000;30.000000;11.962994;0.000000;0.000000;0.000000;0.000000;0.000000;11.962994
7089;352.000000;18.000000;-30.000000;-11.962994;0.000000;0.000000;0.000000;0.000000;0.000000;11.962994
7090;352.000000;18.000000;30.000000;11.962994;0.000000;0.000000;0.000000;0.000000;0.000000;11.962994
7091;352.000000;22.000000;-30.000000;-11.962994;0.000000;0.000000;0.000000;0.000000;0.000000;11.962994
7092;352.000000;22.000000;30.000000;11.962994;0.000000;0.000000;0.000000;0.000000;0.000000;11.962994
7093;352.000000;26.000000;-30.000000;-11.962994;0.000000;0.000000;0.000000;0.000000;0.000000;11.962994
7094;352.000000;26.000000;30.000000;11.962994;0.000000;0.000000;0.000000;0.000000;0.000000;11.962994
7095;352.000000;30.000000;-30.000000;-11.962994;0.000000;0.000000;0.000000;0.000000;0.000000;11.962994
7096;352.000000;30.000000;30.000000;11.962994;0.000000;0.000000;0.000000;0.000000;0.000000;11.962994
7097;352.000000;34.000000;-30.000000;-11.962994;0.000000;0.000000;0.000000;0.000000;0.000000;11.962994
7098;352.000000;34.000000;30.000000;11.962994;0.000000;0.000000;0.000000;0.000000;0.000000;11.962994
7099;352.000000;38.000000;-30.000000;-11.962994;0.000000;0.000000;0.000000;0.000000;0.000000;11.962994
7100;352.000000;38.000000;30.000000;11.962994;0.000000;0.000000;0.000000;0.000000;0.000000;11.962994
7101;352.000000;42.000000;-30.000000;-11.962994;0.000000;0.000000;0.000000;0.000000;0.000000;11.962994
7102;352.000000;42.000000;30.000000;11.962994;0.000000;0.000000;0.000000;0.000000;0.000000;11.962994
7103;352.000000;46.000000;-30.000000;-11.962994;0.000000;0.000000;0.000000;0.000000;0.000000;11.962994
7104;352.000000;46.000000;30.000000;11.962994;0.000000;0.000000;0.000000;0.000000;0.000000;11.962994
7105;352.000000;50.000000;-30.000000;-11.962994;0.000000;0.000000;0.000000;0.000000;0.000000;11.962994
7106;352.000000;50.000000;-26.000000;-10.367929;0.000000;0.000000;0.000000;0.000000;0.000000;10.367929
7107;352.000000;50.000000;-22.000000;-8.772863;0.000000;0.000000;0.000000;0.000000;0.000000;8.772863
7108;352.000000;50.000000;-18.000000;-7.177797;0.000000;0.000000;0.000000;0.000000;0.000000;7.177797
7109;352.000000;50.000000;-14.000000;-5.582731;0.000000;0.000000;0.000000;0.000000;0.000000;5.582731
7110;352.000000;50.000000;-10.000000;-3.987665;0.000000;0.000000;0.000000;0.000000;0.000000;3.987665
7111;352.000000;50.000000;-6.000000;-2.392599;0.000000;0.000000;0.000000;0.000000;0.000000;2.392599
7112;352.000000;50.000000;-2.000000;-0.797533;0.000000;0.000000;0.000000;0.000000;0.000000;0.797533
7113;352.000000;50.000000;2.000000;0.797533;0.000000;0.000000;0.000000;0.000000;0.000000;0.797533
7114;352.000000;50.000000;6.000000;2.392599;0.000000;0.000000;0.000000;0.000000;0.000000;2.392599
7115;352.000000;50.000000;10.000000;3.987665;0.000000;0.000000;0.000000;0.000000;0.000000;3.987665
7116;352.000000;50.000000;14.000000;5.582731;0.000000;0.000000;0.000000;0.000000;0.000000;5.582731
7117;352.000000;50.000000;18.000000;7.177797;0.000000;0.000000;0.000000;0.000000;0.000000;7.177797
7118;352.000000;50.000000;22.000000;8.772863;0.000000;0.000000;0.000000;0.000000;0.000000;8.772863
7119;352.000000;50.000000;26.000000;10.367929;0.000000;0.000000;0.000000;0.000000;0.000000;10.367929
7120;352.000000;50.000000;30.000000;11.962994;0.000000;0.000000;0.000000;0.000000;0.000000;11.962994
7121;356.000000;-50.000000;-30.000000;-10.966078;0.000000;0.000000;0.000000;0.000000;0.000000;10.966078
7122;356.000000;-50.000000;-26.000000;-9.503934;0.000000;0.000000;0.000000;0.000000;0.000000;9.503934
7123;356.000000;-50.000000;-22.000000;-8.041791;0.000000;0.000000;0.000000;0.000000;0.000000;8.041791
7124;356.000000;-50.000000;-18.000000;-6.579647;0.000000;0.000000;0.000000;0.000000;0.000000;6.579647
7125;356.000000;-50.000000;-14.000000;-5.117503;0.000000;0.000000;0.000000;0.000000;0.000000;5.117503
7126;356.000000;-50.000000;-10.000000;-3.655359;0.000000;0.000000;0.000000;0.000000;0.000000;3.655359
7127;356.000000;-50.000000;-6.000000;-2.193216;0.000000;0.000000;0.000000;0.000000;0.000000;2.193216
7128;356.000000;-50.000000;-2.000000;-0.731072;0.000000;0.000000;0.000000;0.000000;0.000000;0.731072
7129;356.000000;-50.000000;2.000000;0.731072;0.000000;0.000000;0.000000;0.000000;0.000000;0.731072
7130;356.000000;-50.000000;6.000000;2.193216;0.000000;0.000000;0.000000;0.000000;0.000000;2.193216
7131;356.000000;-50.000000;10.000000;3.655359;0.000000;0.000000;0.000000;0.000000;0.000000;3.655359
7132;356.000000;-50.000000;14.000000;5.117503;0.000000;0.000000;0.000000;0.000000;0.000000;5.117503
7133;356.000000;-50.000000;18.000000;6.579647;0.000000;0.000000;0.000000;0.000000;0.000000;6.579647
7134;356.000000;-50.000000;22.000000;8.041791;0.000000;0.000000;0.000000;0.000000;0.000000;8.041791
7135;356.000000;-50.000000;26.000000;9.503934;0.000000;0.000000;0.000000;0.000000;0.000000;9.503934
7136;356.000000;-50.000000;30.000000;10.966078;0.000000;0.000000;0.000000;0.000000;0.000000;10.966078
7137;356.000000;-46.000000;-30.000000;-10.966078;0.000000;0.000000;0.000000;0.000000;0.000000;10.966078
7138;356.000000;-46.000000;30.000000;10.966078;0.000000;0.000000;0.000000;0.000000;0.000000;10.966078
7139;356.000000;-42.000000;-30.000000;-10.966078;0.000000;0.000000;0.000000;0.000000;0.000000;10.966078
7140;356.000000;-42.000000;30.000000;10.966078;0.000000;0.000000;0.000000;0.000000;0.000000;10.966078
7141;356.000000;-38.000000;-30.000000;-10.966078;0.000000;0.000000;0.000000;0.000000;0.000000;10.966078
7142;356.000000;-38.000000;30.000000;10.966078;0.000000;0.000000;0.000000;0.000000;0.000000;10.966078
7143;356.000000;-34.000000;-30.000000;-10.966078;0.000000;0.000000;0.000000;0.000000;0.000000;10.966078
7144;356.000000;-34.000000;30.000000;10.966078;0.000000;0.000000;0.000000;0.000000;0.000000;10.966078
7145;356.000000;-30.000000;-30.000000;-10.966078;0.000000;0.000000;0.000000;0.000000;0.000000;10.966078
7146;356.000000;-30.000000;30.000000;10.966078;0.000000;0.000000;0.000000;0.000000;0.000000;10.966078
7147;356.000000;-26.000000;-30.000000;-10.966078;0.000000;0.000000;0.000000;0.000000;0.000000;10.966078
7148;356.000000;-26.000000;30.000000;10.966078;0.000000;0.000000;0.000000;0.000000;0.000000;10.966078
7149;356.000000;-22.000000;-30.000000;-10.966078;0.000000;0.000000;0.000000;0.000000;0.000000;10.966078
7150;356.000000;-22.000000;30.000000;10.966078;0.000000;0.000000;0.000000;0.000000;0.000000;10.966078
7151;356.000000;-18.000000;-30.000000;-10.966078;0.000000;0.000000;0.000000;0.000000;0.000000;10.966078
7152;356.000000;-18.000000;30.000000;10.966078;0.000000;0.000000;0.000000;0.000000;0.000000;10.966078
7153;356.000000;-14.000000;-30.000000;-10.966078;0.000000;0.000000;0.000000;0.000000;0.000000;10.966078
7154;356.000000;-14.000000;30.000000;10.966078;0.000000;0.000000;0.000000;0.000000;0.000000;10.966078
7155;356.000000;-10.000000;-30.000000;-10.966078;0.000000;0.000000;0.000000;0.000000;0.000000;10.966078
7156;356.000000;-10.000000;30.000000;10.966078;0.000000;0.000000;0.000000;0.000000;0.000000;10.966078
7157;356.000000;-6.000000;-30.000000;-10.966078;0.000000;0.000000;0.000000;0.000000;0.000000;10.966078
7158;356.000000;-6.000000;30.000000;10.966078;0.000000;0.000000;0.000000;0.000000;0.000000;10.966078
7159;356.000000;-2.000000;-30.000000;-10.966078;0.000000;0.000000;0.000000;0.000000;0.000000;10.966078
7160;356.000000;-2.000000;30.000000;10.966078;0.000000;0.000000;0.000000;0.000000;0.000000;10.966078
7161;356.000000;2.000000;-30.000000;-10.966078;0.000000;0.000000;0.000000;0.000000;0.000000;10.966078
7162;356.000000;2.000000;30.000000;10.966078;0.000000;0.000000;0.000000;0.000000;0.000000;10.966078
7163;356.000000;6.000000;-30.000000;-10.966078;0.000000;0.000000;0.000000;0.000000;0.000000;10.966078
7164;356.000000;6.000000;30.000000;10.966078;0.000000;0.000000;0.000000;0.000000;0.000000;10.966078
7165;356.000000;10.000000;-30.000000;-10.966078;0.000000;0.000000;0.000000;0.000000;0.000000;10.966078
7166;356.000000;10.000000;30.000000;10.966078;0.000000;0.000000;0.000000;0.000000;0.000000;10.966078
7167;356.000000;14.000000;-30.000000;-10.966078;0.000000;0.000000;0.000000;0.000000;0.000000;10.966078
7168;356.000000;14.000000;30.000000;10.966078;0.000000;0.000000;0.000000;0.000000;0.000000;10.966078
7169;356.000000;18.000000;-30.000000;-10.966078;0.000000;0.000000;0.000000;0.000000;0.000000;10.966078
7170;356.000000;18.000000;30.000000;10.966078;0.000000;0.000000;0.000000;0.000000;0.000000;10.966078
7171;356.000000;22.000000;-30.000000;-10.966078;0.000000;0.000000;0.000000;0.000000;0.000000;10.966078
7172;356.000000;22.000000;30.000000;10.966078;0.000000;0.000000;0.000000;0.000000;0.000000;10.966078
7173;356.000000;26.000000;-30.000000;-10.966078;0.000000;0.000000;0.000000;0.000000;0.000000;10.966078
7174;356.000000;26.000000;30.000000;10.966078;0.000000;0.000000;0.000000;0.000000;0.000000;10.966078
7175;356.000000;30.000000;-30.000000;-10.966078;0.000000;0.000000;0.000000;0.000000;0.000000;10.966078
7176;356.000000;30.000000;30.000000;10.966078;0.000000;0.000000;0.000000;0.000000;0.000000;10.966078
7177;356.000000;34.000000;-30.000000;-10.966078;0.000000;0.000000;0.000000;0.000000;0.000000;10.966078
7178;356.000000;34.000000;30.000000;10.966078;0.000000;0.000000;0.000000;0.000000;0.000000;10.966078
7179;356.000000;38.000000;-30.000000;-10.966078;0.000000;0.000000;0.000000;0.000000;0.000000;10.966078
7180;356.000000;38.000000;30.000000;10.966078;0.000000;0.000000;0.000000;0.000000;0.000000;10.966078
7181;356.000000;42.000000;-30.000000;-10.966078;0.000000;0.000000;0.000000;0.000000;0.000000;10.966078
7182;356.000000;42.000000;30.000000;10.966078;0.000000;0.000000;0.000000;0.000000;0.000000;10.966078
7183;356.000000;46.000000;-30.000000;-10.966078;0.000000;0.000000;0.000000;0.000000;0.000000;10.966078
7184;356.000000;46.000000;30.000000;10.966078;0.000000;0.000000;0.000000;0.000000;0.000000;10.966078
7185;356.000000;50.000000;-30.000000;-10.966078;0.000000;0.000000;0.000000;0.000000;0.000000;10.966078
7186;356.000000;50.000000;-26.000000;-9.503934;0.000000;0.000000;0.000000;0.000000;0.000000;9.503934
7187;356.000000;50.000000;-22.000000;-8.041791;0.000000;0.000000;0.000000;0.000000;0.000000;8.041791
7188;356.000000;50.000000;-18.000000;-6.579647;0.000000;0.000000;0.000000;0.000000;0.000000;6.579647
7189;356.000000;50.000000;-14.000000;-5.117503;0.000000;0.000000;0.000000;0.000000;0.000000;5.117503
7190;356.000000;50.000000;-10.000000;-3.655359;0.000000;0.000000;0.000000;0.000000;0.000000;3.655359
7191;356.000000;50.000000;-6.000000;-2.193216;0.000000;0.000000;0.000000;0.000000;0.000000;2.193216
7192;356.000000;50.000000;-2.000000;-0.731072;0.000000;0.000000;0.000000;0.000000;0.000000;0.731072
7193;356.000000;50.000000;2.000000;0.731072;0.000000;0.000000;0.000000;0.000000;0.000000;0.731072
7194;356.000000;50.000000;6.000000;2.193216;0.000000;0.000000;0.000000;0.000000;0.000000;2.193216
7195;356.000000;50.000000;10.000000;3.655359;0.000000;0.000000;0.000000;0.000000;0.000000;3.655359
7196;356.000000;50.000000;14.000000;5.117503;0.000000;0.000000;0.000000;0.000000;0.000000;5.117503
7197;356.000000;50.000000;18.000000;6.579647;0.000000;0.000000;0.000000;0.000000;0.000000;6.579647
7198;356.000000;50.000000;22.000000;8.041791;0.000000;0.000000;0.000000;0.000000;0.000000;8.041791
7199;356.000000;50.000000;26.000000;9.503934;0.000000;0.000000;0.000000;0.000000;0.000000;9.503934
7200;356.000000;50.000000;30.000000;10.966078;0.000000;0.000000;0.000000;0.000000;0.000000;10.966078
7201;360.000000;-50.000000;-30.000000;-9.969162;0.000000;0.000000;0.000000;0.000000;0.000000;9.969162
7202;360.000000;-50.000000;-26.000000;-8.639940;0.000000;0.000000;0.000000;0.000000;0.000000;8.639940
7203;360.000000;-50.000000;-22.000000;-7.310719;0.000000;0.000000;0.000000;0.000000;0.000000;7.310719
7204;360.000000;-50.000000;-18.000000;-5.981497;0.000000;0.000000;0.000000;0.000000;0.000000;5.981497
7205;360.000000;-50.000000;-14.000000;-4.652276;0.000000;0.000000;0.000000;0.000000;0.000000;4.652276
7206;360.000000;-50.000000;-10.000000;-3.323054;0.000000;0.000000;0.000000;0.000000;0.000000;3.323054
7207;360.000000;-50.000000;-6.000000;-1.993832;0.000000;0.000000;0.000000;0.000000;0.000000;1.993832
7208;360.000000;-50.000000;-2.000000;-0.664611;0.000000;0.000000;0.000000;0.000000;0.000000;0.664611
7209;360.000000;-50.000000;2.000000;0.664611;0.000000;0.000000;0.000000;0.000000;0.000000;0.664611
7210;360.000000;-50.000000;6.000000;1.993832;0.000000;0.000000;0.000000;0.000000;0.000000;1.993832
7211;360.000000;-50.000000;10.000000;3.323054;0.000000;0.000000;0.000000;0.000000;0.000000;3.323054
7212;360.000000;-50.000000;14.000000;4.652276;0.000000;0.000000;0.000000;0.000000;0.000000;4.652276
7213;360.000000;-50.000000;18.000000;5.981497;0.000000;0.000000;0.000000;0.000000;0.000000;5.981497
7214;360.000000;-50.000000;22.000000;7.310719;0.000000;0.000000;0.000000;0.000000;0.000000;7.310719
7215;360.000000;-50.000000;26.000000;8.639940;0.000000;0.000000;0.000000;0.000000;0.000000;8.639940
7216;360.000000;-50.000000;30.000000;9.969162;0.000000;0.000000;0.000000;0.000000;0.000000;9.969162
7217;360.000000;-46.000000;-30.000000;-9.969162;0.000000;0.000000;0.000000;0.000000;0.000000;9.969162
7218;360.000000;-46.000000;30.000000;9.969162;0.000000;0.000000;0.000000;0.000000;0.000000;9.969162
7219;360.000000;-42.000000;-30.000000;-9.969162;0.000000;0.000000;0.000000;0.000000;0.000000;9.969162
7220;360.000000;-42.000000;30.000000;9.969162;0.000000;0.000000;0.000000;0.000000;0.000000;9.969162
7221;360.000000;-38.000000;-30.000000;-9.969162;0.000000;0.000000;0.000000;0.000000;0.000000;9.969162
7222;360.000000;-38.000000;30.000000;9.969162;0.000000;0.000000;0.000000;0.000000;0.000000;9.969162
7223;360.000000;-34.000000;-30.000000;-9.969162;0.000000;0.000000;0.000000;0.000000;0.000000;9.969162
7224;360.000000;-34.000000;30.000000;9.969162;0.000000;0.000000;0.000000;0.000000;0.000000;9.969162
7225;360.000000;-30.000000;-30.000000;-9.969162;0.000000;0.000000;0.000000;0.000000;0.000000;9.969162
7226;360.000000;-30.000000;30.000000;9.969162;0.000000;0.000000;0.000000;0.000000;0.000000;9.969162
7227;360.000000;-26.000000;-30.000000;-9.969162;0.000000;0.000000;0.000000;0.000000;0.000000;9.969162
7228;360.000000;-26.000000;30.000000;9.969162;0.000000;0.000000;0.000000;0.000000;0.000000;9.969162
7229;360.000000;-22.000000;-30.000000;-9.969162;0.000000;0.000000;0.000000;0.000000;0.000000;9.969162
7230;360.000000;-22.000000;30.000000;9.969162;0.000000;0.000000;0.000000;0.000000;0.000000;9.969162
7231;360.000000;-18.000000;-30.000000;-9.969162;0.000000;0.000000;0.000000;0.000000;0.000000;9.969162
7232;360.000000;-18.000000;30.000000;9.969162;0.000000;0.000000;0.000000;0.000000;0.000000;9.969162
7233;360.000000;-14.000000;-30.000000;-9.969162;0.000000;0.000000;0.000000;0.000000;0.000000;9.969162
7234;360.000000;-14.000000;30.000000;9.969162;0.000000;0.000000;0.000000;0.000000;0.000000;9.969162
7235;360.000000;-10.000000;-30.000000;-9.969162;0.000000;0.000000;0.000000;0.000000;0.000000;9.969162
7236;360.000000;-10.000000;30.000000;9.969162;0.000000;0.000000;0.000000;0.000000;0.000000;9.969162
7237;360.000000;-6.000000;-30.000000;-9.969162;0.000000;0.000000;0.000000;0.000000;0.000000;9.969162
7238;360.000000;-6.000000;30.000000;9.969162;0.000000;0.000000;0.000000;0.000000;0.000000;9.969162
7239;360.000000;-2.000000;-30.000000;-9.969162;0.000000;0.000000;0.000000;0.000000;0.000000;9.969162
7240;360.000000;-2.000000;30.000000;9.969162;0.000000;0.000000;0.000000;0.000000;0.000000;9.969162
7241;360.000000;2.000000;-30.000000;-9.969162;0.000000;0.000000;0.000000;0.000000;0.000000;9.969162
7242;360.000000;2.000000;30.000000;9.969162;0.000000;0.000000;0.000000;0.000000;0.000000;9.969162
7243;360.000000;6.000000;-30.000000;-9.969162;0.000000;0.000000;0.000000;0.000000;0.000000;9.969162
7244;360.000000;6.000000;30.000000;9.969162;0.000000;0.000000;0.000000;0.000000;0.000000;9.969162
7245;360.000000;10.000000;-30.000000;-9.969162;0.000000;0.000000;0.000000;0.000000;0.000000;9.969162
7246;360.000000;10.000000;30.000000;9.969162;0.000000;0.000000;0.000000;0.000000;0.000000;9.969162
7247;360.000000;14.000000;-30.000000;-9.969162;0.000000;0.000000;0.000000;0.000000;0.000000;9.969162
7248;360.000000;14.000000;30.000000;9.969162;0.000000;0.000000;0.000000;0.000000;0.000000;9.969162
7249;360.000000;18.000000;-30.000000;-9.969162;0.000000;0.000000;0.000000;0.000000;0.000000;9.969162
7250;360.000000;18.000000;30.000000;9.969162;0.000000;0.000000;0.000000;0.000000;0.000000;9.969162
7251;360.000000;22.000000;-30.000000;-9.969162;0.000000;0.000000;0.000000;0.000000;0.000000;9.969162
7252;360.000000;22.000000;30.000000;9.969162;0.000000;0.000000;0.000000;0.000000;0.000000;9.969162
7253;360.000000;26.000000;-30.000000;-9.969162;0.000000;0.000000;0.000000;0.000000;0.000000;9.969162
7254;360.000000;26.000000;30.000000;9.969162;0.000000;0.000000;0.000000;0.000000;0.000000;9.969162
7255;360.000000;30.000000;-30.000000;-9.969162;0.000000;0.000000;0.000000;0.000000;0.000000;9.969162
7256;360.000000;30.000000;30.000000;9.969162;0.000000;0.000000;0.000000;0.000000;0.000000;9.969162
7257;360.000000;34.000000;-30.000000;-9.969162;0.000000;0.000000;0.000000;0.000000;0.000000;9.969162
7258;360.000000;34.000000;30.000000;9.969162;0.000000;0.000000;0.000000;0.000000;0.000000;9.969162
7259;360.000000;38.000000;-30.000000;-9.969162;0.000000;0.000000;0.000000;0.000000;0.000000;9.969162
7260;360.000000;38.000000;30.000000;9.969162;0.000000;0.000000;0.000000;0.000000;0.000000;9.969162
7261;360.000000;42.000000;-30.000000;-9.969162;0.000000;0.000000;0.000000;0.000000;0.000000;9.969162
7262;360.000000;42.000000;30.000000;9.969162;0.000000;0.000000;0.000000;0.000000;0.000000;9.969162
7263;360.000000;46.000000;-30.000000;-9.969162;0.000000;0.000000;0.000000;0.000000;0.000000;9.969162
7264;360.000000;46.000000;30.000000;9.969162;0.000000;0.000000;0.000000;0.000000;0.000000;9.969162
7265;360.000000;50.000000;-30.000000;-9.969162;0.000000;0.000000;0.000000;0.000000;0.000000;9.969162
7266;360.000000;50.000000;-26.000000;-8.639940;0.000000;0.000000;0.000000;0.000000;0.000000;8.639940
7267;360.000000;50.000000;-22.000000;-7.310719;0.000000;0.000000;0.000000;0.000000;0.000000;7.310719
7268;360.000000;50.000000;-18.000000;-5.981497;0.000000;0.000000;0.000000;0.000000;0.000000;5.981497
7269;360.000000;50.000000;-14.000000;-4.652276;0.000000;0.000000;0.000000;0.000000;0.000000;4.652276
7270;360.000000;50.000000;-10.000000;-3.323054;0.000000;0.000000;0.000000;0.000000;0.000000;3.323054
7271;360.000000;50.000000;-6.000000;-1.993832;0.000000;0.000000;0.000000;0.000000;0.000000;1.993832
7272;360.000000;50.000000;-2.000000;-0.664611;0.000000;0.000000;0.000000;0.000000;0.000000;0.664611
7273;360.000000;50.000000;2.000000;0.664611;0.000000;0.000000;0.000000;0.000000;0.000000;0.664611
7274;360.000000;50.000000;6.000000;1.993832;0.000000;0.000000;0.000000;0.000000;0.000000;1.993832
7275;360.000000;50.000000;10.000000;3.323054;0.000000;0.000000;0.000000;0.000000;0.000000;3.323054
7276;360.000000;50.000000;14.000000;4.652276;0.000000;0.000000;0.000000;0.000000;0.000000;4.652276
7277;360.000000;50.000000;18.000000;5.981497;0.000000;0.000000;0.000000;0.000000;0.000000;5.981497
7278;360.000000;50.000000;22.000000;7.310719;0.000000;0.000000;0.000000;0.000000;0.000000;7.310719
7279;360.000000;50.000000;26.000000;8.639940;0.000000;0.000000;0.000000;0.000000;0.000000;8.639940
7280;360.000000;50.000000;30.000000;9.969162;0.000000;0.000000;0.000000;0.000000;0.000000;9.969162
7281;364.000000;-50.000000;-30.000000;-8.972246;0.000000;0.000000;0.000000;0.000000;0.000000;8.972246
7282;364.000000;-50.000000;-26.000000;-7.775946;0.000000;0.000000;0.000000;0.000000;0.000000;7.775946
7283;364.000000;-50.000000;-22.000000;-6.579647;0.000000;0.000000;0.000000;0.000000;0.000000;6.579647
7284;364.000000;-50.000000;-18.000000;-5.383348;0.000000;0.000000;0.000000;0.000000;0.000000;5.383348
7285;364.000000;-50.000000;-14.000000;-4.187048;0.000000;0.000000;0.000000;0.000000;0.000000;4.187048
7286;364.000000;-50.000000;-10.000000;-2.990749;0.000000;0.000000;0.000000;0.000000;0.000000;2.990749
7287;364.000000;-50.000000;-6.000000;-1.794449;0.000000;0.000000;0.000000;0.000000;0.000000;1.794449
7288;364.000000;-50.000000;-2.000000;-0.598150;0.000000;0.000000;0.000000;0.000000;0.000000;0.598150
7289;364.000000;-50.000000;2.000000;0.598150;0.000000;0.000000;0.000000;0.000000;0.000000;0.598150
7290;364.000000;-50.000000;6.000000;1.794449;0.000000;0.000000;0.000000;0.000000;0.000000;1.794449
7291;364.000000;-50.000000;10.000000;2.990749;0.000000;0.000000;0.000000;0.000000;0.000000;2.990749
7292;364.000000;-50.000000;14.000000;4.187048;0.000000;0.000000;0.000000;0.000000;0.000000;4.187048
7293;364.000000;-50.000000;18.000000;5.383348;0.000000;0.000000;0.000000;0.000000;0.000000;5.383348
7294;364.000000;-50.000000;22.000000;6.579647;0.000000;0.000000;0.000000;0.000000;0.000000;6.579647
7295;364.000000;-50.000000;26.000000;7.775946;0.000000;0.000000;0.000000;0.000000;0.000000;7.775946
7296;364.000000;-50.000000;30.000000;8.972246;0.000000;0.000000;0.000000;0.000000;0.000000;8.972246
7297;364.000000;-46.000000;-30.000000;-8.972246;0.000000;0.000000;0.000000;0.000000;0.000000;8.972246
7298;364.000000;-46.000000;30.000000;8.972246;0.000000;0.000000;0.000000;0.000000;0.000000;8.972246
7299;364.000000;-42.000000;-30.000000;-8.972246;0.000000;0.000000;0.000000;0.000000;0.000000;8.972246
7300;364.000000;-42.000000;30.000000;8.972246;0.000000;0.000000;0.000000;0.000000;0.000000;8.972246
7301;364.000000;-38.000000;-30.000000;-8.972246;0.000000;0.000000;0.000000;0.000000;0.000000;8.972246
7302;364.000000;-38.000000;30.000000;8.972246;0.000000;0.000000;0.000000;0.000000;0.000000;8.972246
7303;364.000000;-34.000000;-30.000000;-8.972246;0.000000;0.000000;0.000000;0.000000;0.000000;8.972246
7304;364.000000;-34.000000;30.000000;8.972246;0.000000;0.000000;0.000000;0.000000;0.000000;8.972246
7305;364.000000;-30.000000;-30.000000;-8.972246;0.000000;0.000000;0.000000;0.000000;0.000000;8.972246
7306;364.000000;-30.000000;30.000000;8.972246;0.000000;0.000000;0.000000;0.000000;0.000000;8.972246
7307;364.000000;-26.000000;-30.000000;-8.972246;0.000000;0.000000;0.000000;0.000000;0.000000;8.972246
7308;364.000000;-26.000000;30.000000;8.972246;0.000000;0.000000;0.000000;0.000000;0.000000;8.972246
7309;364.000000;-22.000000;-30.000000;-8.972246;0.000000;0.000000;0.000000;0.000000;0.000000;8.972246
7310;364.000000;-22.000000;30.000000;8.972246;0.000000;0.000000;0.000000;0.000000;0.000000;8.972246
7311;364.000000;-18.000000;-30.000000;-8.972246;0.000000;0.000000;0.000000;0.000000;0.000000;8.972246
7312;364.000000;-18.000000;30.000000;8.972246;0.000000;0.000000;0.000000;0.000000;0.000000;8.972246
7313;364.000000;-14.000000;-30.000000;-8.972246;0.000000;0.000000;0.000000;0.000000;0.000000;8.972246
7314;364.000000;-14.000000;30.000000;8.972246;0.000000;0.000000;0.000000;0.000000;0.000000;8.972246
7315;364.000000;-10.000000;-30.000000;-8.972246;0.000000;0.000000;0.000000;0.000000;0.000000;8.972246
7316;364.000000;-10.000000;30.000000;8.972246;0.000000;0.000000;0.000000;0.000000;0.000000;8.972246
7317;364.000000;-6.000000;-30.000000;-8.972246;0.000000;0.000000;0.000000;0.000000;0.000000;8.972246
7318;364.000000;-6.000000;30.000000;8.972246;0.000000;0.000000;0.000000;0.000000;0.000000;8.972246
7319;364.000000;-2.000000;-30.000000;-8.972246;0.000000;0.000000;0.000000;0.000000;0.000000;8.972246
7320;364.000000;-2.000000;30.000000;8.972246;0.000000;0.000000;0.000000;0.000000;0.000000;8.972246
7321;364.000000;2.000000;-30.000000;-8.972246;0.000000;0.000000;0.000000;0.000000;0.000000;8.972246
7322;364.000000;2.000000;30.000000;8.972246;0.000000;0.000000;0.000000;0.000000;0.000000;8.972246
7323;364.000000;6.000000;-30.000000;-8.972246;0.000000;0.000000;0.000000;0.000000;0.000000;8.972246
7324;364.000000;6.000000;30.000000;8.972246;0.000000;0.000000;0.000000;0.000000;0.000000;8.972246
7325;364.000000;10.000000;-30.000000;-8.972246;0.000000;0.000000;0.000000;0.000000;0.000000;8.972246
7326;364.000000;10.000000;30.000000;8.972246;0.000000;0.000000;0.000000;0.000000;0.000000;8.972246
7327;364.000000;14.000000;-30.000000;-8.972246;0.000000;0.000000;0.000000;0.000000;0.000000;8.972246
7328;364.000000;14.000000;30.000000;8.972246;0.000000;0.000000;0.000000;0.000000;0.000000;8.972246
7329;364.000000;18.000000;-30.000000;-8.972246;0.000000;0.000000;0.000000;0.000000;0.000000;8.972246
7330;364.000000;18.000000;30.000000;8.972246;0.000000;0.000000;0.000000;0.000000;0.000000;8.972246
7331;364.000000;22.000000;-30.000000;-8.972246;0.000000;0.000000;0.000000;0.000000;0.000000;8.972246
7332;364.000000;22.000000;30.000000;8.972246;0.000000;0.000000;0.000000;0.000000;0.000000;8.972246
7333;364.000000;26.000000;-30.000000;-8.972246;0.000000;0.000000;0.000000;0.000000;0.000000;8.972246
7334;364.000000;26.000000;30.000000;8.972246;0.000000;0.000000;0.000000;0.000000;0.000000;8.972246
7335;364.000000;30.000000;-30.000000;-8.972246;0.000000;0.000000;0.000000;0.000000;0.000000;8.972246
7336;364.000000;30.000000;30.000000;8.972246;0.000000;0.000000;0.000000;0.000000;0.000000;8.972246
7337;364.000000;34.000000;-30.000000;-8.972246;0.000000;0.000000;0.000000;0.000000;0.000000;8.972246
7338;364.000000;34.000000;30.000000;8.972246;0.000000;0.000000;0.000000;0.000000;0.000000;8.972246
7339;364.000000;38.000000;-30.000000;-8.972246;0.000000;0.000000;0.000000;0.000000;0.000000;8.972246
7340;364.000000;38.000000;30.000000;8.972246;0.000000;0.000000;0.000000;0.000000;0.000000;8.972246
7341;364.000000;42.000000;-30.000000;-8.972246;0.000000;0.000000;0.000000;0.000000;0.000000;8.972246
7342;364.000000;42.000000;30.000000;8.972246;0.000000;0.000000;0.000000;0.000000;0.000000;8.972246
7343;364.000000;46.000000;-30.000000;-8.972246;0.000000;0.000000;0.000000;0.000000;0.000000;8.972246
7344;364.000000;46.000000;30.000000;8.972246;0.000000;0.000000;0.000000;0.000000;0.000000;8.972246
7345;364.000000;50.000000;-30.000000;-8.972246;0.000000;0.000000;0.000000;0.000000;0.000000;8.972246
7346;364.000000;50.000000;-26.000000;-7.775946;0.000000;0.000000;0.000000;0.000000;0.000000;7.775946
7347;364.000000;50.000000;-22.000000;-6.579647;0.000000;0.000000;0.000000;0.000000;0.000000;6.579647
7348;364.000000;50.000000;-18.000000;-5.383348;0.000000;0.000000;0.000000;0.000000;0.000000;5.383348
7349;364.000000;50.000000;-14.000000;-4.187048;0.000000;0.000000;0.000000;0.000000;0.000000;4.187048
7350;364.000000;50.000000;-10.000000;-2.990749;0.000000;0.000000;0.000000;0.000000;0.000000;2.990749
7351;364.000000;50.000000;-6.000000;-1.794449;0.000000;0.000000;0.000000;0.000000;0.000000;1.794449
7352;364.000000;50.000000;-2.000000;-0.598150;0.000000;0.000000;0.000000;0.000000;0.000000;0.598150
7353;364.000000;50.000000;2.000000;0.598150;0.000000;0.000000;0.000000;0.000000;0.000000;0.598150
7354;364.000000;50.000000;6.000000;1.794449;0.000000;0.000000;0.000000;0.000000;0.000000;1.794449
7355;364.000000;50.000000;10.000000;2.990749;0.000000;0.000000;0.000000;0.000000;0.000000;2.990749
7356;364.000000;50.000000;14.000000;4.187048;0.000000;0.000000;0.000000;0.000000;0.000000;4.187048
7357;364.000000;50.000000;18.000000;5.383348;0.000000;0.000000;0.000000;0.000000;0.000000;5.383348
7358;364.000000;50.000000;22.000000;6.579647;0.000000;0.000000;0.000000;0.000000;0.000000;6.579647
7359;364.000000;50.000000;26.000000;7.775946;0.000000;0.000000;0.000000;0.000000;0.000000;7.775946
7360;364.000000;50.000000;30.000000;8.972246;0.000000;0.000000;0.000000;0.000000;0.000000;8.972246
7361;368.000000;-50.000000;-30.000000;-7.975330;0.000000;0.000000;0.000000;0.000000;0.000000;7.975330
7362;368.000000;-50.000000;-26.000000;-6.911952;0.000000;0.000000;0.000000;0.000000;0.000000;6.911952
7363;368.000000;-50.000000;-22.000000;-5.848575;0.000000;0.000000;0.000000;0.000000;0.000000;5.848575
7364;368.000000;-50.000000;-18.000000;-4.785198;0.000000;0.000000;0.000000;0.000000;0.000000;4.785198
7365;368.000000;-50.000000;-14.000000;-3.721821;0.000000;0.000000;0.000000;0.000000;0.000000;3.721821
7366;368.000000;-50.000000;-10.000000;-2.658443;0.000000;0.000000;0.000000;0.000000;0.000000;2.658443
7367;368.000000;-50.000000;-6.000000;-1.595066;0.000000;0.000000;0.000000;0.000000;0.000000;1.595066
7368;368.000000;-50.000000;-2.000000;-0.531689;0.000000;0.000000;0.000000;0.000000;0.000000;0.531689
7369;368.000000;-50.000000;2.000000;0.531689;0.000000;0.000000;0.000000;0.000000;0.000000;0.531689
7370;368.000000;-50.000000;6.000000;1.595066;0.000000;0.000000;0.000000;0.000000;0.000000;1.595066
7371;368.000000;-50.000000;10.000000;2.658443;0.000000;0.000000;0.000000;0.000000;0.000000;2.658443
7372;368.000000;-50.000000;14.000000;3.721821;0.000000;0.000000;0.000000;0.000000;0.000000;3.721821
7373;368.000000;-50.000000;18.000000;4.785198;0.000000;0.000000;0.000000;0.000000;0.000000;4.785198
7374;368.000000;-50.000000;22.000000;5.848575;0.000000;0.000000;0.000000;0.000000;0.000000;5.848575
7375;368.000000;-50.000000;26.000000;6.911952;0.000000;0.000000;0.000000;0.000000;0.000000;6.911952
7376;368.000000;-50.000000;30.000000;7.975330;0.000000;0.000000;0.000000;0.000000;0.000000;7.975330
7377;368.000000;-46.000000;-30.000000;-7.975330;0.000000;0.000000;0.000000;0.000000;0.000000;7.975330
7378;368.000000;-46.000000;30.000000;7.975330;0.000000;0.000000;0.000000;0.000000;0.000000;7.975330
7379;368.000000;-42.000000;-30.000000;-7.975330;0.000000;0.000000;0.000000;0.000000;0.000000;7.975330
7380;368.000000;-42.000000;30.000000;7.975330;0.000000;0.000000;0.000000;0.000000;0.000000;7.975330
7381;368.000000;-38.000000;-30.000000;-7.975330;0.000000;0.000000;0.000000;0.000000;0.000000;7.975330
7382;368.000000;-38.000000;30.000000;7.975330;0.000000;0.000000;0.000000;0.000000;0.000000;7.975330
7383;368.000000;-34.000000;-30.000000;-7.975330;0.000000;0.000000;0.000000;0.000000;0.000000;7.975330
7384;368.000000;-34.000000;30.000000;7.975330;0.000000;0.000000;0.000000;0.000000;0.000000;7.975330
7385;368.000000;-30.000000;-30.000000;-7.975330;0.000000;0.000000;0.000000;0.000000;0.000000;7.975330
7386;368.000000;-30.000000;30.000000;7.975330;0.000000;0.000000;0.000000;0.000000;0.000000;7.975330
7387;368.000000;-26.000000;-30.000000;-7.975330;0.000000;0.000000;0.000000;0.000000;0.000000;7.975330
7388;368.000000;-26.000000;30.000000;7.975330;0.000000;0.000000;0.000000;0.000000;0.000000;7.975330
7389;368.000000;-22.000000;-30.000000;-7.975330;0.000000;0.000000;0.000000;0.000000;0.000000;7.975330
7390;368.000000;-22.000000;30.000000;7.975330;0.000000;0.000000;0.000000;0.000000;0.000000;7.975330
7391;368.000000;-18.000000;-30.000000;-7.975330;0.000000;0.000000;0.000000;0.000000;0.000000;7.975330
7392;368.000000;-18.000000;30.000000;7.975330;0.000000;0.000000;0.000000;0.000000;0.000000;7.975330
7393;368.000000;-14.000000;-30.000000;-7.975330;0.000000;0.000000;0.000000;0.000000;0.000000;7.975330
7394;368.000000;-14.000000;30.000000;7.975330;0.000000;0.000000;0.000000;0.000000;0.000000;7.975330
7395;368.000000;-10.000000;-30.000000;-7.975330;0.000000;0.000000;0.000000;0.000000;0.000000;7.975330
7396;368.000000;-10.000000;30.000000;7.975330;0.000000;0.000000;0.000000;0.000000;0.000000;7.975330
7397;368.000000;-6.000000;-30.000000;-7.975330;0.000000;0.000000;0.000000;0.000000;0.000000;7.975330
7398;368.000000;-6.000000;30.000000;7.975330;0.000000;0.000000;0.000000;0.000000;0.000000;7.975330
7399;368.000000;-2.000000;-30.000000;-7.975330;0.000000;0.000000;0.000000;0.000000;0.000000;7.975330
7400;368.000000;-2.000000;30.000000;7.975330;0.000000;0.000000;0.000000;0.000000;0.000000;7.975330
7401;368.000000;2.000000;-30.000000;-7.975330;0.000000;0.000000;0.000000;0.000000;0.000000;7.975330
7402;368.000000;2.000000;30.000000;7.975330;0.000000;0.000000;0.000000;0.000000;0.000000;7.975330
7403;368.000000;6.000000;-30.000000;-7.975330;0.000000;0.000000;0.000000;0.000000;0.000000;7.975330
7404;368.000000;6.000000;30.000000;7.975330;0.000000;0.000000;0.000000;0.000000;0.000000;7.975330
7405;368.000000;10.000000;-30.000000;-7.975330;0.000000;0.000000;0.000000;0.000000;0.000000;7.975330
7406;368.000000;10.000000;30.000000;7.975330;0.000000;0.000000;0.000000;0.000000;0.000000;7.975330
7407;368.000000;14.000000;-30.000000;-7.975330;0.000000;0.000000;0.000000;0.000000;0.000000;7.975330
7408;368.000000;14.000000;30.000000;7.975330;0.000000;0.000000;0.000000;0.000000;0.000000;7.975330
7409;368.000000;18.000000;-30.000000;-7.975330;0.000000;0.000000;0.000000;0.000000;0.000000;7.975330
7410;368.000000;18.000000;30.000000;7.975330;0.000000;0.000000;0.000000;0.000000;0.000000;7.975330
7411;368.000000;22.000000;-30.000000;-7.975330;0.000000;0.000000;0.000000;0.000000;0.000000;7.975330
7412;368.000000;22.000000;30.000000;7.975330;0.000000;0.000000;0.000000;0.000000;0.000000;7.975330
7413;368.000000;26.000000;-30.000000;-7.975330;0.000000;0.000000;0.000000;0.000000;0.000000;7.975330
7414;368.000000;26.000000;30.000000;7.975330;0.000000;0.000000;0.000000;0.000000;0.000000;7.975330
7415;368.000000;30.000000;-30.000000;-7.975330;0.000000;0.000000;0.000000;0.000000;0.000000;7.975330
7416;368.000000;30.000000;30.000000;7.975330;0.000000;0.000000;0.000000;0.000000;0.000000;7.975330
7417;368.000000;34.000000;-30.000000;-7.975330;0.000000;0.000000;0.000000;0.000000;0.000000;7.975330
7418;368.000000;34.000000;30.000000;7.975330;0.000000;0.000000;0.000000;0.000000;0.000000;7.975330
7419;368.000000;38.000000;-30.000000;-7.975330;0.000000;0.000000;0.000000;0.000000;0.000000;7.975330
7420;368.000000;38.000000;30.000000;7.975330;0.000000;0.000000;0.000000;0.000000;0.000000;7.975330
7421;368.000000;42.000000;-30.000000;-7.975330;0.000000;0.000000;0.000000;0.000000;0.000000;7.975330
7422;368.000000;42.000000;30.000000;7.975330;0.000000;0.000000;0.000000;0.000000;0.000000;7.975330
7423;368.000000;46.000000;-30.000000;-7.975330;0.000000;0.000000;0.000000;0.000000;0.000000;7.975330
7424;368.000000;46.000000;30.000000;7.975330;0.000000;0.000000;0.000000;0.000000;0.000000;7.975330
7425;368.000000;50.000000;-30.000000;-7.975330;0.000000;0.000000;0.000000;0.000000;0.000000;7.975330
7426;368.000000;50.000000;-26.000000;-6.911952;0.000000;0.000000;0.000000;0.000000;0.000000;6.911952
7427;368.000000;50.000000;-22.000000;-5.848575;0.000000;0.000000;0.000000;0.000000;0.000000;5.848575
7428;368.000000;50.000000;-18.000000;-4.785198;0.000000;0.000000;0.000000;0.000000;0.000000;4.785198
7429;368.000000;50.000000;-14.000000;-3.721821;0.000000;0.000000;0.000000;0.000000;0.000000;3.721821
7430;368.000000;50.000000;-10.000000;-2.658443;0.000000;0.000000;0.000000;0.000000;0.000000;2.658443
7431;368.000000;50.000000;-6.000000;-1.595066;0.000000;0.000000;0.000000;0.000000;0.000000;1.595066
7432;368.000000;50.000000;-2.000000;-0.531689;0.000000;0.000000;0.000000;0.000000;0.000000;0.531689
7433;368.000000;50.000000;2.000000;0.531689;0.000000;0.000000;0.000000;0.000000;0.000000;0.531689
7434;368.000000;50.000000;6.000000;1.595066;0.000000;0.000000;0.000000;0.000000;0.000000;1.595066
7435;368.000000;50.000000;10.000000;2.658443;0.000000;0.000000;0.000000;0.000000;0.000000;2.658443
7436;368.000000;50.000000;14.000000;3.721821;0.000000;0.000000;0.000000;0.000000;0.000000;3.721821
7437;368.000000;50.000000;18.000000;4.785198;0.000000;0.000000;0.000000;0.000000;0.000000;4.785198
7438;368.000000;50.000000;22.000000;5.848575;0.000000;0.000000;0.000000;0.000000;0.000000;5.848575
7439;368.000000;50.000000;26.000000;6.911952;0.000000;0.000000;0.000000;0.000000;0.000000;6.911952
7440;368.000000;50.000000;30.000000;7.975330;0.000000;0.000000;0.000000;0.000000;0.000000;7.975330
7441;372.000000;-50.000000;-30.000000;-6.978413;0.000000;0.000000;0.000000;0.000000;0.000000;6.978413
7442;372.000000;-50.000000;-26.000000;-6.047958;0.000000;0.000000;0.000000;0.000000;0.000000;6.047958
7443;372.000000;-50.000000;-22.000000;-5.117503;0.000000;0.000000;0.000000;0.000000;0.000000;5.117503
7444;372.000000;-50.000000;-18.000000;-4.187048;0.000000;0.000000;0.000000;0.000000;0.000000;4.187048
7445;372.000000;-50.000000;-14.000000;-3.256593;0.000000;0.000000;0.000000;0.000000;0.000000;3.256593
7446;372.000000;-50.000000;-10.000000;-2.326138;0.000000;0.000000;0.000000;0.000000;0.000000;2.326138
7447;372.000000;-50.000000;-6.000000;-1.395683;0.000000;0.000000;0.000000;0.000000;0.000000;1.395683
7448;372.000000;-50.000000;-2.000000;-0.465228;0.000000;0.000000;0.000000;0.000000;0.000000;0.465228
7449;372.000000;-50.000000;2.000000;0.465228;0.000000;0.000000;0.000000;0.000000;0.000000;0.465228
7450;372.000000;-50.000000;6.000000;1.395683;0.000000;0.000000;0.000000;0.000000;0.000000;1.395683
7451;372.000000;-50.000000;10.000000;2.326138;0.000000;0.000000;0.000000;0.000000;0.000000;2.326138
7452;372.000000;-50.000000;14.000000;3.256593;0.000000;0.000000;0.000000;0.000000;0.000000;3.256593
7453;372.000000;-50.000000;18.000000;4.187048;0.000000;0.000000;0.000000;0.000000;0.000000;4.187048
7454;372.000000;-50.000000;22.000000;5.117503;0.000000;0.000000;0.000000;0.000000;0.000000;5.117503
7455;372.000000;-50.000000;26.000000;6.047958;0.000000;0.000000;0.000000;0.000000;0.000000;6.047958
7456;372.000000;-50.000000;30.000000;6.978413;0.000000;0.000000;0.000000;0.000000;0.000000;6.978413
7457;372.000000;-46.000000;-30.000000;-6.978413;0.000000;0.000000;0.000000;0.000000;0.000000;6.978413
7458;372.000000;-46.000000;30.000000;6.978413;0.000000;0.000000;0.000000;0.000000;0.000000;6.978413
7459;372.000000;-42.000000;-30.000000;-6.978413;0.000000;0.000000;0.000000;0.000000;0.000000;6.978413
7460;372.000000;-42.000000;30.000000;6.978413;0.000000;0.000000;0.000000;0.000000;0.000000;6.978413
7461;372.000000;-38.000000;-30.000000;-6.978413;0.000000;0.000000;0.000000;0.000000;0.000000;6.978413
7462;372.000000;-38.000000;30.000000;6.978413;0.000000;0.000000;0.000000;0.000000;0.000000;6.978413
7463;372.000000;-34.000000;-30.000000;-6.978413;0.000000;0.000000;0.000000;0.000000;0.000000;6.978413
7464;372.000000;-34.000000;30.000000;6.978413;0.000000;0.000000;0.000000;0.000000;0.000000;6.978413
7465;372.000000;-30.000000;-30.000000;-6.978413;0.000000;0.000000;0.000000;0.000000;0.000000;6.978413
7466;372.000000;-30.000000;30.000000;6.978413;0.000000;0.000000;0.000000;0.000000;0.000000;6.978413
7467;372.000000;-26.000000;-30.000000;-6.978413;0.000000;0.000000;0.000000;0.000000;0.000000;6.978413
7468;372.000000;-26.000000;30.000000;6.978413;0.000000;0.000000;0.000000;0.000000;0.000000;6.978413
7469;372.000000;-22.000000;-30.000000;-6.978413;0.000000;0.000000;0.000000;0.000000;0.000000;6.978413
7470;372.000000;-22.000000;30.000000;6.978413;0.000000;0.000000;0.000000;0.000000;0.000000;6.978413
7471;372.000000;-18.000000;-30.000000;-6.978413;0.000000;0.000000;0.000000;0.000000;0.000000;6.978413
7472;372.000000;-18.000000;30.000000;6.978413;0.000000;0.000000;0.000000;0.000000;0.000000;6.978413
7473;372.000000;-14.000000;-30.000000;-6.978413;0.000000;0.000000;0.000000;0.000000;0.000000;6.978413
7474;372.000000;-14.000000;30.000000;6.978413;0.000000;0.000000;0.000000;0.000000;0.000000;6.978413
7475;372.000000;-10.000000;-30.000000;-6.978413;0.000000;0.000000;0.000000;0.000000;0.000000;6.978413
7476;372.000000;-10.000000;30.000000;6.978413;0.000000;0.000000;0.000000;0.000000;0.000000;6.978413
7477;372.000000;-6.000000;-30.000000;-6.978413;0.000000;0.000000;0.000000;0.000000;0.000000;6.978413
7478;372.000000;-6.000000;30.000000;6.978413;0.000000;0.000000;0.000000;0.000000;0.000000;6.978413
7479;372.000000;-2.000000;-30.000000;-6.978413;0.000000;0.000000;0.000000;0.000000;0.000000;6.978413
7480;372.000000;-2.000000;30.000000;6.978413;0.000000;0.000000;0.000000;0.000000;0.000000;6.978413
7481;372.000000;2.000000;-30.000000;-6.978413;0.000000;0.000000;0.000000;0.000000;0.000000;6.978413
7482;372.000000;2.000000;30.000000;6.978413;0.000000;0.000000;0.000000;0.000000;0.000000;6.978413
7483;372.000000;6.000000;-30.000000;-6.978413;0.000000;0.000000;0.000000;0.000000;0.000000;6.978413
7484;372.000000;6.000000;30.000000;6.978413;0.000000;0.000000;0.000000;0.000000;0.000000;6.978413
7485;372.000000;10.000000;-30.000000;-6.978413;0.000000;0.000000;0.000000;0.000000;0.000000;6.978413
7486;372.000000;10.000000;30.000000;6.978413;0.000000;0.000000;0.000000;0.000000;0.000000;6.978413
7487;372.000000;14.000000;-30.000000;-6.978413;0.000000;0.000000;0.000000;0.000000;0.000000;6.978413
7488;372.000000;14.000000;30.000000;6.978413;0.000000;0.000000;0.000000;0.000000;0.000000;6.978413
7489;372.000000;18.000000;-30.000000;-6.978413;0.000000;0.000000;0.000000;0.000000;0.000000;6.978413
7490;372.000000;18.000000;30.000000;6.978413;0.000000;0.000000;0.000000;0.000000;0.000000;6.978413
7491;372.000000;22.000000;-30.000000;-6.978413;0.000000;0.000000;0.000000;0.000000;0.000000;6.978413
7492;372.000000;22.000000;30.000000;6.978413;0.000000;0.000000;0.000000;0.000000;0.000000;6.978413
7493;372.000000;26.000000;-30.000000;-6.978413;0.000000;0.000000;0.000000;0.000000;0.000000;6.978413
7494;372.000000;26.000000;30.000000;6.978413;0.000000;0.000000;0.000000;0.000000;0.000000;6.978413
7495;372.000000;30.000000;-30.000000;-6.978413;0.000000;0.000000;0.000000;0.000000;0.000000;6.978413
7496;372.000000;30.000000;30.000000;6.978413;0.000000;0.000000;0.000000;0.000000;0.000000;6.978413
7497;372.000000;34.000000;-30.000000;-6.978413;0.000000;0.000000;0.000000;0.000000;0.000000;6.978413
7498;372.000000;34.000000;30.000000;6.978413;0.000000;0.000000;0.000000;0.000000;0.000000;6.978413
7499;372.000000;38.000000;-30.000000;-6.978413;0.000000;0.000000;0.000000;0.000000;0.000000;6.978413
7500;372.000000;38.000000;30.000000;6.978413;0.000000;0.000000;0.000000;0.000000;0.000000;6.978413
7501;372.000000;42.000000;-30.000000;-6.978413;0.000000;0.000000;0.000000;0.000000;0.000000;6.978413
7502;372.000000;42.000000;30.000000;6.978413;0.000000;0.000000;0.000000;0.000000;0.000000;6.978413
7503;372.000000;46.000000;-30.000000;-6.978413;0.000000;0.000000;0.000000;0.000000;0.000000;6.978413
7504;372.000000;46.000000;30.000000;6.978413;0.000000;0.000000;0.000000;0.000000;0.000000;6.978413
7505;372.000000;50.000000;-30.000000;-6.978413;0.000000;0.000000;0.000000;0.000000;0.000000;6.978413
7506;372.000000;50.000000;-26.000000;-6.047958;0.000000;0.000000;0.000000;0.000000;0.000000;6.047958
7507;372.000000;50.000000;-22.000000;-5.117503;0.000000;0.000000;0.000000;0.000000;0.000000;5.117503
7508;372.000000;50.000000;-18.000000;-4.187048;0.000000;0.000000;0.000000;0.000000;0.000000;4.187048
7509;372.000000;50.000000;-14.000000;-3.256593;0.000000;0.000000;0.000000;0.000000;0.000000;3.256593
7510;372.000000;50.000000;-10.000000;-2.326138;0.000000;0.000000;0.000000;0.000000;0.000000;2.326138
7511;372.000000;50.000000;-6.000000;-1.395683;0.000000;0.000000;0.000000;0.000000;0.000000;1.395683
7512;372.000000;50.000000;-2.000000;-0.465228;0.000000;0.000000;0.000000;0.000000;0.000000;0.465228
7513;372.000000;50.000000;2.000000;0.465228;0.000000;0.000000;0.000000;0.000000;0.000000;0.465228
7514;372.000000;50.000000;6.000000;1.395683;0.000000;0.000000;0.000000;0.000000;0.000000;1.395683
7515;372.000000;50.000000;10.000000;2.326138;0.000000;0.000000;0.000000;0.000000;0.000000;2.326138
7516;372.000000;50.000000;14.000000;3.256593;0.000000;0.000000;0.000000;0.000000;0.000000;3.256593
7517;372.000000;50.000000;18.000000;4.187048;0.000000;0.000000;0.000000;0.000000;0.000000;4.187048
7518;372.000000;50.000000;22.000000;5.117503;0.000000;0.000000;0.000000;0.000000;0.000000;5.117503
7519;372.000000;50.000000;26.000000;6.047958;0.000000;0.000000;0.000000;0.000000;0.000000;6.047958
7520;372.000000;50.000000;30.000000;6.978413;0.000000;0.000000;0.000000;0.000000;0.000000;6.978413
7521;376.000000;-50.000000;-30.000000;-5.981497;0.000000;0.000000;0.000000;0.000000;0.000000;5.981497
7522;376.000000;-50.000000;-26.000000;-5.183964;0.000000;0.000000;0.000000;0.000000;0.000000;5.183964
7523;376.000000;-50.000000;-22.000000;-4.386431;0.000000;0.000000;0.000000;0.000000;0.000000;4.386431
7524;376.000000;-50.000000;-18.000000;-3.588898;0.000000;0.000000;0.000000;0.000000;0.000000;3.588898
7525;376.000000;-50.000000;-14.000000;-2.791365;0.000000;0.000000;0.000000;0.000000;0.000000;2.791365
7526;376.000000;-50.000000;-10.000000;-1.993832;0.000000;0.000000;0.000000;0.000000;0.000000;1.993832
7527;376.000000;-50.000000;-6.000000;-1.196299;0.000000;0.000000;0.000000;0.000000;0.000000;1.196299
7528;376.000000;-50.000000;-2.000000;-0.398766;0.000000;0.000000;0.000000;0.000000;0.000000;0.398766
7529;376.000000;-50.000000;2.000000;0.398766;0.000000;0.000000;0.000000;0.000000;0.000000;0.398766
7530;376.000000;-50.000000;6.000000;1.196299;0.000000;0.000000;0.000000;0.000000;0.000000;1.196299
7531;376.000000;-50.000000;10.000000;1.993832;0.000000;0.000000;0.000000;0.000000;0.000000;1.993832
7532;376.000000;-50.000000;14.000000;2.791365;0.000000;0.000000;0.000000;0.000000;0.000000;2.791365
7533;376.000000;-50.000000;18.000000;3.588898;0.000000;0.000000;0.000000;0.000000;0.000000;3.588898
7534;376.000000;-50.000000;22.000000;4.386431;0.000000;0.000000;0.000000;0.000000;0.000000;4.386431
7535;376.000000;-50.000000;26.000000;5.183964;0.000000;0.000000;0.000000;0.000000;0.000000;5.183964
7536;376.000000;-50.000000;30.000000;5.981497;0.000000;0.000000;0.000000;0.000000;0.000000;5.981497
7537;376.000000;-46.000000;-30.000000;-5.981497;0.000000;0.000000;0.000000;0.000000;0.000000;5.981497
7538;376.000000;-46.000000;30.000000;5.981497;0.000000;0.000000;0.000000;0.000000;0.000000;5.981497
7539;376.000000;-42.000000;-30.000000;-5.981497;0.000000;0.000000;0.000000;0.000000;0.000000;5.981497
7540;376.000000;-42.000000;30.000000;5.981497;0.000000;0.000000;0.000000;0.000000;0.000000;5.981497
7541;376.000000;-38.000000;-30.000000;-5.981497;0.000000;0.000000;0.000000;0.000000;0.000000;5.981497
7542;376.000000;-38.000000;30.000000;5.981497;0.000000;0.000000;0.000000;0.000000;0.000000;5.981497
7543;376.000000;-34.000000;-30.000000;-5.981497;0.000000;0.000000;0.000000;0.000000;0.000000;5.981497
7544;376.000000;-34.000000;30.000000;5.981497;0.000000;0.000000;0.000000;0.000000;0.000000;5.981497
7545;376.000000;-30.000000;-30.000000;-5.981497;0.000000;0.000000;0.000000;0.000000;0.000000;5.981497
7546;376.000000;-30.000000;30.000000;5.981497;0.000000;0.000000;0.000000;0.000000;0.000000;5.981497
7547;376.000000;-26.000000;-30.000000;-5.981497;0.000000;0.000000;0.000000;0.000000;0.000000;5.981497
7548;376.000000;-26.000000;30.000000;5.981497;0.000000;0.000000;0.000000;0.000000;0.000000;5.981497
7549;376.000000;-22.000000;-30.000000;-5.981497;0.000000;0.000000;0.000000;0.000000;0.000000;5.981497
7550;376.000000;-22.000000;30.000000;5.981497;0.000000;0.000000;0.000000;0.000000;0.000000;5.981497
7551;376.000000;-18.000000;-30.000000;-5.981497;0.000000;0.000000;0.000000;0.000000;0.000000;5.981497
7552;376.000000;-18.000000;30.000000;5.981497;0.000000;0.000000;0.000000;0.000000;0.000000;5.981497
7553;376.000000;-14.000000;-30.000000;-5.981497;0.000000;0.000000;0.000000;0.000000;0.000000;5.981497
7554;376.000000;-14.000000;30.000000;5.981497;0.000000;0.000000;0.000000;0.000000;0.000000;5.981497
7555;376.000000;-10.000000;-30.000000;-5.981497;0.000000;0.000000;0.000000;0.000000;0.000000;5.981497
7556;376.000000;-10.000000;30.000000;5.981497;0.000000;0.000000;0.000000;0.000000;0.000000;5.981497
7557;376.000000;-6.000000;-30.000000;-5.981497;0.000000;0.000000;0.000000;0.000000;0.000000;5.981497
7558;376.000000;-6.000000;30.000000;5.981497;0.000000;0.000000;0.000000;0.000000;0.000000;5.981497
7559;376.000000;-2.000000;-30.000000;-5.981497;0.000000;0.000000;0.000000;0.000000;0.000000;5.981497
7560;376.000000;-2.000000;30.000000;5.981497;0.000000;0.000000;0.000000;0.000000;0.000000;5.981497
7561;376.000000;2.000000;-30.000000;-5.981497;0.000000;0.000000;0.000000;0.000000;0.000000;5.981497
7562;376.000000;2.000000;30.000000;5.981497;0.000000;0.000000;0.000000;0.000000;0.000000;5.981497
7563;376.000000;6.000000;-30.000000;-5.981497;0.000000;0.000000;0.000000;0.000000;0.000000;5.981497
7564;376.000000;6.000000;30.000000;5.981497;0.000000;0.000000;0.000000;0.000000;0.000000;5.981497
7565;376.000000;10.000000;-30.000000;-5.981497;0.000000;0.000000;0.000000;0.000000;0.000000;5.981497
7566;376.000000;10.000000;30.000000;5.981497;0.000000;0.000000;0.000000;0.000000;0.000000;5.981497
7567;376.000000;14.000000;-30.000000;-5.981497;0.000000;0.000000;0.000000;0.000000;0.000000;5.981497
7568;376.000000;14.000000;30.000000;5.981497;0.000000;0.000000;0.000000;0.000000;0.000000;5.981497
7569;376.000000;18.000000;-30.000000;-5.981497;0.000000;0.000000;0.000000;0.000000;0.000000;5.981497
7570;376.000000;18.000000;30.000000;5.981497;0.000000;0.000000;0.000000;0.000000;0.000000;5.981497
7571;376.000000;22.000000;-30.000000;-5.981497;0.000000;0.000000;0.000000;0.000000;0.000000;5.981497
7572;376.000000;22.000000;30.000000;5.981497;0.000000;0.000000;0.000000;0.000000;0.000000;5.981497
7573;376.000000;26.000000;-30.000000;-5.981497;0.000000;0.000000;0.000000;0.000000;0.000000;5.981497
7574;376.000000;26.000000;30.000000;5.981497;0.000000;0.000000;0.000000;0.000000;0.000000;5.981497
7575;376.000000;30.000000;-30.000000;-5.981497;0.000000;0.000000;0.000000;0.000000;0.000000;5.981497
7576;376.000000;30.000000;30.000000;5.981497;0.000000;0.000000;0.000000;0.000000;0.000000;5.981497
7577;376.000000;34.000000;-30.000000;-5.981497;0.000000;0.000000;0.000000;0.000000;0.000000;5.981497
7578;376.000000;34.000000;30.000000;5.981497;0.000000;0.000000;0.000000;0.000000;0.000000;5.981497
7579;376.000000;38.000000;-30.000000;-5.981497;0.000000;0.000000;0.000000;0.000000;0.000000;5.981497
7580;376.000000;38.000000;30.000000;5.981497;0.000000;0.000000;0.000000;0.000000;0.000000;5.981497
7581;376.000000;42.000000;-30.000000;-5.981497;0.000000;0.000000;0.000000;0.000000;0.000000;5.981497
7582;376.000000;42.000000;30.000000;5.981497;0.000000;0.000000;0.000000;0.000000;0.000000;5.981497
7583;376.000000;46.000000;-30.000000;-5.981497;0.000000;0.000000;0.000000;0.000000;0.000000;5.981497
7584;376.000000;46.000000;30.000000;5.981497;0.000000;0.000000;0.000000;0.000000;0.000000;5.981497
7585;376.000000;50.000000;-30.000000;-5.981497;0.000000;0.000000;0.000000;0.000000;0.000000;5.981497
7586;376.000000;50.000000;-26.000000;-5.183964;0.000000;0.000000;0.000000;0.000000;0.000000;5.183964
7587;376.000000;50.000000;-22.000000;-4.386431;0.000000;0.000000;0.000000;0.000000;0.000000;4.386431
7588;376.000000;50.000000;-18.000000;-3.588898;0.000000;0.000000;0.000000;0.000000;0.000000;3.588898
7589;376.000000;50.000000;-14.000000;-2.791365;0.000000;0.000000;0.000000;0.000000;0.000000;2.791365
7590;376.000000;50.000000;-10.000000;-1.993832;0.000000;0.000000;0.000000;0.000000;0.000000;1.993832
7591;376.000000;50.000000;-6.000000;-1.196299;0.000000;0.000000;0.000000;0.000000;0.000000;1.196299
7592;376.000000;50.000000;-2.000000;-0.398766;0.000000;0.000000;0.000000;0.000000;0.000000;0.398766
7593;376.000000;50.000000;2.000000;0.398766;0.000000;0.000000;0.000000;0.000000;0.000000;0.398766
7594;376.000000;50.000000;6.000000;1.196299;0.000000;0.000000;0.000000;0.000000;0.000000;1.196299
7595;376.000000;50.000000;10.000000;1.993832;0.000000;0.000000;0.000000;0.000000;0.000000;1.993832
7596;376.000000;50.000000;14.000000;2.791365;0.000000;0.000000;0.000000;0.000000;0.000000;2.791365
7597;376.000000;50.000000;18.000000;3.588898;0.000000;0.000000;0.000000;0.000000;0.000000;3.588898
7598;376.000000;50.000000;22.000000;4.386431;0.000000;0.000000;0.000000;0.000000;0.000000;4.386431
7599;376.000000;50.000000;26.000000;5.183964;0.000000;0.000000;0.000000;0.000000;0.000000;5.183964
7600;376.000000;50.000000;30.000000;5.981497;0.000000;0.000000;0.000000;0.000000;0.000000;5.981497
7601;380.000000;-50.000000;-30.000000;-4.984581;0.000000;0.000000;0.000000;0.000000;0.000000;4.984581
7602;380.000000;-50.000000;-26.000000;-4.319970;0.000000;0.000000;0.000000;0.000000;0.000000;4.319970
7603;380.000000;-50.000000;-22.000000;-3.655359;0.000000;0.000000;0.000000;0.000000;0.000000;3.655359
7604;380.000000;-50.000000;-18.000000;-2.990749;0.000000;0.000000;0.000000;0.000000;0.000000;2.990749
7605;380.000000;-50.000000;-14.000000;-2.326138;0.000000;0.000000;0.000000;0.000000;0.000000;2.326138
7606;380.000000;-50.000000;-10.000000;-1.661527;0.000000;0.000000;0.000000;0.000000;0.000000;1.661527
7607;380.000000;-50.000000;-6.000000;-0.996916;0.000000;0.000000;0.000000;0.000000;0.000000;0.996916
7608;380.000000;-50.000000;-2.000000;-0.332305;0.000000;0.000000;0.000000;0.000000;0.000000;0.332305
7609;380.000000;-50.000000;2.000000;0.332305;0.000000;0.000000;0.000000;0.000000;0.000000;0.332305
7610;380.000000;-50.000000;6.000000;0.996916;0.000000;0.000000;0.000000;0.000000;0.000000;0.996916
7611;380.000000;-50.000000;10.000000;1.661527;0.000000;0.000000;0.000000;0.000000;0.000000;1.661527
7612;380.000000;-50.000000;14.000000;2.326138;0.000000;0.000000;0.000000;0.000000;0.000000;2.326138
7613;380.000000;-50.000000;18.000000;2.990749;0.000000;0.000000;0.000000;0.000000;0.000000;2.990749
7614;380.000000;-50.000000;22.000000;3.655359;0.000000;0.000000;0.000000;0.000000;0.000000;3.655359
7615;380.000000;-50.000000;26.000000;4.319970;0.000000;0.000000;0.000000;0.000000;0.000000;4.319970
7616;380.000000;-50.000000;30.000000;4.984581;0.000000;0.000000;0.000000;0.000000;0.000000;4.984581
7617;380.000000;-46.000000;-30.000000;-4.984581;0.000000;0.000000;0.000000;0.000000;0.000000;4.984581
7618;380.000000;-46.000000;30.000000;4.984581;0.000000;0.000000;0.000000;0.000000;0.000000;4.984581
7619;380.000000;-42.000000;-30.000000;-4.984581;0.000000;0.000000;0.000000;0.000000;0.000000;4.984581
7620;380.000000;-42.000000;30.000000;4.984581;0.000000;0.000000;0.000000;0.000000;0.000000;4.984581
7621;380.000000;-38.000000;-30.000000;-4.984581;0.000000;0.000000;0.000000;0.000000;0.000000;4.984581
7622;380.000000;-38.000000;30.000000;4.984581;0.000000;0.000000;0.000000;0.000000;0.000000;4.984581
7623;380.000000;-34.000000;-30.000000;-4.984581;0.000000;0.000000;0.000000;0.000000;0.000000;4.984581
7624;380.000000;-34.000000;30.000000;4.984581;0.000000;0.000000;0.000000;0.000000;0.000000;4.984581
7625;380.000000;-30.000000;-30.000000;-4.984581;0.000000;0.000000;0.000000;0.000000;0.000000;4.984581
7626;380.000000;-30.000000;30.000000;4.984581;0.000000;0.000000;0.000000;0.000000;0.000000;4.984581
7627;380.000000;-26.000000;-30.000000;-4.984581;0.000000;0.000000;0.000000;0.000000;0.000000;4.984581
7628;380.000000;-26.000000;30.000000;4.984581;0.000000;0.000000;0.000000;0.000000;0.000000;4.984581
7629;380.000000;-22.000000;-30.000000;-4.984581;0.000000;0.000000;0.000000;0.000000;0.000000;4.984581
7630;380.000000;-22.000000;30.000000;4.984581;0.000000;0.000000;0.000000;0.000000;0.000000;4.984581
7631;380.000000;-18.000000;-30.000000;-4.984581;0.000000;0.000000;0.000000;0.000000;0.000000;4.984581
7632;380.000000;-18.000000;30.000000;4.984581;0.000000;0.000000;0.000000;0.000000;0.000000;4.984581
7633;380.000000;-14.000000;-30.000000;-4.984581;0.000000;0.000000;0.000000;0.000000;0.000000;4.984581
7634;380.000000;-14.000000;30.000000;4.984581;0.000000;0.000000;0.000000;0.000000;0.000000;4.984581
7635;380.000000;-10.000000;-30.000000;-4.984581;0.000000;0.000000;0.000000;0.000000;0.000000;4.984581
7636;380.000000;-10.000000;30.000000;4.984581;0.000000;0.000000;0.000000;0.000000;0.000000;4.984581
7637;380.000000;-6.000000;-30.000000;-4.984581;0.000000;0.000000;0.000000;0.000000;0.000000;4.984581
7638;380.000000;-6.000000;30.000000;4.984581;0.000000;0.000000;0.000000;0.000000;0.000000;4.984581
7639;380.000000;-2.000000;-30.000000;-4.984581;0.000000;0.000000;0.000000;0.000000;0.000000;4.984581
7640;380.000000;-2.000000;30.000000;4.984581;0.000000;0.000000;0.000000;0.000000;0.000000;4.984581
7641;380.000000;2.000000;-30.000000;-4.984581;0.000000;0.000000;0.000000;0.000000;0.000000;4.984581
7642;380.000000;2.000000;30.000000;4.984581;0.000000;0.000000;0.000000;0.000000;0.000000;4.984581
7643;380.000000;6.000000;-30.000000;-4.984581;0.000000;0.000000;0.000000;0.000000;0.000000;4.984581
7644;380.000000;6.000000;30.000000;4.984581;0.000000;0.000000;0.000000;0.000000;0.000000;4.984581
7645;380.000000;10.000000;-30.000000;-4.984581;0.000000;0.000000;0.000000;0.000000;0.000000;4.984581
7646;380.000000;10.000000;30.000000;4.984581;0.000000;0.000000;0.000000;0.000000;0.000000;4.984581
7647;380.000000;14.000000;-30.000000;-4.984581;0.000000;0.000000;0.000000;0.000000;0.000000;4.984581
7648;380.000000;14.000000;30.000000;4.984581;0.000000;0.000000;0.000000;0.000000;0.000000;4.984581
7649;380.000000;18.000000;-30.000000;-4.984581;0.000000;0.000000;0.000000;0.000000;0.000000;4.984581
7650;380.000000;18.000000;30.000000;4.984581;0.000000;0.000000;0.000000;0.000000;0.000000;4.984581
7651;380.000000;22.000000;-30.000000;-4.984581;0.000000;0.000000;0.000000;0.000000;0.000000;4.984581
7652;380.000000;22.000000;30.000000;4.984581;0.000000;0.000000;0.000000;0.000000;0.000000;4.984581
7653;380.000000;26.000000;-30.000000;-4.984581;0.000000;0.000000;0.000000;0.000000;0.000000;4.984581
7654;380.000000;26.000000;30.000000;4.984581;0.000000;0.000000;0.000000;0.000000;0.000000;4.984581
7655;380.000000;30.000000;-30.000000;-4.984581;0.000000;0.000000;0.000000;0.000000;0.000000;4.984581
7656;380.000000;30.000000;30.000000;4.984581;0.000000;0.000000;0.000000;0.000000;0.000000;4.984581
7657;380.000000;34.000000;-30.000000;-4.984581;0.000000;0.000000;0.000000;0.000000;0.000000;4.984581
7658;380.000000;34.000000;30.000000;4.984581;0.000000;0.000000;0.000000;0.000000;0.000000;4.984581
7659;380.000000;38.000000;-30.000000;-4.984581;0.000000;0.000000;0.000000;0.000000;0.000000;4.984581
7660;380.000000;38.000000;30.000000;4.984581;0.000000;0.000000;0.000000;0.000000;0.000000;4.984581
7661;380.000000;42.000000;-30.000000;-4.984581;0.000000;0.000000;0.000000;0.000000;0.000000;4.984581
7662;380.000000;42.000000;30.000000;4.984581;0.000000;0.000000;0.000000;0.000000;0.000000;4.984581
7663;380.000000;46.000000;-30.000000;-4.984581;0.000000;0.000000;0.000000;0.000000;0.000000;4.984581
7664;380.000000;46.000000;30.000000;4.984581;0.000000;0.000000;0.000000;0.000000;0.000000;4.984581
7665;380.000000;50.000000;-30.000000;-4.984581;0.000000;0.000000;0.000000;0.000000;0.000000;4.984581
7666;380.000000;50.000000;-26.000000;-4.319970;0.000000;0.000000;0.000000;0.000000;0.000000;4.319970
7667;380.000000;50.000000;-22.000000;-3.655359;0.000000;0.000000;0.000000;0.000000;0.000000;3.655359
7668;380.000000;50.000000;-18.000000;-2.990749;0.000000;0.000000;0.000000;0.000000;0.000000;2.990749
7669;380.000000;50.000000;-14.000000;-2.326138;0.000000;0.000000;0.000000;0.000000;0.000000;2.326138
7670;380.000000;50.000000;-10.000000;-1.661527;0.000000;0.000000;0.000000;0.000000;0.000000;1.661527
7671;380.000000;50.000000;-6.000000;-0.996916;0.000000;0.000000;0.000000;0.000000;0.000000;0.996916
7672;380.000000;50.000000;-2.000000;-0.332305;0.000000;0.000000;0.000000;0.000000;0.000000;0.332305
7673;380.000000;50.000000;2.000000;0.332305;0.000000;0.000000;0.000000;0.000000;0.000000;0.332305
7674;380.000000;50.000000;6.000000;0.996916;0.000000;0.000000;0.000000;0.000000;0.000000;0.996916
7675;380.000000;50.000000;10.000000;1.661527;0.000000;0.000000;0.000000;0.000000;0.000000;1.661527
7676;380.000000;50.000000;14.000000;2.326138;0.000000;0.000000;0.000000;0.000000;0.000000;2.326138
7677;380.000000;50.000000;18.000000;2.990749;0.000000;0.000000;0.000000;0.000000;0.000000;2.990749
7678;380.000000;50.000000;22.000000;3.655359;0.000000;0.000000;0.000000;0.000000;0.000000;3.655359
7679;380.000000;50.000000;26.000000;4.319970;0.000000;0.000000;0.000000;0.000000;0.000000;4.319970
7680;380.000000;50.000000;30.000000;4.984581;0.000000;0.000000;0.000000;0.000000;0.000000;4.984581
7681;384.000000;-50.000000;-30.000000;-3.987665;0.000000;0.000000;0.000000;0.000000;0.000000;3.987665
7682;384.000000;-50.000000;-26.000000;-3.455976;0.000000;0.000000;0.000000;0.000000;0.000000;3.455976
7683;384.000000;-50.000000;-22.000000;-2.924288;0.000000;0.000000;0.000000;0.000000;0.000000;2.924288
7684;384.000000;-50.000000;-18.000000;-2.392599;0.000000;0.000000;0.000000;0.000000;0.000000;2.392599
7685;384.000000;-50.000000;-14.000000;-1.860910;0.000000;0.000000;0.000000;0.000000;0.000000;1.860910
7686;384.000000;-50.000000;-10.000000;-1.329222;0.000000;0.000000;0.000000;0.000000;0.000000;1.329222
7687;384.000000;-50.000000;-6.000000;-0.797533;0.000000;0.000000;0.000000;0.000000;0.000000;0.797533
7688;384.000000;-50.000000;-2.000000;-0.265844;0.000000;0.000000;0.000000;0.000000;0.000000;0.265844
7689;384.000000;-50.000000;2.000000;0.265844;0.000000;0.000000;0.000000;0.000000;0.000000;0.265844
7690;384.000000;-50.000000;6.000000;0.797533;0.000000;0.000000;0.000000;0.000000;0.000000;0.797533
7691;384.000000;-50.000000;10.000000;1.329222;0.000000;0.000000;0.000000;0.000000;0.000000;1.329222
7692;384.000000;-50.000000;14.000000;1.860910;0.000000;0.000000;0.000000;0.000000;0.000000;1.860910
7693;384.000000;-50.000000;18.000000;2.392599;0.000000;0.000000;0.000000;0.000000;0.000000;2.392599
7694;384.000000;-50.000000;22.000000;2.924288;0.000000;0.000000;0.000000;0.000000;0.000000;2.924288
7695;384.000000;-50.000000;26.000000;3.455976;0.000000;0.000000;0.000000;0.000000;0.000000;3.455976
7696;384.000000;-50.000000;30.000000;3.987665;0.000000;0.000000;0.000000;0.000000;0.000000;3.987665
7697;384.000000;-46.000000;-30.000000;-3.987665;0.000000;0.000000;0.000000;0.000000;0.000000;3.987665
7698;384.000000;-46.000000;30.000000;3.987665;0.000000;0.000000;0.000000;0.000000;0.000000;3.987665
7699;384.000000;-42.000000;-30.000000;-3.987665;0.000000;0.000000;0.000000;0.000000;0.000000;3.987665
7700;384.000000;-42.000000;30.000000;3.987665;0.000000;0.000000;0.000000;0.000000;0.000000;3.987665
7701;384.000000;-38.000000;-30.000000;-3.987665;0.000000;0.000000;0.000000;0.000000;0.000000;3.987665
7702;384.000000;-38.000000;30.000000;3.987665;0.000000;0.000000;0.000000;0.000000;0.000000;3.987665
7703;384.000000;-34.000000;-30.000000;-3.987665;0.000000;0.000000;0.000000;0.000000;0.000000;3.987665
7704;384.000000;-34.000000;30.000000;3.987665;0.000000;0.000000;0.000000;0.000000;0.000000;3.987665
7705;384.000000;-30.000000;-30.000000;-3.987665;0.000000;0.000000;0.000000;0.000000;0.000000;3.987665
7706;384.000000;-30.000000;30.000000;3.987665;0.000000;0.000000;0.000000;0.000000;0.000000;3.987665
7707;384.000000;-26.000000;-30.000000;-3.987665;0.000000;0.000000;0.000000;0.000000;0.000000;3.987665
7708;384.000000;-26.000000;30.000000;3.987665;0.000000;0.000000;0.000000;0.000000;0.000000;3.987665
7709;384.000000;-22.000000;-30.000000;-3.987665;0.000000;0.000000;0.000000;0.000000;0.000000;3.987665
7710;384.000000;-22.000000;30.000000;3.987665;0.000000;0.000000;0.000000;0.000000;0.000000;3.987665
7711;384.000000;-18.000000;-30.000000;-3.987665;0.000000;0.000000;0.000000;0.000000;0.000000;3.987665
7712;384.000000;-18.000000;30.000000;3.987665;0.000000;0.000000;0.000000;0.000000;0.000000;3.987665
7713;384.000000;-14.000000;-30.000000;-3.987665;0.000000;0.000000;0.000000;0.000000;0.000000;3.987665
7714;384.000000;-14.000000;30.000000;3.987665;0.000000;0.000000;0.000000;0.000000;0.000000;3.987665
7715;384.000000;-10.000000;-30.000000;-3.987665;0.000000;0.000000;0.000000;0.000000;0.000000;3.987665
7716;384.000000;-10.000000;30.000000;3.987665;0.000000;0.000000;0.000000;0.000000;0.000000;3.987665
7717;384.000000;-6.000000;-30.000000;-3.987665;0.000000;0.000000;0.000000;0.000000;0.000000;3.987665
7718;384.000000;-6.000000;30.000000;3.987665;0.000000;0.000000;0.000000;0.000000;0.000000;3.987665
7719;384.000000;-2.000000;-30.000000;-3.987665;0.000000;0.000000;0.000000;0.000000;0.000000;3.987665
7720;384.000000;-2.000000;30.000000;3.987665;0.000000;0.000000;0.000000;0.000000;0.000000;3.987665
7721;384.000000;2.000000;-30.000000;-3.987665;0.000000;0.000000;0.000000;0.000000;0.000000;3.987665
7722;384.000000;2.000000;30.000000;3.987665;0.000000;0.000000;0.000000;0.000000;0.000000;3.987665
7723;384.000000;6.000000;-30.000000;-3.987665;0.000000;0.000000;0.000000;0.000000;0.000000;3.987665
7724;384.000000;6.000000;30.000000;3.987665;0.000000;0.000000;0.000000;0.000000;0.000000;3.987665
7725;384.000000;10.000000;-30.000000;-3.987665;0.000000;0.000000;0.000000;0.000000;0.000000;3.987665
7726;384.000000;10.000000;30.000000;3.987665;0.000000;0.000000;0.000000;0.000000;0.000000;3.987665
7727;384.000000;14.000000;-30.000000;-3.987665;0.000000;0.000000;0.000000;0.000000;0.000000;3.987665
7728;384.000000;14.000000;30.000000;3.987665;0.000000;0.000000;0.000000;0.000000;0.000000;3.987665
7729;384.000000;18.000000;-30.000000;-3.987665;0.000000;0.000000;0.000000;0.000000;0.000000;3.987665
7730;384.000000;18.000000;30.000000;3.987665;0.000000;0.000000;0.000000;0.000000;0.000000;3.987665
7731;384.000000;22.000000;-30.000000;-3.987665;0.000000;0.000000;0.000000;0.000000;0.000000;3.987665
7732;384.000000;22.000000;30.000000;3.987665;0.000000;0.000000;0.000000;0.000000;0.000000;3.987665
7733;384.000000;26.000000;-30.000000;-3.987665;0.000000;0.000000;0.000000;0.000000;0.000000;3.987665
7734;384.000000;26.000000;30.000000;3.987665;0.000000;0.000000;0.000000;0.000000;0.000000;3.987665
7735;384.000000;30.000000;-30.000000;-3.987665;0.000000;0.000000;0.000000;0.000000;0.000000;3.987665
7736;384.000000;30.000000;30.000000;3.987665;0.000000;0.000000;0.000000;0.000000;0.000000;3.987665
7737;384.000000;34.000000;-30.000000;-3.987665;0.000000;0.000000;0.000000;0.000000;0.000000;3.987665
7738;384.000000;34.000000;30.000000;3.987665;0.000000;0.000000;0.000000;0.000000;0.000000;3.987665
7739;384.000000;38.000000;-30.000000;-3.987665;0.000000;0.000000;0.000000;0.000000;0.000000;3.987665
7740;384.000000;38.000000;30.000000;3.987665;0.000000;0.000000;0.000000;0.000000;0.000000;3.987665
7741;384.000000;42.000000;-30.000000;-3.987665;0.000000;0.000000;0.000000;0.000000;0.000000;3.987665
7742;384.000000;42.000000;30.000000;3.987665;0.000000;0.000000;0.000000;0.000000;0.000000;3.987665
7743;384.000000;46.000000;-30.000000;-3.987665;0.000000;0.000000;0.000000;0.000000;0.000000;3.987665
7744;384.000000;46.000000;30.000000;3.987665;0.000000;0.000000;0.000000;0.000000;0.000000;3.987665
7745;384.000000;50.000000;-30.000000;-3.987665;0.000000;0.000000;0.000000;0.000000;0.000000;3.987665
7746;384.000000;50.000000;-26.000000;-3.455976;0.000000;0.000000;0.000000;0.000000;0.000000;3.455976
7747;384.000000;50.000000;-22.000000;-2.924288;0.000000;0.000000;0.000000;0.000000;0.000000;2.924288
7748;384.000000;50.000000;-18.000000;-2.392599;0.000000;0.000000;0.000000;0.000000;0.000000;2.392599
7749;384.000000;50.000000;-14.000000;-1.860910;0.000000;0.000000;0.000000;0.000000;0.000000;1.860910
7750;384.000000;50.000000;-10.000000;-1.329222;0.000000;0.000000;0.000000;0.000000;0.000000;1.329222
7751;384.000000;50.000000;-6.000000;-0.797533;0.000000;0.000000;0.000000;0.000000;0.000000;0.797533
7752;384.000000;50.000000;-2.000000;-0.265844;0.000000;0.000000;0.000000;0.000000;0.000000;0.265844
7753;384.000000;50.000000;2.000000;0.265844;0.000000;0.000000;0.000000;0.000000;0.000000;0.265844
7754;384.000000;50.000000;6.000000;0.797533;0.000000;0.000000;0.000000;0.000000;0.000000;0.797533
7755;384.000000;50.000000;10.000000;1.329222;0.000000;0.000000;0.000000;0.000000;0.000000;1.329222
7756;384.000000;50.000000;14.000000;1.860910;0.000000;0.000000;0.000000;0.000000;0.000000;1.860910
7757;384.000000;50.000000;18.000000;2.392599;0.000000;0.000000;0.000000;0.000000;0.000000;2.392599
7758;384.000000;50.000000;22.000000;2.924288;0.000000;0.000000;0.000000;0.000000;0.000000;2.924288
7759;384.000000;50.000000;26.000000;3.455976;0.000000;0.000000;0.000000;0.000000;0.000000;3.455976
7760;384.000000;50.000000;30.000000;3.987665;0.000000;0.000000;0.000000;0.000000;0.000000;3.987665
7761;388.000000;-50.000000;-30.000000;-2.990749;0.000000;0.000000;0.000000;0.000000;0.000000;2.990749
7762;388.000000;-50.000000;-26.000000;-2.591982;0.000000;0.000000;0.000000;0.000000;0.000000;2.591982
7763;388.000000;-50.000000;-22.000000;-2.193216;0.000000;0.000000;0.000000;0.000000;0.000000;2.193216
7764;388.000000;-50.000000;-18.000000;-1.794449;0.000000;0.000000;0.000000;0.000000;0.000000;1.794449
7765;388.000000;-50.000000;-14.000000;-1.395683;0.000000;0.000000;0.000000;0.000000;0.000000;1.395683
7766;388.000000;-50.000000;-10.000000;-0.996916;0.000000;0.000000;0.000000;0.000000;0.000000;0.996916
7767;388.000000;-50.000000;-6.000000;-0.598150;0.000000;0.000000;0.000000;0.000000;0.000000;0.598150
7768;388.000000;-50.000000;-2.000000;-0.199383;0.000000;0.000000;0.000000;0.000000;0.000000;0.199383
7769;388.000000;-50.000000;2.000000;0.199383;0.000000;0.000000;0.000000;0.000000;0.000000;0.199383
7770;388.000000;-50.000000;6.000000;0.598150;0.000000;0.000000;0.000000;0.000000;0.000000;0.598150
7771;388.000000;-50.000000;10.000000;0.996916;0.000000;0.000000;0.000000;0.000000;0.000000;0.996916
7772;388.000000;-50.000000;14.000000;1.395683;0.000000;0.000000;0.000000;0.000000;0.000000;1.395683
7773;388.000000;-50.000000;18.000000;1.794449;0.000000;0.000000;0.000000;0.000000;0.000000;1.794449
7774;388.000000;-50.000000;22.000000;2.193216;0.000000;0.000000;0.000000;0.000000;0.000000;2.193216
7775;388.000000;-50.000000;26.000000;2.591982;0.000000;0.000000;0.000000;0.000000;0.000000;2.591982
7776;388.000000;-50.000000;30.000000;2.990749;0.000000;0.000000;0.000000;0.000000;0.000000;2.990749
7777;388.000000;-46.000000;-30.000000;-2.990749;0.000000;0.000000;0.000000;0.000000;0.000000;2.990749
7778;388.000000;-46.000000;30.000000;2.990749;0.000000;0.000000;0.000000;0.000000;0.000000;2.990749
7779;388.000000;-42.000000;-30.000000;-2.990749;0.000000;0.000000;0.000000;0.000000;0.000000;2.990749
7780;388.000000;-42.000000;30.000000;2.990749;0.000000;0.000000;0.000000;0.000000;0.000000;2.990749
7781;388.000000;-38.000000;-30.000000;-2.990749;0.000000;0.000000;0.000000;0.000000;0.000000;2.990749
7782;388.000000;-38.000000;30.000000;2.990749;0.000000;0.000000;0.000000;0.000000;0.000000;2.990749
7783;388.000000;-34.000000;-30.000000;-2.990749;0.000000;0.000000;0.000000;0.000000;0.000000;2.990749
7784;388.000000;-34.000000;30.000000;2.990749;0.000000;0.000000;0.000000;0.000000;0.000000;2.990749
7785;388.000000;-30.000000;-30.000000;-2.990749;0.000000;0.000000;0.000000;0.000000;0.000000;2.990749
7786;388.000000;-30.000000;30.000000;2.990749;0.000000;0.000000;0.000000;0.000000;0.000000;2.990749
7787;388.000000;-26.000000;-30.000000;-2.990749;0.000000;0.000000;0.000000;0.000000;0.000000;2.990749
7788;388.000000;-26.000000;30.000000;2.990749;0.000000;0.000000;0.000000;0.000000;0.000000;2.990749
7789;388.000000;-22.000000;-30.000000;-2.990749;0.000000;0.000000;0.000000;0.000000;0.000000;2.990749
7790;388.000000;-22.000000;30.000000;2.990749;0.000000;0.000000;0.000000;0.000000;0.000000;2.990749
7791;388.000000;-18.000000;-30.000000;-2.990749;0.000000;0.000000;0.000000;0.000000;0.000000;2.990749
7792;388.000000;-18.000000;30.000000;2.990749;0.000000;0.000000;0.000000;0.000000;0.000000;2.990749
7793;388.000000;-14.000000;-30.000000;-2.990749;0.000000;0.000000;0.000000;0.000000;0.000000;2.990749
7794;388.000000;-14.000000;30.000000;2.990749;0.000000;0.000000;0.000000;0.000000;0.000000;2.990749
7795;388.000000;-10.000000;-30.000000;-2.990749;0.000000;0.000000;0.000000;0.000000;0.000000;2.990749
7796;388.000000;-10.000000;30.000000;2.990749;0.000000;0.000000;0.000000;0.000000;0.000000;2.990749
7797;388.000000;-6.000000;-30.000000;-2.990749;0.000000;0.000000;0.000000;0.000000;0.000000;2.990749
7798;388.000000;-6.000000;30.000000;2.990749;0.000000;0.000000;0.000000;0.000000;0.000000;2.990749
7799;388.000000;-2.000000;-30.000000;-2.990749;0.000000;0.000000;0.000000;0.000000;0.000000;2.990749
7800;388.000000;-2.000000;30.000000;2.990749;0.000000;0.000000;0.000000;0.000000;0.000000;2.990749
7801;388.000000;2.000000;-30.000000;-2.990749;0.000000;0.000000;0.000000;0.000000;0.000000;2.990749
7802;388.000000;2.000000;30.000000;2.990749;0.000000;0.000000;0.000000;0.000000;0.000000;2.990749
7803;388.000000;6.000000;-30.000000;-2.990749;0.000000;0.000000;0.000000;0.000000;0.000000;2.990749
7804;388.000000;6.000000;30.000000;2.990749;0.000000;0.000000;0.000000;0.000000;0.000000;2.990749
7805;388.000000;10.000000;-30.000000;-2.990749;0.000000;0.000000;0.000000;0.000000;0.000000;2.990749
7806;388.000000;10.000000;30.000000;2.990749;0.000000;0.000000;0.000000;0.000000;0.000000;2.990749
7807;388.000000;14.000000;-30.000000;-2.990749;0.000000;0.000000;0.000000;0.000000;0.000000;2.990749
7808;388.000000;14.000000;30.000000;2.990749;0.000000;0.000000;0.000000;0.000000;0.000000;2.990749
7809;388.000000;18.000000;-30.000000;-2.990749;0.000000;0.000000;0.000000;0.000000;0.000000;2.990749
7810;388.000000;18.000000;30.000000;2.990749;0.000000;0.000000;0.000000;0.000000;0.000000;2.990749
7811;388.000000;22.000000;-30.000000;-2.990749;0.000000;0.000000;0.000000;0.000000;0.000000;2.990749
7812;388.000000;22.000000;30.000000;2.990749;0.000000;0.000000;0.000000;0.000000;0.000000;2.990749
7813;388.000000;26.000000;-30.000000;-2.990749;0.000000;0.000000;0.000000;0.000000;0.000000;2.990749
7814;388.000000;26.000000;30.000000;2.990749;0.000000;0.000000;0.000000;0.000000;0.000000;2.990749
7815;388.000000;30.000000;-30.000000;-2.990749;0.000000;0.000000;0.000000;0.000000;0.000000;2.990749
7816;388.000000;30.000000;30.000000;2.990749;0.000000;0.000000;0.000000;0.000000;0.000000;2.990749
7817;388.000000;34.000000;-30.000000;-2.990749;0.000000;0.000000;0.000000;0.000000;0.000000;2.990749
7818;388.000000;34.000000;30.000000;2.990749;0.000000;0.000000;0.000000;0.000000;0.000000;2.990749
7819;388.000000;38.000000;-30.000000;-2.990749;0.000000;0.000000;0.000000;0.000000;0.000000;2.990749
7820;388.000000;38.000000;30.000000;2.990749;0.000000;0.000000;0.000000;0.000000;0.000000;2.990749
7821;388.000000;42.000000;-30.000000;-2.990749;0.000000;0.000000;0.000000;0.000000;0.000000;2.990749
7822;388.000000;42.000000;30.000000;2.990749;0.000000;0.000000;0.000000;0.000000;0.000000;2.990749
7823;388.000000;46.000000;-30.000000;-2.990749;0.000000;0.000000;0.000000;0.000000;0.000000;2.990749
7824;388.000000;46.000000;30.000000;2.990749;0.000000;0.000000;0.000000;0.000000;0.000000;2.990749
7825;388.000000;50.000000;-30.000000;-2.990749;0.000000;0.000000;0.000000;0.000000;0.000000;2.990749
7826;388.000000;50.000000;-26.000000;-2.591982;0.000000;0.000000;0.000000;0.000000;0.000000;2.591982
7827;388.000000;50.000000;-22.000000;-2.193216;0.000000;0.000000;0.000000;0.000000;0.000000;2.193216
7828;388.000000;50.000000;-18.000000;-1.794449;0.000000;0.000000;0.000000;0.000000;0.000000;1.794449
7829;388.000000;50.000000;-14.000000;-1.395683;0.000000;0.000000;0.000000;0.000000;0.000000;1.395683
7830;388.000000;50.000000;-10.000000;-0.996916;0.000000;0.000000;0.000000;0.000000;0.000000;0.996916
7831;388.000000;50.000000;-6.000000;-0.598150;0.000000;0.000000;0.000000;0.000000;0.000000;0.598150
7832;388.000000;50.000000;-2.000000;-0.199383;0.000000;0.000000;0.000000;0.000000;0.000000;0.199383
7833;388.000000;50.000000;2.000000;0.199383;0.000000;0.000000;0.000000;0.000000;0.000000;0.199383
7834;388.000000;50.000000;6.000000;0.598150;0.000000;0.000000;0.000000;0.000000;0.000000;0.598150
7835;388.000000;50.000000;10.000000;0.996916;0.000000;0.000000;0.000000;0.000000;0.000000;0.996916
7836;388.000000;50.000000;14.000000;1.395683;0.000000;0.000000;0.000000;0.000000;0.000000;1.395683
7837;388.000000;50.000000;18.000000;1.794449;0.000000;0.000000;0.000000;0.000000;0.000000;1.794449
7838;388.000000;50.000000;22.000000;2.193216;0.000000;0.000000;0.000000;0.000000;0.000000;2.193216
7839;388.000000;50.000000;26.000000;2.591982;0.000000;0.000000;0.000000;0.000000;0.000000;2.591982
7840;388.000000;50.000000;30.000000;2.990749;0.000000;0.000000;0.000000;0.000000;0.000000;2.990749
7841;392.000000;-50.000000;-30.000000;-1.993832;0.000000;0.000000;0.000000;0.000000;0.000000;1.993832
7842;392.000000;-50.000000;-26.000000;-1.727988;0.000000;0.000000;0.000000;0.000000;0.000000;1.727988
7843;392.000000;-50.000000;-22.000000;-1.462144;0.000000;0.000000;0.000000;0.000000;0.000000;1.462144
7844;392.000000;-50.000000;-18.000000;-1.196299;0.000000;0.000000;0.000000;0.000000;0.000000;1.196299
7845;392.000000;-50.000000;-14.000000;-0.930455;0.000000;0.000000;0.000000;0.000000;0.000000;0.930455
7846;392.000000;-50.000000;-10.000000;-0.664611;0.000000;0.000000;0.000000;0.000000;0.000000;0.664611
7847;392.000000;-50.000000;-6.000000;-0.398766;0.000000;0.000000;0.000000;0.000000;0.000000;0.398766
7848;392.000000;-50.000000;-2.000000;-0.132922;0.000000;0.000000;0.000000;0.000000;0.000000;0.132922
7849;392.000000;-50.000000;2.000000;0.132922;0.000000;0.000000;0.000000;0.000000;0.000000;0.132922
7850;392.000000;-50.000000;6.000000;0.398766;0.000000;0.000000;0.000000;0.000000;0.000000;0.398766
7851;392.000000;-50.000000;10.000000;0.664611;0.000000;0.000000;0.000000;0.000000;0.000000;0.664611
7852;392.000000;-50.000000;14.000000;0.930455;0.000000;0.000000;0.000000;0.000000;0.000000;0.930455
7853;392.000000;-50.000000;18.000000;1.196299;0.000000;0.000000;0.000000;0.000000;0.000000;1.196299
7854;392.000000;-50.000000;22.000000;1.462144;0.000000;0.000000;0.000000;0.000000;0.000000;1.462144
7855;392.000000;-50.000000;26.000000;1.727988;0.000000;0.000000;0.000000;0.000000;0.000000;1.727988
7856;392.000000;-50.000000;30.000000;1.993832;0.000000;0.000000;0.000000;0.000000;0.000000;1.993832
7857;392.000000;-46.000000;-30.000000;-1.993832;0.000000;0.000000;0.000000;0.000000;0.000000;1.993832
7858;392.000000;-46.000000;30.000000;1.993832;0.000000;0.000000;0.000000;0.000000;0.000000;1.993832
7859;392.000000;-42.000000;-30.000000;-1.993832;0.000000;0.000000;0.000000;0.000000;0.000000;1.993832
7860;392.000000;-42.000000;30.000000;1.993832;0.000000;0.000000;0.000000;0.000000;0.000000;1.993832
7861;392.000000;-38.000000;-30.000000;-1.993832;0.000000;0.000000;0.000000;0.000000;0.000000;1.993832
7862;392.000000;-38.000000;30.000000;1.993832;0.000000;0.000000;0.000000;0.000000;0.000000;1.993832
7863;392.000000;-34.000000;-30.000000;-1.993832;0.000000;0.000000;0.000000;0.000000;0.000000;1.993832
7864;392.000000;-34.000000;30.000000;1.993832;0.000000;0.000000;0.000000;0.000000;0.000000;1.993832
7865;392.000000;-30.000000;-30.000000;-1.993832;0.000000;0.000000;0.000000;0.000000;0.000000;1.993832
7866;392.000000;-30.000000;30.000000;1.993832;0.000000;0.000000;0.000000;0.000000;0.000000;1.993832
7867;392.000000;-26.000000;-30.000000;-1.993832;0.000000;0.000000;0.000000;0.000000;0.000000;1.993832
7868;392.000000;-26.000000;30.000000;1.993832;0.000000;0.000000;0.000000;0.000000;0.000000;1.993832
7869;392.000000;-22.000000;-30.000000;-1.993832;0.000000;0.000000;0.000000;0.000000;0.000000;1.993832
7870;392.000000;-22.000000;30.000000;1.993832;0.000000;0.000000;0.000000;0.000000;0.000000;1.993832
7871;392.000000;-18.000000;-30.000000;-1.993832;0.000000;0.000000;0.000000;0.000000;0.000000;1.993832
7872;392.000000;-18.000000;30.000000;1.993832;0.000000;0.000000;0.000000;0.000000;0.000000;1.993832
7873;392.000000;-14.000000;-30.000000;-1.993832;0.000000;0.000000;0.000000;0.000000;0.000000;1.993832
7874;392.000000;-14.000000;30.000000;1.993832;0.000000;0.000000;0.000000;0.000000;0.000000;1.993832
7875;392.000000;-10.000000;-30.000000;-1.993832;0.000000;0.000000;0.000000;0.000000;0.000000;1.993832
7876;392.000000;-10.000000;30.000000;1.993832;0.000000;0.000000;0.000000;0.000000;0.000000;1.993832
7877;392.000000;-6.000000;-30.000000;-1.993832;0.000000;0.000000;0.000000;0.000000;0.000000;1.993832
7878;392.000000;-6.000000;30.000000;1.993832;0.000000;0.000000;0.000000;0.000000;0.000000;1.993832
7879;392.000000;-2.000000;-30.000000;-1.993832;0.000000;0.000000;0.000000;0.000000;0.000000;1.993832
7880;392.000000;-2.000000;30.000000;1.993832;0.000000;0.000000;0.000000;0.000000;0.000000;1.993832
7881;392.000000;2.000000;-30.000000;-1.993832;0.000000;0.000000;0.000000;0.000000;0.000000;1.993832
7882;392.000000;2.000000;30.000000;1.993832;0.000000;0.000000;0.000000;0.000000;0.000000;1.993832
7883;392.000000;6.000000;-30.000000;-1.993832;0.000000;0.000000;0.000000;0.000000;0.000000;1.993832
7884;392.000000;6.000000;30.000000;1.993832;0.000000;0.000000;0.000000;0.000000;0.000000;1.993832
7885;392.000000;10.000000;-30.000000;-1.993832;0.000000;0.000000;0.000000;0.000000;0.000000;1.993832
7886;392.000000;10.000000;30.000000;1.993832;0.000000;0.000000;0.000000;0.000000;0.000000;1.993832
7887;392.000000;14.000000;-30.000000;-1.993832;0.000000;0.000000;0.000000;0.000000;0.000000;1.993832
7888;392.000000;14.000000;30.000000;1.993832;0.000000;0.000000;0.000000;0.000000;0.000000;1.993832
7889;392.000000;18.000000;-30.000000;-1.993832;0.000000;0.000000;0.000000;0.000000;0.000000;1.993832
7890;392.000000;18.000000;30.000000;1.993832;0.000000;0.000000;0.000000;0.000000;0.000000;1.993832
7891;392.000000;22.000000;-30.000000;-1.993832;0.000000;0.000000;0.000000;0.000000;0.000000;1.993832
7892;392.000000;22.000000;30.000000;1.993832;0.000000;0.000000;0.000000;0.000000;0.000000;1.993832
7893;392.000000;26.000000;-30.000000;-1.993832;0.000000;0.000000;0.000000;0.000000;0.000000;1.993832
7894;392.000000;26.000000;30.000000;1.993832;0.000000;0.000000;0.000000;0.000000;0.000000;1.993832
7895;392.000000;30.000000;-30.000000;-1.993832;0.000000;0.000000;0.000000;0.000000;0.000000;1.993832
7896;392.000000;30.000000;30.000000;1.993832;0.000000;0.000000;0.000000;0.000000;0.000000;1.993832
7897;392.000000;34.000000;-30.000000;-1.993832;0.000000;0.000000;0.000000;0.000000;0.000000;1.993832
7898;392.000000;34.000000;30.000000;1.993832;0.000000;0.000000;0.000000;0.000000;0.000000;1.993832
7899;392.000000;38.000000;-30.000000;-1.993832;0.000000;0.000000;0.000000;0.000000;0.000000;1.993832
7900;392.000000;38.000000;30.000000;1.993832;0.000000;0.000000;0.000000;0.000000;0.000000;1.993832
7901;392.000000;42.000000;-30.000000;-1.993832;0.000000;0.000000;0.000000;0.000000;0.000000;1.993832
7902;392.000000;42.000000;30.000000;1.993832;0.000000;0.000000;0.000000;0.000000;0.000000;1.993832
7903;392.000000;46.000000;-30.000000;-1.993832;0.000000;0.000000;0.000000;0.000000;0.000000;1.993832
7904;392.000000;46.000000;30.000000;1.993832;0.000000;0.000000;0.000000;0.000000;0.000000;1.993832
7905;392.000000;50.000000;-30.000000;-1.993832;0.000000;0.000000;0.000000;0.000000;0.000000;1.993832
7906;392.000000;50.000000;-26.000000;-1.727988;0.000000;0.000000;0.000000;0.000000;0.000000;1.727988
7907;392.000000;50.000000;-22.000000;-1.462144;0.000000;0.000000;0.000000;0.000000;0.000000;1.462144
7908;392.000000;50.000000;-18.000000;-1.196299;0.000000;0.000000;0.000000;0.000000;0.000000;1.196299
7909;392.000000;50.000000;-14.000000;-0.930455;0.000000;0.000000;0.000000;0.000000;0.000000;0.930455
7910;392.000000;50.000000;-10.000000;-0.664611;0.000000;0.000000;0.000000;0.000000;0.000000;0.664611
7911;392.000000;50.000000;-6.000000;-0.398766;0.000000;0.000000;0.000000;0.000000;0.000000;0.398766
7912;392.000000;50.000000;-2.000000;-0.132922;0.000000;0.000000;0.000000;0.000000;0.000000;0.132922
7913;392.000000;50.000000;2.000000;0.132922;0.000000;0.000000;0.000000;0.000000;0.000000;0.132922
7914;392.000000;50.000000;6.000000;0.398766;0.000000;0.000000;0.000000;0.000000;0.000000;0.398766
7915;392.000000;50.000000;10.000000;0.664611;0.000000;0.000000;0.000000;0.000000;0.000000;0.664611
7916;392.000000;50.000000;14.000000;0.930455;0.000000;0.000000;0.000000;0.000000;0.000000;0.930455
7917;392.000000;50.000000;18.000000;1.196299;0.000000;0.000000;0.000000;0.000000;0.000000;1.196299
7918;392.000000;50.000000;22.000000;1.462144;0.000000;0.000000;0.000000;0.000000;0.000000;1.462144
7919;392.000000;50.000000;26.000000;1.727988;0.000000;0.000000;0.000000;0.000000;0.000000;1.727988
7920;392.000000;50.000000;30.000000;1.993832;0.000000;0.000000;0.000000;0.000000;0.000000;1.993832
7921;396.000000;-50.000000;-30.000000;-0.996916;0.000000;0.000000;0.000000;0.000000;0.000000;0.996916
7922;396.000000;-50.000000;-26.000000;-0.863994;0.000000;0.000000;0.000000;0.000000;0.000000;0.863994
7923;396.000000;-50.000000;-22.000000;-0.731072;0.000000;0.000000;0.000000;0.000000;0.000000;0.731072
7924;396.000000;-50.000000;-18.000000;-0.598150;0.000000;0.000000;0.000000;0.000000;0.000000;0.598150
7925;396.000000;-50.000000;-14.000000;-0.465228;0.000000;0.000000;0.000000;0.000000;0.000000;0.465228
7926;396.000000;-50.000000;-10.000000;-0.332305;0.000000;0.000000;0.000000;0.000000;0.000000;0.332305
7927;396.000000;-50.000000;-6.000000;-0.199383;0.000000;0.000000;0.000000;0.000000;0.000000;0.199383
7928;396.000000;-50.000000;-2.000000;-0.066461;0.000000;0.000000;0.000000;0.000000;0.000000;0.066461
7929;396.000000;-50.000000;2.000000;0.066461;0.000000;0.000000;0.000000;0.000000;0.000000;0.066461
7930;396.000000;-50.000000;6.000000;0.199383;0.000000;0.000000;0.000000;0.000000;0.000000;0.199383
7931;396.000000;-50.000000;10.000000;0.332305;0.000000;0.000000;0.000000;0.000000;0.000000;0.332305
7932;396.000000;-50.000000;14.000000;0.465228;0.000000;0.000000;0.000000;0.000000;0.000000;0.465228
7933;396.000000;-50.000000;18.000000;0.598150;0.000000;0.000000;0.000000;0.000000;0.000000;0.598150
7934;396.000000;-50.000000;22.000000;0.731072;0.000000;0.000000;0.000000;0.000000;0.000000;0.731072
7935;396.000000;-50.000000;26.000000;0.863994;0.000000;0.000000;0.000000;0.000000;0.000000;0.863994
7936;396.000000;-50.000000;30.000000;0.996916;0.000000;0.000000;0.000000;0.000000;0.000000;0.996916
7937;396.000000;-46.000000;-30.000000;-0.996916;0.000000;0.000000;0.000000;0.000000;0.000000;0.996916
7938;396.000000;-46.000000;30.000000;0.996916;0.000000;0.000000;0.000000;0.000000;0.000000;0.996916
7939;396.000000;-42.000000;-30.000000;-0.996916;0.000000;0.000000;0.000000;0.000000;0.000000;0.996916
7940;396.000000;-42.000000;30.000000;0.996916;0.000000;0.000000;0.000000;0.000000;0.000000;0.996916
7941;396.000000;-38.000000;-30.000000;-0.996916;0.000000;0.000000;0.000000;0.000000;0.000000;0.996916
7942;396.000000;-38.000000;30.000000;0.996916;0.000000;0.000000;0.000000;0.000000;0.000000;0.996916
7943;396.000000;-34.000000;-30.000000;-0.996916;0.000000;0.000000;0.000000;0.000000;0.000000;0.996916
7944;396.000000;-34.000000;30.000000;0.996916;0.000000;0.000000;0.000000;0.000000;0.000000;0.996916
7945;396.000000;-30.000000;-30.000000;-0.996916;0.000000;0.000000;0.000000;0.000000;0.000000;0.996916
7946;396.000000;-30.000000;30.000000;0.996916;0.000000;0.000000;0.000000;0.000000;0.000000;0.996916
7947;396.000000;-26.000000;-30.000000;-0.996916;0.000000;0.000000;0.000000;0.000000;0.000000;0.996916
7948;396.000000;-26.000000;30.000000;0.996916;0.000000;0.000000;0.000000;0.000000;0.000000;0.996916
7949;396.000000;-22.000000;-30.000000;-0.996916;0.000000;0.000000;0.000000;0.000000;0.000000;0.996916
7950;396.000000;-22.000000;30.000000;0.996916;0.000000;0.000000;0.000000;0.000000;0.000000;0.996916
7951;396.000000;-18.000000;-30.000000;-0.996916;0.000000;0.000000;0.000000;0.000000;0.000000;0.996916
7952;396.000000;-18.000000;30.000000;0.996916;0.000000;0.000000;0.000000;0.000000;0.000000;0.996916
7953;396.000000;-14.000000;-30.000000;-0.996916;0.000000;0.000000;0.000000;0.000000;0.000000;0.996916
7954;396.000000;-14.000000;30.000000;0.996916;0.000000;0.000000;0.000000;0.000000;0.000000;0.996916
7955;396.000000;-10.000000;-30.000000;-0.996916;0.000000;0.000000;0.000000;0.000000;0.000000;0.996916
7956;396.000000;-10.000000;30.000000;0.996916;0.000000;0.000000;0.000000;0.000000;0.000000;0.996916
7957;396.000000;-6.000000;-30.000000;-0.996916;0.000000;0.000000;0.000000;0.000000;0.000000;0.996916
7958;396.000000;-6.000000;30.000000;0.996916;0.000000;0.000000;0.000000;0.000000;0.000000;0.996916
7959;396.000000;-2.000000;-30.000000;-0.996916;0.000000;0.000000;0.000000;0.000000;0.000000;0.996916
7960;396.000000;-2.000000;30.000000;0.996916;0.000000;0.000000;0.000000;0.000000;0.000000;0.996916
7961;396.000000;2.000000;-30.000000;-0.996916;0.000000;0.000000;0.000000;0.000000;0.000000;0.996916
7962;396.000000;2.000000;30.000000;0.996916;0.000000;0.000000;0.000000;0.000000;0.000000;0.996916
7963;396.000000;6.000000;-30.000000;-0.996916;0.000000;0.000000;0.000000;0.000000;0.000000;0.996916
7964;396.000000;6.000000;30.000000;0.996916;0.000000;0.000000;0.000000;0.000000;0.000000;0.996916
7965;396.000000;10.000000;-30.000000;-0.996916;0.000000;0.000000;0.000000;0.000000;0.000000;0.996916
7966;396.000000;10.000000;30.000000;0.996916;0.000000;0.000000;0.000000;0.000000;0.000000;0.996916
7967;396.000000;14.000000;-30.000000;-0.996916;0.000000;0.000000;0.000000;0.000000;0.000000;0.996916
7968;396.000000;14.000000;30.000000;0.996916;0.000000;0.000000;0.000000;0.000000;0.000000;0.996916
7969;396.000000;18.000000;-30.000000;-0.996916;0.000000;0.000000;0.000000;0.000000;0.000000;0.996916
7970;396.000000;18.000000;30.000000;0.996916;0.000000;0.000000;0.000000;0.000000;0.000000;0.996916
7971;396.000000;22.000000;-30.000000;-0.996916;0.000000;0.000000;0.000000;0.000000;0.000000;0.996916
7972;396.000000;22.000000;30.000000;0.996916;0.000000;0.000000;0.000000;0.000000;0.000000;0.996916
7973;396.000000;26.000000;-30.000000;-0.996916;0.000000;0.000000;0.000000;0.000000;0.000000;0.996916
7974;396.000000;26.000000;30.000000;0.996916;0.000000;0.000000;0.000000;0.000000;0.000000;0.996916
7975;396.000000;30.000000;-30.000000;-0.996916;0.000000;0.000000;0.000000;0.000000;0.000000;0.996916
7976;396.000000;30.000000;30.000000;0.996916;0.000000;0.000000;0.000000;0.000000;0.000000;0.996916
7977;396.000000;34.000000;-30.000000;-0.996916;0.000000;0.000000;0.000000;0.000000;0.000000;0.996916
7978;396.000000;34.000000;30.000000;0.996916;0.000000;0.000000;0.000000;0.000000;0.000000;0.996916
7979;396.000000;38.000000;-30.000000;-0.996916;0.000000;0.000000;0.000000;0.000000;0.000000;0.996916
7980;396.000000;38.000000;30.000000;0.996916;0.000000;0.000000;0.000000;0.000000;0.000000;0.996916
7981;396.000000;42.000000;-30.000000;-0.996916;0.000000;0.000000;0.000000;0.000000;0.000000;0.996916
7982;396.000000;42.000000;30.000000;0.996916;0.000000;0.000000;0.000000;0.000000;0.000000;0.996916
7983;396.000000;46.000000;-30.000000;-0.996916;0.000000;0.000000;0.000000;0.000000;0.000000;0.996916
7984;396.000000;46.000000;30.000000;0.996916;0.000000;0.000000;0.000000;0.000000;0.000000;0.996916
7985;396.000000;50.000000;-30.000000;-0.996916;0.000000;0.000000;0.000000;0.000000;0.000000;0.996916
7986;396.000000;50.000000;-26.000000;-0.863994;0.000000;0.000000;0.000000;0.000000;0.000000;0.863994
7987;396.000000;50.000000;-22.000000;-0.731072;0.000000;0.000000;0.000000;0.000000;0.000000;0.731072
7988;396.000000;50.000000;-18.000000;-0.598150;0.000000;0.000000;0.000000;0.000000;0.000000;0.598150
7989;396.000000;50.000000;-14.000000;-0.465228;0.000000;0.000000;0.000000;0.000000;0.000000;0.465228
7990;396.000000;50.000000;-10.000000;-0.332305;0.000000;0.000000;0.000000;0.000000;0.000000;0.332305
7991;396.000000;50.000000;-6.000000;-0.199383;0.000000;0.000000;0.000000;0.000000;0.000000;0.199383
7992;396.000000;50.000000;-2.000000;-0.066461;0.000000;0.000000;0.000000;0.000000;0.000000;0.066461
7993;396.000000;50.000000;2.000000;0.066461;0.000000;0.000000;0.000000;0.000000;0.000000;0.066461
7994;396.000000;50.000000;6.000000;0.199383;0.000000;0.000000;0.000000;0.000000;0.000000;0.199383
7995;396.000000;50.000000;10.000000;0.332305;0.000000;0.000000;0.000000;0.000000;0.000000;0.332305
7996;396.000000;50.000000;14.000000;0.465228;0.000000;0.000000;0.000000;0.000000;0.000000;0.465228
7997;396.000000;50.000000;18.000000;0.598150;0.000000;0.000000;0.000000;0.000000;0.000000;0.598150
7998;396.000000;50.000000;22.000000;0.731072;0.000000;0.000000;0.000000;0.000000;0.000000;0.731072
7999;396.000000;50.000000;26.000000;0.863994;0.000000;0.000000;0.000000;0.000000;0.000000;0.863994
8000;396.000000;50.000000;30.000000;0.996916;0.000000;0.000000;0.000000;0.000000;0.000000;0.996916
8001;400.000000;-50.000000;-30.000000;0.000000;0.000000;0.000000;0.000000;0.000000;0.000000;0.000000
8002;400.000000;-50.000000;-26.000000;0.000000;0.000000;0.000000;0.000000;0.000000;0.000000;0.000000
8003;400.000000;-50.000000;-22.000000;0.000000;0.000000;0.000000;0.000000;0.000000;0.000000;0.000000
8004;400.000000;-50.000000;-18.000000;0.000000;0.000000;0.000000;0.000000;0.000000;0.000000;0.000000
8005;400.000000;-50.000000;-14.000000;0.000000;0.000000;0.000000;0.000000;0.000000;0.000000;0.000000
8006;400.000000;-50.000000;-10.000000;0.000000;0.000000;0.000000;0.000000;0.000000;0.000000;0.000000
8007;400.000000;-50.000000;-6.000000;0.000000;0.000000;0.000000;0.000000;0.000000;0.000000;0.000000
8008;400.000000;-50.000000;-2.000000;0.000000;0.000000;0.000000;0.000000;0.000000;0.000000;0.000000
8009;400.000000;-50.000000;2.000000;0.000000;0.000000;0.000000;0.000000;0.000000;0.000000;0.000000
8010;400.000000;-50.000000;6.000000;0.000000;0.000000;0.000000;0.000000;0.000000;0.000000;0.000000
8011;400.000000;-50.000000;10.000000;0.000000;0.000000;0.000000;0.000000;0.000000;0.000000;0.000000
8012;400.000000;-50.000000;14.000000;0.000000;0.000000;0.000000;0.000000;0.000000;0.000000;0.000000
8013;400.000000;-50.000000;18.000000;0.000000;0.000000;0.000000;0.000000;0.000000;0.000000;0.000000
8014;400.000000;-50.000000;22.000000;0.000000;0.000000;0.000000;0.000000;0.000000;0.000000;0.000000
8015;400.000000;-50.000000;26.000000;0.000000;0.000000;0.000000;0.000000;0.000000;0.000000;0.000000
8016;400.000000;-50.000000;30.000000;0.000000;0.000000;0.000000;0.000000;0.000000;0.000000;0.000000
8017;400.000000;-46.000000;-30.000000;0.000000;0.000000;0.000000;0.000000;0.000000;0.000000;0.000000
8018;400.000000;-46.000000;30.000000;0.000000;0.000000;0.000000;0.000000;0.000000;0.000000;0.000000
8019;400.000000;-42.000000;-30.000000;0.000000;0.000000;0.000000;0.000000;0.000000;0.000000;0.000000
8020;400.000000;-42.000000;30.000000;0.000000;0.000000;0.000000;0.000000;0.000000;0.000000;0.000000
8021;400.000000;-38.000000;-30.000000;0.000000;0.000000;0.000000;0.000000;0.000000;0.000000;0.000000
8022;400.000000;-38.000000;30.000000;0.000000;0.000000;0.000000;0.000000;0.000000;0.000000;0.000000
8023;400.000000;-34.000000;-30.000000;0.000000;0.000000;0.000000;0.000000;0.000000;0.000000;0.000000
8024;400.000000;-34.000000;30.000000;0.000000;0.000000;0.000000;0.000000;0.000000;0.000000;0.000000
8025;400.000000;-30.000000;-30.000000;0.000000;0.000000;0.000000;0.000000;0.000000;0.000000;0.000000
8026;400.000000;-30.000000;30.000000;0.000000;0.000000;0.000000;0.000000;0.000000;0.000000;0.000000
8027;400.000000;-26.000000;-30.000000;0.000000;0.000000;0.000000;0.000000;0.000000;0.000000;0.000000
8028;400.000000;-26.000000;30.000000;0.000000;0.000000;0.000000;0.000000;0.000000;0.000000;0.000000
8029;400.000000;-22.000000;-30.000000;0.000000;0.000000;0.000000;0.000000;0.000000;0.000000;0.000000
8030;400.000000;-22.000000;30.000000;0.000000;0.000000;0.000000;0.000000;0.000000;0.000000;0.000000
8031;400.000000;-18.000000;-30.000000;0.000000;0.000000;0.000000;0.000000;0.000000;0.000000;0.000000
8032;400.000000;-18.000000;30.000000;0.000000;0.000000;0.000000;0.000000;0.000000;0.000000;0.000000
8033;400.000000;-14.000000;-30.000000;0.000000;0.000000;0.000000;0.000000;0.000000;0.000000;0.000000
8034;400.000000;-14.000000;30.000000;0.000000;0.000000;0.000000;0.000000;0.000000;0.000000;0.000000
8035;400.000000;-10.000000;-30.000000;0.000000;0.000000;0.000000;0.000000;0.000000;0.000000;0.000000
8036;400.000000;-10.000000;30.000000;0.000000;0.000000;0.000000;0.000000;0.000000;0.000000;0.000000
8037;400.000000;-6.000000;-30.000000;0.000000;0.000000;0.000000;0.000000;0.000000;0.000000;0.000000
8038;400.000000;-6.000000;30.000000;0.000000;0.000000;0.000000;0.000000;0.000000;0.000000;0.000000
8039;400.000000;-2.000000;-30.000000;0.000000;0.000000;0.000000;0.000000;0.000000;0.000000;0.000000
8040;400.000000;-2.000000;30.000000;0.000000;0.000000;0.000000;0.000000;0.000000;0.000000;0.000000
8041;400.000000;2.000000;-30.000000;0.000000;0.000000;0.000000;0.000000;0.000000;0.000000;0.000000
8042;400.000000;2.000000;30.000000;0.000000;0.000000;0.000000;0.000000;0.000000;0.000000;0.000000
8043;400.000000;6.000000;-30.000000;0.000000;0.000000;0.000000;0.000000;0.000000;0.000000;0.000000
8044;400.000000;6.000000;30.000000;0.000000;0.000000;0.000000;0.000000;0.000000;0.000000;0.000000
8045;400.000000;10.000000;-30.000000;0.000000;0.000000;0.000000;0.000000;0.000000;0.000000;0.000000
8046;400.000000;10.000000;30.000000;0.000000;0.000000;0.000000;0.000000;0.000000;0.000000;0.000000
8047;400.000000;14.000000;-30.000000;0.000000;0.000000;0.000000;0.000000;0.000000;0.000000;0.000000
8048;400.000000;14.000000;30.000000;0.000000;0.000000;0.000000;0.000000;0.000000;0.000000;0.000000
8049;400.000000;18.000000;-30.000000;0.000000;0.000000;0.000000;0.000000;0.000000;0.000000;0.000000
8050;400.000000;18.000000;30.000000;0.000000;0.000000;0.000000;0.000000;0.000000;0.000000;0.000000
8051;400.000000;22.000000;-30.000000;0.000000;0.000000;0.000000;0.000000;0.000000;0.000000;0.000000
8052;400.000000;22.000000;30.000000;0.000000;0.000000;0.000000;0.000000;0.000000;0.000000;0.000000
8053;400.000000;26.000000;-30.000000;0.000000;0.000000;0.000000;0.000000;0.000000;0.000000;0.000000
8054;400.000000;26.000000;30.000000;0.000000;0.000000;0.000000;0.000000;0.000000;0.000000;0.000000
8055;400.000000;30.000000;-30.000000;0.000000;0.000000;0.000000;0.000000;0.000000;0.000000;0.000000
8056;400.000000;30.000000;30.000000;0.000000;0.000000;0.000000;0.000000;0.000000;0.000000;0.000000
8057;400.000000;34.000000;-30.000000;0.000000;0.000000;0.000000;0.000000;0.000000;0.000000;0.000000
8058;400.000000;34.000000;30.000000;0.000000;0.000000;0.000000;0.000000;0.000000;0.000000;0.000000
8059;400.000000;38.000000;-30.000000;0.000000;0.000000;0.000000;0.000000;0.000000;0.000000;0.000000
8060;400.000000;38.000000;30.000000;0.000000;0.000000;0.000000;0.000000;0.000000;0.000000;0.000000
8061;400.000000;42.000000;-30.000000;0.000000;0.000000;0.000000;0.000000;0.000000;0.000000;0.000000
8062;400.000000;42.000000;30.000000;0.000000;0.000000;0.000000;0.000000;0.000000;0.000000;0.000000
8063;400.000000;46.000000;-30.000000;0.000000;0.000000;0.000000;0.000000;0.000000;0.000000;0.000000
8064;400.000000;46.000000;30.000000;0.000000;0.000000;0.000000;0.000000;0.000000;0.000000;0.000000
8065;400.000000;50.000000;-30.000000;0.000000;0.000000;0.000000;0.000000;0.000000;0.000000;0.000000
8066;400.000000;50.000000;-26.000000;0.000000;0.000000;0.000000;0.000000;0.000000;0.000000;0.000000
8067;400.000000;50.000000;-22.000000;0.000000;0.000000;0.000000;0.000000;0.000000;0.000000;0.000000
8068;400.000000;50.000000;-18.000000;0.000000;0.000000;0.000000;0.000000;0.000000;0.000000;0.000000
8069;400.000000;50.000000;-14.000000;0.000000;0.000000;0.000000;0.000000;0.000000;0.000000;0.000000
8070;400.000000;50.000000;-10.000000;0.000000;0.000000;0.000000;0.000000;0.000000;0.000000;0.000000
8071;400.000000;50.000000;-6.000000;0.000000;0.000000;0.000000;0.000000;0.000000;0.000000;0.000000
8072;400.000000;50.000000;-2.000000;0.000000;0.000000;0.000000;0.000000;0.000000;0.000000;0.000000
8073;400.000000;50.000000;2.000000;0.000000;0.000000;0.000000;0.000000;0.000000;0.000000;0.000000
8074;400.000000;50.000000;6.000000;0.000000;0.000000;0.000000;0.000000;0.000000;0.000000;0.000000
8075;400.000000;50.000000;10.000000;0.000000;0.000000;0.000000;0.000000;0.000000;0.000000;0.000000
8076;400.000000;50.000000;14.000000;0.000000;0.000000;0.000000;0.000000;0.000000;0.000000;0.000000
8077;400.000000;50.000000;18.000000;0.000000;0.000000;0.000000;0.000000;0.000000;0.000000;0.000000
8078;400.000000;50.000000;22.000000;0.000000;0.000000;0.000000;0.000000;0.000000;0.000000;0.000000
8079;400.000000;50.000000;26.000000;0.000000;0.000000;0.000000;0.000000;0.000000;0.000000;0.000000
8080;400.000000;50.000000;30.000000;0.000000;0.000000;0.000000;0.000000;0.000000;0.000000;0.000000
;;;;;;;;;;
